[2026-06-01T09:10:57.209+0000] {processor.py:161} INFO - Started process (PID=170) to work on /opt/airflow/dags/dag_1.py
[2026-06-01T09:10:57.210+0000] {processor.py:830} INFO - Processing file /opt/airflow/dags/dag_1.py for tasks to queue
[2026-06-01T09:10:57.211+0000] {logging_mixin.py:188} INFO - [2026-06-01T09:10:57.211+0000] {dagbag.py:540} INFO - Filling up the DagBag from /opt/airflow/dags/dag_1.py
[2026-06-01T09:10:57.226+0000] {processor.py:840} INFO - DAG(s) 'my_first_test_dag' retrieved from /opt/airflow/dags/dag_1.py
[2026-06-01T09:10:57.266+0000] {logging_mixin.py:188} INFO - [2026-06-01T09:10:57.266+0000] {dag.py:3047} INFO - Sync 1 DAGs
[2026-06-01T09:10:57.283+0000] {logging_mixin.py:188} INFO - [2026-06-01T09:10:57.283+0000] {dag.py:3834} INFO - Setting next_dagrun for my_first_test_dag to None, run_after=None
[2026-06-01T09:10:57.303+0000] {processor.py:183} INFO - Processing /opt/airflow/dags/dag_1.py took 0.096 seconds
[2026-06-01T09:11:27.510+0000] {processor.py:161} INFO - Started process (PID=180) to work on /opt/airflow/dags/dag_1.py
[2026-06-01T09:11:27.511+0000] {processor.py:830} INFO - Processing file /opt/airflow/dags/dag_1.py for tasks to queue
[2026-06-01T09:11:27.512+0000] {logging_mixin.py:188} INFO - [2026-06-01T09:11:27.512+0000] {dagbag.py:540} INFO - Filling up the DagBag from /opt/airflow/dags/dag_1.py
[2026-06-01T09:11:27.526+0000] {processor.py:840} INFO - DAG(s) 'my_first_test_dag' retrieved from /opt/airflow/dags/dag_1.py
[2026-06-01T09:11:27.551+0000] {logging_mixin.py:188} INFO - [2026-06-01T09:11:27.551+0000] {dag.py:3047} INFO - Sync 1 DAGs
[2026-06-01T09:11:27.563+0000] {logging_mixin.py:188} INFO - [2026-06-01T09:11:27.563+0000] {dag.py:3834} INFO - Setting next_dagrun for my_first_test_dag to None, run_after=None
[2026-06-01T09:11:27.583+0000] {processor.py:183} INFO - Processing /opt/airflow/dags/dag_1.py took 0.076 seconds
[2026-06-01T09:11:57.863+0000] {processor.py:161} INFO - Started process (PID=190) to work on /opt/airflow/dags/dag_1.py
[2026-06-01T09:11:57.863+0000] {processor.py:830} INFO - Processing file /opt/airflow/dags/dag_1.py for tasks to queue
[2026-06-01T09:11:57.864+0000] {logging_mixin.py:188} INFO - [2026-06-01T09:11:57.864+0000] {dagbag.py:540} INFO - Filling up the DagBag from /opt/airflow/dags/dag_1.py
[2026-06-01T09:11:57.875+0000] {processor.py:840} INFO - DAG(s) 'my_first_test_dag' retrieved from /opt/airflow/dags/dag_1.py
[2026-06-01T09:11:57.895+0000] {logging_mixin.py:188} INFO - [2026-06-01T09:11:57.895+0000] {dag.py:3047} INFO - Sync 1 DAGs
[2026-06-01T09:11:57.906+0000] {logging_mixin.py:188} INFO - [2026-06-01T09:11:57.905+0000] {dag.py:3834} INFO - Setting next_dagrun for my_first_test_dag to None, run_after=None
[2026-06-01T09:11:57.929+0000] {processor.py:183} INFO - Processing /opt/airflow/dags/dag_1.py took 0.069 seconds
[2026-06-01T09:12:28.318+0000] {processor.py:161} INFO - Started process (PID=200) to work on /opt/airflow/dags/dag_1.py
[2026-06-01T09:12:28.319+0000] {processor.py:830} INFO - Processing file /opt/airflow/dags/dag_1.py for tasks to queue
[2026-06-01T09:12:28.320+0000] {logging_mixin.py:188} INFO - [2026-06-01T09:12:28.320+0000] {dagbag.py:540} INFO - Filling up the DagBag from /opt/airflow/dags/dag_1.py
[2026-06-01T09:12:28.331+0000] {processor.py:840} INFO - DAG(s) 'my_first_test_dag' retrieved from /opt/airflow/dags/dag_1.py
[2026-06-01T09:12:28.359+0000] {logging_mixin.py:188} INFO - [2026-06-01T09:12:28.359+0000] {dag.py:3047} INFO - Sync 1 DAGs
[2026-06-01T09:12:28.370+0000] {logging_mixin.py:188} INFO - [2026-06-01T09:12:28.370+0000] {dag.py:3834} INFO - Setting next_dagrun for my_first_test_dag to None, run_after=None
[2026-06-01T09:12:28.390+0000] {processor.py:183} INFO - Processing /opt/airflow/dags/dag_1.py took 0.074 seconds
[2026-06-01T09:12:58.694+0000] {processor.py:161} INFO - Started process (PID=210) to work on /opt/airflow/dags/dag_1.py
[2026-06-01T09:12:58.695+0000] {processor.py:830} INFO - Processing file /opt/airflow/dags/dag_1.py for tasks to queue
[2026-06-01T09:12:58.696+0000] {logging_mixin.py:188} INFO - [2026-06-01T09:12:58.696+0000] {dagbag.py:540} INFO - Filling up the DagBag from /opt/airflow/dags/dag_1.py
[2026-06-01T09:12:58.709+0000] {processor.py:840} INFO - DAG(s) 'my_first_test_dag' retrieved from /opt/airflow/dags/dag_1.py
[2026-06-01T09:12:58.734+0000] {logging_mixin.py:188} INFO - [2026-06-01T09:12:58.734+0000] {dag.py:3047} INFO - Sync 1 DAGs
[2026-06-01T09:12:58.746+0000] {logging_mixin.py:188} INFO - [2026-06-01T09:12:58.746+0000] {dag.py:3834} INFO - Setting next_dagrun for my_first_test_dag to None, run_after=None
[2026-06-01T09:12:58.768+0000] {processor.py:183} INFO - Processing /opt/airflow/dags/dag_1.py took 0.076 seconds
[2026-06-01T09:13:29.231+0000] {processor.py:161} INFO - Started process (PID=220) to work on /opt/airflow/dags/dag_1.py
[2026-06-01T09:13:29.232+0000] {processor.py:830} INFO - Processing file /opt/airflow/dags/dag_1.py for tasks to queue
[2026-06-01T09:13:29.233+0000] {logging_mixin.py:188} INFO - [2026-06-01T09:13:29.232+0000] {dagbag.py:540} INFO - Filling up the DagBag from /opt/airflow/dags/dag_1.py
[2026-06-01T09:13:29.243+0000] {processor.py:840} INFO - DAG(s) 'my_first_test_dag' retrieved from /opt/airflow/dags/dag_1.py
[2026-06-01T09:13:29.263+0000] {logging_mixin.py:188} INFO - [2026-06-01T09:13:29.262+0000] {dag.py:3047} INFO - Sync 1 DAGs
[2026-06-01T09:13:29.274+0000] {logging_mixin.py:188} INFO - [2026-06-01T09:13:29.273+0000] {dag.py:3834} INFO - Setting next_dagrun for my_first_test_dag to None, run_after=None
[2026-06-01T09:13:29.293+0000] {processor.py:183} INFO - Processing /opt/airflow/dags/dag_1.py took 0.065 seconds
[2026-06-01T09:13:59.538+0000] {processor.py:161} INFO - Started process (PID=230) to work on /opt/airflow/dags/dag_1.py
[2026-06-01T09:13:59.540+0000] {processor.py:830} INFO - Processing file /opt/airflow/dags/dag_1.py for tasks to queue
[2026-06-01T09:13:59.541+0000] {logging_mixin.py:188} INFO - [2026-06-01T09:13:59.541+0000] {dagbag.py:540} INFO - Filling up the DagBag from /opt/airflow/dags/dag_1.py
[2026-06-01T09:13:59.556+0000] {processor.py:840} INFO - DAG(s) 'my_first_test_dag' retrieved from /opt/airflow/dags/dag_1.py
[2026-06-01T09:13:59.582+0000] {logging_mixin.py:188} INFO - [2026-06-01T09:13:59.582+0000] {dag.py:3047} INFO - Sync 1 DAGs
[2026-06-01T09:13:59.594+0000] {logging_mixin.py:188} INFO - [2026-06-01T09:13:59.594+0000] {dag.py:3834} INFO - Setting next_dagrun for my_first_test_dag to None, run_after=None
[2026-06-01T09:13:59.614+0000] {processor.py:183} INFO - Processing /opt/airflow/dags/dag_1.py took 0.080 seconds
[2026-06-01T09:14:29.786+0000] {processor.py:161} INFO - Started process (PID=240) to work on /opt/airflow/dags/dag_1.py
[2026-06-01T09:14:29.787+0000] {processor.py:830} INFO - Processing file /opt/airflow/dags/dag_1.py for tasks to queue
[2026-06-01T09:14:29.788+0000] {logging_mixin.py:188} INFO - [2026-06-01T09:14:29.788+0000] {dagbag.py:540} INFO - Filling up the DagBag from /opt/airflow/dags/dag_1.py
[2026-06-01T09:14:29.801+0000] {processor.py:840} INFO - DAG(s) 'my_first_test_dag' retrieved from /opt/airflow/dags/dag_1.py
[2026-06-01T09:14:29.823+0000] {logging_mixin.py:188} INFO - [2026-06-01T09:14:29.823+0000] {dag.py:3047} INFO - Sync 1 DAGs
[2026-06-01T09:14:29.833+0000] {logging_mixin.py:188} INFO - [2026-06-01T09:14:29.833+0000] {dag.py:3834} INFO - Setting next_dagrun for my_first_test_dag to None, run_after=None
[2026-06-01T09:14:29.855+0000] {processor.py:183} INFO - Processing /opt/airflow/dags/dag_1.py took 0.071 seconds
[2026-06-01T09:15:00.147+0000] {processor.py:161} INFO - Started process (PID=250) to work on /opt/airflow/dags/dag_1.py
[2026-06-01T09:15:00.148+0000] {processor.py:830} INFO - Processing file /opt/airflow/dags/dag_1.py for tasks to queue
[2026-06-01T09:15:00.149+0000] {logging_mixin.py:188} INFO - [2026-06-01T09:15:00.149+0000] {dagbag.py:540} INFO - Filling up the DagBag from /opt/airflow/dags/dag_1.py
[2026-06-01T09:15:00.160+0000] {processor.py:840} INFO - DAG(s) 'my_first_test_dag' retrieved from /opt/airflow/dags/dag_1.py
[2026-06-01T09:15:00.180+0000] {logging_mixin.py:188} INFO - [2026-06-01T09:15:00.180+0000] {dag.py:3047} INFO - Sync 1 DAGs
[2026-06-01T09:15:00.192+0000] {logging_mixin.py:188} INFO - [2026-06-01T09:15:00.192+0000] {dag.py:3834} INFO - Setting next_dagrun for my_first_test_dag to None, run_after=None
[2026-06-01T09:15:00.211+0000] {processor.py:183} INFO - Processing /opt/airflow/dags/dag_1.py took 0.066 seconds
[2026-06-01T09:15:30.424+0000] {processor.py:161} INFO - Started process (PID=260) to work on /opt/airflow/dags/dag_1.py
[2026-06-01T09:15:30.425+0000] {processor.py:830} INFO - Processing file /opt/airflow/dags/dag_1.py for tasks to queue
[2026-06-01T09:15:30.426+0000] {logging_mixin.py:188} INFO - [2026-06-01T09:15:30.426+0000] {dagbag.py:540} INFO - Filling up the DagBag from /opt/airflow/dags/dag_1.py
[2026-06-01T09:15:30.439+0000] {processor.py:840} INFO - DAG(s) 'my_first_test_dag' retrieved from /opt/airflow/dags/dag_1.py
[2026-06-01T09:15:30.458+0000] {logging_mixin.py:188} INFO - [2026-06-01T09:15:30.458+0000] {dag.py:3047} INFO - Sync 1 DAGs
[2026-06-01T09:15:30.470+0000] {logging_mixin.py:188} INFO - [2026-06-01T09:15:30.469+0000] {dag.py:3834} INFO - Setting next_dagrun for my_first_test_dag to None, run_after=None
[2026-06-01T09:15:30.489+0000] {processor.py:183} INFO - Processing /opt/airflow/dags/dag_1.py took 0.067 seconds
[2026-06-01T09:16:00.769+0000] {processor.py:161} INFO - Started process (PID=270) to work on /opt/airflow/dags/dag_1.py
[2026-06-01T09:16:00.770+0000] {processor.py:830} INFO - Processing file /opt/airflow/dags/dag_1.py for tasks to queue
[2026-06-01T09:16:00.771+0000] {logging_mixin.py:188} INFO - [2026-06-01T09:16:00.771+0000] {dagbag.py:540} INFO - Filling up the DagBag from /opt/airflow/dags/dag_1.py
[2026-06-01T09:16:00.784+0000] {processor.py:840} INFO - DAG(s) 'my_first_test_dag' retrieved from /opt/airflow/dags/dag_1.py
[2026-06-01T09:16:00.804+0000] {logging_mixin.py:188} INFO - [2026-06-01T09:16:00.804+0000] {dag.py:3047} INFO - Sync 1 DAGs
[2026-06-01T09:16:00.815+0000] {logging_mixin.py:188} INFO - [2026-06-01T09:16:00.815+0000] {dag.py:3834} INFO - Setting next_dagrun for my_first_test_dag to None, run_after=None
[2026-06-01T09:16:00.839+0000] {processor.py:183} INFO - Processing /opt/airflow/dags/dag_1.py took 0.073 seconds
[2026-06-01T09:16:31.124+0000] {processor.py:161} INFO - Started process (PID=280) to work on /opt/airflow/dags/dag_1.py
[2026-06-01T09:16:31.124+0000] {processor.py:830} INFO - Processing file /opt/airflow/dags/dag_1.py for tasks to queue
[2026-06-01T09:16:31.125+0000] {logging_mixin.py:188} INFO - [2026-06-01T09:16:31.125+0000] {dagbag.py:540} INFO - Filling up the DagBag from /opt/airflow/dags/dag_1.py
[2026-06-01T09:16:31.137+0000] {processor.py:840} INFO - DAG(s) 'my_first_test_dag' retrieved from /opt/airflow/dags/dag_1.py
[2026-06-01T09:16:31.157+0000] {logging_mixin.py:188} INFO - [2026-06-01T09:16:31.157+0000] {dag.py:3047} INFO - Sync 1 DAGs
[2026-06-01T09:16:31.169+0000] {logging_mixin.py:188} INFO - [2026-06-01T09:16:31.168+0000] {dag.py:3834} INFO - Setting next_dagrun for my_first_test_dag to None, run_after=None
[2026-06-01T09:16:31.189+0000] {processor.py:183} INFO - Processing /opt/airflow/dags/dag_1.py took 0.067 seconds
[2026-06-01T09:17:01.487+0000] {processor.py:161} INFO - Started process (PID=290) to work on /opt/airflow/dags/dag_1.py
[2026-06-01T09:17:01.488+0000] {processor.py:830} INFO - Processing file /opt/airflow/dags/dag_1.py for tasks to queue
[2026-06-01T09:17:01.489+0000] {logging_mixin.py:188} INFO - [2026-06-01T09:17:01.488+0000] {dagbag.py:540} INFO - Filling up the DagBag from /opt/airflow/dags/dag_1.py
[2026-06-01T09:17:01.501+0000] {processor.py:840} INFO - DAG(s) 'my_first_test_dag' retrieved from /opt/airflow/dags/dag_1.py
[2026-06-01T09:17:01.522+0000] {logging_mixin.py:188} INFO - [2026-06-01T09:17:01.522+0000] {dag.py:3047} INFO - Sync 1 DAGs
[2026-06-01T09:17:01.532+0000] {logging_mixin.py:188} INFO - [2026-06-01T09:17:01.532+0000] {dag.py:3834} INFO - Setting next_dagrun for my_first_test_dag to None, run_after=None
[2026-06-01T09:17:01.552+0000] {processor.py:183} INFO - Processing /opt/airflow/dags/dag_1.py took 0.067 seconds
[2026-06-01T09:17:31.808+0000] {processor.py:161} INFO - Started process (PID=300) to work on /opt/airflow/dags/dag_1.py
[2026-06-01T09:17:31.809+0000] {processor.py:830} INFO - Processing file /opt/airflow/dags/dag_1.py for tasks to queue
[2026-06-01T09:17:31.810+0000] {logging_mixin.py:188} INFO - [2026-06-01T09:17:31.809+0000] {dagbag.py:540} INFO - Filling up the DagBag from /opt/airflow/dags/dag_1.py
[2026-06-01T09:17:31.824+0000] {processor.py:840} INFO - DAG(s) 'my_first_test_dag' retrieved from /opt/airflow/dags/dag_1.py
[2026-06-01T09:17:31.845+0000] {logging_mixin.py:188} INFO - [2026-06-01T09:17:31.845+0000] {dag.py:3047} INFO - Sync 1 DAGs
[2026-06-01T09:17:31.857+0000] {logging_mixin.py:188} INFO - [2026-06-01T09:17:31.857+0000] {dag.py:3834} INFO - Setting next_dagrun for my_first_test_dag to None, run_after=None
[2026-06-01T09:17:31.883+0000] {processor.py:183} INFO - Processing /opt/airflow/dags/dag_1.py took 0.077 seconds
[2026-06-01T09:18:02.160+0000] {processor.py:161} INFO - Started process (PID=310) to work on /opt/airflow/dags/dag_1.py
[2026-06-01T09:18:02.160+0000] {processor.py:830} INFO - Processing file /opt/airflow/dags/dag_1.py for tasks to queue
[2026-06-01T09:18:02.161+0000] {logging_mixin.py:188} INFO - [2026-06-01T09:18:02.161+0000] {dagbag.py:540} INFO - Filling up the DagBag from /opt/airflow/dags/dag_1.py
[2026-06-01T09:18:02.173+0000] {processor.py:840} INFO - DAG(s) 'my_first_test_dag' retrieved from /opt/airflow/dags/dag_1.py
[2026-06-01T09:18:02.192+0000] {logging_mixin.py:188} INFO - [2026-06-01T09:18:02.192+0000] {dag.py:3047} INFO - Sync 1 DAGs
[2026-06-01T09:18:02.202+0000] {logging_mixin.py:188} INFO - [2026-06-01T09:18:02.202+0000] {dag.py:3834} INFO - Setting next_dagrun for my_first_test_dag to None, run_after=None
[2026-06-01T09:18:02.226+0000] {processor.py:183} INFO - Processing /opt/airflow/dags/dag_1.py took 0.069 seconds
[2026-06-01T09:18:32.606+0000] {processor.py:161} INFO - Started process (PID=320) to work on /opt/airflow/dags/dag_1.py
[2026-06-01T09:18:32.607+0000] {processor.py:830} INFO - Processing file /opt/airflow/dags/dag_1.py for tasks to queue
[2026-06-01T09:18:32.608+0000] {logging_mixin.py:188} INFO - [2026-06-01T09:18:32.608+0000] {dagbag.py:540} INFO - Filling up the DagBag from /opt/airflow/dags/dag_1.py
[2026-06-01T09:18:32.619+0000] {processor.py:840} INFO - DAG(s) 'my_first_test_dag' retrieved from /opt/airflow/dags/dag_1.py
[2026-06-01T09:18:32.640+0000] {logging_mixin.py:188} INFO - [2026-06-01T09:18:32.640+0000] {dag.py:3047} INFO - Sync 1 DAGs
[2026-06-01T09:18:32.652+0000] {logging_mixin.py:188} INFO - [2026-06-01T09:18:32.652+0000] {dag.py:3834} INFO - Setting next_dagrun for my_first_test_dag to None, run_after=None
[2026-06-01T09:18:32.671+0000] {processor.py:183} INFO - Processing /opt/airflow/dags/dag_1.py took 0.067 seconds
[2026-06-01T09:19:03.069+0000] {processor.py:161} INFO - Started process (PID=330) to work on /opt/airflow/dags/dag_1.py
[2026-06-01T09:19:03.070+0000] {processor.py:830} INFO - Processing file /opt/airflow/dags/dag_1.py for tasks to queue
[2026-06-01T09:19:03.071+0000] {logging_mixin.py:188} INFO - [2026-06-01T09:19:03.071+0000] {dagbag.py:540} INFO - Filling up the DagBag from /opt/airflow/dags/dag_1.py
[2026-06-01T09:19:03.087+0000] {processor.py:840} INFO - DAG(s) 'my_first_test_dag' retrieved from /opt/airflow/dags/dag_1.py
[2026-06-01T09:19:03.115+0000] {logging_mixin.py:188} INFO - [2026-06-01T09:19:03.114+0000] {dag.py:3047} INFO - Sync 1 DAGs
[2026-06-01T09:19:03.130+0000] {logging_mixin.py:188} INFO - [2026-06-01T09:19:03.129+0000] {dag.py:3834} INFO - Setting next_dagrun for my_first_test_dag to None, run_after=None
[2026-06-01T09:19:03.150+0000] {processor.py:183} INFO - Processing /opt/airflow/dags/dag_1.py took 0.085 seconds
[2026-06-01T09:19:33.611+0000] {processor.py:161} INFO - Started process (PID=340) to work on /opt/airflow/dags/dag_1.py
[2026-06-01T09:19:33.612+0000] {processor.py:830} INFO - Processing file /opt/airflow/dags/dag_1.py for tasks to queue
[2026-06-01T09:19:33.613+0000] {logging_mixin.py:188} INFO - [2026-06-01T09:19:33.612+0000] {dagbag.py:540} INFO - Filling up the DagBag from /opt/airflow/dags/dag_1.py
[2026-06-01T09:19:33.624+0000] {processor.py:840} INFO - DAG(s) 'my_first_test_dag' retrieved from /opt/airflow/dags/dag_1.py
[2026-06-01T09:19:33.647+0000] {logging_mixin.py:188} INFO - [2026-06-01T09:19:33.647+0000] {dag.py:3047} INFO - Sync 1 DAGs
[2026-06-01T09:19:33.658+0000] {logging_mixin.py:188} INFO - [2026-06-01T09:19:33.658+0000] {dag.py:3834} INFO - Setting next_dagrun for my_first_test_dag to None, run_after=None
[2026-06-01T09:19:33.684+0000] {processor.py:183} INFO - Processing /opt/airflow/dags/dag_1.py took 0.076 seconds
[2026-06-01T09:20:04.186+0000] {processor.py:161} INFO - Started process (PID=350) to work on /opt/airflow/dags/dag_1.py
[2026-06-01T09:20:04.187+0000] {processor.py:830} INFO - Processing file /opt/airflow/dags/dag_1.py for tasks to queue
[2026-06-01T09:20:04.188+0000] {logging_mixin.py:188} INFO - [2026-06-01T09:20:04.187+0000] {dagbag.py:540} INFO - Filling up the DagBag from /opt/airflow/dags/dag_1.py
[2026-06-01T09:20:04.200+0000] {processor.py:840} INFO - DAG(s) 'my_first_test_dag' retrieved from /opt/airflow/dags/dag_1.py
[2026-06-01T09:20:04.221+0000] {logging_mixin.py:188} INFO - [2026-06-01T09:20:04.221+0000] {dag.py:3047} INFO - Sync 1 DAGs
[2026-06-01T09:20:04.233+0000] {logging_mixin.py:188} INFO - [2026-06-01T09:20:04.233+0000] {dag.py:3834} INFO - Setting next_dagrun for my_first_test_dag to None, run_after=None
[2026-06-01T09:20:04.254+0000] {processor.py:183} INFO - Processing /opt/airflow/dags/dag_1.py took 0.070 seconds
[2026-06-01T09:20:34.811+0000] {processor.py:161} INFO - Started process (PID=360) to work on /opt/airflow/dags/dag_1.py
[2026-06-01T09:20:34.812+0000] {processor.py:830} INFO - Processing file /opt/airflow/dags/dag_1.py for tasks to queue
[2026-06-01T09:20:34.813+0000] {logging_mixin.py:188} INFO - [2026-06-01T09:20:34.813+0000] {dagbag.py:540} INFO - Filling up the DagBag from /opt/airflow/dags/dag_1.py
[2026-06-01T09:20:34.826+0000] {processor.py:840} INFO - DAG(s) 'my_first_test_dag' retrieved from /opt/airflow/dags/dag_1.py
[2026-06-01T09:20:34.848+0000] {logging_mixin.py:188} INFO - [2026-06-01T09:20:34.848+0000] {dag.py:3047} INFO - Sync 1 DAGs
[2026-06-01T09:20:34.859+0000] {logging_mixin.py:188} INFO - [2026-06-01T09:20:34.858+0000] {dag.py:3834} INFO - Setting next_dagrun for my_first_test_dag to None, run_after=None
[2026-06-01T09:20:34.883+0000] {processor.py:183} INFO - Processing /opt/airflow/dags/dag_1.py took 0.074 seconds
[2026-06-01T09:21:05.215+0000] {processor.py:161} INFO - Started process (PID=370) to work on /opt/airflow/dags/dag_1.py
[2026-06-01T09:21:05.215+0000] {processor.py:830} INFO - Processing file /opt/airflow/dags/dag_1.py for tasks to queue
[2026-06-01T09:21:05.216+0000] {logging_mixin.py:188} INFO - [2026-06-01T09:21:05.216+0000] {dagbag.py:540} INFO - Filling up the DagBag from /opt/airflow/dags/dag_1.py
[2026-06-01T09:21:05.228+0000] {processor.py:840} INFO - DAG(s) 'my_first_test_dag' retrieved from /opt/airflow/dags/dag_1.py
[2026-06-01T09:21:05.250+0000] {logging_mixin.py:188} INFO - [2026-06-01T09:21:05.250+0000] {dag.py:3047} INFO - Sync 1 DAGs
[2026-06-01T09:21:05.264+0000] {logging_mixin.py:188} INFO - [2026-06-01T09:21:05.264+0000] {dag.py:3834} INFO - Setting next_dagrun for my_first_test_dag to None, run_after=None
[2026-06-01T09:21:05.285+0000] {processor.py:183} INFO - Processing /opt/airflow/dags/dag_1.py took 0.074 seconds
[2026-06-01T09:21:35.529+0000] {processor.py:161} INFO - Started process (PID=380) to work on /opt/airflow/dags/dag_1.py
[2026-06-01T09:21:35.530+0000] {processor.py:830} INFO - Processing file /opt/airflow/dags/dag_1.py for tasks to queue
[2026-06-01T09:21:35.532+0000] {logging_mixin.py:188} INFO - [2026-06-01T09:21:35.531+0000] {dagbag.py:540} INFO - Filling up the DagBag from /opt/airflow/dags/dag_1.py
[2026-06-01T09:21:35.549+0000] {processor.py:840} INFO - DAG(s) 'my_first_test_dag' retrieved from /opt/airflow/dags/dag_1.py
[2026-06-01T09:21:35.574+0000] {logging_mixin.py:188} INFO - [2026-06-01T09:21:35.573+0000] {dag.py:3047} INFO - Sync 1 DAGs
[2026-06-01T09:21:35.585+0000] {logging_mixin.py:188} INFO - [2026-06-01T09:21:35.585+0000] {dag.py:3834} INFO - Setting next_dagrun for my_first_test_dag to None, run_after=None
[2026-06-01T09:21:35.609+0000] {processor.py:183} INFO - Processing /opt/airflow/dags/dag_1.py took 0.083 seconds
[2026-06-01T09:22:05.819+0000] {processor.py:161} INFO - Started process (PID=390) to work on /opt/airflow/dags/dag_1.py
[2026-06-01T09:22:05.819+0000] {processor.py:830} INFO - Processing file /opt/airflow/dags/dag_1.py for tasks to queue
[2026-06-01T09:22:05.820+0000] {logging_mixin.py:188} INFO - [2026-06-01T09:22:05.820+0000] {dagbag.py:540} INFO - Filling up the DagBag from /opt/airflow/dags/dag_1.py
[2026-06-01T09:22:05.831+0000] {processor.py:840} INFO - DAG(s) 'my_first_test_dag' retrieved from /opt/airflow/dags/dag_1.py
[2026-06-01T09:22:05.852+0000] {logging_mixin.py:188} INFO - [2026-06-01T09:22:05.852+0000] {dag.py:3047} INFO - Sync 1 DAGs
[2026-06-01T09:22:05.863+0000] {logging_mixin.py:188} INFO - [2026-06-01T09:22:05.863+0000] {dag.py:3834} INFO - Setting next_dagrun for my_first_test_dag to None, run_after=None
[2026-06-01T09:22:05.883+0000] {processor.py:183} INFO - Processing /opt/airflow/dags/dag_1.py took 0.067 seconds
[2026-06-01T09:22:36.279+0000] {processor.py:161} INFO - Started process (PID=400) to work on /opt/airflow/dags/dag_1.py
[2026-06-01T09:22:36.280+0000] {processor.py:830} INFO - Processing file /opt/airflow/dags/dag_1.py for tasks to queue
[2026-06-01T09:22:36.281+0000] {logging_mixin.py:188} INFO - [2026-06-01T09:22:36.281+0000] {dagbag.py:540} INFO - Filling up the DagBag from /opt/airflow/dags/dag_1.py
[2026-06-01T09:22:36.297+0000] {processor.py:840} INFO - DAG(s) 'my_first_test_dag' retrieved from /opt/airflow/dags/dag_1.py
[2026-06-01T09:22:36.319+0000] {logging_mixin.py:188} INFO - [2026-06-01T09:22:36.319+0000] {dag.py:3047} INFO - Sync 1 DAGs
[2026-06-01T09:22:36.331+0000] {logging_mixin.py:188} INFO - [2026-06-01T09:22:36.330+0000] {dag.py:3834} INFO - Setting next_dagrun for my_first_test_dag to None, run_after=None
[2026-06-01T09:22:36.353+0000] {processor.py:183} INFO - Processing /opt/airflow/dags/dag_1.py took 0.077 seconds
[2026-06-01T09:23:06.685+0000] {processor.py:161} INFO - Started process (PID=410) to work on /opt/airflow/dags/dag_1.py
[2026-06-01T09:23:06.686+0000] {processor.py:830} INFO - Processing file /opt/airflow/dags/dag_1.py for tasks to queue
[2026-06-01T09:23:06.686+0000] {logging_mixin.py:188} INFO - [2026-06-01T09:23:06.686+0000] {dagbag.py:540} INFO - Filling up the DagBag from /opt/airflow/dags/dag_1.py
[2026-06-01T09:23:06.698+0000] {processor.py:840} INFO - DAG(s) 'my_first_test_dag' retrieved from /opt/airflow/dags/dag_1.py
[2026-06-01T09:23:06.718+0000] {logging_mixin.py:188} INFO - [2026-06-01T09:23:06.718+0000] {dag.py:3047} INFO - Sync 1 DAGs
[2026-06-01T09:23:06.728+0000] {logging_mixin.py:188} INFO - [2026-06-01T09:23:06.728+0000] {dag.py:3834} INFO - Setting next_dagrun for my_first_test_dag to None, run_after=None
[2026-06-01T09:23:06.754+0000] {processor.py:183} INFO - Processing /opt/airflow/dags/dag_1.py took 0.072 seconds
[2026-06-01T09:23:37.056+0000] {processor.py:161} INFO - Started process (PID=420) to work on /opt/airflow/dags/dag_1.py
[2026-06-01T09:23:37.057+0000] {processor.py:830} INFO - Processing file /opt/airflow/dags/dag_1.py for tasks to queue
[2026-06-01T09:23:37.058+0000] {logging_mixin.py:188} INFO - [2026-06-01T09:23:37.058+0000] {dagbag.py:540} INFO - Filling up the DagBag from /opt/airflow/dags/dag_1.py
[2026-06-01T09:23:37.070+0000] {processor.py:840} INFO - DAG(s) 'my_first_test_dag' retrieved from /opt/airflow/dags/dag_1.py
[2026-06-01T09:23:37.090+0000] {logging_mixin.py:188} INFO - [2026-06-01T09:23:37.089+0000] {dag.py:3047} INFO - Sync 1 DAGs
[2026-06-01T09:23:37.101+0000] {logging_mixin.py:188} INFO - [2026-06-01T09:23:37.101+0000] {dag.py:3834} INFO - Setting next_dagrun for my_first_test_dag to None, run_after=None
[2026-06-01T09:23:37.127+0000] {processor.py:183} INFO - Processing /opt/airflow/dags/dag_1.py took 0.074 seconds
[2026-06-01T09:24:07.297+0000] {processor.py:161} INFO - Started process (PID=430) to work on /opt/airflow/dags/dag_1.py
[2026-06-01T09:24:07.298+0000] {processor.py:830} INFO - Processing file /opt/airflow/dags/dag_1.py for tasks to queue
[2026-06-01T09:24:07.298+0000] {logging_mixin.py:188} INFO - [2026-06-01T09:24:07.298+0000] {dagbag.py:540} INFO - Filling up the DagBag from /opt/airflow/dags/dag_1.py
[2026-06-01T09:24:07.311+0000] {processor.py:840} INFO - DAG(s) 'my_first_test_dag' retrieved from /opt/airflow/dags/dag_1.py
[2026-06-01T09:24:07.334+0000] {logging_mixin.py:188} INFO - [2026-06-01T09:24:07.334+0000] {dag.py:3047} INFO - Sync 1 DAGs
[2026-06-01T09:24:07.346+0000] {logging_mixin.py:188} INFO - [2026-06-01T09:24:07.345+0000] {dag.py:3834} INFO - Setting next_dagrun for my_first_test_dag to None, run_after=None
[2026-06-01T09:24:07.365+0000] {processor.py:183} INFO - Processing /opt/airflow/dags/dag_1.py took 0.071 seconds
[2026-06-01T09:24:37.589+0000] {processor.py:161} INFO - Started process (PID=440) to work on /opt/airflow/dags/dag_1.py
[2026-06-01T09:24:37.590+0000] {processor.py:830} INFO - Processing file /opt/airflow/dags/dag_1.py for tasks to queue
[2026-06-01T09:24:37.591+0000] {logging_mixin.py:188} INFO - [2026-06-01T09:24:37.591+0000] {dagbag.py:540} INFO - Filling up the DagBag from /opt/airflow/dags/dag_1.py
[2026-06-01T09:24:37.602+0000] {processor.py:840} INFO - DAG(s) 'my_first_test_dag' retrieved from /opt/airflow/dags/dag_1.py
[2026-06-01T09:24:37.623+0000] {logging_mixin.py:188} INFO - [2026-06-01T09:24:37.622+0000] {dag.py:3047} INFO - Sync 1 DAGs
[2026-06-01T09:24:37.634+0000] {logging_mixin.py:188} INFO - [2026-06-01T09:24:37.633+0000] {dag.py:3834} INFO - Setting next_dagrun for my_first_test_dag to None, run_after=None
[2026-06-01T09:24:37.661+0000] {processor.py:183} INFO - Processing /opt/airflow/dags/dag_1.py took 0.073 seconds
[2026-06-01T09:25:08.087+0000] {processor.py:161} INFO - Started process (PID=450) to work on /opt/airflow/dags/dag_1.py
[2026-06-01T09:25:08.088+0000] {processor.py:830} INFO - Processing file /opt/airflow/dags/dag_1.py for tasks to queue
[2026-06-01T09:25:08.089+0000] {logging_mixin.py:188} INFO - [2026-06-01T09:25:08.089+0000] {dagbag.py:540} INFO - Filling up the DagBag from /opt/airflow/dags/dag_1.py
[2026-06-01T09:25:08.102+0000] {processor.py:840} INFO - DAG(s) 'my_first_test_dag' retrieved from /opt/airflow/dags/dag_1.py
[2026-06-01T09:25:08.123+0000] {logging_mixin.py:188} INFO - [2026-06-01T09:25:08.122+0000] {dag.py:3047} INFO - Sync 1 DAGs
[2026-06-01T09:25:08.135+0000] {logging_mixin.py:188} INFO - [2026-06-01T09:25:08.135+0000] {dag.py:3834} INFO - Setting next_dagrun for my_first_test_dag to None, run_after=None
[2026-06-01T09:25:08.155+0000] {processor.py:183} INFO - Processing /opt/airflow/dags/dag_1.py took 0.070 seconds
[2026-06-01T09:25:38.638+0000] {processor.py:161} INFO - Started process (PID=460) to work on /opt/airflow/dags/dag_1.py
[2026-06-01T09:25:38.638+0000] {processor.py:830} INFO - Processing file /opt/airflow/dags/dag_1.py for tasks to queue
[2026-06-01T09:25:38.639+0000] {logging_mixin.py:188} INFO - [2026-06-01T09:25:38.639+0000] {dagbag.py:540} INFO - Filling up the DagBag from /opt/airflow/dags/dag_1.py
[2026-06-01T09:25:38.650+0000] {processor.py:840} INFO - DAG(s) 'my_first_test_dag' retrieved from /opt/airflow/dags/dag_1.py
[2026-06-01T09:25:38.673+0000] {logging_mixin.py:188} INFO - [2026-06-01T09:25:38.673+0000] {dag.py:3047} INFO - Sync 1 DAGs
[2026-06-01T09:25:38.683+0000] {logging_mixin.py:188} INFO - [2026-06-01T09:25:38.683+0000] {dag.py:3834} INFO - Setting next_dagrun for my_first_test_dag to None, run_after=None
[2026-06-01T09:25:38.704+0000] {processor.py:183} INFO - Processing /opt/airflow/dags/dag_1.py took 0.068 seconds
[2026-06-01T09:26:09.333+0000] {processor.py:161} INFO - Started process (PID=470) to work on /opt/airflow/dags/dag_1.py
[2026-06-01T09:26:09.334+0000] {processor.py:830} INFO - Processing file /opt/airflow/dags/dag_1.py for tasks to queue
[2026-06-01T09:26:09.335+0000] {logging_mixin.py:188} INFO - [2026-06-01T09:26:09.335+0000] {dagbag.py:540} INFO - Filling up the DagBag from /opt/airflow/dags/dag_1.py
[2026-06-01T09:26:09.346+0000] {processor.py:840} INFO - DAG(s) 'my_first_test_dag' retrieved from /opt/airflow/dags/dag_1.py
[2026-06-01T09:26:09.368+0000] {logging_mixin.py:188} INFO - [2026-06-01T09:26:09.368+0000] {dag.py:3047} INFO - Sync 1 DAGs
[2026-06-01T09:26:09.379+0000] {logging_mixin.py:188} INFO - [2026-06-01T09:26:09.378+0000] {dag.py:3834} INFO - Setting next_dagrun for my_first_test_dag to None, run_after=None
[2026-06-01T09:26:09.397+0000] {processor.py:183} INFO - Processing /opt/airflow/dags/dag_1.py took 0.066 seconds
[2026-06-01T09:26:39.924+0000] {processor.py:161} INFO - Started process (PID=480) to work on /opt/airflow/dags/dag_1.py
[2026-06-01T09:26:39.925+0000] {processor.py:830} INFO - Processing file /opt/airflow/dags/dag_1.py for tasks to queue
[2026-06-01T09:26:39.926+0000] {logging_mixin.py:188} INFO - [2026-06-01T09:26:39.926+0000] {dagbag.py:540} INFO - Filling up the DagBag from /opt/airflow/dags/dag_1.py
[2026-06-01T09:26:39.937+0000] {processor.py:840} INFO - DAG(s) 'my_first_test_dag' retrieved from /opt/airflow/dags/dag_1.py
[2026-06-01T09:26:39.958+0000] {logging_mixin.py:188} INFO - [2026-06-01T09:26:39.957+0000] {dag.py:3047} INFO - Sync 1 DAGs
[2026-06-01T09:26:39.967+0000] {logging_mixin.py:188} INFO - [2026-06-01T09:26:39.967+0000] {dag.py:3834} INFO - Setting next_dagrun for my_first_test_dag to None, run_after=None
[2026-06-01T09:26:39.987+0000] {processor.py:183} INFO - Processing /opt/airflow/dags/dag_1.py took 0.065 seconds
[2026-06-01T09:27:10.441+0000] {processor.py:161} INFO - Started process (PID=490) to work on /opt/airflow/dags/dag_1.py
[2026-06-01T09:27:10.442+0000] {processor.py:830} INFO - Processing file /opt/airflow/dags/dag_1.py for tasks to queue
[2026-06-01T09:27:10.443+0000] {logging_mixin.py:188} INFO - [2026-06-01T09:27:10.443+0000] {dagbag.py:540} INFO - Filling up the DagBag from /opt/airflow/dags/dag_1.py
[2026-06-01T09:27:10.455+0000] {processor.py:840} INFO - DAG(s) 'my_first_test_dag' retrieved from /opt/airflow/dags/dag_1.py
[2026-06-01T09:27:10.474+0000] {logging_mixin.py:188} INFO - [2026-06-01T09:27:10.473+0000] {dag.py:3047} INFO - Sync 1 DAGs
[2026-06-01T09:27:10.483+0000] {logging_mixin.py:188} INFO - [2026-06-01T09:27:10.483+0000] {dag.py:3834} INFO - Setting next_dagrun for my_first_test_dag to None, run_after=None
[2026-06-01T09:27:10.503+0000] {processor.py:183} INFO - Processing /opt/airflow/dags/dag_1.py took 0.066 seconds
[2026-06-01T09:27:41.004+0000] {processor.py:161} INFO - Started process (PID=500) to work on /opt/airflow/dags/dag_1.py
[2026-06-01T09:27:41.005+0000] {processor.py:830} INFO - Processing file /opt/airflow/dags/dag_1.py for tasks to queue
[2026-06-01T09:27:41.005+0000] {logging_mixin.py:188} INFO - [2026-06-01T09:27:41.005+0000] {dagbag.py:540} INFO - Filling up the DagBag from /opt/airflow/dags/dag_1.py
[2026-06-01T09:27:41.016+0000] {processor.py:840} INFO - DAG(s) 'my_first_test_dag' retrieved from /opt/airflow/dags/dag_1.py
[2026-06-01T09:27:41.038+0000] {logging_mixin.py:188} INFO - [2026-06-01T09:27:41.037+0000] {dag.py:3047} INFO - Sync 1 DAGs
[2026-06-01T09:27:41.048+0000] {logging_mixin.py:188} INFO - [2026-06-01T09:27:41.048+0000] {dag.py:3834} INFO - Setting next_dagrun for my_first_test_dag to None, run_after=None
[2026-06-01T09:27:41.068+0000] {processor.py:183} INFO - Processing /opt/airflow/dags/dag_1.py took 0.067 seconds
[2026-06-01T09:28:11.541+0000] {processor.py:161} INFO - Started process (PID=510) to work on /opt/airflow/dags/dag_1.py
[2026-06-01T09:28:11.542+0000] {processor.py:830} INFO - Processing file /opt/airflow/dags/dag_1.py for tasks to queue
[2026-06-01T09:28:11.543+0000] {logging_mixin.py:188} INFO - [2026-06-01T09:28:11.543+0000] {dagbag.py:540} INFO - Filling up the DagBag from /opt/airflow/dags/dag_1.py
[2026-06-01T09:28:11.554+0000] {processor.py:840} INFO - DAG(s) 'my_first_test_dag' retrieved from /opt/airflow/dags/dag_1.py
[2026-06-01T09:28:11.574+0000] {logging_mixin.py:188} INFO - [2026-06-01T09:28:11.574+0000] {dag.py:3047} INFO - Sync 1 DAGs
[2026-06-01T09:28:11.585+0000] {logging_mixin.py:188} INFO - [2026-06-01T09:28:11.584+0000] {dag.py:3834} INFO - Setting next_dagrun for my_first_test_dag to None, run_after=None
[2026-06-01T09:28:11.608+0000] {processor.py:183} INFO - Processing /opt/airflow/dags/dag_1.py took 0.069 seconds
[2026-06-01T09:28:42.109+0000] {processor.py:161} INFO - Started process (PID=520) to work on /opt/airflow/dags/dag_1.py
[2026-06-01T09:28:42.110+0000] {processor.py:830} INFO - Processing file /opt/airflow/dags/dag_1.py for tasks to queue
[2026-06-01T09:28:42.111+0000] {logging_mixin.py:188} INFO - [2026-06-01T09:28:42.110+0000] {dagbag.py:540} INFO - Filling up the DagBag from /opt/airflow/dags/dag_1.py
[2026-06-01T09:28:42.123+0000] {processor.py:840} INFO - DAG(s) 'my_first_test_dag' retrieved from /opt/airflow/dags/dag_1.py
[2026-06-01T09:28:42.144+0000] {logging_mixin.py:188} INFO - [2026-06-01T09:28:42.144+0000] {dag.py:3047} INFO - Sync 1 DAGs
[2026-06-01T09:28:42.156+0000] {logging_mixin.py:188} INFO - [2026-06-01T09:28:42.155+0000] {dag.py:3834} INFO - Setting next_dagrun for my_first_test_dag to None, run_after=None
[2026-06-01T09:28:42.173+0000] {processor.py:183} INFO - Processing /opt/airflow/dags/dag_1.py took 0.067 seconds
[2026-06-01T09:29:12.726+0000] {processor.py:161} INFO - Started process (PID=530) to work on /opt/airflow/dags/dag_1.py
[2026-06-01T09:29:12.727+0000] {processor.py:830} INFO - Processing file /opt/airflow/dags/dag_1.py for tasks to queue
[2026-06-01T09:29:12.728+0000] {logging_mixin.py:188} INFO - [2026-06-01T09:29:12.728+0000] {dagbag.py:540} INFO - Filling up the DagBag from /opt/airflow/dags/dag_1.py
[2026-06-01T09:29:12.738+0000] {processor.py:840} INFO - DAG(s) 'my_first_test_dag' retrieved from /opt/airflow/dags/dag_1.py
[2026-06-01T09:29:12.760+0000] {logging_mixin.py:188} INFO - [2026-06-01T09:29:12.760+0000] {dag.py:3047} INFO - Sync 1 DAGs
[2026-06-01T09:29:12.770+0000] {logging_mixin.py:188} INFO - [2026-06-01T09:29:12.769+0000] {dag.py:3834} INFO - Setting next_dagrun for my_first_test_dag to None, run_after=None
[2026-06-01T09:29:12.788+0000] {processor.py:183} INFO - Processing /opt/airflow/dags/dag_1.py took 0.064 seconds
[2026-06-01T09:29:43.260+0000] {processor.py:161} INFO - Started process (PID=540) to work on /opt/airflow/dags/dag_1.py
[2026-06-01T09:29:43.260+0000] {processor.py:830} INFO - Processing file /opt/airflow/dags/dag_1.py for tasks to queue
[2026-06-01T09:29:43.261+0000] {logging_mixin.py:188} INFO - [2026-06-01T09:29:43.261+0000] {dagbag.py:540} INFO - Filling up the DagBag from /opt/airflow/dags/dag_1.py
[2026-06-01T09:29:43.271+0000] {processor.py:840} INFO - DAG(s) 'my_first_test_dag' retrieved from /opt/airflow/dags/dag_1.py
[2026-06-01T09:29:43.292+0000] {logging_mixin.py:188} INFO - [2026-06-01T09:29:43.292+0000] {dag.py:3047} INFO - Sync 1 DAGs
[2026-06-01T09:29:43.302+0000] {logging_mixin.py:188} INFO - [2026-06-01T09:29:43.302+0000] {dag.py:3834} INFO - Setting next_dagrun for my_first_test_dag to None, run_after=None
[2026-06-01T09:29:43.322+0000] {processor.py:183} INFO - Processing /opt/airflow/dags/dag_1.py took 0.065 seconds
[2026-06-01T09:30:13.871+0000] {processor.py:161} INFO - Started process (PID=550) to work on /opt/airflow/dags/dag_1.py
[2026-06-01T09:30:13.872+0000] {processor.py:830} INFO - Processing file /opt/airflow/dags/dag_1.py for tasks to queue
[2026-06-01T09:30:13.872+0000] {logging_mixin.py:188} INFO - [2026-06-01T09:30:13.872+0000] {dagbag.py:540} INFO - Filling up the DagBag from /opt/airflow/dags/dag_1.py
[2026-06-01T09:30:13.883+0000] {processor.py:840} INFO - DAG(s) 'my_first_test_dag' retrieved from /opt/airflow/dags/dag_1.py
[2026-06-01T09:30:13.903+0000] {logging_mixin.py:188} INFO - [2026-06-01T09:30:13.903+0000] {dag.py:3047} INFO - Sync 1 DAGs
[2026-06-01T09:30:13.914+0000] {logging_mixin.py:188} INFO - [2026-06-01T09:30:13.914+0000] {dag.py:3834} INFO - Setting next_dagrun for my_first_test_dag to None, run_after=None
[2026-06-01T09:30:13.940+0000] {processor.py:183} INFO - Processing /opt/airflow/dags/dag_1.py took 0.071 seconds
[2026-06-01T09:30:44.505+0000] {processor.py:161} INFO - Started process (PID=560) to work on /opt/airflow/dags/dag_1.py
[2026-06-01T09:30:44.506+0000] {processor.py:830} INFO - Processing file /opt/airflow/dags/dag_1.py for tasks to queue
[2026-06-01T09:30:44.507+0000] {logging_mixin.py:188} INFO - [2026-06-01T09:30:44.507+0000] {dagbag.py:540} INFO - Filling up the DagBag from /opt/airflow/dags/dag_1.py
[2026-06-01T09:30:44.520+0000] {processor.py:840} INFO - DAG(s) 'my_first_test_dag' retrieved from /opt/airflow/dags/dag_1.py
[2026-06-01T09:30:44.542+0000] {logging_mixin.py:188} INFO - [2026-06-01T09:30:44.542+0000] {dag.py:3047} INFO - Sync 1 DAGs
[2026-06-01T09:30:44.553+0000] {logging_mixin.py:188} INFO - [2026-06-01T09:30:44.553+0000] {dag.py:3834} INFO - Setting next_dagrun for my_first_test_dag to None, run_after=None
[2026-06-01T09:30:44.573+0000] {processor.py:183} INFO - Processing /opt/airflow/dags/dag_1.py took 0.071 seconds
[2026-06-01T09:31:15.172+0000] {processor.py:161} INFO - Started process (PID=570) to work on /opt/airflow/dags/dag_1.py
[2026-06-01T09:31:15.173+0000] {processor.py:830} INFO - Processing file /opt/airflow/dags/dag_1.py for tasks to queue
[2026-06-01T09:31:15.174+0000] {logging_mixin.py:188} INFO - [2026-06-01T09:31:15.174+0000] {dagbag.py:540} INFO - Filling up the DagBag from /opt/airflow/dags/dag_1.py
[2026-06-01T09:31:15.185+0000] {processor.py:840} INFO - DAG(s) 'my_first_test_dag' retrieved from /opt/airflow/dags/dag_1.py
[2026-06-01T09:31:15.206+0000] {logging_mixin.py:188} INFO - [2026-06-01T09:31:15.206+0000] {dag.py:3047} INFO - Sync 1 DAGs
[2026-06-01T09:31:15.217+0000] {logging_mixin.py:188} INFO - [2026-06-01T09:31:15.217+0000] {dag.py:3834} INFO - Setting next_dagrun for my_first_test_dag to None, run_after=None
[2026-06-01T09:31:15.239+0000] {processor.py:183} INFO - Processing /opt/airflow/dags/dag_1.py took 0.069 seconds
[2026-06-01T09:31:45.790+0000] {processor.py:161} INFO - Started process (PID=580) to work on /opt/airflow/dags/dag_1.py
[2026-06-01T09:31:45.791+0000] {processor.py:830} INFO - Processing file /opt/airflow/dags/dag_1.py for tasks to queue
[2026-06-01T09:31:45.792+0000] {logging_mixin.py:188} INFO - [2026-06-01T09:31:45.791+0000] {dagbag.py:540} INFO - Filling up the DagBag from /opt/airflow/dags/dag_1.py
[2026-06-01T09:31:45.804+0000] {processor.py:840} INFO - DAG(s) 'my_first_test_dag' retrieved from /opt/airflow/dags/dag_1.py
[2026-06-01T09:31:45.824+0000] {logging_mixin.py:188} INFO - [2026-06-01T09:31:45.824+0000] {dag.py:3047} INFO - Sync 1 DAGs
[2026-06-01T09:31:45.835+0000] {logging_mixin.py:188} INFO - [2026-06-01T09:31:45.835+0000] {dag.py:3834} INFO - Setting next_dagrun for my_first_test_dag to None, run_after=None
[2026-06-01T09:31:45.853+0000] {processor.py:183} INFO - Processing /opt/airflow/dags/dag_1.py took 0.066 seconds
[2026-06-01T09:32:16.338+0000] {processor.py:161} INFO - Started process (PID=590) to work on /opt/airflow/dags/dag_1.py
[2026-06-01T09:32:16.339+0000] {processor.py:830} INFO - Processing file /opt/airflow/dags/dag_1.py for tasks to queue
[2026-06-01T09:32:16.339+0000] {logging_mixin.py:188} INFO - [2026-06-01T09:32:16.339+0000] {dagbag.py:540} INFO - Filling up the DagBag from /opt/airflow/dags/dag_1.py
[2026-06-01T09:32:16.350+0000] {processor.py:840} INFO - DAG(s) 'my_first_test_dag' retrieved from /opt/airflow/dags/dag_1.py
[2026-06-01T09:32:16.370+0000] {logging_mixin.py:188} INFO - [2026-06-01T09:32:16.370+0000] {dag.py:3047} INFO - Sync 1 DAGs
[2026-06-01T09:32:16.381+0000] {logging_mixin.py:188} INFO - [2026-06-01T09:32:16.381+0000] {dag.py:3834} INFO - Setting next_dagrun for my_first_test_dag to None, run_after=None
[2026-06-01T09:32:16.408+0000] {processor.py:183} INFO - Processing /opt/airflow/dags/dag_1.py took 0.073 seconds
[2026-06-01T09:32:46.866+0000] {processor.py:161} INFO - Started process (PID=600) to work on /opt/airflow/dags/dag_1.py
[2026-06-01T09:32:46.867+0000] {processor.py:830} INFO - Processing file /opt/airflow/dags/dag_1.py for tasks to queue
[2026-06-01T09:32:46.868+0000] {logging_mixin.py:188} INFO - [2026-06-01T09:32:46.868+0000] {dagbag.py:540} INFO - Filling up the DagBag from /opt/airflow/dags/dag_1.py
[2026-06-01T09:32:46.880+0000] {processor.py:840} INFO - DAG(s) 'my_first_test_dag' retrieved from /opt/airflow/dags/dag_1.py
[2026-06-01T09:32:46.900+0000] {logging_mixin.py:188} INFO - [2026-06-01T09:32:46.900+0000] {dag.py:3047} INFO - Sync 1 DAGs
[2026-06-01T09:32:46.911+0000] {logging_mixin.py:188} INFO - [2026-06-01T09:32:46.911+0000] {dag.py:3834} INFO - Setting next_dagrun for my_first_test_dag to None, run_after=None
[2026-06-01T09:32:46.933+0000] {processor.py:183} INFO - Processing /opt/airflow/dags/dag_1.py took 0.070 seconds
[2026-06-01T09:33:17.363+0000] {processor.py:161} INFO - Started process (PID=610) to work on /opt/airflow/dags/dag_1.py
[2026-06-01T09:33:17.364+0000] {processor.py:830} INFO - Processing file /opt/airflow/dags/dag_1.py for tasks to queue
[2026-06-01T09:33:17.365+0000] {logging_mixin.py:188} INFO - [2026-06-01T09:33:17.364+0000] {dagbag.py:540} INFO - Filling up the DagBag from /opt/airflow/dags/dag_1.py
[2026-06-01T09:33:17.375+0000] {processor.py:840} INFO - DAG(s) 'my_first_test_dag' retrieved from /opt/airflow/dags/dag_1.py
[2026-06-01T09:33:17.395+0000] {logging_mixin.py:188} INFO - [2026-06-01T09:33:17.394+0000] {dag.py:3047} INFO - Sync 1 DAGs
[2026-06-01T09:33:17.405+0000] {logging_mixin.py:188} INFO - [2026-06-01T09:33:17.404+0000] {dag.py:3834} INFO - Setting next_dagrun for my_first_test_dag to None, run_after=None
[2026-06-01T09:33:17.424+0000] {processor.py:183} INFO - Processing /opt/airflow/dags/dag_1.py took 0.064 seconds
[2026-06-01T09:33:47.952+0000] {processor.py:161} INFO - Started process (PID=620) to work on /opt/airflow/dags/dag_1.py
[2026-06-01T09:33:47.953+0000] {processor.py:830} INFO - Processing file /opt/airflow/dags/dag_1.py for tasks to queue
[2026-06-01T09:33:47.954+0000] {logging_mixin.py:188} INFO - [2026-06-01T09:33:47.953+0000] {dagbag.py:540} INFO - Filling up the DagBag from /opt/airflow/dags/dag_1.py
[2026-06-01T09:33:47.967+0000] {processor.py:840} INFO - DAG(s) 'my_first_test_dag' retrieved from /opt/airflow/dags/dag_1.py
[2026-06-01T09:33:47.987+0000] {logging_mixin.py:188} INFO - [2026-06-01T09:33:47.987+0000] {dag.py:3047} INFO - Sync 1 DAGs
[2026-06-01T09:33:47.998+0000] {logging_mixin.py:188} INFO - [2026-06-01T09:33:47.998+0000] {dag.py:3834} INFO - Setting next_dagrun for my_first_test_dag to None, run_after=None
[2026-06-01T09:33:48.017+0000] {processor.py:183} INFO - Processing /opt/airflow/dags/dag_1.py took 0.067 seconds
[2026-06-01T09:34:18.452+0000] {processor.py:161} INFO - Started process (PID=630) to work on /opt/airflow/dags/dag_1.py
[2026-06-01T09:34:18.453+0000] {processor.py:830} INFO - Processing file /opt/airflow/dags/dag_1.py for tasks to queue
[2026-06-01T09:34:18.453+0000] {logging_mixin.py:188} INFO - [2026-06-01T09:34:18.453+0000] {dagbag.py:540} INFO - Filling up the DagBag from /opt/airflow/dags/dag_1.py
[2026-06-01T09:34:18.465+0000] {processor.py:840} INFO - DAG(s) 'my_first_test_dag' retrieved from /opt/airflow/dags/dag_1.py
[2026-06-01T09:34:18.487+0000] {logging_mixin.py:188} INFO - [2026-06-01T09:34:18.487+0000] {dag.py:3047} INFO - Sync 1 DAGs
[2026-06-01T09:34:18.497+0000] {logging_mixin.py:188} INFO - [2026-06-01T09:34:18.497+0000] {dag.py:3834} INFO - Setting next_dagrun for my_first_test_dag to None, run_after=None
[2026-06-01T09:34:18.516+0000] {processor.py:183} INFO - Processing /opt/airflow/dags/dag_1.py took 0.069 seconds
[2026-06-01T09:34:49.039+0000] {processor.py:161} INFO - Started process (PID=640) to work on /opt/airflow/dags/dag_1.py
[2026-06-01T09:34:49.040+0000] {processor.py:830} INFO - Processing file /opt/airflow/dags/dag_1.py for tasks to queue
[2026-06-01T09:34:49.041+0000] {logging_mixin.py:188} INFO - [2026-06-01T09:34:49.040+0000] {dagbag.py:540} INFO - Filling up the DagBag from /opt/airflow/dags/dag_1.py
[2026-06-01T09:34:49.058+0000] {processor.py:840} INFO - DAG(s) 'my_first_test_dag' retrieved from /opt/airflow/dags/dag_1.py
[2026-06-01T09:34:49.081+0000] {logging_mixin.py:188} INFO - [2026-06-01T09:34:49.080+0000] {dag.py:3047} INFO - Sync 1 DAGs
[2026-06-01T09:34:49.092+0000] {logging_mixin.py:188} INFO - [2026-06-01T09:34:49.092+0000] {dag.py:3834} INFO - Setting next_dagrun for my_first_test_dag to None, run_after=None
[2026-06-01T09:34:49.111+0000] {processor.py:183} INFO - Processing /opt/airflow/dags/dag_1.py took 0.075 seconds
[2026-06-01T09:35:19.577+0000] {processor.py:161} INFO - Started process (PID=650) to work on /opt/airflow/dags/dag_1.py
[2026-06-01T09:35:19.578+0000] {processor.py:830} INFO - Processing file /opt/airflow/dags/dag_1.py for tasks to queue
[2026-06-01T09:35:19.579+0000] {logging_mixin.py:188} INFO - [2026-06-01T09:35:19.579+0000] {dagbag.py:540} INFO - Filling up the DagBag from /opt/airflow/dags/dag_1.py
[2026-06-01T09:35:19.591+0000] {processor.py:840} INFO - DAG(s) 'my_first_test_dag' retrieved from /opt/airflow/dags/dag_1.py
[2026-06-01T09:35:19.613+0000] {logging_mixin.py:188} INFO - [2026-06-01T09:35:19.613+0000] {dag.py:3047} INFO - Sync 1 DAGs
[2026-06-01T09:35:19.624+0000] {logging_mixin.py:188} INFO - [2026-06-01T09:35:19.624+0000] {dag.py:3834} INFO - Setting next_dagrun for my_first_test_dag to None, run_after=None
[2026-06-01T09:35:19.641+0000] {processor.py:183} INFO - Processing /opt/airflow/dags/dag_1.py took 0.066 seconds
[2026-06-01T09:35:50.224+0000] {processor.py:161} INFO - Started process (PID=660) to work on /opt/airflow/dags/dag_1.py
[2026-06-01T09:35:50.225+0000] {processor.py:830} INFO - Processing file /opt/airflow/dags/dag_1.py for tasks to queue
[2026-06-01T09:35:50.226+0000] {logging_mixin.py:188} INFO - [2026-06-01T09:35:50.226+0000] {dagbag.py:540} INFO - Filling up the DagBag from /opt/airflow/dags/dag_1.py
[2026-06-01T09:35:50.237+0000] {processor.py:840} INFO - DAG(s) 'my_first_test_dag' retrieved from /opt/airflow/dags/dag_1.py
[2026-06-01T09:35:50.257+0000] {logging_mixin.py:188} INFO - [2026-06-01T09:35:50.257+0000] {dag.py:3047} INFO - Sync 1 DAGs
[2026-06-01T09:35:50.268+0000] {logging_mixin.py:188} INFO - [2026-06-01T09:35:50.268+0000] {dag.py:3834} INFO - Setting next_dagrun for my_first_test_dag to None, run_after=None
[2026-06-01T09:35:50.288+0000] {processor.py:183} INFO - Processing /opt/airflow/dags/dag_1.py took 0.066 seconds
[2026-06-01T09:36:20.810+0000] {processor.py:161} INFO - Started process (PID=670) to work on /opt/airflow/dags/dag_1.py
[2026-06-01T09:36:20.811+0000] {processor.py:830} INFO - Processing file /opt/airflow/dags/dag_1.py for tasks to queue
[2026-06-01T09:36:20.812+0000] {logging_mixin.py:188} INFO - [2026-06-01T09:36:20.812+0000] {dagbag.py:540} INFO - Filling up the DagBag from /opt/airflow/dags/dag_1.py
[2026-06-01T09:36:20.823+0000] {processor.py:840} INFO - DAG(s) 'my_first_test_dag' retrieved from /opt/airflow/dags/dag_1.py
[2026-06-01T09:36:20.844+0000] {logging_mixin.py:188} INFO - [2026-06-01T09:36:20.844+0000] {dag.py:3047} INFO - Sync 1 DAGs
[2026-06-01T09:36:20.854+0000] {logging_mixin.py:188} INFO - [2026-06-01T09:36:20.854+0000] {dag.py:3834} INFO - Setting next_dagrun for my_first_test_dag to None, run_after=None
[2026-06-01T09:36:20.875+0000] {processor.py:183} INFO - Processing /opt/airflow/dags/dag_1.py took 0.067 seconds
[2026-06-01T09:36:51.311+0000] {processor.py:161} INFO - Started process (PID=680) to work on /opt/airflow/dags/dag_1.py
[2026-06-01T09:36:51.312+0000] {processor.py:830} INFO - Processing file /opt/airflow/dags/dag_1.py for tasks to queue
[2026-06-01T09:36:51.313+0000] {logging_mixin.py:188} INFO - [2026-06-01T09:36:51.313+0000] {dagbag.py:540} INFO - Filling up the DagBag from /opt/airflow/dags/dag_1.py
[2026-06-01T09:36:51.324+0000] {processor.py:840} INFO - DAG(s) 'my_first_test_dag' retrieved from /opt/airflow/dags/dag_1.py
[2026-06-01T09:36:51.345+0000] {logging_mixin.py:188} INFO - [2026-06-01T09:36:51.345+0000] {dag.py:3047} INFO - Sync 1 DAGs
[2026-06-01T09:36:51.356+0000] {logging_mixin.py:188} INFO - [2026-06-01T09:36:51.356+0000] {dag.py:3834} INFO - Setting next_dagrun for my_first_test_dag to None, run_after=None
[2026-06-01T09:36:51.376+0000] {processor.py:183} INFO - Processing /opt/airflow/dags/dag_1.py took 0.067 seconds
[2026-06-01T09:37:21.849+0000] {processor.py:161} INFO - Started process (PID=690) to work on /opt/airflow/dags/dag_1.py
[2026-06-01T09:37:21.849+0000] {processor.py:830} INFO - Processing file /opt/airflow/dags/dag_1.py for tasks to queue
[2026-06-01T09:37:21.850+0000] {logging_mixin.py:188} INFO - [2026-06-01T09:37:21.850+0000] {dagbag.py:540} INFO - Filling up the DagBag from /opt/airflow/dags/dag_1.py
[2026-06-01T09:37:21.862+0000] {processor.py:840} INFO - DAG(s) 'my_first_test_dag' retrieved from /opt/airflow/dags/dag_1.py
[2026-06-01T09:37:21.886+0000] {logging_mixin.py:188} INFO - [2026-06-01T09:37:21.885+0000] {dag.py:3047} INFO - Sync 1 DAGs
[2026-06-01T09:37:21.897+0000] {logging_mixin.py:188} INFO - [2026-06-01T09:37:21.897+0000] {dag.py:3834} INFO - Setting next_dagrun for my_first_test_dag to None, run_after=None
[2026-06-01T09:37:21.923+0000] {processor.py:183} INFO - Processing /opt/airflow/dags/dag_1.py took 0.077 seconds
[2026-06-01T09:37:52.498+0000] {processor.py:161} INFO - Started process (PID=700) to work on /opt/airflow/dags/dag_1.py
[2026-06-01T09:37:52.499+0000] {processor.py:830} INFO - Processing file /opt/airflow/dags/dag_1.py for tasks to queue
[2026-06-01T09:37:52.500+0000] {logging_mixin.py:188} INFO - [2026-06-01T09:37:52.499+0000] {dagbag.py:540} INFO - Filling up the DagBag from /opt/airflow/dags/dag_1.py
[2026-06-01T09:37:52.510+0000] {processor.py:840} INFO - DAG(s) 'my_first_test_dag' retrieved from /opt/airflow/dags/dag_1.py
[2026-06-01T09:37:52.530+0000] {logging_mixin.py:188} INFO - [2026-06-01T09:37:52.529+0000] {dag.py:3047} INFO - Sync 1 DAGs
[2026-06-01T09:37:52.540+0000] {logging_mixin.py:188} INFO - [2026-06-01T09:37:52.539+0000] {dag.py:3834} INFO - Setting next_dagrun for my_first_test_dag to None, run_after=None
[2026-06-01T09:37:52.559+0000] {processor.py:183} INFO - Processing /opt/airflow/dags/dag_1.py took 0.064 seconds
[2026-06-01T09:38:23.010+0000] {processor.py:161} INFO - Started process (PID=710) to work on /opt/airflow/dags/dag_1.py
[2026-06-01T09:38:23.011+0000] {processor.py:830} INFO - Processing file /opt/airflow/dags/dag_1.py for tasks to queue
[2026-06-01T09:38:23.012+0000] {logging_mixin.py:188} INFO - [2026-06-01T09:38:23.012+0000] {dagbag.py:540} INFO - Filling up the DagBag from /opt/airflow/dags/dag_1.py
[2026-06-01T09:38:23.027+0000] {processor.py:840} INFO - DAG(s) 'my_first_test_dag' retrieved from /opt/airflow/dags/dag_1.py
[2026-06-01T09:38:23.051+0000] {logging_mixin.py:188} INFO - [2026-06-01T09:38:23.051+0000] {dag.py:3047} INFO - Sync 1 DAGs
[2026-06-01T09:38:23.063+0000] {logging_mixin.py:188} INFO - [2026-06-01T09:38:23.063+0000] {dag.py:3834} INFO - Setting next_dagrun for my_first_test_dag to None, run_after=None
[2026-06-01T09:38:23.081+0000] {processor.py:183} INFO - Processing /opt/airflow/dags/dag_1.py took 0.075 seconds
[2026-06-01T09:38:53.500+0000] {processor.py:161} INFO - Started process (PID=720) to work on /opt/airflow/dags/dag_1.py
[2026-06-01T09:38:53.501+0000] {processor.py:830} INFO - Processing file /opt/airflow/dags/dag_1.py for tasks to queue
[2026-06-01T09:38:53.502+0000] {logging_mixin.py:188} INFO - [2026-06-01T09:38:53.501+0000] {dagbag.py:540} INFO - Filling up the DagBag from /opt/airflow/dags/dag_1.py
[2026-06-01T09:38:53.513+0000] {processor.py:840} INFO - DAG(s) 'my_first_test_dag' retrieved from /opt/airflow/dags/dag_1.py
[2026-06-01T09:38:53.534+0000] {logging_mixin.py:188} INFO - [2026-06-01T09:38:53.533+0000] {dag.py:3047} INFO - Sync 1 DAGs
[2026-06-01T09:38:53.545+0000] {logging_mixin.py:188} INFO - [2026-06-01T09:38:53.545+0000] {dag.py:3834} INFO - Setting next_dagrun for my_first_test_dag to None, run_after=None
[2026-06-01T09:38:53.575+0000] {processor.py:183} INFO - Processing /opt/airflow/dags/dag_1.py took 0.078 seconds
[2026-06-01T09:39:24.039+0000] {processor.py:161} INFO - Started process (PID=730) to work on /opt/airflow/dags/dag_1.py
[2026-06-01T09:39:24.040+0000] {processor.py:830} INFO - Processing file /opt/airflow/dags/dag_1.py for tasks to queue
[2026-06-01T09:39:24.041+0000] {logging_mixin.py:188} INFO - [2026-06-01T09:39:24.040+0000] {dagbag.py:540} INFO - Filling up the DagBag from /opt/airflow/dags/dag_1.py
[2026-06-01T09:39:24.052+0000] {processor.py:840} INFO - DAG(s) 'my_first_test_dag' retrieved from /opt/airflow/dags/dag_1.py
[2026-06-01T09:39:24.072+0000] {logging_mixin.py:188} INFO - [2026-06-01T09:39:24.072+0000] {dag.py:3047} INFO - Sync 1 DAGs
[2026-06-01T09:39:24.083+0000] {logging_mixin.py:188} INFO - [2026-06-01T09:39:24.083+0000] {dag.py:3834} INFO - Setting next_dagrun for my_first_test_dag to None, run_after=None
[2026-06-01T09:39:24.103+0000] {processor.py:183} INFO - Processing /opt/airflow/dags/dag_1.py took 0.067 seconds
[2026-06-01T09:39:54.584+0000] {processor.py:161} INFO - Started process (PID=740) to work on /opt/airflow/dags/dag_1.py
[2026-06-01T09:39:54.585+0000] {processor.py:830} INFO - Processing file /opt/airflow/dags/dag_1.py for tasks to queue
[2026-06-01T09:39:54.586+0000] {logging_mixin.py:188} INFO - [2026-06-01T09:39:54.586+0000] {dagbag.py:540} INFO - Filling up the DagBag from /opt/airflow/dags/dag_1.py
[2026-06-01T09:39:54.597+0000] {processor.py:840} INFO - DAG(s) 'my_first_test_dag' retrieved from /opt/airflow/dags/dag_1.py
[2026-06-01T09:39:54.617+0000] {logging_mixin.py:188} INFO - [2026-06-01T09:39:54.617+0000] {dag.py:3047} INFO - Sync 1 DAGs
[2026-06-01T09:39:54.628+0000] {logging_mixin.py:188} INFO - [2026-06-01T09:39:54.627+0000] {dag.py:3834} INFO - Setting next_dagrun for my_first_test_dag to None, run_after=None
[2026-06-01T09:39:54.649+0000] {processor.py:183} INFO - Processing /opt/airflow/dags/dag_1.py took 0.067 seconds
[2026-06-01T09:40:25.132+0000] {processor.py:161} INFO - Started process (PID=750) to work on /opt/airflow/dags/dag_1.py
[2026-06-01T09:40:25.132+0000] {processor.py:830} INFO - Processing file /opt/airflow/dags/dag_1.py for tasks to queue
[2026-06-01T09:40:25.133+0000] {logging_mixin.py:188} INFO - [2026-06-01T09:40:25.133+0000] {dagbag.py:540} INFO - Filling up the DagBag from /opt/airflow/dags/dag_1.py
[2026-06-01T09:40:25.145+0000] {processor.py:840} INFO - DAG(s) 'my_first_test_dag' retrieved from /opt/airflow/dags/dag_1.py
[2026-06-01T09:40:25.165+0000] {logging_mixin.py:188} INFO - [2026-06-01T09:40:25.164+0000] {dag.py:3047} INFO - Sync 1 DAGs
[2026-06-01T09:40:25.175+0000] {logging_mixin.py:188} INFO - [2026-06-01T09:40:25.175+0000] {dag.py:3834} INFO - Setting next_dagrun for my_first_test_dag to None, run_after=None
[2026-06-01T09:40:25.194+0000] {processor.py:183} INFO - Processing /opt/airflow/dags/dag_1.py took 0.064 seconds
[2026-06-01T09:40:55.629+0000] {processor.py:161} INFO - Started process (PID=760) to work on /opt/airflow/dags/dag_1.py
[2026-06-01T09:40:55.630+0000] {processor.py:830} INFO - Processing file /opt/airflow/dags/dag_1.py for tasks to queue
[2026-06-01T09:40:55.631+0000] {logging_mixin.py:188} INFO - [2026-06-01T09:40:55.631+0000] {dagbag.py:540} INFO - Filling up the DagBag from /opt/airflow/dags/dag_1.py
[2026-06-01T09:40:55.643+0000] {processor.py:840} INFO - DAG(s) 'my_first_test_dag' retrieved from /opt/airflow/dags/dag_1.py
[2026-06-01T09:40:55.664+0000] {logging_mixin.py:188} INFO - [2026-06-01T09:40:55.663+0000] {dag.py:3047} INFO - Sync 1 DAGs
[2026-06-01T09:40:55.674+0000] {logging_mixin.py:188} INFO - [2026-06-01T09:40:55.674+0000] {dag.py:3834} INFO - Setting next_dagrun for my_first_test_dag to None, run_after=None
[2026-06-01T09:40:55.692+0000] {processor.py:183} INFO - Processing /opt/airflow/dags/dag_1.py took 0.065 seconds
[2026-06-01T09:41:26.247+0000] {processor.py:161} INFO - Started process (PID=770) to work on /opt/airflow/dags/dag_1.py
[2026-06-01T09:41:26.248+0000] {processor.py:830} INFO - Processing file /opt/airflow/dags/dag_1.py for tasks to queue
[2026-06-01T09:41:26.249+0000] {logging_mixin.py:188} INFO - [2026-06-01T09:41:26.249+0000] {dagbag.py:540} INFO - Filling up the DagBag from /opt/airflow/dags/dag_1.py
[2026-06-01T09:41:26.260+0000] {processor.py:840} INFO - DAG(s) 'my_first_test_dag' retrieved from /opt/airflow/dags/dag_1.py
[2026-06-01T09:41:26.280+0000] {logging_mixin.py:188} INFO - [2026-06-01T09:41:26.280+0000] {dag.py:3047} INFO - Sync 1 DAGs
[2026-06-01T09:41:26.291+0000] {logging_mixin.py:188} INFO - [2026-06-01T09:41:26.291+0000] {dag.py:3834} INFO - Setting next_dagrun for my_first_test_dag to None, run_after=None
[2026-06-01T09:41:26.313+0000] {processor.py:183} INFO - Processing /opt/airflow/dags/dag_1.py took 0.068 seconds
[2026-06-01T09:41:56.831+0000] {processor.py:161} INFO - Started process (PID=780) to work on /opt/airflow/dags/dag_1.py
[2026-06-01T09:41:56.832+0000] {processor.py:830} INFO - Processing file /opt/airflow/dags/dag_1.py for tasks to queue
[2026-06-01T09:41:56.833+0000] {logging_mixin.py:188} INFO - [2026-06-01T09:41:56.833+0000] {dagbag.py:540} INFO - Filling up the DagBag from /opt/airflow/dags/dag_1.py
[2026-06-01T09:41:56.843+0000] {processor.py:840} INFO - DAG(s) 'my_first_test_dag' retrieved from /opt/airflow/dags/dag_1.py
[2026-06-01T09:41:56.863+0000] {logging_mixin.py:188} INFO - [2026-06-01T09:41:56.863+0000] {dag.py:3047} INFO - Sync 1 DAGs
[2026-06-01T09:41:56.873+0000] {logging_mixin.py:188} INFO - [2026-06-01T09:41:56.872+0000] {dag.py:3834} INFO - Setting next_dagrun for my_first_test_dag to None, run_after=None
[2026-06-01T09:41:56.892+0000] {processor.py:183} INFO - Processing /opt/airflow/dags/dag_1.py took 0.063 seconds
[2026-06-01T09:42:27.425+0000] {processor.py:161} INFO - Started process (PID=790) to work on /opt/airflow/dags/dag_1.py
[2026-06-01T09:42:27.426+0000] {processor.py:830} INFO - Processing file /opt/airflow/dags/dag_1.py for tasks to queue
[2026-06-01T09:42:27.426+0000] {logging_mixin.py:188} INFO - [2026-06-01T09:42:27.426+0000] {dagbag.py:540} INFO - Filling up the DagBag from /opt/airflow/dags/dag_1.py
[2026-06-01T09:42:27.437+0000] {processor.py:840} INFO - DAG(s) 'my_first_test_dag' retrieved from /opt/airflow/dags/dag_1.py
[2026-06-01T09:42:27.458+0000] {logging_mixin.py:188} INFO - [2026-06-01T09:42:27.458+0000] {dag.py:3047} INFO - Sync 1 DAGs
[2026-06-01T09:42:27.469+0000] {logging_mixin.py:188} INFO - [2026-06-01T09:42:27.468+0000] {dag.py:3834} INFO - Setting next_dagrun for my_first_test_dag to None, run_after=None
[2026-06-01T09:42:27.494+0000] {processor.py:183} INFO - Processing /opt/airflow/dags/dag_1.py took 0.071 seconds
[2026-06-01T09:42:57.874+0000] {processor.py:161} INFO - Started process (PID=800) to work on /opt/airflow/dags/dag_1.py
[2026-06-01T09:42:57.874+0000] {processor.py:830} INFO - Processing file /opt/airflow/dags/dag_1.py for tasks to queue
[2026-06-01T09:42:57.875+0000] {logging_mixin.py:188} INFO - [2026-06-01T09:42:57.875+0000] {dagbag.py:540} INFO - Filling up the DagBag from /opt/airflow/dags/dag_1.py
[2026-06-01T09:42:57.886+0000] {processor.py:840} INFO - DAG(s) 'my_first_test_dag' retrieved from /opt/airflow/dags/dag_1.py
[2026-06-01T09:42:57.907+0000] {logging_mixin.py:188} INFO - [2026-06-01T09:42:57.907+0000] {dag.py:3047} INFO - Sync 1 DAGs
[2026-06-01T09:42:57.918+0000] {logging_mixin.py:188} INFO - [2026-06-01T09:42:57.918+0000] {dag.py:3834} INFO - Setting next_dagrun for my_first_test_dag to None, run_after=None
[2026-06-01T09:42:57.940+0000] {processor.py:183} INFO - Processing /opt/airflow/dags/dag_1.py took 0.070 seconds
[2026-06-01T09:43:28.435+0000] {processor.py:161} INFO - Started process (PID=810) to work on /opt/airflow/dags/dag_1.py
[2026-06-01T09:43:28.436+0000] {processor.py:830} INFO - Processing file /opt/airflow/dags/dag_1.py for tasks to queue
[2026-06-01T09:43:28.437+0000] {logging_mixin.py:188} INFO - [2026-06-01T09:43:28.437+0000] {dagbag.py:540} INFO - Filling up the DagBag from /opt/airflow/dags/dag_1.py
[2026-06-01T09:43:28.450+0000] {processor.py:840} INFO - DAG(s) 'my_first_test_dag' retrieved from /opt/airflow/dags/dag_1.py
[2026-06-01T09:43:28.471+0000] {logging_mixin.py:188} INFO - [2026-06-01T09:43:28.470+0000] {dag.py:3047} INFO - Sync 1 DAGs
[2026-06-01T09:43:28.482+0000] {logging_mixin.py:188} INFO - [2026-06-01T09:43:28.481+0000] {dag.py:3834} INFO - Setting next_dagrun for my_first_test_dag to None, run_after=None
[2026-06-01T09:43:28.501+0000] {processor.py:183} INFO - Processing /opt/airflow/dags/dag_1.py took 0.069 seconds
[2026-06-01T09:43:58.764+0000] {processor.py:161} INFO - Started process (PID=820) to work on /opt/airflow/dags/dag_1.py
[2026-06-01T09:43:58.765+0000] {processor.py:830} INFO - Processing file /opt/airflow/dags/dag_1.py for tasks to queue
[2026-06-01T09:43:58.766+0000] {logging_mixin.py:188} INFO - [2026-06-01T09:43:58.766+0000] {dagbag.py:540} INFO - Filling up the DagBag from /opt/airflow/dags/dag_1.py
[2026-06-01T09:43:58.785+0000] {processor.py:840} INFO - DAG(s) 'my_first_test_dag' retrieved from /opt/airflow/dags/dag_1.py
[2026-06-01T09:43:58.808+0000] {logging_mixin.py:188} INFO - [2026-06-01T09:43:58.807+0000] {dag.py:3047} INFO - Sync 1 DAGs
[2026-06-01T09:43:58.822+0000] {logging_mixin.py:188} INFO - [2026-06-01T09:43:58.822+0000] {dag.py:3834} INFO - Setting next_dagrun for my_first_test_dag to None, run_after=None
[2026-06-01T09:43:58.842+0000] {processor.py:183} INFO - Processing /opt/airflow/dags/dag_1.py took 0.081 seconds
[2026-06-01T09:44:29.153+0000] {processor.py:161} INFO - Started process (PID=830) to work on /opt/airflow/dags/dag_1.py
[2026-06-01T09:44:29.153+0000] {processor.py:830} INFO - Processing file /opt/airflow/dags/dag_1.py for tasks to queue
[2026-06-01T09:44:29.154+0000] {logging_mixin.py:188} INFO - [2026-06-01T09:44:29.154+0000] {dagbag.py:540} INFO - Filling up the DagBag from /opt/airflow/dags/dag_1.py
[2026-06-01T09:44:29.168+0000] {processor.py:840} INFO - DAG(s) 'my_first_test_dag' retrieved from /opt/airflow/dags/dag_1.py
[2026-06-01T09:44:29.189+0000] {logging_mixin.py:188} INFO - [2026-06-01T09:44:29.188+0000] {dag.py:3047} INFO - Sync 1 DAGs
[2026-06-01T09:44:29.199+0000] {logging_mixin.py:188} INFO - [2026-06-01T09:44:29.199+0000] {dag.py:3834} INFO - Setting next_dagrun for my_first_test_dag to None, run_after=None
[2026-06-01T09:44:29.223+0000] {processor.py:183} INFO - Processing /opt/airflow/dags/dag_1.py took 0.073 seconds
[2026-06-01T09:44:59.693+0000] {processor.py:161} INFO - Started process (PID=840) to work on /opt/airflow/dags/dag_1.py
[2026-06-01T09:44:59.694+0000] {processor.py:830} INFO - Processing file /opt/airflow/dags/dag_1.py for tasks to queue
[2026-06-01T09:44:59.695+0000] {logging_mixin.py:188} INFO - [2026-06-01T09:44:59.695+0000] {dagbag.py:540} INFO - Filling up the DagBag from /opt/airflow/dags/dag_1.py
[2026-06-01T09:44:59.706+0000] {processor.py:840} INFO - DAG(s) 'my_first_test_dag' retrieved from /opt/airflow/dags/dag_1.py
[2026-06-01T09:44:59.725+0000] {logging_mixin.py:188} INFO - [2026-06-01T09:44:59.725+0000] {dag.py:3047} INFO - Sync 1 DAGs
[2026-06-01T09:44:59.735+0000] {logging_mixin.py:188} INFO - [2026-06-01T09:44:59.735+0000] {dag.py:3834} INFO - Setting next_dagrun for my_first_test_dag to None, run_after=None
[2026-06-01T09:44:59.760+0000] {processor.py:183} INFO - Processing /opt/airflow/dags/dag_1.py took 0.068 seconds
[2026-06-01T09:45:30.254+0000] {processor.py:161} INFO - Started process (PID=850) to work on /opt/airflow/dags/dag_1.py
[2026-06-01T09:45:30.254+0000] {processor.py:830} INFO - Processing file /opt/airflow/dags/dag_1.py for tasks to queue
[2026-06-01T09:45:30.255+0000] {logging_mixin.py:188} INFO - [2026-06-01T09:45:30.255+0000] {dagbag.py:540} INFO - Filling up the DagBag from /opt/airflow/dags/dag_1.py
[2026-06-01T09:45:30.268+0000] {processor.py:840} INFO - DAG(s) 'my_first_test_dag' retrieved from /opt/airflow/dags/dag_1.py
[2026-06-01T09:45:30.288+0000] {logging_mixin.py:188} INFO - [2026-06-01T09:45:30.288+0000] {dag.py:3047} INFO - Sync 1 DAGs
[2026-06-01T09:45:30.300+0000] {logging_mixin.py:188} INFO - [2026-06-01T09:45:30.299+0000] {dag.py:3834} INFO - Setting next_dagrun for my_first_test_dag to None, run_after=None
[2026-06-01T09:45:30.316+0000] {processor.py:183} INFO - Processing /opt/airflow/dags/dag_1.py took 0.065 seconds
[2026-06-01T09:46:00.820+0000] {processor.py:161} INFO - Started process (PID=860) to work on /opt/airflow/dags/dag_1.py
[2026-06-01T09:46:00.821+0000] {processor.py:830} INFO - Processing file /opt/airflow/dags/dag_1.py for tasks to queue
[2026-06-01T09:46:00.822+0000] {logging_mixin.py:188} INFO - [2026-06-01T09:46:00.822+0000] {dagbag.py:540} INFO - Filling up the DagBag from /opt/airflow/dags/dag_1.py
[2026-06-01T09:46:00.834+0000] {processor.py:840} INFO - DAG(s) 'my_first_test_dag' retrieved from /opt/airflow/dags/dag_1.py
[2026-06-01T09:46:00.855+0000] {logging_mixin.py:188} INFO - [2026-06-01T09:46:00.855+0000] {dag.py:3047} INFO - Sync 1 DAGs
[2026-06-01T09:46:00.866+0000] {logging_mixin.py:188} INFO - [2026-06-01T09:46:00.865+0000] {dag.py:3834} INFO - Setting next_dagrun for my_first_test_dag to None, run_after=None
[2026-06-01T09:46:00.885+0000] {processor.py:183} INFO - Processing /opt/airflow/dags/dag_1.py took 0.067 seconds
[2026-06-01T09:46:31.338+0000] {processor.py:161} INFO - Started process (PID=870) to work on /opt/airflow/dags/dag_1.py
[2026-06-01T09:46:31.339+0000] {processor.py:830} INFO - Processing file /opt/airflow/dags/dag_1.py for tasks to queue
[2026-06-01T09:46:31.340+0000] {logging_mixin.py:188} INFO - [2026-06-01T09:46:31.340+0000] {dagbag.py:540} INFO - Filling up the DagBag from /opt/airflow/dags/dag_1.py
[2026-06-01T09:46:31.353+0000] {processor.py:840} INFO - DAG(s) 'my_first_test_dag' retrieved from /opt/airflow/dags/dag_1.py
[2026-06-01T09:46:31.374+0000] {logging_mixin.py:188} INFO - [2026-06-01T09:46:31.374+0000] {dag.py:3047} INFO - Sync 1 DAGs
[2026-06-01T09:46:31.385+0000] {logging_mixin.py:188} INFO - [2026-06-01T09:46:31.385+0000] {dag.py:3834} INFO - Setting next_dagrun for my_first_test_dag to None, run_after=None
[2026-06-01T09:46:31.407+0000] {processor.py:183} INFO - Processing /opt/airflow/dags/dag_1.py took 0.072 seconds
[2026-06-01T09:47:01.891+0000] {processor.py:161} INFO - Started process (PID=880) to work on /opt/airflow/dags/dag_1.py
[2026-06-01T09:47:01.892+0000] {processor.py:830} INFO - Processing file /opt/airflow/dags/dag_1.py for tasks to queue
[2026-06-01T09:47:01.892+0000] {logging_mixin.py:188} INFO - [2026-06-01T09:47:01.892+0000] {dagbag.py:540} INFO - Filling up the DagBag from /opt/airflow/dags/dag_1.py
[2026-06-01T09:47:01.904+0000] {processor.py:840} INFO - DAG(s) 'my_first_test_dag' retrieved from /opt/airflow/dags/dag_1.py
[2026-06-01T09:47:01.925+0000] {logging_mixin.py:188} INFO - [2026-06-01T09:47:01.925+0000] {dag.py:3047} INFO - Sync 1 DAGs
[2026-06-01T09:47:01.935+0000] {logging_mixin.py:188} INFO - [2026-06-01T09:47:01.935+0000] {dag.py:3834} INFO - Setting next_dagrun for my_first_test_dag to None, run_after=None
[2026-06-01T09:47:01.954+0000] {processor.py:183} INFO - Processing /opt/airflow/dags/dag_1.py took 0.066 seconds
[2026-06-01T09:47:32.460+0000] {processor.py:161} INFO - Started process (PID=890) to work on /opt/airflow/dags/dag_1.py
[2026-06-01T09:47:32.461+0000] {processor.py:830} INFO - Processing file /opt/airflow/dags/dag_1.py for tasks to queue
[2026-06-01T09:47:32.461+0000] {logging_mixin.py:188} INFO - [2026-06-01T09:47:32.461+0000] {dagbag.py:540} INFO - Filling up the DagBag from /opt/airflow/dags/dag_1.py
[2026-06-01T09:47:32.473+0000] {processor.py:840} INFO - DAG(s) 'my_first_test_dag' retrieved from /opt/airflow/dags/dag_1.py
[2026-06-01T09:47:32.492+0000] {logging_mixin.py:188} INFO - [2026-06-01T09:47:32.492+0000] {dag.py:3047} INFO - Sync 1 DAGs
[2026-06-01T09:47:32.502+0000] {logging_mixin.py:188} INFO - [2026-06-01T09:47:32.502+0000] {dag.py:3834} INFO - Setting next_dagrun for my_first_test_dag to None, run_after=None
[2026-06-01T09:47:32.522+0000] {processor.py:183} INFO - Processing /opt/airflow/dags/dag_1.py took 0.064 seconds
[2026-06-01T09:48:02.987+0000] {processor.py:161} INFO - Started process (PID=900) to work on /opt/airflow/dags/dag_1.py
[2026-06-01T09:48:02.988+0000] {processor.py:830} INFO - Processing file /opt/airflow/dags/dag_1.py for tasks to queue
[2026-06-01T09:48:02.989+0000] {logging_mixin.py:188} INFO - [2026-06-01T09:48:02.988+0000] {dagbag.py:540} INFO - Filling up the DagBag from /opt/airflow/dags/dag_1.py
[2026-06-01T09:48:03.002+0000] {processor.py:840} INFO - DAG(s) 'my_first_test_dag' retrieved from /opt/airflow/dags/dag_1.py
[2026-06-01T09:48:03.027+0000] {logging_mixin.py:188} INFO - [2026-06-01T09:48:03.027+0000] {dag.py:3047} INFO - Sync 1 DAGs
[2026-06-01T09:48:03.039+0000] {logging_mixin.py:188} INFO - [2026-06-01T09:48:03.039+0000] {dag.py:3834} INFO - Setting next_dagrun for my_first_test_dag to None, run_after=None
[2026-06-01T09:48:03.063+0000] {processor.py:183} INFO - Processing /opt/airflow/dags/dag_1.py took 0.079 seconds
[2026-06-01T09:48:33.466+0000] {processor.py:161} INFO - Started process (PID=910) to work on /opt/airflow/dags/dag_1.py
[2026-06-01T09:48:33.467+0000] {processor.py:830} INFO - Processing file /opt/airflow/dags/dag_1.py for tasks to queue
[2026-06-01T09:48:33.468+0000] {logging_mixin.py:188} INFO - [2026-06-01T09:48:33.468+0000] {dagbag.py:540} INFO - Filling up the DagBag from /opt/airflow/dags/dag_1.py
[2026-06-01T09:48:33.480+0000] {processor.py:840} INFO - DAG(s) 'my_first_test_dag' retrieved from /opt/airflow/dags/dag_1.py
[2026-06-01T09:48:33.502+0000] {logging_mixin.py:188} INFO - [2026-06-01T09:48:33.502+0000] {dag.py:3047} INFO - Sync 1 DAGs
[2026-06-01T09:48:33.513+0000] {logging_mixin.py:188} INFO - [2026-06-01T09:48:33.513+0000] {dag.py:3834} INFO - Setting next_dagrun for my_first_test_dag to None, run_after=None
[2026-06-01T09:48:33.530+0000] {processor.py:183} INFO - Processing /opt/airflow/dags/dag_1.py took 0.067 seconds
[2026-06-01T09:49:04.080+0000] {processor.py:161} INFO - Started process (PID=920) to work on /opt/airflow/dags/dag_1.py
[2026-06-01T09:49:04.082+0000] {processor.py:830} INFO - Processing file /opt/airflow/dags/dag_1.py for tasks to queue
[2026-06-01T09:49:04.083+0000] {logging_mixin.py:188} INFO - [2026-06-01T09:49:04.083+0000] {dagbag.py:540} INFO - Filling up the DagBag from /opt/airflow/dags/dag_1.py
[2026-06-01T09:49:04.097+0000] {processor.py:840} INFO - DAG(s) 'my_first_test_dag' retrieved from /opt/airflow/dags/dag_1.py
[2026-06-01T09:49:04.117+0000] {logging_mixin.py:188} INFO - [2026-06-01T09:49:04.117+0000] {dag.py:3047} INFO - Sync 1 DAGs
[2026-06-01T09:49:04.128+0000] {logging_mixin.py:188} INFO - [2026-06-01T09:49:04.127+0000] {dag.py:3834} INFO - Setting next_dagrun for my_first_test_dag to None, run_after=None
[2026-06-01T09:49:04.148+0000] {processor.py:183} INFO - Processing /opt/airflow/dags/dag_1.py took 0.071 seconds
[2026-06-01T09:49:34.585+0000] {processor.py:161} INFO - Started process (PID=930) to work on /opt/airflow/dags/dag_1.py
[2026-06-01T09:49:34.586+0000] {processor.py:830} INFO - Processing file /opt/airflow/dags/dag_1.py for tasks to queue
[2026-06-01T09:49:34.587+0000] {logging_mixin.py:188} INFO - [2026-06-01T09:49:34.587+0000] {dagbag.py:540} INFO - Filling up the DagBag from /opt/airflow/dags/dag_1.py
[2026-06-01T09:49:34.599+0000] {processor.py:840} INFO - DAG(s) 'my_first_test_dag' retrieved from /opt/airflow/dags/dag_1.py
[2026-06-01T09:49:34.623+0000] {logging_mixin.py:188} INFO - [2026-06-01T09:49:34.623+0000] {dag.py:3047} INFO - Sync 1 DAGs
[2026-06-01T09:49:34.634+0000] {logging_mixin.py:188} INFO - [2026-06-01T09:49:34.634+0000] {dag.py:3834} INFO - Setting next_dagrun for my_first_test_dag to None, run_after=None
[2026-06-01T09:49:34.654+0000] {processor.py:183} INFO - Processing /opt/airflow/dags/dag_1.py took 0.072 seconds
[2026-06-01T09:50:05.120+0000] {processor.py:161} INFO - Started process (PID=940) to work on /opt/airflow/dags/dag_1.py
[2026-06-01T09:50:05.121+0000] {processor.py:830} INFO - Processing file /opt/airflow/dags/dag_1.py for tasks to queue
[2026-06-01T09:50:05.122+0000] {logging_mixin.py:188} INFO - [2026-06-01T09:50:05.121+0000] {dagbag.py:540} INFO - Filling up the DagBag from /opt/airflow/dags/dag_1.py
[2026-06-01T09:50:05.133+0000] {processor.py:840} INFO - DAG(s) 'my_first_test_dag' retrieved from /opt/airflow/dags/dag_1.py
[2026-06-01T09:50:05.154+0000] {logging_mixin.py:188} INFO - [2026-06-01T09:50:05.153+0000] {dag.py:3047} INFO - Sync 1 DAGs
[2026-06-01T09:50:05.164+0000] {logging_mixin.py:188} INFO - [2026-06-01T09:50:05.164+0000] {dag.py:3834} INFO - Setting next_dagrun for my_first_test_dag to None, run_after=None
[2026-06-01T09:50:05.185+0000] {processor.py:183} INFO - Processing /opt/airflow/dags/dag_1.py took 0.068 seconds
[2026-06-01T09:50:35.455+0000] {processor.py:161} INFO - Started process (PID=950) to work on /opt/airflow/dags/dag_1.py
[2026-06-01T09:50:35.456+0000] {processor.py:830} INFO - Processing file /opt/airflow/dags/dag_1.py for tasks to queue
[2026-06-01T09:50:35.457+0000] {logging_mixin.py:188} INFO - [2026-06-01T09:50:35.457+0000] {dagbag.py:540} INFO - Filling up the DagBag from /opt/airflow/dags/dag_1.py
[2026-06-01T09:50:35.469+0000] {processor.py:840} INFO - DAG(s) 'my_first_test_dag' retrieved from /opt/airflow/dags/dag_1.py
[2026-06-01T09:50:35.490+0000] {logging_mixin.py:188} INFO - [2026-06-01T09:50:35.490+0000] {dag.py:3047} INFO - Sync 1 DAGs
[2026-06-01T09:50:35.500+0000] {logging_mixin.py:188} INFO - [2026-06-01T09:50:35.500+0000] {dag.py:3834} INFO - Setting next_dagrun for my_first_test_dag to None, run_after=None
[2026-06-01T09:50:35.525+0000] {processor.py:183} INFO - Processing /opt/airflow/dags/dag_1.py took 0.073 seconds
[2026-06-01T09:51:05.756+0000] {processor.py:161} INFO - Started process (PID=960) to work on /opt/airflow/dags/dag_1.py
[2026-06-01T09:51:05.757+0000] {processor.py:830} INFO - Processing file /opt/airflow/dags/dag_1.py for tasks to queue
[2026-06-01T09:51:05.759+0000] {logging_mixin.py:188} INFO - [2026-06-01T09:51:05.758+0000] {dagbag.py:540} INFO - Filling up the DagBag from /opt/airflow/dags/dag_1.py
[2026-06-01T09:51:05.773+0000] {processor.py:840} INFO - DAG(s) 'my_first_test_dag' retrieved from /opt/airflow/dags/dag_1.py
[2026-06-01T09:51:05.802+0000] {logging_mixin.py:188} INFO - [2026-06-01T09:51:05.802+0000] {dag.py:3047} INFO - Sync 1 DAGs
[2026-06-01T09:51:05.815+0000] {logging_mixin.py:188} INFO - [2026-06-01T09:51:05.815+0000] {dag.py:3834} INFO - Setting next_dagrun for my_first_test_dag to None, run_after=None
[2026-06-01T09:51:05.840+0000] {processor.py:183} INFO - Processing /opt/airflow/dags/dag_1.py took 0.086 seconds
[2026-06-01T09:51:36.100+0000] {processor.py:161} INFO - Started process (PID=970) to work on /opt/airflow/dags/dag_1.py
[2026-06-01T09:51:36.101+0000] {processor.py:830} INFO - Processing file /opt/airflow/dags/dag_1.py for tasks to queue
[2026-06-01T09:51:36.102+0000] {logging_mixin.py:188} INFO - [2026-06-01T09:51:36.102+0000] {dagbag.py:540} INFO - Filling up the DagBag from /opt/airflow/dags/dag_1.py
[2026-06-01T09:51:36.113+0000] {processor.py:840} INFO - DAG(s) 'my_first_test_dag' retrieved from /opt/airflow/dags/dag_1.py
[2026-06-01T09:51:36.135+0000] {logging_mixin.py:188} INFO - [2026-06-01T09:51:36.135+0000] {dag.py:3047} INFO - Sync 1 DAGs
[2026-06-01T09:51:36.147+0000] {logging_mixin.py:188} INFO - [2026-06-01T09:51:36.147+0000] {dag.py:3834} INFO - Setting next_dagrun for my_first_test_dag to None, run_after=None
[2026-06-01T09:51:36.167+0000] {processor.py:183} INFO - Processing /opt/airflow/dags/dag_1.py took 0.070 seconds
[2026-06-01T09:52:06.347+0000] {processor.py:161} INFO - Started process (PID=980) to work on /opt/airflow/dags/dag_1.py
[2026-06-01T09:52:06.348+0000] {processor.py:830} INFO - Processing file /opt/airflow/dags/dag_1.py for tasks to queue
[2026-06-01T09:52:06.348+0000] {logging_mixin.py:188} INFO - [2026-06-01T09:52:06.348+0000] {dagbag.py:540} INFO - Filling up the DagBag from /opt/airflow/dags/dag_1.py
[2026-06-01T09:52:06.361+0000] {processor.py:840} INFO - DAG(s) 'my_first_test_dag' retrieved from /opt/airflow/dags/dag_1.py
[2026-06-01T09:52:06.384+0000] {logging_mixin.py:188} INFO - [2026-06-01T09:52:06.384+0000] {dag.py:3047} INFO - Sync 1 DAGs
[2026-06-01T09:52:06.395+0000] {logging_mixin.py:188} INFO - [2026-06-01T09:52:06.395+0000] {dag.py:3834} INFO - Setting next_dagrun for my_first_test_dag to None, run_after=None
[2026-06-01T09:52:06.421+0000] {processor.py:183} INFO - Processing /opt/airflow/dags/dag_1.py took 0.077 seconds
[2026-06-01T09:52:36.594+0000] {processor.py:161} INFO - Started process (PID=990) to work on /opt/airflow/dags/dag_1.py
[2026-06-01T09:52:36.594+0000] {processor.py:830} INFO - Processing file /opt/airflow/dags/dag_1.py for tasks to queue
[2026-06-01T09:52:36.595+0000] {logging_mixin.py:188} INFO - [2026-06-01T09:52:36.595+0000] {dagbag.py:540} INFO - Filling up the DagBag from /opt/airflow/dags/dag_1.py
[2026-06-01T09:52:36.609+0000] {processor.py:840} INFO - DAG(s) 'my_first_test_dag' retrieved from /opt/airflow/dags/dag_1.py
[2026-06-01T09:52:36.635+0000] {logging_mixin.py:188} INFO - [2026-06-01T09:52:36.635+0000] {dag.py:3047} INFO - Sync 1 DAGs
[2026-06-01T09:52:36.645+0000] {logging_mixin.py:188} INFO - [2026-06-01T09:52:36.645+0000] {dag.py:3834} INFO - Setting next_dagrun for my_first_test_dag to None, run_after=None
[2026-06-01T09:52:36.674+0000] {processor.py:183} INFO - Processing /opt/airflow/dags/dag_1.py took 0.083 seconds
[2026-06-01T09:53:06.865+0000] {processor.py:161} INFO - Started process (PID=1000) to work on /opt/airflow/dags/dag_1.py
[2026-06-01T09:53:06.866+0000] {processor.py:830} INFO - Processing file /opt/airflow/dags/dag_1.py for tasks to queue
[2026-06-01T09:53:06.867+0000] {logging_mixin.py:188} INFO - [2026-06-01T09:53:06.867+0000] {dagbag.py:540} INFO - Filling up the DagBag from /opt/airflow/dags/dag_1.py
[2026-06-01T09:53:06.883+0000] {processor.py:840} INFO - DAG(s) 'my_first_test_dag' retrieved from /opt/airflow/dags/dag_1.py
[2026-06-01T09:53:06.912+0000] {logging_mixin.py:188} INFO - [2026-06-01T09:53:06.912+0000] {dag.py:3047} INFO - Sync 1 DAGs
[2026-06-01T09:53:06.925+0000] {logging_mixin.py:188} INFO - [2026-06-01T09:53:06.925+0000] {dag.py:3834} INFO - Setting next_dagrun for my_first_test_dag to None, run_after=None
[2026-06-01T09:53:06.946+0000] {processor.py:183} INFO - Processing /opt/airflow/dags/dag_1.py took 0.084 seconds
[2026-06-01T09:53:37.112+0000] {processor.py:161} INFO - Started process (PID=1010) to work on /opt/airflow/dags/dag_1.py
[2026-06-01T09:53:37.113+0000] {processor.py:830} INFO - Processing file /opt/airflow/dags/dag_1.py for tasks to queue
[2026-06-01T09:53:37.114+0000] {logging_mixin.py:188} INFO - [2026-06-01T09:53:37.114+0000] {dagbag.py:540} INFO - Filling up the DagBag from /opt/airflow/dags/dag_1.py
[2026-06-01T09:53:37.130+0000] {processor.py:840} INFO - DAG(s) 'my_first_test_dag' retrieved from /opt/airflow/dags/dag_1.py
[2026-06-01T09:53:37.157+0000] {logging_mixin.py:188} INFO - [2026-06-01T09:53:37.157+0000] {dag.py:3047} INFO - Sync 1 DAGs
[2026-06-01T09:53:37.173+0000] {logging_mixin.py:188} INFO - [2026-06-01T09:53:37.173+0000] {dag.py:3834} INFO - Setting next_dagrun for my_first_test_dag to None, run_after=None
[2026-06-01T09:53:37.195+0000] {processor.py:183} INFO - Processing /opt/airflow/dags/dag_1.py took 0.087 seconds
[2026-06-01T09:54:07.418+0000] {processor.py:161} INFO - Started process (PID=1020) to work on /opt/airflow/dags/dag_1.py
[2026-06-01T09:54:07.419+0000] {processor.py:830} INFO - Processing file /opt/airflow/dags/dag_1.py for tasks to queue
[2026-06-01T09:54:07.420+0000] {logging_mixin.py:188} INFO - [2026-06-01T09:54:07.419+0000] {dagbag.py:540} INFO - Filling up the DagBag from /opt/airflow/dags/dag_1.py
[2026-06-01T09:54:07.431+0000] {processor.py:840} INFO - DAG(s) 'my_first_test_dag' retrieved from /opt/airflow/dags/dag_1.py
[2026-06-01T09:54:07.451+0000] {logging_mixin.py:188} INFO - [2026-06-01T09:54:07.451+0000] {dag.py:3047} INFO - Sync 1 DAGs
[2026-06-01T09:54:07.462+0000] {logging_mixin.py:188} INFO - [2026-06-01T09:54:07.462+0000] {dag.py:3834} INFO - Setting next_dagrun for my_first_test_dag to None, run_after=None
[2026-06-01T09:54:07.481+0000] {processor.py:183} INFO - Processing /opt/airflow/dags/dag_1.py took 0.065 seconds
[2026-06-01T09:54:37.715+0000] {processor.py:161} INFO - Started process (PID=1030) to work on /opt/airflow/dags/dag_1.py
[2026-06-01T09:54:37.716+0000] {processor.py:830} INFO - Processing file /opt/airflow/dags/dag_1.py for tasks to queue
[2026-06-01T09:54:37.717+0000] {logging_mixin.py:188} INFO - [2026-06-01T09:54:37.716+0000] {dagbag.py:540} INFO - Filling up the DagBag from /opt/airflow/dags/dag_1.py
[2026-06-01T09:54:37.728+0000] {processor.py:840} INFO - DAG(s) 'my_first_test_dag' retrieved from /opt/airflow/dags/dag_1.py
[2026-06-01T09:54:37.750+0000] {logging_mixin.py:188} INFO - [2026-06-01T09:54:37.749+0000] {dag.py:3047} INFO - Sync 1 DAGs
[2026-06-01T09:54:37.760+0000] {logging_mixin.py:188} INFO - [2026-06-01T09:54:37.759+0000] {dag.py:3834} INFO - Setting next_dagrun for my_first_test_dag to None, run_after=None
[2026-06-01T09:54:37.780+0000] {processor.py:183} INFO - Processing /opt/airflow/dags/dag_1.py took 0.068 seconds
[2026-06-01T09:55:08.049+0000] {processor.py:161} INFO - Started process (PID=1040) to work on /opt/airflow/dags/dag_1.py
[2026-06-01T09:55:08.050+0000] {processor.py:830} INFO - Processing file /opt/airflow/dags/dag_1.py for tasks to queue
[2026-06-01T09:55:08.051+0000] {logging_mixin.py:188} INFO - [2026-06-01T09:55:08.051+0000] {dagbag.py:540} INFO - Filling up the DagBag from /opt/airflow/dags/dag_1.py
[2026-06-01T09:55:08.061+0000] {processor.py:840} INFO - DAG(s) 'my_first_test_dag' retrieved from /opt/airflow/dags/dag_1.py
[2026-06-01T09:55:08.083+0000] {logging_mixin.py:188} INFO - [2026-06-01T09:55:08.083+0000] {dag.py:3047} INFO - Sync 1 DAGs
[2026-06-01T09:55:08.095+0000] {logging_mixin.py:188} INFO - [2026-06-01T09:55:08.094+0000] {dag.py:3834} INFO - Setting next_dagrun for my_first_test_dag to None, run_after=None
[2026-06-01T09:55:08.114+0000] {processor.py:183} INFO - Processing /opt/airflow/dags/dag_1.py took 0.068 seconds
[2026-06-01T09:55:38.500+0000] {processor.py:161} INFO - Started process (PID=1050) to work on /opt/airflow/dags/dag_1.py
[2026-06-01T09:55:38.501+0000] {processor.py:830} INFO - Processing file /opt/airflow/dags/dag_1.py for tasks to queue
[2026-06-01T09:55:38.502+0000] {logging_mixin.py:188} INFO - [2026-06-01T09:55:38.502+0000] {dagbag.py:540} INFO - Filling up the DagBag from /opt/airflow/dags/dag_1.py
[2026-06-01T09:55:38.513+0000] {processor.py:840} INFO - DAG(s) 'my_first_test_dag' retrieved from /opt/airflow/dags/dag_1.py
[2026-06-01T09:55:38.533+0000] {logging_mixin.py:188} INFO - [2026-06-01T09:55:38.533+0000] {dag.py:3047} INFO - Sync 1 DAGs
[2026-06-01T09:55:38.543+0000] {logging_mixin.py:188} INFO - [2026-06-01T09:55:38.543+0000] {dag.py:3834} INFO - Setting next_dagrun for my_first_test_dag to None, run_after=None
[2026-06-01T09:55:38.571+0000] {processor.py:183} INFO - Processing /opt/airflow/dags/dag_1.py took 0.073 seconds
[2026-06-01T09:56:08.827+0000] {processor.py:161} INFO - Started process (PID=1060) to work on /opt/airflow/dags/dag_1.py
[2026-06-01T09:56:08.828+0000] {processor.py:830} INFO - Processing file /opt/airflow/dags/dag_1.py for tasks to queue
[2026-06-01T09:56:08.829+0000] {logging_mixin.py:188} INFO - [2026-06-01T09:56:08.828+0000] {dagbag.py:540} INFO - Filling up the DagBag from /opt/airflow/dags/dag_1.py
[2026-06-01T09:56:08.841+0000] {processor.py:840} INFO - DAG(s) 'my_first_test_dag' retrieved from /opt/airflow/dags/dag_1.py
[2026-06-01T09:56:08.861+0000] {logging_mixin.py:188} INFO - [2026-06-01T09:56:08.861+0000] {dag.py:3047} INFO - Sync 1 DAGs
[2026-06-01T09:56:08.873+0000] {logging_mixin.py:188} INFO - [2026-06-01T09:56:08.872+0000] {dag.py:3834} INFO - Setting next_dagrun for my_first_test_dag to None, run_after=None
[2026-06-01T09:56:08.895+0000] {processor.py:183} INFO - Processing /opt/airflow/dags/dag_1.py took 0.070 seconds
[2026-06-01T09:56:39.146+0000] {processor.py:161} INFO - Started process (PID=1070) to work on /opt/airflow/dags/dag_1.py
[2026-06-01T09:56:39.147+0000] {processor.py:830} INFO - Processing file /opt/airflow/dags/dag_1.py for tasks to queue
[2026-06-01T09:56:39.148+0000] {logging_mixin.py:188} INFO - [2026-06-01T09:56:39.148+0000] {dagbag.py:540} INFO - Filling up the DagBag from /opt/airflow/dags/dag_1.py
[2026-06-01T09:56:39.160+0000] {processor.py:840} INFO - DAG(s) 'my_first_test_dag' retrieved from /opt/airflow/dags/dag_1.py
[2026-06-01T09:56:39.182+0000] {logging_mixin.py:188} INFO - [2026-06-01T09:56:39.181+0000] {dag.py:3047} INFO - Sync 1 DAGs
[2026-06-01T09:56:39.195+0000] {logging_mixin.py:188} INFO - [2026-06-01T09:56:39.195+0000] {dag.py:3834} INFO - Setting next_dagrun for my_first_test_dag to None, run_after=None
[2026-06-01T09:56:39.217+0000] {processor.py:183} INFO - Processing /opt/airflow/dags/dag_1.py took 0.074 seconds
[2026-06-01T09:57:09.409+0000] {processor.py:161} INFO - Started process (PID=1080) to work on /opt/airflow/dags/dag_1.py
[2026-06-01T09:57:09.410+0000] {processor.py:830} INFO - Processing file /opt/airflow/dags/dag_1.py for tasks to queue
[2026-06-01T09:57:09.411+0000] {logging_mixin.py:188} INFO - [2026-06-01T09:57:09.410+0000] {dagbag.py:540} INFO - Filling up the DagBag from /opt/airflow/dags/dag_1.py
[2026-06-01T09:57:09.427+0000] {processor.py:840} INFO - DAG(s) 'my_first_test_dag' retrieved from /opt/airflow/dags/dag_1.py
[2026-06-01T09:57:09.454+0000] {logging_mixin.py:188} INFO - [2026-06-01T09:57:09.454+0000] {dag.py:3047} INFO - Sync 1 DAGs
[2026-06-01T09:57:09.467+0000] {logging_mixin.py:188} INFO - [2026-06-01T09:57:09.467+0000] {dag.py:3834} INFO - Setting next_dagrun for my_first_test_dag to None, run_after=None
[2026-06-01T09:57:09.491+0000] {processor.py:183} INFO - Processing /opt/airflow/dags/dag_1.py took 0.085 seconds
[2026-06-01T09:57:39.789+0000] {processor.py:161} INFO - Started process (PID=1090) to work on /opt/airflow/dags/dag_1.py
[2026-06-01T09:57:39.790+0000] {processor.py:830} INFO - Processing file /opt/airflow/dags/dag_1.py for tasks to queue
[2026-06-01T09:57:39.791+0000] {logging_mixin.py:188} INFO - [2026-06-01T09:57:39.791+0000] {dagbag.py:540} INFO - Filling up the DagBag from /opt/airflow/dags/dag_1.py
[2026-06-01T09:57:39.803+0000] {processor.py:840} INFO - DAG(s) 'my_first_test_dag' retrieved from /opt/airflow/dags/dag_1.py
[2026-06-01T09:57:39.825+0000] {logging_mixin.py:188} INFO - [2026-06-01T09:57:39.824+0000] {dag.py:3047} INFO - Sync 1 DAGs
[2026-06-01T09:57:39.837+0000] {logging_mixin.py:188} INFO - [2026-06-01T09:57:39.837+0000] {dag.py:3834} INFO - Setting next_dagrun for my_first_test_dag to None, run_after=None
[2026-06-01T09:57:39.862+0000] {processor.py:183} INFO - Processing /opt/airflow/dags/dag_1.py took 0.075 seconds
[2026-06-01T09:58:10.060+0000] {processor.py:161} INFO - Started process (PID=1100) to work on /opt/airflow/dags/dag_1.py
[2026-06-01T09:58:10.061+0000] {processor.py:830} INFO - Processing file /opt/airflow/dags/dag_1.py for tasks to queue
[2026-06-01T09:58:10.062+0000] {logging_mixin.py:188} INFO - [2026-06-01T09:58:10.062+0000] {dagbag.py:540} INFO - Filling up the DagBag from /opt/airflow/dags/dag_1.py
[2026-06-01T09:58:10.074+0000] {processor.py:840} INFO - DAG(s) 'my_first_test_dag' retrieved from /opt/airflow/dags/dag_1.py
[2026-06-01T09:58:10.094+0000] {logging_mixin.py:188} INFO - [2026-06-01T09:58:10.094+0000] {dag.py:3047} INFO - Sync 1 DAGs
[2026-06-01T09:58:10.106+0000] {logging_mixin.py:188} INFO - [2026-06-01T09:58:10.106+0000] {dag.py:3834} INFO - Setting next_dagrun for my_first_test_dag to None, run_after=None
[2026-06-01T09:58:10.125+0000] {processor.py:183} INFO - Processing /opt/airflow/dags/dag_1.py took 0.068 seconds
[2026-06-01T09:58:40.336+0000] {processor.py:161} INFO - Started process (PID=1110) to work on /opt/airflow/dags/dag_1.py
[2026-06-01T09:58:40.337+0000] {processor.py:830} INFO - Processing file /opt/airflow/dags/dag_1.py for tasks to queue
[2026-06-01T09:58:40.338+0000] {logging_mixin.py:188} INFO - [2026-06-01T09:58:40.337+0000] {dagbag.py:540} INFO - Filling up the DagBag from /opt/airflow/dags/dag_1.py
[2026-06-01T09:58:40.350+0000] {processor.py:840} INFO - DAG(s) 'my_first_test_dag' retrieved from /opt/airflow/dags/dag_1.py
[2026-06-01T09:58:40.376+0000] {logging_mixin.py:188} INFO - [2026-06-01T09:58:40.375+0000] {dag.py:3047} INFO - Sync 1 DAGs
[2026-06-01T09:58:40.389+0000] {logging_mixin.py:188} INFO - [2026-06-01T09:58:40.389+0000] {dag.py:3834} INFO - Setting next_dagrun for my_first_test_dag to None, run_after=None
[2026-06-01T09:58:40.410+0000] {processor.py:183} INFO - Processing /opt/airflow/dags/dag_1.py took 0.077 seconds
[2026-06-01T09:59:10.619+0000] {processor.py:161} INFO - Started process (PID=1120) to work on /opt/airflow/dags/dag_1.py
[2026-06-01T09:59:10.620+0000] {processor.py:830} INFO - Processing file /opt/airflow/dags/dag_1.py for tasks to queue
[2026-06-01T09:59:10.621+0000] {logging_mixin.py:188} INFO - [2026-06-01T09:59:10.621+0000] {dagbag.py:540} INFO - Filling up the DagBag from /opt/airflow/dags/dag_1.py
[2026-06-01T09:59:10.634+0000] {processor.py:840} INFO - DAG(s) 'my_first_test_dag' retrieved from /opt/airflow/dags/dag_1.py
[2026-06-01T09:59:10.656+0000] {logging_mixin.py:188} INFO - [2026-06-01T09:59:10.656+0000] {dag.py:3047} INFO - Sync 1 DAGs
[2026-06-01T09:59:10.668+0000] {logging_mixin.py:188} INFO - [2026-06-01T09:59:10.668+0000] {dag.py:3834} INFO - Setting next_dagrun for my_first_test_dag to None, run_after=None
[2026-06-01T09:59:10.688+0000] {processor.py:183} INFO - Processing /opt/airflow/dags/dag_1.py took 0.072 seconds
[2026-06-01T09:59:40.917+0000] {processor.py:161} INFO - Started process (PID=1130) to work on /opt/airflow/dags/dag_1.py
[2026-06-01T09:59:40.919+0000] {processor.py:830} INFO - Processing file /opt/airflow/dags/dag_1.py for tasks to queue
[2026-06-01T09:59:40.920+0000] {logging_mixin.py:188} INFO - [2026-06-01T09:59:40.919+0000] {dagbag.py:540} INFO - Filling up the DagBag from /opt/airflow/dags/dag_1.py
[2026-06-01T09:59:40.932+0000] {processor.py:840} INFO - DAG(s) 'my_first_test_dag' retrieved from /opt/airflow/dags/dag_1.py
[2026-06-01T09:59:40.953+0000] {logging_mixin.py:188} INFO - [2026-06-01T09:59:40.953+0000] {dag.py:3047} INFO - Sync 1 DAGs
[2026-06-01T09:59:40.964+0000] {logging_mixin.py:188} INFO - [2026-06-01T09:59:40.964+0000] {dag.py:3834} INFO - Setting next_dagrun for my_first_test_dag to None, run_after=None
[2026-06-01T09:59:40.986+0000] {processor.py:183} INFO - Processing /opt/airflow/dags/dag_1.py took 0.071 seconds
[2026-06-01T10:00:11.148+0000] {processor.py:161} INFO - Started process (PID=1140) to work on /opt/airflow/dags/dag_1.py
[2026-06-01T10:00:11.149+0000] {processor.py:830} INFO - Processing file /opt/airflow/dags/dag_1.py for tasks to queue
[2026-06-01T10:00:11.150+0000] {logging_mixin.py:188} INFO - [2026-06-01T10:00:11.150+0000] {dagbag.py:540} INFO - Filling up the DagBag from /opt/airflow/dags/dag_1.py
[2026-06-01T10:00:11.162+0000] {processor.py:840} INFO - DAG(s) 'my_first_test_dag' retrieved from /opt/airflow/dags/dag_1.py
[2026-06-01T10:00:11.185+0000] {logging_mixin.py:188} INFO - [2026-06-01T10:00:11.185+0000] {dag.py:3047} INFO - Sync 1 DAGs
[2026-06-01T10:00:11.198+0000] {logging_mixin.py:188} INFO - [2026-06-01T10:00:11.198+0000] {dag.py:3834} INFO - Setting next_dagrun for my_first_test_dag to None, run_after=None
[2026-06-01T10:00:11.219+0000] {processor.py:183} INFO - Processing /opt/airflow/dags/dag_1.py took 0.075 seconds
[2026-06-01T10:00:41.448+0000] {processor.py:161} INFO - Started process (PID=1150) to work on /opt/airflow/dags/dag_1.py
[2026-06-01T10:00:41.449+0000] {processor.py:830} INFO - Processing file /opt/airflow/dags/dag_1.py for tasks to queue
[2026-06-01T10:00:41.449+0000] {logging_mixin.py:188} INFO - [2026-06-01T10:00:41.449+0000] {dagbag.py:540} INFO - Filling up the DagBag from /opt/airflow/dags/dag_1.py
[2026-06-01T10:00:41.462+0000] {processor.py:840} INFO - DAG(s) 'my_first_test_dag' retrieved from /opt/airflow/dags/dag_1.py
[2026-06-01T10:00:41.484+0000] {logging_mixin.py:188} INFO - [2026-06-01T10:00:41.484+0000] {dag.py:3047} INFO - Sync 1 DAGs
[2026-06-01T10:00:41.497+0000] {logging_mixin.py:188} INFO - [2026-06-01T10:00:41.496+0000] {dag.py:3834} INFO - Setting next_dagrun for my_first_test_dag to None, run_after=None
[2026-06-01T10:00:41.518+0000] {processor.py:183} INFO - Processing /opt/airflow/dags/dag_1.py took 0.073 seconds
[2026-06-01T10:01:11.785+0000] {processor.py:161} INFO - Started process (PID=1160) to work on /opt/airflow/dags/dag_1.py
[2026-06-01T10:01:11.787+0000] {processor.py:830} INFO - Processing file /opt/airflow/dags/dag_1.py for tasks to queue
[2026-06-01T10:01:11.788+0000] {logging_mixin.py:188} INFO - [2026-06-01T10:01:11.787+0000] {dagbag.py:540} INFO - Filling up the DagBag from /opt/airflow/dags/dag_1.py
[2026-06-01T10:01:11.800+0000] {processor.py:840} INFO - DAG(s) 'my_first_test_dag' retrieved from /opt/airflow/dags/dag_1.py
[2026-06-01T10:01:11.826+0000] {logging_mixin.py:188} INFO - [2026-06-01T10:01:11.825+0000] {dag.py:3047} INFO - Sync 1 DAGs
[2026-06-01T10:01:11.840+0000] {logging_mixin.py:188} INFO - [2026-06-01T10:01:11.840+0000] {dag.py:3834} INFO - Setting next_dagrun for my_first_test_dag to None, run_after=None
[2026-06-01T10:01:11.873+0000] {processor.py:183} INFO - Processing /opt/airflow/dags/dag_1.py took 0.091 seconds
[2026-06-01T10:01:42.002+0000] {processor.py:161} INFO - Started process (PID=1170) to work on /opt/airflow/dags/dag_1.py
[2026-06-01T10:01:42.003+0000] {processor.py:830} INFO - Processing file /opt/airflow/dags/dag_1.py for tasks to queue
[2026-06-01T10:01:42.004+0000] {logging_mixin.py:188} INFO - [2026-06-01T10:01:42.004+0000] {dagbag.py:540} INFO - Filling up the DagBag from /opt/airflow/dags/dag_1.py
[2026-06-01T10:01:42.017+0000] {processor.py:840} INFO - DAG(s) 'my_first_test_dag' retrieved from /opt/airflow/dags/dag_1.py
[2026-06-01T10:01:42.042+0000] {logging_mixin.py:188} INFO - [2026-06-01T10:01:42.041+0000] {dag.py:3047} INFO - Sync 1 DAGs
[2026-06-01T10:01:42.057+0000] {logging_mixin.py:188} INFO - [2026-06-01T10:01:42.056+0000] {dag.py:3834} INFO - Setting next_dagrun for my_first_test_dag to None, run_after=None
[2026-06-01T10:01:42.081+0000] {processor.py:183} INFO - Processing /opt/airflow/dags/dag_1.py took 0.082 seconds
[2026-06-01T10:02:12.298+0000] {processor.py:161} INFO - Started process (PID=1180) to work on /opt/airflow/dags/dag_1.py
[2026-06-01T10:02:12.299+0000] {processor.py:830} INFO - Processing file /opt/airflow/dags/dag_1.py for tasks to queue
[2026-06-01T10:02:12.300+0000] {logging_mixin.py:188} INFO - [2026-06-01T10:02:12.299+0000] {dagbag.py:540} INFO - Filling up the DagBag from /opt/airflow/dags/dag_1.py
[2026-06-01T10:02:12.312+0000] {processor.py:840} INFO - DAG(s) 'my_first_test_dag' retrieved from /opt/airflow/dags/dag_1.py
[2026-06-01T10:02:12.334+0000] {logging_mixin.py:188} INFO - [2026-06-01T10:02:12.334+0000] {dag.py:3047} INFO - Sync 1 DAGs
[2026-06-01T10:02:12.346+0000] {logging_mixin.py:188} INFO - [2026-06-01T10:02:12.346+0000] {dag.py:3834} INFO - Setting next_dagrun for my_first_test_dag to None, run_after=None
[2026-06-01T10:02:12.370+0000] {processor.py:183} INFO - Processing /opt/airflow/dags/dag_1.py took 0.074 seconds
[2026-06-01T10:02:42.535+0000] {processor.py:161} INFO - Started process (PID=1190) to work on /opt/airflow/dags/dag_1.py
[2026-06-01T10:02:42.536+0000] {processor.py:830} INFO - Processing file /opt/airflow/dags/dag_1.py for tasks to queue
[2026-06-01T10:02:42.537+0000] {logging_mixin.py:188} INFO - [2026-06-01T10:02:42.537+0000] {dagbag.py:540} INFO - Filling up the DagBag from /opt/airflow/dags/dag_1.py
[2026-06-01T10:02:42.550+0000] {processor.py:840} INFO - DAG(s) 'my_first_test_dag' retrieved from /opt/airflow/dags/dag_1.py
[2026-06-01T10:02:42.572+0000] {logging_mixin.py:188} INFO - [2026-06-01T10:02:42.572+0000] {dag.py:3047} INFO - Sync 1 DAGs
[2026-06-01T10:02:42.584+0000] {logging_mixin.py:188} INFO - [2026-06-01T10:02:42.584+0000] {dag.py:3834} INFO - Setting next_dagrun for my_first_test_dag to None, run_after=None
[2026-06-01T10:02:42.608+0000] {processor.py:183} INFO - Processing /opt/airflow/dags/dag_1.py took 0.075 seconds
[2026-06-01T10:03:12.763+0000] {processor.py:161} INFO - Started process (PID=1200) to work on /opt/airflow/dags/dag_1.py
[2026-06-01T10:03:12.764+0000] {processor.py:830} INFO - Processing file /opt/airflow/dags/dag_1.py for tasks to queue
[2026-06-01T10:03:12.765+0000] {logging_mixin.py:188} INFO - [2026-06-01T10:03:12.765+0000] {dagbag.py:540} INFO - Filling up the DagBag from /opt/airflow/dags/dag_1.py
[2026-06-01T10:03:12.777+0000] {processor.py:840} INFO - DAG(s) 'my_first_test_dag' retrieved from /opt/airflow/dags/dag_1.py
[2026-06-01T10:03:12.801+0000] {logging_mixin.py:188} INFO - [2026-06-01T10:03:12.801+0000] {dag.py:3047} INFO - Sync 1 DAGs
[2026-06-01T10:03:12.812+0000] {logging_mixin.py:188} INFO - [2026-06-01T10:03:12.812+0000] {dag.py:3834} INFO - Setting next_dagrun for my_first_test_dag to None, run_after=None
[2026-06-01T10:03:12.832+0000] {processor.py:183} INFO - Processing /opt/airflow/dags/dag_1.py took 0.073 seconds
[2026-06-01T10:03:43.066+0000] {processor.py:161} INFO - Started process (PID=1210) to work on /opt/airflow/dags/dag_1.py
[2026-06-01T10:03:43.067+0000] {processor.py:830} INFO - Processing file /opt/airflow/dags/dag_1.py for tasks to queue
[2026-06-01T10:03:43.068+0000] {logging_mixin.py:188} INFO - [2026-06-01T10:03:43.068+0000] {dagbag.py:540} INFO - Filling up the DagBag from /opt/airflow/dags/dag_1.py
[2026-06-01T10:03:43.080+0000] {processor.py:840} INFO - DAG(s) 'my_first_test_dag' retrieved from /opt/airflow/dags/dag_1.py
[2026-06-01T10:03:43.102+0000] {logging_mixin.py:188} INFO - [2026-06-01T10:03:43.102+0000] {dag.py:3047} INFO - Sync 1 DAGs
[2026-06-01T10:03:43.113+0000] {logging_mixin.py:188} INFO - [2026-06-01T10:03:43.113+0000] {dag.py:3834} INFO - Setting next_dagrun for my_first_test_dag to None, run_after=None
[2026-06-01T10:03:43.139+0000] {processor.py:183} INFO - Processing /opt/airflow/dags/dag_1.py took 0.075 seconds
[2026-06-01T10:04:13.297+0000] {processor.py:161} INFO - Started process (PID=1220) to work on /opt/airflow/dags/dag_1.py
[2026-06-01T10:04:13.298+0000] {processor.py:830} INFO - Processing file /opt/airflow/dags/dag_1.py for tasks to queue
[2026-06-01T10:04:13.299+0000] {logging_mixin.py:188} INFO - [2026-06-01T10:04:13.299+0000] {dagbag.py:540} INFO - Filling up the DagBag from /opt/airflow/dags/dag_1.py
[2026-06-01T10:04:13.318+0000] {processor.py:840} INFO - DAG(s) 'my_first_test_dag' retrieved from /opt/airflow/dags/dag_1.py
[2026-06-01T10:04:13.345+0000] {logging_mixin.py:188} INFO - [2026-06-01T10:04:13.345+0000] {dag.py:3047} INFO - Sync 1 DAGs
[2026-06-01T10:04:13.357+0000] {logging_mixin.py:188} INFO - [2026-06-01T10:04:13.357+0000] {dag.py:3834} INFO - Setting next_dagrun for my_first_test_dag to None, run_after=None
[2026-06-01T10:04:13.384+0000] {processor.py:183} INFO - Processing /opt/airflow/dags/dag_1.py took 0.091 seconds
[2026-06-01T10:04:43.547+0000] {processor.py:161} INFO - Started process (PID=1230) to work on /opt/airflow/dags/dag_1.py
[2026-06-01T10:04:43.548+0000] {processor.py:830} INFO - Processing file /opt/airflow/dags/dag_1.py for tasks to queue
[2026-06-01T10:04:43.549+0000] {logging_mixin.py:188} INFO - [2026-06-01T10:04:43.548+0000] {dagbag.py:540} INFO - Filling up the DagBag from /opt/airflow/dags/dag_1.py
[2026-06-01T10:04:43.561+0000] {processor.py:840} INFO - DAG(s) 'my_first_test_dag' retrieved from /opt/airflow/dags/dag_1.py
[2026-06-01T10:04:43.587+0000] {logging_mixin.py:188} INFO - [2026-06-01T10:04:43.586+0000] {dag.py:3047} INFO - Sync 1 DAGs
[2026-06-01T10:04:43.600+0000] {logging_mixin.py:188} INFO - [2026-06-01T10:04:43.599+0000] {dag.py:3834} INFO - Setting next_dagrun for my_first_test_dag to None, run_after=None
[2026-06-01T10:04:43.627+0000] {processor.py:183} INFO - Processing /opt/airflow/dags/dag_1.py took 0.085 seconds
[2026-06-01T10:05:13.866+0000] {processor.py:161} INFO - Started process (PID=1240) to work on /opt/airflow/dags/dag_1.py
[2026-06-01T10:05:13.867+0000] {processor.py:830} INFO - Processing file /opt/airflow/dags/dag_1.py for tasks to queue
[2026-06-01T10:05:13.868+0000] {logging_mixin.py:188} INFO - [2026-06-01T10:05:13.867+0000] {dagbag.py:540} INFO - Filling up the DagBag from /opt/airflow/dags/dag_1.py
[2026-06-01T10:05:13.880+0000] {processor.py:840} INFO - DAG(s) 'my_first_test_dag' retrieved from /opt/airflow/dags/dag_1.py
[2026-06-01T10:05:13.904+0000] {logging_mixin.py:188} INFO - [2026-06-01T10:05:13.903+0000] {dag.py:3047} INFO - Sync 1 DAGs
[2026-06-01T10:05:13.916+0000] {logging_mixin.py:188} INFO - [2026-06-01T10:05:13.916+0000] {dag.py:3834} INFO - Setting next_dagrun for my_first_test_dag to None, run_after=None
[2026-06-01T10:05:13.942+0000] {processor.py:183} INFO - Processing /opt/airflow/dags/dag_1.py took 0.078 seconds
[2026-06-01T10:05:44.147+0000] {processor.py:161} INFO - Started process (PID=1250) to work on /opt/airflow/dags/dag_1.py
[2026-06-01T10:05:44.147+0000] {processor.py:830} INFO - Processing file /opt/airflow/dags/dag_1.py for tasks to queue
[2026-06-01T10:05:44.148+0000] {logging_mixin.py:188} INFO - [2026-06-01T10:05:44.148+0000] {dagbag.py:540} INFO - Filling up the DagBag from /opt/airflow/dags/dag_1.py
[2026-06-01T10:05:44.160+0000] {processor.py:840} INFO - DAG(s) 'my_first_test_dag' retrieved from /opt/airflow/dags/dag_1.py
[2026-06-01T10:05:44.185+0000] {logging_mixin.py:188} INFO - [2026-06-01T10:05:44.184+0000] {dag.py:3047} INFO - Sync 1 DAGs
[2026-06-01T10:05:44.197+0000] {logging_mixin.py:188} INFO - [2026-06-01T10:05:44.196+0000] {dag.py:3834} INFO - Setting next_dagrun for my_first_test_dag to None, run_after=None
[2026-06-01T10:05:44.220+0000] {processor.py:183} INFO - Processing /opt/airflow/dags/dag_1.py took 0.076 seconds
[2026-06-01T10:06:14.464+0000] {processor.py:161} INFO - Started process (PID=1260) to work on /opt/airflow/dags/dag_1.py
[2026-06-01T10:06:14.465+0000] {processor.py:830} INFO - Processing file /opt/airflow/dags/dag_1.py for tasks to queue
[2026-06-01T10:06:14.466+0000] {logging_mixin.py:188} INFO - [2026-06-01T10:06:14.466+0000] {dagbag.py:540} INFO - Filling up the DagBag from /opt/airflow/dags/dag_1.py
[2026-06-01T10:06:14.478+0000] {processor.py:840} INFO - DAG(s) 'my_first_test_dag' retrieved from /opt/airflow/dags/dag_1.py
[2026-06-01T10:06:14.499+0000] {logging_mixin.py:188} INFO - [2026-06-01T10:06:14.499+0000] {dag.py:3047} INFO - Sync 1 DAGs
[2026-06-01T10:06:14.510+0000] {logging_mixin.py:188} INFO - [2026-06-01T10:06:14.510+0000] {dag.py:3834} INFO - Setting next_dagrun for my_first_test_dag to None, run_after=None
[2026-06-01T10:06:14.537+0000] {processor.py:183} INFO - Processing /opt/airflow/dags/dag_1.py took 0.076 seconds
[2026-06-01T10:06:44.720+0000] {processor.py:161} INFO - Started process (PID=1270) to work on /opt/airflow/dags/dag_1.py
[2026-06-01T10:06:44.721+0000] {processor.py:830} INFO - Processing file /opt/airflow/dags/dag_1.py for tasks to queue
[2026-06-01T10:06:44.722+0000] {logging_mixin.py:188} INFO - [2026-06-01T10:06:44.722+0000] {dagbag.py:540} INFO - Filling up the DagBag from /opt/airflow/dags/dag_1.py
[2026-06-01T10:06:44.736+0000] {processor.py:840} INFO - DAG(s) 'my_first_test_dag' retrieved from /opt/airflow/dags/dag_1.py
[2026-06-01T10:06:44.762+0000] {logging_mixin.py:188} INFO - [2026-06-01T10:06:44.762+0000] {dag.py:3047} INFO - Sync 1 DAGs
[2026-06-01T10:06:44.776+0000] {logging_mixin.py:188} INFO - [2026-06-01T10:06:44.776+0000] {dag.py:3834} INFO - Setting next_dagrun for my_first_test_dag to None, run_after=None
[2026-06-01T10:06:44.795+0000] {processor.py:183} INFO - Processing /opt/airflow/dags/dag_1.py took 0.078 seconds
[2026-06-01T10:07:15.012+0000] {processor.py:161} INFO - Started process (PID=1280) to work on /opt/airflow/dags/dag_1.py
[2026-06-01T10:07:15.013+0000] {processor.py:830} INFO - Processing file /opt/airflow/dags/dag_1.py for tasks to queue
[2026-06-01T10:07:15.014+0000] {logging_mixin.py:188} INFO - [2026-06-01T10:07:15.013+0000] {dagbag.py:540} INFO - Filling up the DagBag from /opt/airflow/dags/dag_1.py
[2026-06-01T10:07:15.026+0000] {processor.py:840} INFO - DAG(s) 'my_first_test_dag' retrieved from /opt/airflow/dags/dag_1.py
[2026-06-01T10:07:15.047+0000] {logging_mixin.py:188} INFO - [2026-06-01T10:07:15.047+0000] {dag.py:3047} INFO - Sync 1 DAGs
[2026-06-01T10:07:15.058+0000] {logging_mixin.py:188} INFO - [2026-06-01T10:07:15.058+0000] {dag.py:3834} INFO - Setting next_dagrun for my_first_test_dag to None, run_after=None
[2026-06-01T10:07:15.085+0000] {processor.py:183} INFO - Processing /opt/airflow/dags/dag_1.py took 0.076 seconds
[2026-06-01T10:07:45.261+0000] {processor.py:161} INFO - Started process (PID=1290) to work on /opt/airflow/dags/dag_1.py
[2026-06-01T10:07:45.262+0000] {processor.py:830} INFO - Processing file /opt/airflow/dags/dag_1.py for tasks to queue
[2026-06-01T10:07:45.262+0000] {logging_mixin.py:188} INFO - [2026-06-01T10:07:45.262+0000] {dagbag.py:540} INFO - Filling up the DagBag from /opt/airflow/dags/dag_1.py
[2026-06-01T10:07:45.274+0000] {processor.py:840} INFO - DAG(s) 'my_first_test_dag' retrieved from /opt/airflow/dags/dag_1.py
[2026-06-01T10:07:45.296+0000] {logging_mixin.py:188} INFO - [2026-06-01T10:07:45.295+0000] {dag.py:3047} INFO - Sync 1 DAGs
[2026-06-01T10:07:45.307+0000] {logging_mixin.py:188} INFO - [2026-06-01T10:07:45.306+0000] {dag.py:3834} INFO - Setting next_dagrun for my_first_test_dag to None, run_after=None
[2026-06-01T10:07:45.328+0000] {processor.py:183} INFO - Processing /opt/airflow/dags/dag_1.py took 0.070 seconds
[2026-06-01T10:08:15.583+0000] {processor.py:161} INFO - Started process (PID=1300) to work on /opt/airflow/dags/dag_1.py
[2026-06-01T10:08:15.584+0000] {processor.py:830} INFO - Processing file /opt/airflow/dags/dag_1.py for tasks to queue
[2026-06-01T10:08:15.585+0000] {logging_mixin.py:188} INFO - [2026-06-01T10:08:15.585+0000] {dagbag.py:540} INFO - Filling up the DagBag from /opt/airflow/dags/dag_1.py
[2026-06-01T10:08:15.598+0000] {processor.py:840} INFO - DAG(s) 'my_first_test_dag' retrieved from /opt/airflow/dags/dag_1.py
[2026-06-01T10:08:15.621+0000] {logging_mixin.py:188} INFO - [2026-06-01T10:08:15.621+0000] {dag.py:3047} INFO - Sync 1 DAGs
[2026-06-01T10:08:15.633+0000] {logging_mixin.py:188} INFO - [2026-06-01T10:08:15.633+0000] {dag.py:3834} INFO - Setting next_dagrun for my_first_test_dag to None, run_after=None
[2026-06-01T10:08:15.662+0000] {processor.py:183} INFO - Processing /opt/airflow/dags/dag_1.py took 0.081 seconds
[2026-06-01T10:08:45.848+0000] {processor.py:161} INFO - Started process (PID=1310) to work on /opt/airflow/dags/dag_1.py
[2026-06-01T10:08:45.853+0000] {processor.py:830} INFO - Processing file /opt/airflow/dags/dag_1.py for tasks to queue
[2026-06-01T10:08:45.855+0000] {logging_mixin.py:188} INFO - [2026-06-01T10:08:45.854+0000] {dagbag.py:540} INFO - Filling up the DagBag from /opt/airflow/dags/dag_1.py
[2026-06-01T10:08:45.881+0000] {processor.py:840} INFO - DAG(s) 'my_first_test_dag' retrieved from /opt/airflow/dags/dag_1.py
[2026-06-01T10:08:45.937+0000] {logging_mixin.py:188} INFO - [2026-06-01T10:08:45.937+0000] {dag.py:3047} INFO - Sync 1 DAGs
[2026-06-01T10:08:45.955+0000] {logging_mixin.py:188} INFO - [2026-06-01T10:08:45.955+0000] {dag.py:3834} INFO - Setting next_dagrun for my_first_test_dag to None, run_after=None
[2026-06-01T10:08:45.979+0000] {processor.py:183} INFO - Processing /opt/airflow/dags/dag_1.py took 0.147 seconds
[2026-06-01T10:09:16.115+0000] {processor.py:161} INFO - Started process (PID=1320) to work on /opt/airflow/dags/dag_1.py
[2026-06-01T10:09:16.119+0000] {processor.py:830} INFO - Processing file /opt/airflow/dags/dag_1.py for tasks to queue
[2026-06-01T10:09:16.120+0000] {logging_mixin.py:188} INFO - [2026-06-01T10:09:16.120+0000] {dagbag.py:540} INFO - Filling up the DagBag from /opt/airflow/dags/dag_1.py
[2026-06-01T10:09:16.146+0000] {processor.py:840} INFO - DAG(s) 'my_first_test_dag' retrieved from /opt/airflow/dags/dag_1.py
[2026-06-01T10:09:16.195+0000] {logging_mixin.py:188} INFO - [2026-06-01T10:09:16.194+0000] {dag.py:3047} INFO - Sync 1 DAGs
[2026-06-01T10:09:16.216+0000] {logging_mixin.py:188} INFO - [2026-06-01T10:09:16.216+0000] {dag.py:3834} INFO - Setting next_dagrun for my_first_test_dag to None, run_after=None
[2026-06-01T10:09:16.243+0000] {processor.py:183} INFO - Processing /opt/airflow/dags/dag_1.py took 0.133 seconds
[2026-06-01T10:09:46.488+0000] {processor.py:161} INFO - Started process (PID=1330) to work on /opt/airflow/dags/dag_1.py
[2026-06-01T10:09:46.489+0000] {processor.py:830} INFO - Processing file /opt/airflow/dags/dag_1.py for tasks to queue
[2026-06-01T10:09:46.491+0000] {logging_mixin.py:188} INFO - [2026-06-01T10:09:46.490+0000] {dagbag.py:540} INFO - Filling up the DagBag from /opt/airflow/dags/dag_1.py
[2026-06-01T10:09:46.509+0000] {processor.py:840} INFO - DAG(s) 'my_first_test_dag' retrieved from /opt/airflow/dags/dag_1.py
[2026-06-01T10:09:46.538+0000] {logging_mixin.py:188} INFO - [2026-06-01T10:09:46.538+0000] {dag.py:3047} INFO - Sync 1 DAGs
[2026-06-01T10:09:46.550+0000] {logging_mixin.py:188} INFO - [2026-06-01T10:09:46.549+0000] {dag.py:3834} INFO - Setting next_dagrun for my_first_test_dag to None, run_after=None
[2026-06-01T10:09:46.571+0000] {processor.py:183} INFO - Processing /opt/airflow/dags/dag_1.py took 0.086 seconds
[2026-06-01T10:10:16.761+0000] {processor.py:161} INFO - Started process (PID=1340) to work on /opt/airflow/dags/dag_1.py
[2026-06-01T10:10:16.762+0000] {processor.py:830} INFO - Processing file /opt/airflow/dags/dag_1.py for tasks to queue
[2026-06-01T10:10:16.763+0000] {logging_mixin.py:188} INFO - [2026-06-01T10:10:16.763+0000] {dagbag.py:540} INFO - Filling up the DagBag from /opt/airflow/dags/dag_1.py
[2026-06-01T10:10:16.775+0000] {processor.py:840} INFO - DAG(s) 'my_first_test_dag' retrieved from /opt/airflow/dags/dag_1.py
[2026-06-01T10:10:16.802+0000] {logging_mixin.py:188} INFO - [2026-06-01T10:10:16.802+0000] {dag.py:3047} INFO - Sync 1 DAGs
[2026-06-01T10:10:16.813+0000] {logging_mixin.py:188} INFO - [2026-06-01T10:10:16.813+0000] {dag.py:3834} INFO - Setting next_dagrun for my_first_test_dag to None, run_after=None
[2026-06-01T10:10:16.835+0000] {processor.py:183} INFO - Processing /opt/airflow/dags/dag_1.py took 0.077 seconds
[2026-06-01T10:10:47.031+0000] {processor.py:161} INFO - Started process (PID=1350) to work on /opt/airflow/dags/dag_1.py
[2026-06-01T10:10:47.033+0000] {processor.py:830} INFO - Processing file /opt/airflow/dags/dag_1.py for tasks to queue
[2026-06-01T10:10:47.034+0000] {logging_mixin.py:188} INFO - [2026-06-01T10:10:47.033+0000] {dagbag.py:540} INFO - Filling up the DagBag from /opt/airflow/dags/dag_1.py
[2026-06-01T10:10:47.056+0000] {processor.py:840} INFO - DAG(s) 'my_first_test_dag' retrieved from /opt/airflow/dags/dag_1.py
[2026-06-01T10:10:47.093+0000] {logging_mixin.py:188} INFO - [2026-06-01T10:10:47.093+0000] {dag.py:3047} INFO - Sync 1 DAGs
[2026-06-01T10:10:47.112+0000] {logging_mixin.py:188} INFO - [2026-06-01T10:10:47.112+0000] {dag.py:3834} INFO - Setting next_dagrun for my_first_test_dag to None, run_after=None
[2026-06-01T10:10:47.139+0000] {processor.py:183} INFO - Processing /opt/airflow/dags/dag_1.py took 0.118 seconds
[2026-06-01T10:11:17.288+0000] {processor.py:161} INFO - Started process (PID=1360) to work on /opt/airflow/dags/dag_1.py
[2026-06-01T10:11:17.289+0000] {processor.py:830} INFO - Processing file /opt/airflow/dags/dag_1.py for tasks to queue
[2026-06-01T10:11:17.290+0000] {logging_mixin.py:188} INFO - [2026-06-01T10:11:17.289+0000] {dagbag.py:540} INFO - Filling up the DagBag from /opt/airflow/dags/dag_1.py
[2026-06-01T10:11:17.303+0000] {processor.py:840} INFO - DAG(s) 'my_first_test_dag' retrieved from /opt/airflow/dags/dag_1.py
[2026-06-01T10:11:17.325+0000] {logging_mixin.py:188} INFO - [2026-06-01T10:11:17.325+0000] {dag.py:3047} INFO - Sync 1 DAGs
[2026-06-01T10:11:17.341+0000] {logging_mixin.py:188} INFO - [2026-06-01T10:11:17.341+0000] {dag.py:3834} INFO - Setting next_dagrun for my_first_test_dag to None, run_after=None
[2026-06-01T10:11:17.374+0000] {processor.py:183} INFO - Processing /opt/airflow/dags/dag_1.py took 0.089 seconds
[2026-06-01T10:11:47.599+0000] {processor.py:161} INFO - Started process (PID=1370) to work on /opt/airflow/dags/dag_1.py
[2026-06-01T10:11:47.600+0000] {processor.py:830} INFO - Processing file /opt/airflow/dags/dag_1.py for tasks to queue
[2026-06-01T10:11:47.601+0000] {logging_mixin.py:188} INFO - [2026-06-01T10:11:47.601+0000] {dagbag.py:540} INFO - Filling up the DagBag from /opt/airflow/dags/dag_1.py
[2026-06-01T10:11:47.616+0000] {processor.py:840} INFO - DAG(s) 'my_first_test_dag' retrieved from /opt/airflow/dags/dag_1.py
[2026-06-01T10:11:47.644+0000] {logging_mixin.py:188} INFO - [2026-06-01T10:11:47.643+0000] {dag.py:3047} INFO - Sync 1 DAGs
[2026-06-01T10:11:47.659+0000] {logging_mixin.py:188} INFO - [2026-06-01T10:11:47.659+0000] {dag.py:3834} INFO - Setting next_dagrun for my_first_test_dag to None, run_after=None
[2026-06-01T10:11:47.679+0000] {processor.py:183} INFO - Processing /opt/airflow/dags/dag_1.py took 0.083 seconds
[2026-06-01T10:12:17.805+0000] {processor.py:161} INFO - Started process (PID=1380) to work on /opt/airflow/dags/dag_1.py
[2026-06-01T10:12:17.806+0000] {processor.py:830} INFO - Processing file /opt/airflow/dags/dag_1.py for tasks to queue
[2026-06-01T10:12:17.807+0000] {logging_mixin.py:188} INFO - [2026-06-01T10:12:17.807+0000] {dagbag.py:540} INFO - Filling up the DagBag from /opt/airflow/dags/dag_1.py
[2026-06-01T10:12:17.820+0000] {processor.py:840} INFO - DAG(s) 'my_first_test_dag' retrieved from /opt/airflow/dags/dag_1.py
[2026-06-01T10:12:17.844+0000] {logging_mixin.py:188} INFO - [2026-06-01T10:12:17.844+0000] {dag.py:3047} INFO - Sync 1 DAGs
[2026-06-01T10:12:17.856+0000] {logging_mixin.py:188} INFO - [2026-06-01T10:12:17.855+0000] {dag.py:3834} INFO - Setting next_dagrun for my_first_test_dag to None, run_after=None
[2026-06-01T10:12:17.878+0000] {processor.py:183} INFO - Processing /opt/airflow/dags/dag_1.py took 0.075 seconds
[2026-06-01T10:12:48.103+0000] {processor.py:161} INFO - Started process (PID=1390) to work on /opt/airflow/dags/dag_1.py
[2026-06-01T10:12:48.104+0000] {processor.py:830} INFO - Processing file /opt/airflow/dags/dag_1.py for tasks to queue
[2026-06-01T10:12:48.105+0000] {logging_mixin.py:188} INFO - [2026-06-01T10:12:48.104+0000] {dagbag.py:540} INFO - Filling up the DagBag from /opt/airflow/dags/dag_1.py
[2026-06-01T10:12:48.127+0000] {processor.py:840} INFO - DAG(s) 'my_first_test_dag' retrieved from /opt/airflow/dags/dag_1.py
[2026-06-01T10:12:48.154+0000] {logging_mixin.py:188} INFO - [2026-06-01T10:12:48.154+0000] {dag.py:3047} INFO - Sync 1 DAGs
[2026-06-01T10:12:48.165+0000] {logging_mixin.py:188} INFO - [2026-06-01T10:12:48.165+0000] {dag.py:3834} INFO - Setting next_dagrun for my_first_test_dag to None, run_after=None
[2026-06-01T10:12:48.190+0000] {processor.py:183} INFO - Processing /opt/airflow/dags/dag_1.py took 0.090 seconds
[2026-06-01T10:13:18.309+0000] {processor.py:161} INFO - Started process (PID=1400) to work on /opt/airflow/dags/dag_1.py
[2026-06-01T10:13:18.311+0000] {processor.py:830} INFO - Processing file /opt/airflow/dags/dag_1.py for tasks to queue
[2026-06-01T10:13:18.311+0000] {logging_mixin.py:188} INFO - [2026-06-01T10:13:18.311+0000] {dagbag.py:540} INFO - Filling up the DagBag from /opt/airflow/dags/dag_1.py
[2026-06-01T10:13:18.323+0000] {processor.py:840} INFO - DAG(s) 'my_first_test_dag' retrieved from /opt/airflow/dags/dag_1.py
[2026-06-01T10:13:18.356+0000] {logging_mixin.py:188} INFO - [2026-06-01T10:13:18.356+0000] {dag.py:3047} INFO - Sync 1 DAGs
[2026-06-01T10:13:18.369+0000] {logging_mixin.py:188} INFO - [2026-06-01T10:13:18.369+0000] {dag.py:3834} INFO - Setting next_dagrun for my_first_test_dag to None, run_after=None
[2026-06-01T10:13:18.394+0000] {processor.py:183} INFO - Processing /opt/airflow/dags/dag_1.py took 0.088 seconds
[2026-06-01T10:13:48.560+0000] {processor.py:161} INFO - Started process (PID=1410) to work on /opt/airflow/dags/dag_1.py
[2026-06-01T10:13:48.561+0000] {processor.py:830} INFO - Processing file /opt/airflow/dags/dag_1.py for tasks to queue
[2026-06-01T10:13:48.561+0000] {logging_mixin.py:188} INFO - [2026-06-01T10:13:48.561+0000] {dagbag.py:540} INFO - Filling up the DagBag from /opt/airflow/dags/dag_1.py
[2026-06-01T10:13:48.578+0000] {processor.py:840} INFO - DAG(s) 'my_first_test_dag' retrieved from /opt/airflow/dags/dag_1.py
[2026-06-01T10:13:48.605+0000] {logging_mixin.py:188} INFO - [2026-06-01T10:13:48.605+0000] {dag.py:3047} INFO - Sync 1 DAGs
[2026-06-01T10:13:48.616+0000] {logging_mixin.py:188} INFO - [2026-06-01T10:13:48.616+0000] {dag.py:3834} INFO - Setting next_dagrun for my_first_test_dag to None, run_after=None
[2026-06-01T10:13:48.639+0000] {processor.py:183} INFO - Processing /opt/airflow/dags/dag_1.py took 0.082 seconds
[2026-06-01T10:14:18.787+0000] {processor.py:161} INFO - Started process (PID=1420) to work on /opt/airflow/dags/dag_1.py
[2026-06-01T10:14:18.788+0000] {processor.py:830} INFO - Processing file /opt/airflow/dags/dag_1.py for tasks to queue
[2026-06-01T10:14:18.789+0000] {logging_mixin.py:188} INFO - [2026-06-01T10:14:18.788+0000] {dagbag.py:540} INFO - Filling up the DagBag from /opt/airflow/dags/dag_1.py
[2026-06-01T10:14:18.802+0000] {processor.py:840} INFO - DAG(s) 'my_first_test_dag' retrieved from /opt/airflow/dags/dag_1.py
[2026-06-01T10:14:18.825+0000] {logging_mixin.py:188} INFO - [2026-06-01T10:14:18.825+0000] {dag.py:3047} INFO - Sync 1 DAGs
[2026-06-01T10:14:18.837+0000] {logging_mixin.py:188} INFO - [2026-06-01T10:14:18.837+0000] {dag.py:3834} INFO - Setting next_dagrun for my_first_test_dag to None, run_after=None
[2026-06-01T10:14:18.856+0000] {processor.py:183} INFO - Processing /opt/airflow/dags/dag_1.py took 0.072 seconds
[2026-06-01T10:14:49.059+0000] {processor.py:161} INFO - Started process (PID=1430) to work on /opt/airflow/dags/dag_1.py
[2026-06-01T10:14:49.060+0000] {processor.py:830} INFO - Processing file /opt/airflow/dags/dag_1.py for tasks to queue
[2026-06-01T10:14:49.061+0000] {logging_mixin.py:188} INFO - [2026-06-01T10:14:49.060+0000] {dagbag.py:540} INFO - Filling up the DagBag from /opt/airflow/dags/dag_1.py
[2026-06-01T10:14:49.073+0000] {processor.py:840} INFO - DAG(s) 'my_first_test_dag' retrieved from /opt/airflow/dags/dag_1.py
[2026-06-01T10:14:49.099+0000] {logging_mixin.py:188} INFO - [2026-06-01T10:14:49.099+0000] {dag.py:3047} INFO - Sync 1 DAGs
[2026-06-01T10:14:49.112+0000] {logging_mixin.py:188} INFO - [2026-06-01T10:14:49.112+0000] {dag.py:3834} INFO - Setting next_dagrun for my_first_test_dag to None, run_after=None
[2026-06-01T10:14:49.131+0000] {processor.py:183} INFO - Processing /opt/airflow/dags/dag_1.py took 0.076 seconds
[2026-06-01T10:15:19.279+0000] {processor.py:161} INFO - Started process (PID=1440) to work on /opt/airflow/dags/dag_1.py
[2026-06-01T10:15:19.280+0000] {processor.py:830} INFO - Processing file /opt/airflow/dags/dag_1.py for tasks to queue
[2026-06-01T10:15:19.281+0000] {logging_mixin.py:188} INFO - [2026-06-01T10:15:19.281+0000] {dagbag.py:540} INFO - Filling up the DagBag from /opt/airflow/dags/dag_1.py
[2026-06-01T10:15:19.297+0000] {processor.py:840} INFO - DAG(s) 'my_first_test_dag' retrieved from /opt/airflow/dags/dag_1.py
[2026-06-01T10:15:19.322+0000] {logging_mixin.py:188} INFO - [2026-06-01T10:15:19.322+0000] {dag.py:3047} INFO - Sync 1 DAGs
[2026-06-01T10:15:19.338+0000] {logging_mixin.py:188} INFO - [2026-06-01T10:15:19.337+0000] {dag.py:3834} INFO - Setting next_dagrun for my_first_test_dag to None, run_after=None
[2026-06-01T10:15:19.466+0000] {processor.py:183} INFO - Processing /opt/airflow/dags/dag_1.py took 0.190 seconds
[2026-06-01T10:15:49.806+0000] {processor.py:161} INFO - Started process (PID=1450) to work on /opt/airflow/dags/dag_1.py
[2026-06-01T10:15:49.807+0000] {processor.py:830} INFO - Processing file /opt/airflow/dags/dag_1.py for tasks to queue
[2026-06-01T10:15:49.808+0000] {logging_mixin.py:188} INFO - [2026-06-01T10:15:49.807+0000] {dagbag.py:540} INFO - Filling up the DagBag from /opt/airflow/dags/dag_1.py
[2026-06-01T10:15:49.822+0000] {processor.py:840} INFO - DAG(s) 'my_first_test_dag' retrieved from /opt/airflow/dags/dag_1.py
[2026-06-01T10:15:49.847+0000] {logging_mixin.py:188} INFO - [2026-06-01T10:15:49.846+0000] {dag.py:3047} INFO - Sync 1 DAGs
[2026-06-01T10:15:49.859+0000] {logging_mixin.py:188} INFO - [2026-06-01T10:15:49.859+0000] {dag.py:3834} INFO - Setting next_dagrun for my_first_test_dag to None, run_after=None
[2026-06-01T10:15:49.880+0000] {processor.py:183} INFO - Processing /opt/airflow/dags/dag_1.py took 0.077 seconds
[2026-06-01T10:16:20.053+0000] {processor.py:161} INFO - Started process (PID=1460) to work on /opt/airflow/dags/dag_1.py
[2026-06-01T10:16:20.055+0000] {processor.py:830} INFO - Processing file /opt/airflow/dags/dag_1.py for tasks to queue
[2026-06-01T10:16:20.055+0000] {logging_mixin.py:188} INFO - [2026-06-01T10:16:20.055+0000] {dagbag.py:540} INFO - Filling up the DagBag from /opt/airflow/dags/dag_1.py
[2026-06-01T10:16:20.072+0000] {processor.py:840} INFO - DAG(s) 'my_first_test_dag' retrieved from /opt/airflow/dags/dag_1.py
[2026-06-01T10:16:20.100+0000] {logging_mixin.py:188} INFO - [2026-06-01T10:16:20.100+0000] {dag.py:3047} INFO - Sync 1 DAGs
[2026-06-01T10:16:20.115+0000] {logging_mixin.py:188} INFO - [2026-06-01T10:16:20.115+0000] {dag.py:3834} INFO - Setting next_dagrun for my_first_test_dag to None, run_after=None
[2026-06-01T10:16:20.141+0000] {processor.py:183} INFO - Processing /opt/airflow/dags/dag_1.py took 0.091 seconds
[2026-06-01T10:16:50.293+0000] {processor.py:161} INFO - Started process (PID=1470) to work on /opt/airflow/dags/dag_1.py
[2026-06-01T10:16:50.349+0000] {processor.py:830} INFO - Processing file /opt/airflow/dags/dag_1.py for tasks to queue
[2026-06-01T10:16:50.351+0000] {logging_mixin.py:188} INFO - [2026-06-01T10:16:50.351+0000] {dagbag.py:540} INFO - Filling up the DagBag from /opt/airflow/dags/dag_1.py
[2026-06-01T10:16:50.385+0000] {processor.py:840} INFO - DAG(s) 'my_first_test_dag' retrieved from /opt/airflow/dags/dag_1.py
[2026-06-01T10:16:50.415+0000] {logging_mixin.py:188} INFO - [2026-06-01T10:16:50.415+0000] {dag.py:3047} INFO - Sync 1 DAGs
[2026-06-01T10:16:50.428+0000] {logging_mixin.py:188} INFO - [2026-06-01T10:16:50.428+0000] {dag.py:3834} INFO - Setting next_dagrun for my_first_test_dag to None, run_after=None
[2026-06-01T10:16:50.451+0000] {processor.py:183} INFO - Processing /opt/airflow/dags/dag_1.py took 0.162 seconds
[2026-06-01T10:17:20.667+0000] {processor.py:161} INFO - Started process (PID=1480) to work on /opt/airflow/dags/dag_1.py
[2026-06-01T10:17:20.668+0000] {processor.py:830} INFO - Processing file /opt/airflow/dags/dag_1.py for tasks to queue
[2026-06-01T10:17:20.669+0000] {logging_mixin.py:188} INFO - [2026-06-01T10:17:20.669+0000] {dagbag.py:540} INFO - Filling up the DagBag from /opt/airflow/dags/dag_1.py
[2026-06-01T10:17:20.688+0000] {processor.py:840} INFO - DAG(s) 'my_first_test_dag' retrieved from /opt/airflow/dags/dag_1.py
[2026-06-01T10:17:20.716+0000] {logging_mixin.py:188} INFO - [2026-06-01T10:17:20.716+0000] {dag.py:3047} INFO - Sync 1 DAGs
[2026-06-01T10:17:20.733+0000] {logging_mixin.py:188} INFO - [2026-06-01T10:17:20.733+0000] {dag.py:3834} INFO - Setting next_dagrun for my_first_test_dag to None, run_after=None
[2026-06-01T10:17:20.758+0000] {processor.py:183} INFO - Processing /opt/airflow/dags/dag_1.py took 0.093 seconds
[2026-06-01T10:17:50.911+0000] {processor.py:161} INFO - Started process (PID=1490) to work on /opt/airflow/dags/dag_1.py
[2026-06-01T10:17:50.912+0000] {processor.py:830} INFO - Processing file /opt/airflow/dags/dag_1.py for tasks to queue
[2026-06-01T10:17:50.913+0000] {logging_mixin.py:188} INFO - [2026-06-01T10:17:50.913+0000] {dagbag.py:540} INFO - Filling up the DagBag from /opt/airflow/dags/dag_1.py
[2026-06-01T10:17:50.927+0000] {processor.py:840} INFO - DAG(s) 'my_first_test_dag' retrieved from /opt/airflow/dags/dag_1.py
[2026-06-01T10:17:50.953+0000] {logging_mixin.py:188} INFO - [2026-06-01T10:17:50.953+0000] {dag.py:3047} INFO - Sync 1 DAGs
[2026-06-01T10:17:50.969+0000] {logging_mixin.py:188} INFO - [2026-06-01T10:17:50.969+0000] {dag.py:3834} INFO - Setting next_dagrun for my_first_test_dag to None, run_after=None
[2026-06-01T10:17:50.994+0000] {processor.py:183} INFO - Processing /opt/airflow/dags/dag_1.py took 0.087 seconds
[2026-06-01T10:18:21.277+0000] {processor.py:161} INFO - Started process (PID=1500) to work on /opt/airflow/dags/dag_1.py
[2026-06-01T10:18:21.277+0000] {processor.py:830} INFO - Processing file /opt/airflow/dags/dag_1.py for tasks to queue
[2026-06-01T10:18:21.278+0000] {logging_mixin.py:188} INFO - [2026-06-01T10:18:21.278+0000] {dagbag.py:540} INFO - Filling up the DagBag from /opt/airflow/dags/dag_1.py
[2026-06-01T10:18:21.294+0000] {processor.py:840} INFO - DAG(s) 'my_first_test_dag' retrieved from /opt/airflow/dags/dag_1.py
[2026-06-01T10:18:21.326+0000] {logging_mixin.py:188} INFO - [2026-06-01T10:18:21.326+0000] {dag.py:3047} INFO - Sync 1 DAGs
[2026-06-01T10:18:21.340+0000] {logging_mixin.py:188} INFO - [2026-06-01T10:18:21.340+0000] {dag.py:3834} INFO - Setting next_dagrun for my_first_test_dag to None, run_after=None
[2026-06-01T10:18:21.364+0000] {processor.py:183} INFO - Processing /opt/airflow/dags/dag_1.py took 0.091 seconds
[2026-06-01T10:18:51.723+0000] {processor.py:161} INFO - Started process (PID=1510) to work on /opt/airflow/dags/dag_1.py
[2026-06-01T10:18:51.724+0000] {processor.py:830} INFO - Processing file /opt/airflow/dags/dag_1.py for tasks to queue
[2026-06-01T10:18:51.725+0000] {logging_mixin.py:188} INFO - [2026-06-01T10:18:51.725+0000] {dagbag.py:540} INFO - Filling up the DagBag from /opt/airflow/dags/dag_1.py
[2026-06-01T10:18:51.739+0000] {processor.py:840} INFO - DAG(s) 'my_first_test_dag' retrieved from /opt/airflow/dags/dag_1.py
[2026-06-01T10:18:51.765+0000] {logging_mixin.py:188} INFO - [2026-06-01T10:18:51.765+0000] {dag.py:3047} INFO - Sync 1 DAGs
[2026-06-01T10:18:51.781+0000] {logging_mixin.py:188} INFO - [2026-06-01T10:18:51.781+0000] {dag.py:3834} INFO - Setting next_dagrun for my_first_test_dag to None, run_after=None
[2026-06-01T10:18:51.807+0000] {processor.py:183} INFO - Processing /opt/airflow/dags/dag_1.py took 0.087 seconds
[2026-06-01T10:19:22.038+0000] {processor.py:161} INFO - Started process (PID=1520) to work on /opt/airflow/dags/dag_1.py
[2026-06-01T10:19:22.039+0000] {processor.py:830} INFO - Processing file /opt/airflow/dags/dag_1.py for tasks to queue
[2026-06-01T10:19:22.040+0000] {logging_mixin.py:188} INFO - [2026-06-01T10:19:22.039+0000] {dagbag.py:540} INFO - Filling up the DagBag from /opt/airflow/dags/dag_1.py
[2026-06-01T10:19:22.057+0000] {processor.py:840} INFO - DAG(s) 'my_first_test_dag' retrieved from /opt/airflow/dags/dag_1.py
[2026-06-01T10:19:22.088+0000] {logging_mixin.py:188} INFO - [2026-06-01T10:19:22.088+0000] {dag.py:3047} INFO - Sync 1 DAGs
[2026-06-01T10:19:22.103+0000] {logging_mixin.py:188} INFO - [2026-06-01T10:19:22.103+0000] {dag.py:3834} INFO - Setting next_dagrun for my_first_test_dag to None, run_after=None
[2026-06-01T10:19:22.135+0000] {processor.py:183} INFO - Processing /opt/airflow/dags/dag_1.py took 0.101 seconds
[2026-06-01T10:19:52.320+0000] {processor.py:161} INFO - Started process (PID=1530) to work on /opt/airflow/dags/dag_1.py
[2026-06-01T10:19:52.322+0000] {processor.py:830} INFO - Processing file /opt/airflow/dags/dag_1.py for tasks to queue
[2026-06-01T10:19:52.323+0000] {logging_mixin.py:188} INFO - [2026-06-01T10:19:52.322+0000] {dagbag.py:540} INFO - Filling up the DagBag from /opt/airflow/dags/dag_1.py
[2026-06-01T10:19:52.339+0000] {processor.py:840} INFO - DAG(s) 'my_first_test_dag' retrieved from /opt/airflow/dags/dag_1.py
[2026-06-01T10:19:52.364+0000] {logging_mixin.py:188} INFO - [2026-06-01T10:19:52.364+0000] {dag.py:3047} INFO - Sync 1 DAGs
[2026-06-01T10:19:52.378+0000] {logging_mixin.py:188} INFO - [2026-06-01T10:19:52.378+0000] {dag.py:3834} INFO - Setting next_dagrun for my_first_test_dag to None, run_after=None
[2026-06-01T10:19:52.408+0000] {processor.py:183} INFO - Processing /opt/airflow/dags/dag_1.py took 0.091 seconds
[2026-06-01T10:20:22.583+0000] {processor.py:161} INFO - Started process (PID=1540) to work on /opt/airflow/dags/dag_1.py
[2026-06-01T10:20:22.585+0000] {processor.py:830} INFO - Processing file /opt/airflow/dags/dag_1.py for tasks to queue
[2026-06-01T10:20:22.586+0000] {logging_mixin.py:188} INFO - [2026-06-01T10:20:22.585+0000] {dagbag.py:540} INFO - Filling up the DagBag from /opt/airflow/dags/dag_1.py
[2026-06-01T10:20:22.605+0000] {processor.py:840} INFO - DAG(s) 'my_first_test_dag' retrieved from /opt/airflow/dags/dag_1.py
[2026-06-01T10:20:22.631+0000] {logging_mixin.py:188} INFO - [2026-06-01T10:20:22.631+0000] {dag.py:3047} INFO - Sync 1 DAGs
[2026-06-01T10:20:22.645+0000] {logging_mixin.py:188} INFO - [2026-06-01T10:20:22.645+0000] {dag.py:3834} INFO - Setting next_dagrun for my_first_test_dag to None, run_after=None
[2026-06-01T10:20:22.672+0000] {processor.py:183} INFO - Processing /opt/airflow/dags/dag_1.py took 0.092 seconds
[2026-06-01T10:20:52.831+0000] {processor.py:161} INFO - Started process (PID=1550) to work on /opt/airflow/dags/dag_1.py
[2026-06-01T10:20:52.834+0000] {processor.py:830} INFO - Processing file /opt/airflow/dags/dag_1.py for tasks to queue
[2026-06-01T10:20:52.836+0000] {logging_mixin.py:188} INFO - [2026-06-01T10:20:52.835+0000] {dagbag.py:540} INFO - Filling up the DagBag from /opt/airflow/dags/dag_1.py
[2026-06-01T10:20:52.857+0000] {processor.py:840} INFO - DAG(s) 'my_first_test_dag' retrieved from /opt/airflow/dags/dag_1.py
[2026-06-01T10:20:52.900+0000] {logging_mixin.py:188} INFO - [2026-06-01T10:20:52.899+0000] {dag.py:3047} INFO - Sync 1 DAGs
[2026-06-01T10:20:52.925+0000] {logging_mixin.py:188} INFO - [2026-06-01T10:20:52.925+0000] {dag.py:3834} INFO - Setting next_dagrun for my_first_test_dag to None, run_after=None
[2026-06-01T10:20:52.961+0000] {processor.py:183} INFO - Processing /opt/airflow/dags/dag_1.py took 0.134 seconds
[2026-06-01T10:21:23.260+0000] {processor.py:161} INFO - Started process (PID=1560) to work on /opt/airflow/dags/dag_1.py
[2026-06-01T10:21:23.261+0000] {processor.py:830} INFO - Processing file /opt/airflow/dags/dag_1.py for tasks to queue
[2026-06-01T10:21:23.263+0000] {logging_mixin.py:188} INFO - [2026-06-01T10:21:23.262+0000] {dagbag.py:540} INFO - Filling up the DagBag from /opt/airflow/dags/dag_1.py
[2026-06-01T10:21:23.280+0000] {processor.py:840} INFO - DAG(s) 'my_first_test_dag' retrieved from /opt/airflow/dags/dag_1.py
[2026-06-01T10:21:23.314+0000] {logging_mixin.py:188} INFO - [2026-06-01T10:21:23.312+0000] {dag.py:3047} INFO - Sync 1 DAGs
[2026-06-01T10:21:23.332+0000] {logging_mixin.py:188} INFO - [2026-06-01T10:21:23.331+0000] {dag.py:3834} INFO - Setting next_dagrun for my_first_test_dag to None, run_after=None
[2026-06-01T10:21:23.354+0000] {processor.py:183} INFO - Processing /opt/airflow/dags/dag_1.py took 0.098 seconds
[2026-06-01T10:21:53.482+0000] {processor.py:161} INFO - Started process (PID=1570) to work on /opt/airflow/dags/dag_1.py
[2026-06-01T10:21:53.483+0000] {processor.py:830} INFO - Processing file /opt/airflow/dags/dag_1.py for tasks to queue
[2026-06-01T10:21:53.485+0000] {logging_mixin.py:188} INFO - [2026-06-01T10:21:53.485+0000] {dagbag.py:540} INFO - Filling up the DagBag from /opt/airflow/dags/dag_1.py
[2026-06-01T10:21:53.501+0000] {processor.py:840} INFO - DAG(s) 'my_first_test_dag' retrieved from /opt/airflow/dags/dag_1.py
[2026-06-01T10:21:53.529+0000] {logging_mixin.py:188} INFO - [2026-06-01T10:21:53.529+0000] {dag.py:3047} INFO - Sync 1 DAGs
[2026-06-01T10:21:53.544+0000] {logging_mixin.py:188} INFO - [2026-06-01T10:21:53.543+0000] {dag.py:3834} INFO - Setting next_dagrun for my_first_test_dag to None, run_after=None
[2026-06-01T10:21:53.569+0000] {processor.py:183} INFO - Processing /opt/airflow/dags/dag_1.py took 0.091 seconds
[2026-06-01T10:22:23.700+0000] {processor.py:161} INFO - Started process (PID=1580) to work on /opt/airflow/dags/dag_1.py
[2026-06-01T10:22:23.702+0000] {processor.py:830} INFO - Processing file /opt/airflow/dags/dag_1.py for tasks to queue
[2026-06-01T10:22:23.703+0000] {logging_mixin.py:188} INFO - [2026-06-01T10:22:23.703+0000] {dagbag.py:540} INFO - Filling up the DagBag from /opt/airflow/dags/dag_1.py
[2026-06-01T10:22:23.722+0000] {processor.py:840} INFO - DAG(s) 'my_first_test_dag' retrieved from /opt/airflow/dags/dag_1.py
[2026-06-01T10:22:23.751+0000] {logging_mixin.py:188} INFO - [2026-06-01T10:22:23.751+0000] {dag.py:3047} INFO - Sync 1 DAGs
[2026-06-01T10:22:23.769+0000] {logging_mixin.py:188} INFO - [2026-06-01T10:22:23.769+0000] {dag.py:3834} INFO - Setting next_dagrun for my_first_test_dag to None, run_after=None
[2026-06-01T10:22:23.795+0000] {processor.py:183} INFO - Processing /opt/airflow/dags/dag_1.py took 0.099 seconds
[2026-06-01T10:22:54.031+0000] {processor.py:161} INFO - Started process (PID=1590) to work on /opt/airflow/dags/dag_1.py
[2026-06-01T10:22:54.031+0000] {processor.py:830} INFO - Processing file /opt/airflow/dags/dag_1.py for tasks to queue
[2026-06-01T10:22:54.032+0000] {logging_mixin.py:188} INFO - [2026-06-01T10:22:54.032+0000] {dagbag.py:540} INFO - Filling up the DagBag from /opt/airflow/dags/dag_1.py
[2026-06-01T10:22:54.045+0000] {processor.py:840} INFO - DAG(s) 'my_first_test_dag' retrieved from /opt/airflow/dags/dag_1.py
[2026-06-01T10:22:54.071+0000] {logging_mixin.py:188} INFO - [2026-06-01T10:22:54.071+0000] {dag.py:3047} INFO - Sync 1 DAGs
[2026-06-01T10:22:54.088+0000] {logging_mixin.py:188} INFO - [2026-06-01T10:22:54.088+0000] {dag.py:3834} INFO - Setting next_dagrun for my_first_test_dag to None, run_after=None
[2026-06-01T10:22:54.110+0000] {processor.py:183} INFO - Processing /opt/airflow/dags/dag_1.py took 0.081 seconds
[2026-06-01T10:23:24.252+0000] {processor.py:161} INFO - Started process (PID=1600) to work on /opt/airflow/dags/dag_1.py
[2026-06-01T10:23:24.253+0000] {processor.py:830} INFO - Processing file /opt/airflow/dags/dag_1.py for tasks to queue
[2026-06-01T10:23:24.254+0000] {logging_mixin.py:188} INFO - [2026-06-01T10:23:24.253+0000] {dagbag.py:540} INFO - Filling up the DagBag from /opt/airflow/dags/dag_1.py
[2026-06-01T10:23:24.265+0000] {processor.py:840} INFO - DAG(s) 'my_first_test_dag' retrieved from /opt/airflow/dags/dag_1.py
[2026-06-01T10:23:24.293+0000] {logging_mixin.py:188} INFO - [2026-06-01T10:23:24.293+0000] {dag.py:3047} INFO - Sync 1 DAGs
[2026-06-01T10:23:24.307+0000] {logging_mixin.py:188} INFO - [2026-06-01T10:23:24.307+0000] {dag.py:3834} INFO - Setting next_dagrun for my_first_test_dag to None, run_after=None
[2026-06-01T10:23:24.327+0000] {processor.py:183} INFO - Processing /opt/airflow/dags/dag_1.py took 0.077 seconds
[2026-06-01T10:23:54.499+0000] {processor.py:161} INFO - Started process (PID=1610) to work on /opt/airflow/dags/dag_1.py
[2026-06-01T10:23:54.500+0000] {processor.py:830} INFO - Processing file /opt/airflow/dags/dag_1.py for tasks to queue
[2026-06-01T10:23:54.500+0000] {logging_mixin.py:188} INFO - [2026-06-01T10:23:54.500+0000] {dagbag.py:540} INFO - Filling up the DagBag from /opt/airflow/dags/dag_1.py
[2026-06-01T10:23:54.513+0000] {processor.py:840} INFO - DAG(s) 'my_first_test_dag' retrieved from /opt/airflow/dags/dag_1.py
[2026-06-01T10:23:54.535+0000] {logging_mixin.py:188} INFO - [2026-06-01T10:23:54.535+0000] {dag.py:3047} INFO - Sync 1 DAGs
[2026-06-01T10:23:54.549+0000] {logging_mixin.py:188} INFO - [2026-06-01T10:23:54.548+0000] {dag.py:3834} INFO - Setting next_dagrun for my_first_test_dag to None, run_after=None
[2026-06-01T10:23:54.569+0000] {processor.py:183} INFO - Processing /opt/airflow/dags/dag_1.py took 0.073 seconds
[2026-06-01T10:24:24.816+0000] {processor.py:161} INFO - Started process (PID=1620) to work on /opt/airflow/dags/dag_1.py
[2026-06-01T10:24:24.817+0000] {processor.py:830} INFO - Processing file /opt/airflow/dags/dag_1.py for tasks to queue
[2026-06-01T10:24:24.818+0000] {logging_mixin.py:188} INFO - [2026-06-01T10:24:24.818+0000] {dagbag.py:540} INFO - Filling up the DagBag from /opt/airflow/dags/dag_1.py
[2026-06-01T10:24:24.831+0000] {processor.py:840} INFO - DAG(s) 'my_first_test_dag' retrieved from /opt/airflow/dags/dag_1.py
[2026-06-01T10:24:24.860+0000] {logging_mixin.py:188} INFO - [2026-06-01T10:24:24.859+0000] {dag.py:3047} INFO - Sync 1 DAGs
[2026-06-01T10:24:24.872+0000] {logging_mixin.py:188} INFO - [2026-06-01T10:24:24.872+0000] {dag.py:3834} INFO - Setting next_dagrun for my_first_test_dag to None, run_after=None
[2026-06-01T10:24:24.896+0000] {processor.py:183} INFO - Processing /opt/airflow/dags/dag_1.py took 0.083 seconds
[2026-06-01T10:24:55.198+0000] {processor.py:161} INFO - Started process (PID=1630) to work on /opt/airflow/dags/dag_1.py
[2026-06-01T10:24:55.199+0000] {processor.py:830} INFO - Processing file /opt/airflow/dags/dag_1.py for tasks to queue
[2026-06-01T10:24:55.201+0000] {logging_mixin.py:188} INFO - [2026-06-01T10:24:55.201+0000] {dagbag.py:540} INFO - Filling up the DagBag from /opt/airflow/dags/dag_1.py
[2026-06-01T10:24:55.216+0000] {processor.py:840} INFO - DAG(s) 'my_first_test_dag' retrieved from /opt/airflow/dags/dag_1.py
[2026-06-01T10:24:55.242+0000] {logging_mixin.py:188} INFO - [2026-06-01T10:24:55.241+0000] {dag.py:3047} INFO - Sync 1 DAGs
[2026-06-01T10:24:55.255+0000] {logging_mixin.py:188} INFO - [2026-06-01T10:24:55.254+0000] {dag.py:3834} INFO - Setting next_dagrun for my_first_test_dag to None, run_after=None
[2026-06-01T10:24:55.284+0000] {processor.py:183} INFO - Processing /opt/airflow/dags/dag_1.py took 0.088 seconds
[2026-06-01T10:25:25.484+0000] {processor.py:161} INFO - Started process (PID=1640) to work on /opt/airflow/dags/dag_1.py
[2026-06-01T10:25:25.486+0000] {processor.py:830} INFO - Processing file /opt/airflow/dags/dag_1.py for tasks to queue
[2026-06-01T10:25:25.487+0000] {logging_mixin.py:188} INFO - [2026-06-01T10:25:25.487+0000] {dagbag.py:540} INFO - Filling up the DagBag from /opt/airflow/dags/dag_1.py
[2026-06-01T10:25:25.502+0000] {processor.py:840} INFO - DAG(s) 'my_first_test_dag' retrieved from /opt/airflow/dags/dag_1.py
[2026-06-01T10:25:25.533+0000] {logging_mixin.py:188} INFO - [2026-06-01T10:25:25.533+0000] {dag.py:3047} INFO - Sync 1 DAGs
[2026-06-01T10:25:25.552+0000] {logging_mixin.py:188} INFO - [2026-06-01T10:25:25.552+0000] {dag.py:3834} INFO - Setting next_dagrun for my_first_test_dag to None, run_after=None
[2026-06-01T10:25:25.577+0000] {processor.py:183} INFO - Processing /opt/airflow/dags/dag_1.py took 0.100 seconds
[2026-06-01T10:25:55.813+0000] {processor.py:161} INFO - Started process (PID=1650) to work on /opt/airflow/dags/dag_1.py
[2026-06-01T10:25:55.815+0000] {processor.py:830} INFO - Processing file /opt/airflow/dags/dag_1.py for tasks to queue
[2026-06-01T10:25:55.816+0000] {logging_mixin.py:188} INFO - [2026-06-01T10:25:55.816+0000] {dagbag.py:540} INFO - Filling up the DagBag from /opt/airflow/dags/dag_1.py
[2026-06-01T10:25:55.838+0000] {processor.py:840} INFO - DAG(s) 'my_first_test_dag' retrieved from /opt/airflow/dags/dag_1.py
[2026-06-01T10:25:55.889+0000] {logging_mixin.py:188} INFO - [2026-06-01T10:25:55.889+0000] {dag.py:3047} INFO - Sync 1 DAGs
[2026-06-01T10:25:55.909+0000] {logging_mixin.py:188} INFO - [2026-06-01T10:25:55.909+0000] {dag.py:3834} INFO - Setting next_dagrun for my_first_test_dag to None, run_after=None
[2026-06-01T10:25:55.935+0000] {processor.py:183} INFO - Processing /opt/airflow/dags/dag_1.py took 0.126 seconds
[2026-06-01T10:26:26.008+0000] {processor.py:161} INFO - Started process (PID=1660) to work on /opt/airflow/dags/dag_1.py
[2026-06-01T10:26:26.011+0000] {processor.py:830} INFO - Processing file /opt/airflow/dags/dag_1.py for tasks to queue
[2026-06-01T10:26:26.017+0000] {logging_mixin.py:188} INFO - [2026-06-01T10:26:26.016+0000] {dagbag.py:540} INFO - Filling up the DagBag from /opt/airflow/dags/dag_1.py
[2026-06-01T10:26:26.044+0000] {processor.py:840} INFO - DAG(s) 'my_first_test_dag' retrieved from /opt/airflow/dags/dag_1.py
[2026-06-01T10:26:26.082+0000] {logging_mixin.py:188} INFO - [2026-06-01T10:26:26.082+0000] {dag.py:3047} INFO - Sync 1 DAGs
[2026-06-01T10:26:26.097+0000] {logging_mixin.py:188} INFO - [2026-06-01T10:26:26.096+0000] {dag.py:3834} INFO - Setting next_dagrun for my_first_test_dag to None, run_after=None
[2026-06-01T10:26:26.117+0000] {processor.py:183} INFO - Processing /opt/airflow/dags/dag_1.py took 0.117 seconds
[2026-06-01T10:26:56.343+0000] {processor.py:161} INFO - Started process (PID=1670) to work on /opt/airflow/dags/dag_1.py
[2026-06-01T10:26:56.345+0000] {processor.py:830} INFO - Processing file /opt/airflow/dags/dag_1.py for tasks to queue
[2026-06-01T10:26:56.346+0000] {logging_mixin.py:188} INFO - [2026-06-01T10:26:56.346+0000] {dagbag.py:540} INFO - Filling up the DagBag from /opt/airflow/dags/dag_1.py
[2026-06-01T10:26:56.362+0000] {processor.py:840} INFO - DAG(s) 'my_first_test_dag' retrieved from /opt/airflow/dags/dag_1.py
[2026-06-01T10:26:56.394+0000] {logging_mixin.py:188} INFO - [2026-06-01T10:26:56.394+0000] {dag.py:3047} INFO - Sync 1 DAGs
[2026-06-01T10:26:56.411+0000] {logging_mixin.py:188} INFO - [2026-06-01T10:26:56.411+0000] {dag.py:3834} INFO - Setting next_dagrun for my_first_test_dag to None, run_after=None
[2026-06-01T10:26:56.441+0000] {processor.py:183} INFO - Processing /opt/airflow/dags/dag_1.py took 0.101 seconds
[2026-06-01T10:27:26.559+0000] {processor.py:161} INFO - Started process (PID=1680) to work on /opt/airflow/dags/dag_1.py
[2026-06-01T10:27:26.560+0000] {processor.py:830} INFO - Processing file /opt/airflow/dags/dag_1.py for tasks to queue
[2026-06-01T10:27:26.561+0000] {logging_mixin.py:188} INFO - [2026-06-01T10:27:26.561+0000] {dagbag.py:540} INFO - Filling up the DagBag from /opt/airflow/dags/dag_1.py
[2026-06-01T10:27:26.579+0000] {processor.py:840} INFO - DAG(s) 'my_first_test_dag' retrieved from /opt/airflow/dags/dag_1.py
[2026-06-01T10:27:26.610+0000] {logging_mixin.py:188} INFO - [2026-06-01T10:27:26.610+0000] {dag.py:3047} INFO - Sync 1 DAGs
[2026-06-01T10:27:26.623+0000] {logging_mixin.py:188} INFO - [2026-06-01T10:27:26.623+0000] {dag.py:3834} INFO - Setting next_dagrun for my_first_test_dag to None, run_after=None
[2026-06-01T10:27:26.651+0000] {processor.py:183} INFO - Processing /opt/airflow/dags/dag_1.py took 0.096 seconds
[2026-06-01T10:27:56.910+0000] {processor.py:161} INFO - Started process (PID=1690) to work on /opt/airflow/dags/dag_1.py
[2026-06-01T10:27:56.911+0000] {processor.py:830} INFO - Processing file /opt/airflow/dags/dag_1.py for tasks to queue
[2026-06-01T10:27:56.912+0000] {logging_mixin.py:188} INFO - [2026-06-01T10:27:56.912+0000] {dagbag.py:540} INFO - Filling up the DagBag from /opt/airflow/dags/dag_1.py
[2026-06-01T10:27:56.931+0000] {processor.py:840} INFO - DAG(s) 'my_first_test_dag' retrieved from /opt/airflow/dags/dag_1.py
[2026-06-01T10:27:56.963+0000] {logging_mixin.py:188} INFO - [2026-06-01T10:27:56.963+0000] {dag.py:3047} INFO - Sync 1 DAGs
[2026-06-01T10:27:56.981+0000] {logging_mixin.py:188} INFO - [2026-06-01T10:27:56.981+0000] {dag.py:3834} INFO - Setting next_dagrun for my_first_test_dag to None, run_after=None
[2026-06-01T10:27:57.004+0000] {processor.py:183} INFO - Processing /opt/airflow/dags/dag_1.py took 0.097 seconds
[2026-06-01T10:28:27.163+0000] {processor.py:161} INFO - Started process (PID=1700) to work on /opt/airflow/dags/dag_1.py
[2026-06-01T10:28:27.164+0000] {processor.py:830} INFO - Processing file /opt/airflow/dags/dag_1.py for tasks to queue
[2026-06-01T10:28:27.165+0000] {logging_mixin.py:188} INFO - [2026-06-01T10:28:27.165+0000] {dagbag.py:540} INFO - Filling up the DagBag from /opt/airflow/dags/dag_1.py
[2026-06-01T10:28:27.180+0000] {processor.py:840} INFO - DAG(s) 'my_first_test_dag' retrieved from /opt/airflow/dags/dag_1.py
[2026-06-01T10:28:27.215+0000] {logging_mixin.py:188} INFO - [2026-06-01T10:28:27.215+0000] {dag.py:3047} INFO - Sync 1 DAGs
[2026-06-01T10:28:27.236+0000] {logging_mixin.py:188} INFO - [2026-06-01T10:28:27.236+0000] {dag.py:3834} INFO - Setting next_dagrun for my_first_test_dag to None, run_after=None
[2026-06-01T10:28:27.259+0000] {processor.py:183} INFO - Processing /opt/airflow/dags/dag_1.py took 0.099 seconds
[2026-06-01T10:28:57.489+0000] {processor.py:161} INFO - Started process (PID=1710) to work on /opt/airflow/dags/dag_1.py
[2026-06-01T10:28:57.490+0000] {processor.py:830} INFO - Processing file /opt/airflow/dags/dag_1.py for tasks to queue
[2026-06-01T10:28:57.492+0000] {logging_mixin.py:188} INFO - [2026-06-01T10:28:57.491+0000] {dagbag.py:540} INFO - Filling up the DagBag from /opt/airflow/dags/dag_1.py
[2026-06-01T10:28:57.509+0000] {processor.py:840} INFO - DAG(s) 'my_first_test_dag' retrieved from /opt/airflow/dags/dag_1.py
[2026-06-01T10:28:57.537+0000] {logging_mixin.py:188} INFO - [2026-06-01T10:28:57.537+0000] {dag.py:3047} INFO - Sync 1 DAGs
[2026-06-01T10:28:57.553+0000] {logging_mixin.py:188} INFO - [2026-06-01T10:28:57.552+0000] {dag.py:3834} INFO - Setting next_dagrun for my_first_test_dag to None, run_after=None
[2026-06-01T10:28:57.580+0000] {processor.py:183} INFO - Processing /opt/airflow/dags/dag_1.py took 0.093 seconds
[2026-06-01T10:29:27.713+0000] {processor.py:161} INFO - Started process (PID=1720) to work on /opt/airflow/dags/dag_1.py
[2026-06-01T10:29:27.714+0000] {processor.py:830} INFO - Processing file /opt/airflow/dags/dag_1.py for tasks to queue
[2026-06-01T10:29:27.715+0000] {logging_mixin.py:188} INFO - [2026-06-01T10:29:27.714+0000] {dagbag.py:540} INFO - Filling up the DagBag from /opt/airflow/dags/dag_1.py
[2026-06-01T10:29:27.729+0000] {processor.py:840} INFO - DAG(s) 'my_first_test_dag' retrieved from /opt/airflow/dags/dag_1.py
[2026-06-01T10:29:27.766+0000] {logging_mixin.py:188} INFO - [2026-06-01T10:29:27.765+0000] {dag.py:3047} INFO - Sync 1 DAGs
[2026-06-01T10:29:27.785+0000] {logging_mixin.py:188} INFO - [2026-06-01T10:29:27.785+0000] {dag.py:3834} INFO - Setting next_dagrun for my_first_test_dag to None, run_after=None
[2026-06-01T10:29:27.822+0000] {processor.py:183} INFO - Processing /opt/airflow/dags/dag_1.py took 0.113 seconds
[2026-06-01T10:29:58.103+0000] {processor.py:161} INFO - Started process (PID=1730) to work on /opt/airflow/dags/dag_1.py
[2026-06-01T10:29:58.105+0000] {processor.py:830} INFO - Processing file /opt/airflow/dags/dag_1.py for tasks to queue
[2026-06-01T10:29:58.107+0000] {logging_mixin.py:188} INFO - [2026-06-01T10:29:58.107+0000] {dagbag.py:540} INFO - Filling up the DagBag from /opt/airflow/dags/dag_1.py
[2026-06-01T10:29:58.122+0000] {processor.py:840} INFO - DAG(s) 'my_first_test_dag' retrieved from /opt/airflow/dags/dag_1.py
[2026-06-01T10:29:58.149+0000] {logging_mixin.py:188} INFO - [2026-06-01T10:29:58.149+0000] {dag.py:3047} INFO - Sync 1 DAGs
[2026-06-01T10:29:58.168+0000] {logging_mixin.py:188} INFO - [2026-06-01T10:29:58.168+0000] {dag.py:3834} INFO - Setting next_dagrun for my_first_test_dag to None, run_after=None
[2026-06-01T10:29:58.199+0000] {processor.py:183} INFO - Processing /opt/airflow/dags/dag_1.py took 0.098 seconds
[2026-06-01T10:30:28.676+0000] {processor.py:161} INFO - Started process (PID=1740) to work on /opt/airflow/dags/dag_1.py
[2026-06-01T10:30:28.680+0000] {processor.py:830} INFO - Processing file /opt/airflow/dags/dag_1.py for tasks to queue
[2026-06-01T10:30:28.709+0000] {logging_mixin.py:188} INFO - [2026-06-01T10:30:28.708+0000] {dagbag.py:540} INFO - Filling up the DagBag from /opt/airflow/dags/dag_1.py
[2026-06-01T10:30:28.982+0000] {processor.py:840} INFO - DAG(s) 'my_first_test_dag' retrieved from /opt/airflow/dags/dag_1.py
[2026-06-01T10:30:29.063+0000] {logging_mixin.py:188} INFO - [2026-06-01T10:30:29.062+0000] {dag.py:3047} INFO - Sync 1 DAGs
[2026-06-01T10:30:29.138+0000] {logging_mixin.py:188} INFO - [2026-06-01T10:30:29.137+0000] {dag.py:3834} INFO - Setting next_dagrun for my_first_test_dag to None, run_after=None
[2026-06-01T10:30:29.196+0000] {processor.py:183} INFO - Processing /opt/airflow/dags/dag_1.py took 0.526 seconds
[2026-06-01T10:30:59.434+0000] {processor.py:161} INFO - Started process (PID=1750) to work on /opt/airflow/dags/dag_1.py
[2026-06-01T10:30:59.435+0000] {processor.py:830} INFO - Processing file /opt/airflow/dags/dag_1.py for tasks to queue
[2026-06-01T10:30:59.436+0000] {logging_mixin.py:188} INFO - [2026-06-01T10:30:59.436+0000] {dagbag.py:540} INFO - Filling up the DagBag from /opt/airflow/dags/dag_1.py
[2026-06-01T10:30:59.453+0000] {processor.py:840} INFO - DAG(s) 'my_first_test_dag' retrieved from /opt/airflow/dags/dag_1.py
[2026-06-01T10:30:59.482+0000] {logging_mixin.py:188} INFO - [2026-06-01T10:30:59.482+0000] {dag.py:3047} INFO - Sync 1 DAGs
[2026-06-01T10:30:59.505+0000] {logging_mixin.py:188} INFO - [2026-06-01T10:30:59.505+0000] {dag.py:3834} INFO - Setting next_dagrun for my_first_test_dag to None, run_after=None
[2026-06-01T10:30:59.536+0000] {processor.py:183} INFO - Processing /opt/airflow/dags/dag_1.py took 0.105 seconds
[2026-06-01T10:31:29.830+0000] {processor.py:161} INFO - Started process (PID=1760) to work on /opt/airflow/dags/dag_1.py
[2026-06-01T10:31:29.831+0000] {processor.py:830} INFO - Processing file /opt/airflow/dags/dag_1.py for tasks to queue
[2026-06-01T10:31:29.832+0000] {logging_mixin.py:188} INFO - [2026-06-01T10:31:29.832+0000] {dagbag.py:540} INFO - Filling up the DagBag from /opt/airflow/dags/dag_1.py
[2026-06-01T10:31:29.851+0000] {processor.py:840} INFO - DAG(s) 'my_first_test_dag' retrieved from /opt/airflow/dags/dag_1.py
[2026-06-01T10:31:29.880+0000] {logging_mixin.py:188} INFO - [2026-06-01T10:31:29.879+0000] {dag.py:3047} INFO - Sync 1 DAGs
[2026-06-01T10:31:29.895+0000] {logging_mixin.py:188} INFO - [2026-06-01T10:31:29.895+0000] {dag.py:3834} INFO - Setting next_dagrun for my_first_test_dag to None, run_after=None
[2026-06-01T10:31:29.920+0000] {processor.py:183} INFO - Processing /opt/airflow/dags/dag_1.py took 0.093 seconds
[2026-06-01T10:32:00.185+0000] {processor.py:161} INFO - Started process (PID=1770) to work on /opt/airflow/dags/dag_1.py
[2026-06-01T10:32:00.186+0000] {processor.py:830} INFO - Processing file /opt/airflow/dags/dag_1.py for tasks to queue
[2026-06-01T10:32:00.187+0000] {logging_mixin.py:188} INFO - [2026-06-01T10:32:00.187+0000] {dagbag.py:540} INFO - Filling up the DagBag from /opt/airflow/dags/dag_1.py
[2026-06-01T10:32:00.209+0000] {processor.py:840} INFO - DAG(s) 'my_first_test_dag' retrieved from /opt/airflow/dags/dag_1.py
[2026-06-01T10:32:00.252+0000] {logging_mixin.py:188} INFO - [2026-06-01T10:32:00.252+0000] {dag.py:3047} INFO - Sync 1 DAGs
[2026-06-01T10:32:00.279+0000] {logging_mixin.py:188} INFO - [2026-06-01T10:32:00.279+0000] {dag.py:3834} INFO - Setting next_dagrun for my_first_test_dag to None, run_after=None
[2026-06-01T10:32:00.317+0000] {processor.py:183} INFO - Processing /opt/airflow/dags/dag_1.py took 0.135 seconds
[2026-06-01T10:32:30.415+0000] {processor.py:161} INFO - Started process (PID=1780) to work on /opt/airflow/dags/dag_1.py
[2026-06-01T10:32:30.416+0000] {processor.py:830} INFO - Processing file /opt/airflow/dags/dag_1.py for tasks to queue
[2026-06-01T10:32:30.419+0000] {logging_mixin.py:188} INFO - [2026-06-01T10:32:30.418+0000] {dagbag.py:540} INFO - Filling up the DagBag from /opt/airflow/dags/dag_1.py
[2026-06-01T10:32:30.438+0000] {processor.py:840} INFO - DAG(s) 'my_first_test_dag' retrieved from /opt/airflow/dags/dag_1.py
[2026-06-01T10:32:30.468+0000] {logging_mixin.py:188} INFO - [2026-06-01T10:32:30.468+0000] {dag.py:3047} INFO - Sync 1 DAGs
[2026-06-01T10:32:30.482+0000] {logging_mixin.py:188} INFO - [2026-06-01T10:32:30.482+0000] {dag.py:3834} INFO - Setting next_dagrun for my_first_test_dag to None, run_after=None
[2026-06-01T10:32:30.511+0000] {processor.py:183} INFO - Processing /opt/airflow/dags/dag_1.py took 0.100 seconds
[2026-06-01T10:33:00.740+0000] {processor.py:161} INFO - Started process (PID=1790) to work on /opt/airflow/dags/dag_1.py
[2026-06-01T10:33:00.741+0000] {processor.py:830} INFO - Processing file /opt/airflow/dags/dag_1.py for tasks to queue
[2026-06-01T10:33:00.743+0000] {logging_mixin.py:188} INFO - [2026-06-01T10:33:00.742+0000] {dagbag.py:540} INFO - Filling up the DagBag from /opt/airflow/dags/dag_1.py
[2026-06-01T10:33:00.777+0000] {processor.py:840} INFO - DAG(s) 'my_first_test_dag' retrieved from /opt/airflow/dags/dag_1.py
[2026-06-01T10:33:00.821+0000] {logging_mixin.py:188} INFO - [2026-06-01T10:33:00.820+0000] {dag.py:3047} INFO - Sync 1 DAGs
[2026-06-01T10:33:00.838+0000] {logging_mixin.py:188} INFO - [2026-06-01T10:33:00.838+0000] {dag.py:3834} INFO - Setting next_dagrun for my_first_test_dag to None, run_after=None
[2026-06-01T10:33:00.861+0000] {processor.py:183} INFO - Processing /opt/airflow/dags/dag_1.py took 0.126 seconds
[2026-06-01T10:33:31.141+0000] {processor.py:161} INFO - Started process (PID=1800) to work on /opt/airflow/dags/dag_1.py
[2026-06-01T10:33:31.142+0000] {processor.py:830} INFO - Processing file /opt/airflow/dags/dag_1.py for tasks to queue
[2026-06-01T10:33:31.143+0000] {logging_mixin.py:188} INFO - [2026-06-01T10:33:31.143+0000] {dagbag.py:540} INFO - Filling up the DagBag from /opt/airflow/dags/dag_1.py
[2026-06-01T10:33:31.157+0000] {processor.py:840} INFO - DAG(s) 'my_first_test_dag' retrieved from /opt/airflow/dags/dag_1.py
[2026-06-01T10:33:31.179+0000] {logging_mixin.py:188} INFO - [2026-06-01T10:33:31.179+0000] {dag.py:3047} INFO - Sync 1 DAGs
[2026-06-01T10:33:31.193+0000] {logging_mixin.py:188} INFO - [2026-06-01T10:33:31.193+0000] {dag.py:3834} INFO - Setting next_dagrun for my_first_test_dag to None, run_after=None
[2026-06-01T10:33:31.216+0000] {processor.py:183} INFO - Processing /opt/airflow/dags/dag_1.py took 0.077 seconds
[2026-06-01T10:34:01.380+0000] {processor.py:161} INFO - Started process (PID=1810) to work on /opt/airflow/dags/dag_1.py
[2026-06-01T10:34:01.381+0000] {processor.py:830} INFO - Processing file /opt/airflow/dags/dag_1.py for tasks to queue
[2026-06-01T10:34:01.382+0000] {logging_mixin.py:188} INFO - [2026-06-01T10:34:01.382+0000] {dagbag.py:540} INFO - Filling up the DagBag from /opt/airflow/dags/dag_1.py
[2026-06-01T10:34:01.396+0000] {processor.py:840} INFO - DAG(s) 'my_first_test_dag' retrieved from /opt/airflow/dags/dag_1.py
[2026-06-01T10:34:01.429+0000] {logging_mixin.py:188} INFO - [2026-06-01T10:34:01.429+0000] {dag.py:3047} INFO - Sync 1 DAGs
[2026-06-01T10:34:01.445+0000] {logging_mixin.py:188} INFO - [2026-06-01T10:34:01.445+0000] {dag.py:3834} INFO - Setting next_dagrun for my_first_test_dag to None, run_after=None
[2026-06-01T10:34:01.475+0000] {processor.py:183} INFO - Processing /opt/airflow/dags/dag_1.py took 0.098 seconds
[2026-06-01T10:34:31.795+0000] {processor.py:161} INFO - Started process (PID=1820) to work on /opt/airflow/dags/dag_1.py
[2026-06-01T10:34:31.797+0000] {processor.py:830} INFO - Processing file /opt/airflow/dags/dag_1.py for tasks to queue
[2026-06-01T10:34:31.798+0000] {logging_mixin.py:188} INFO - [2026-06-01T10:34:31.797+0000] {dagbag.py:540} INFO - Filling up the DagBag from /opt/airflow/dags/dag_1.py
[2026-06-01T10:34:31.814+0000] {processor.py:840} INFO - DAG(s) 'my_first_test_dag' retrieved from /opt/airflow/dags/dag_1.py
[2026-06-01T10:34:31.845+0000] {logging_mixin.py:188} INFO - [2026-06-01T10:34:31.845+0000] {dag.py:3047} INFO - Sync 1 DAGs
[2026-06-01T10:34:31.861+0000] {logging_mixin.py:188} INFO - [2026-06-01T10:34:31.861+0000] {dag.py:3834} INFO - Setting next_dagrun for my_first_test_dag to None, run_after=None
[2026-06-01T10:34:31.888+0000] {processor.py:183} INFO - Processing /opt/airflow/dags/dag_1.py took 0.095 seconds
[2026-06-01T10:35:02.124+0000] {processor.py:161} INFO - Started process (PID=1830) to work on /opt/airflow/dags/dag_1.py
[2026-06-01T10:35:02.126+0000] {processor.py:830} INFO - Processing file /opt/airflow/dags/dag_1.py for tasks to queue
[2026-06-01T10:35:02.127+0000] {logging_mixin.py:188} INFO - [2026-06-01T10:35:02.127+0000] {dagbag.py:540} INFO - Filling up the DagBag from /opt/airflow/dags/dag_1.py
[2026-06-01T10:35:02.151+0000] {processor.py:840} INFO - DAG(s) 'my_first_test_dag' retrieved from /opt/airflow/dags/dag_1.py
[2026-06-01T10:35:02.239+0000] {logging_mixin.py:188} INFO - [2026-06-01T10:35:02.239+0000] {dag.py:3047} INFO - Sync 1 DAGs
[2026-06-01T10:35:02.304+0000] {logging_mixin.py:188} INFO - [2026-06-01T10:35:02.302+0000] {dag.py:3834} INFO - Setting next_dagrun for my_first_test_dag to None, run_after=None
[2026-06-01T10:35:02.438+0000] {processor.py:183} INFO - Processing /opt/airflow/dags/dag_1.py took 0.319 seconds
[2026-06-01T10:35:32.691+0000] {processor.py:161} INFO - Started process (PID=1840) to work on /opt/airflow/dags/dag_1.py
[2026-06-01T10:35:32.692+0000] {processor.py:830} INFO - Processing file /opt/airflow/dags/dag_1.py for tasks to queue
[2026-06-01T10:35:32.693+0000] {logging_mixin.py:188} INFO - [2026-06-01T10:35:32.693+0000] {dagbag.py:540} INFO - Filling up the DagBag from /opt/airflow/dags/dag_1.py
[2026-06-01T10:35:32.718+0000] {processor.py:840} INFO - DAG(s) 'my_first_test_dag' retrieved from /opt/airflow/dags/dag_1.py
[2026-06-01T10:35:32.748+0000] {logging_mixin.py:188} INFO - [2026-06-01T10:35:32.748+0000] {dag.py:3047} INFO - Sync 1 DAGs
[2026-06-01T10:35:32.769+0000] {logging_mixin.py:188} INFO - [2026-06-01T10:35:32.769+0000] {dag.py:3834} INFO - Setting next_dagrun for my_first_test_dag to None, run_after=None
[2026-06-01T10:35:32.792+0000] {processor.py:183} INFO - Processing /opt/airflow/dags/dag_1.py took 0.104 seconds
[2026-06-01T10:36:03.013+0000] {processor.py:161} INFO - Started process (PID=1850) to work on /opt/airflow/dags/dag_1.py
[2026-06-01T10:36:03.015+0000] {processor.py:830} INFO - Processing file /opt/airflow/dags/dag_1.py for tasks to queue
[2026-06-01T10:36:03.017+0000] {logging_mixin.py:188} INFO - [2026-06-01T10:36:03.016+0000] {dagbag.py:540} INFO - Filling up the DagBag from /opt/airflow/dags/dag_1.py
[2026-06-01T10:36:03.051+0000] {processor.py:840} INFO - DAG(s) 'my_first_test_dag' retrieved from /opt/airflow/dags/dag_1.py
[2026-06-01T10:36:03.095+0000] {logging_mixin.py:188} INFO - [2026-06-01T10:36:03.095+0000] {dag.py:3047} INFO - Sync 1 DAGs
[2026-06-01T10:36:03.124+0000] {logging_mixin.py:188} INFO - [2026-06-01T10:36:03.123+0000] {dag.py:3834} INFO - Setting next_dagrun for my_first_test_dag to None, run_after=None
[2026-06-01T10:36:03.189+0000] {processor.py:183} INFO - Processing /opt/airflow/dags/dag_1.py took 0.181 seconds
[2026-06-01T10:36:33.378+0000] {processor.py:161} INFO - Started process (PID=1862) to work on /opt/airflow/dags/dag_1.py
[2026-06-01T10:36:33.380+0000] {processor.py:830} INFO - Processing file /opt/airflow/dags/dag_1.py for tasks to queue
[2026-06-01T10:36:33.381+0000] {logging_mixin.py:188} INFO - [2026-06-01T10:36:33.381+0000] {dagbag.py:540} INFO - Filling up the DagBag from /opt/airflow/dags/dag_1.py
[2026-06-01T10:36:33.397+0000] {processor.py:840} INFO - DAG(s) 'my_first_test_dag' retrieved from /opt/airflow/dags/dag_1.py
[2026-06-01T10:36:33.428+0000] {logging_mixin.py:188} INFO - [2026-06-01T10:36:33.428+0000] {dag.py:3047} INFO - Sync 1 DAGs
[2026-06-01T10:36:33.442+0000] {logging_mixin.py:188} INFO - [2026-06-01T10:36:33.442+0000] {dag.py:3834} INFO - Setting next_dagrun for my_first_test_dag to None, run_after=None
[2026-06-01T10:36:33.464+0000] {processor.py:183} INFO - Processing /opt/airflow/dags/dag_1.py took 0.090 seconds
[2026-06-01T10:37:03.570+0000] {processor.py:161} INFO - Started process (PID=1870) to work on /opt/airflow/dags/dag_1.py
[2026-06-01T10:37:03.570+0000] {processor.py:830} INFO - Processing file /opt/airflow/dags/dag_1.py for tasks to queue
[2026-06-01T10:37:03.571+0000] {logging_mixin.py:188} INFO - [2026-06-01T10:37:03.571+0000] {dagbag.py:540} INFO - Filling up the DagBag from /opt/airflow/dags/dag_1.py
[2026-06-01T10:37:03.592+0000] {processor.py:840} INFO - DAG(s) 'my_first_test_dag' retrieved from /opt/airflow/dags/dag_1.py
[2026-06-01T10:37:03.628+0000] {logging_mixin.py:188} INFO - [2026-06-01T10:37:03.628+0000] {dag.py:3047} INFO - Sync 1 DAGs
[2026-06-01T10:37:03.643+0000] {logging_mixin.py:188} INFO - [2026-06-01T10:37:03.643+0000] {dag.py:3834} INFO - Setting next_dagrun for my_first_test_dag to None, run_after=None
[2026-06-01T10:37:03.669+0000] {processor.py:183} INFO - Processing /opt/airflow/dags/dag_1.py took 0.103 seconds
[2026-06-01T10:37:33.863+0000] {processor.py:161} INFO - Started process (PID=1880) to work on /opt/airflow/dags/dag_1.py
[2026-06-01T10:37:33.865+0000] {processor.py:830} INFO - Processing file /opt/airflow/dags/dag_1.py for tasks to queue
[2026-06-01T10:37:33.866+0000] {logging_mixin.py:188} INFO - [2026-06-01T10:37:33.865+0000] {dagbag.py:540} INFO - Filling up the DagBag from /opt/airflow/dags/dag_1.py
[2026-06-01T10:37:33.891+0000] {processor.py:840} INFO - DAG(s) 'my_first_test_dag' retrieved from /opt/airflow/dags/dag_1.py
[2026-06-01T10:37:33.938+0000] {logging_mixin.py:188} INFO - [2026-06-01T10:37:33.938+0000] {dag.py:3047} INFO - Sync 1 DAGs
[2026-06-01T10:37:33.970+0000] {logging_mixin.py:188} INFO - [2026-06-01T10:37:33.970+0000] {dag.py:3834} INFO - Setting next_dagrun for my_first_test_dag to None, run_after=None
[2026-06-01T10:37:34.021+0000] {processor.py:183} INFO - Processing /opt/airflow/dags/dag_1.py took 0.162 seconds
[2026-06-01T10:38:04.262+0000] {processor.py:161} INFO - Started process (PID=1890) to work on /opt/airflow/dags/dag_1.py
[2026-06-01T10:38:04.263+0000] {processor.py:830} INFO - Processing file /opt/airflow/dags/dag_1.py for tasks to queue
[2026-06-01T10:38:04.265+0000] {logging_mixin.py:188} INFO - [2026-06-01T10:38:04.265+0000] {dagbag.py:540} INFO - Filling up the DagBag from /opt/airflow/dags/dag_1.py
[2026-06-01T10:38:04.282+0000] {processor.py:840} INFO - DAG(s) 'my_first_test_dag' retrieved from /opt/airflow/dags/dag_1.py
[2026-06-01T10:38:04.314+0000] {logging_mixin.py:188} INFO - [2026-06-01T10:38:04.313+0000] {dag.py:3047} INFO - Sync 1 DAGs
[2026-06-01T10:38:04.333+0000] {logging_mixin.py:188} INFO - [2026-06-01T10:38:04.332+0000] {dag.py:3834} INFO - Setting next_dagrun for my_first_test_dag to None, run_after=None
[2026-06-01T10:38:04.361+0000] {processor.py:183} INFO - Processing /opt/airflow/dags/dag_1.py took 0.102 seconds
[2026-06-01T10:38:34.510+0000] {processor.py:161} INFO - Started process (PID=1900) to work on /opt/airflow/dags/dag_1.py
[2026-06-01T10:38:34.511+0000] {processor.py:830} INFO - Processing file /opt/airflow/dags/dag_1.py for tasks to queue
[2026-06-01T10:38:34.514+0000] {logging_mixin.py:188} INFO - [2026-06-01T10:38:34.513+0000] {dagbag.py:540} INFO - Filling up the DagBag from /opt/airflow/dags/dag_1.py
[2026-06-01T10:38:34.538+0000] {processor.py:840} INFO - DAG(s) 'my_first_test_dag' retrieved from /opt/airflow/dags/dag_1.py
[2026-06-01T10:38:34.579+0000] {logging_mixin.py:188} INFO - [2026-06-01T10:38:34.579+0000] {dag.py:3047} INFO - Sync 1 DAGs
[2026-06-01T10:38:34.602+0000] {logging_mixin.py:188} INFO - [2026-06-01T10:38:34.601+0000] {dag.py:3834} INFO - Setting next_dagrun for my_first_test_dag to None, run_after=None
[2026-06-01T10:38:34.632+0000] {processor.py:183} INFO - Processing /opt/airflow/dags/dag_1.py took 0.127 seconds
[2026-06-01T10:39:04.958+0000] {processor.py:161} INFO - Started process (PID=1910) to work on /opt/airflow/dags/dag_1.py
[2026-06-01T10:39:04.960+0000] {processor.py:830} INFO - Processing file /opt/airflow/dags/dag_1.py for tasks to queue
[2026-06-01T10:39:04.961+0000] {logging_mixin.py:188} INFO - [2026-06-01T10:39:04.960+0000] {dagbag.py:540} INFO - Filling up the DagBag from /opt/airflow/dags/dag_1.py
[2026-06-01T10:39:04.985+0000] {processor.py:840} INFO - DAG(s) 'my_first_test_dag' retrieved from /opt/airflow/dags/dag_1.py
[2026-06-01T10:39:05.021+0000] {logging_mixin.py:188} INFO - [2026-06-01T10:39:05.021+0000] {dag.py:3047} INFO - Sync 1 DAGs
[2026-06-01T10:39:05.037+0000] {logging_mixin.py:188} INFO - [2026-06-01T10:39:05.037+0000] {dag.py:3834} INFO - Setting next_dagrun for my_first_test_dag to None, run_after=None
[2026-06-01T10:39:05.063+0000] {processor.py:183} INFO - Processing /opt/airflow/dags/dag_1.py took 0.114 seconds
[2026-06-01T10:39:35.322+0000] {processor.py:161} INFO - Started process (PID=1920) to work on /opt/airflow/dags/dag_1.py
[2026-06-01T10:39:35.323+0000] {processor.py:830} INFO - Processing file /opt/airflow/dags/dag_1.py for tasks to queue
[2026-06-01T10:39:35.327+0000] {logging_mixin.py:188} INFO - [2026-06-01T10:39:35.326+0000] {dagbag.py:540} INFO - Filling up the DagBag from /opt/airflow/dags/dag_1.py
[2026-06-01T10:39:35.361+0000] {processor.py:840} INFO - DAG(s) 'my_first_test_dag' retrieved from /opt/airflow/dags/dag_1.py
[2026-06-01T10:39:35.412+0000] {logging_mixin.py:188} INFO - [2026-06-01T10:39:35.412+0000] {dag.py:3047} INFO - Sync 1 DAGs
[2026-06-01T10:39:35.432+0000] {logging_mixin.py:188} INFO - [2026-06-01T10:39:35.431+0000] {dag.py:3834} INFO - Setting next_dagrun for my_first_test_dag to None, run_after=None
[2026-06-01T10:39:35.468+0000] {processor.py:183} INFO - Processing /opt/airflow/dags/dag_1.py took 0.151 seconds
[2026-06-01T10:40:05.585+0000] {processor.py:161} INFO - Started process (PID=1930) to work on /opt/airflow/dags/dag_1.py
[2026-06-01T10:40:05.586+0000] {processor.py:830} INFO - Processing file /opt/airflow/dags/dag_1.py for tasks to queue
[2026-06-01T10:40:05.587+0000] {logging_mixin.py:188} INFO - [2026-06-01T10:40:05.587+0000] {dagbag.py:540} INFO - Filling up the DagBag from /opt/airflow/dags/dag_1.py
[2026-06-01T10:40:05.602+0000] {processor.py:840} INFO - DAG(s) 'my_first_test_dag' retrieved from /opt/airflow/dags/dag_1.py
[2026-06-01T10:40:05.630+0000] {logging_mixin.py:188} INFO - [2026-06-01T10:40:05.629+0000] {dag.py:3047} INFO - Sync 1 DAGs
[2026-06-01T10:40:05.644+0000] {logging_mixin.py:188} INFO - [2026-06-01T10:40:05.644+0000] {dag.py:3834} INFO - Setting next_dagrun for my_first_test_dag to None, run_after=None
[2026-06-01T10:40:05.669+0000] {processor.py:183} INFO - Processing /opt/airflow/dags/dag_1.py took 0.088 seconds
[2026-06-01T10:40:35.805+0000] {processor.py:161} INFO - Started process (PID=1940) to work on /opt/airflow/dags/dag_1.py
[2026-06-01T10:40:35.807+0000] {processor.py:830} INFO - Processing file /opt/airflow/dags/dag_1.py for tasks to queue
[2026-06-01T10:40:35.808+0000] {logging_mixin.py:188} INFO - [2026-06-01T10:40:35.808+0000] {dagbag.py:540} INFO - Filling up the DagBag from /opt/airflow/dags/dag_1.py
[2026-06-01T10:40:35.827+0000] {processor.py:840} INFO - DAG(s) 'my_first_test_dag' retrieved from /opt/airflow/dags/dag_1.py
[2026-06-01T10:40:35.864+0000] {logging_mixin.py:188} INFO - [2026-06-01T10:40:35.864+0000] {dag.py:3047} INFO - Sync 1 DAGs
[2026-06-01T10:40:35.882+0000] {logging_mixin.py:188} INFO - [2026-06-01T10:40:35.882+0000] {dag.py:3834} INFO - Setting next_dagrun for my_first_test_dag to None, run_after=None
[2026-06-01T10:40:35.914+0000] {processor.py:183} INFO - Processing /opt/airflow/dags/dag_1.py took 0.116 seconds
[2026-06-01T10:41:06.140+0000] {processor.py:161} INFO - Started process (PID=1950) to work on /opt/airflow/dags/dag_1.py
[2026-06-01T10:41:06.141+0000] {processor.py:830} INFO - Processing file /opt/airflow/dags/dag_1.py for tasks to queue
[2026-06-01T10:41:06.142+0000] {logging_mixin.py:188} INFO - [2026-06-01T10:41:06.142+0000] {dagbag.py:540} INFO - Filling up the DagBag from /opt/airflow/dags/dag_1.py
[2026-06-01T10:41:06.156+0000] {processor.py:840} INFO - DAG(s) 'my_first_test_dag' retrieved from /opt/airflow/dags/dag_1.py
[2026-06-01T10:41:06.195+0000] {logging_mixin.py:188} INFO - [2026-06-01T10:41:06.194+0000] {dag.py:3047} INFO - Sync 1 DAGs
[2026-06-01T10:41:06.212+0000] {logging_mixin.py:188} INFO - [2026-06-01T10:41:06.211+0000] {dag.py:3834} INFO - Setting next_dagrun for my_first_test_dag to None, run_after=None
[2026-06-01T10:41:06.238+0000] {processor.py:183} INFO - Processing /opt/airflow/dags/dag_1.py took 0.100 seconds
[2026-06-01T10:41:36.481+0000] {processor.py:161} INFO - Started process (PID=1960) to work on /opt/airflow/dags/dag_1.py
[2026-06-01T10:41:36.482+0000] {processor.py:830} INFO - Processing file /opt/airflow/dags/dag_1.py for tasks to queue
[2026-06-01T10:41:36.483+0000] {logging_mixin.py:188} INFO - [2026-06-01T10:41:36.483+0000] {dagbag.py:540} INFO - Filling up the DagBag from /opt/airflow/dags/dag_1.py
[2026-06-01T10:41:36.497+0000] {processor.py:840} INFO - DAG(s) 'my_first_test_dag' retrieved from /opt/airflow/dags/dag_1.py
[2026-06-01T10:41:36.523+0000] {logging_mixin.py:188} INFO - [2026-06-01T10:41:36.522+0000] {dag.py:3047} INFO - Sync 1 DAGs
[2026-06-01T10:41:36.539+0000] {logging_mixin.py:188} INFO - [2026-06-01T10:41:36.539+0000] {dag.py:3834} INFO - Setting next_dagrun for my_first_test_dag to None, run_after=None
[2026-06-01T10:41:36.567+0000] {processor.py:183} INFO - Processing /opt/airflow/dags/dag_1.py took 0.089 seconds
[2026-06-01T10:42:06.809+0000] {processor.py:161} INFO - Started process (PID=1970) to work on /opt/airflow/dags/dag_1.py
[2026-06-01T10:42:06.810+0000] {processor.py:830} INFO - Processing file /opt/airflow/dags/dag_1.py for tasks to queue
[2026-06-01T10:42:06.811+0000] {logging_mixin.py:188} INFO - [2026-06-01T10:42:06.811+0000] {dagbag.py:540} INFO - Filling up the DagBag from /opt/airflow/dags/dag_1.py
[2026-06-01T10:42:06.833+0000] {processor.py:840} INFO - DAG(s) 'my_first_test_dag' retrieved from /opt/airflow/dags/dag_1.py
[2026-06-01T10:42:06.867+0000] {logging_mixin.py:188} INFO - [2026-06-01T10:42:06.866+0000] {dag.py:3047} INFO - Sync 1 DAGs
[2026-06-01T10:42:06.883+0000] {logging_mixin.py:188} INFO - [2026-06-01T10:42:06.882+0000] {dag.py:3834} INFO - Setting next_dagrun for my_first_test_dag to None, run_after=None
[2026-06-01T10:42:06.913+0000] {processor.py:183} INFO - Processing /opt/airflow/dags/dag_1.py took 0.107 seconds
[2026-06-01T10:42:37.153+0000] {processor.py:161} INFO - Started process (PID=1980) to work on /opt/airflow/dags/dag_1.py
[2026-06-01T10:42:37.155+0000] {processor.py:830} INFO - Processing file /opt/airflow/dags/dag_1.py for tasks to queue
[2026-06-01T10:42:37.156+0000] {logging_mixin.py:188} INFO - [2026-06-01T10:42:37.155+0000] {dagbag.py:540} INFO - Filling up the DagBag from /opt/airflow/dags/dag_1.py
[2026-06-01T10:42:37.182+0000] {processor.py:840} INFO - DAG(s) 'my_first_test_dag' retrieved from /opt/airflow/dags/dag_1.py
[2026-06-01T10:42:37.228+0000] {logging_mixin.py:188} INFO - [2026-06-01T10:42:37.227+0000] {dag.py:3047} INFO - Sync 1 DAGs
[2026-06-01T10:42:37.304+0000] {logging_mixin.py:188} INFO - [2026-06-01T10:42:37.303+0000] {dag.py:3834} INFO - Setting next_dagrun for my_first_test_dag to None, run_after=None
[2026-06-01T10:42:37.341+0000] {processor.py:183} INFO - Processing /opt/airflow/dags/dag_1.py took 0.192 seconds
[2026-06-01T10:43:07.408+0000] {processor.py:161} INFO - Started process (PID=1990) to work on /opt/airflow/dags/dag_1.py
[2026-06-01T10:43:07.410+0000] {processor.py:830} INFO - Processing file /opt/airflow/dags/dag_1.py for tasks to queue
[2026-06-01T10:43:07.411+0000] {logging_mixin.py:188} INFO - [2026-06-01T10:43:07.411+0000] {dagbag.py:540} INFO - Filling up the DagBag from /opt/airflow/dags/dag_1.py
[2026-06-01T10:43:07.441+0000] {processor.py:840} INFO - DAG(s) 'my_first_test_dag' retrieved from /opt/airflow/dags/dag_1.py
[2026-06-01T10:43:07.478+0000] {logging_mixin.py:188} INFO - [2026-06-01T10:43:07.477+0000] {dag.py:3047} INFO - Sync 1 DAGs
[2026-06-01T10:43:07.499+0000] {logging_mixin.py:188} INFO - [2026-06-01T10:43:07.499+0000] {dag.py:3834} INFO - Setting next_dagrun for my_first_test_dag to None, run_after=None
[2026-06-01T10:43:07.526+0000] {processor.py:183} INFO - Processing /opt/airflow/dags/dag_1.py took 0.123 seconds
[2026-06-01T10:43:37.625+0000] {processor.py:161} INFO - Started process (PID=2000) to work on /opt/airflow/dags/dag_1.py
[2026-06-01T10:43:37.626+0000] {processor.py:830} INFO - Processing file /opt/airflow/dags/dag_1.py for tasks to queue
[2026-06-01T10:43:37.628+0000] {logging_mixin.py:188} INFO - [2026-06-01T10:43:37.628+0000] {dagbag.py:540} INFO - Filling up the DagBag from /opt/airflow/dags/dag_1.py
[2026-06-01T10:43:37.650+0000] {processor.py:840} INFO - DAG(s) 'my_first_test_dag' retrieved from /opt/airflow/dags/dag_1.py
[2026-06-01T10:43:37.688+0000] {logging_mixin.py:188} INFO - [2026-06-01T10:43:37.688+0000] {dag.py:3047} INFO - Sync 1 DAGs
[2026-06-01T10:43:37.705+0000] {logging_mixin.py:188} INFO - [2026-06-01T10:43:37.705+0000] {dag.py:3834} INFO - Setting next_dagrun for my_first_test_dag to None, run_after=None
[2026-06-01T10:43:37.732+0000] {processor.py:183} INFO - Processing /opt/airflow/dags/dag_1.py took 0.110 seconds
[2026-06-01T10:44:07.969+0000] {processor.py:161} INFO - Started process (PID=2010) to work on /opt/airflow/dags/dag_1.py
[2026-06-01T10:44:07.970+0000] {processor.py:830} INFO - Processing file /opt/airflow/dags/dag_1.py for tasks to queue
[2026-06-01T10:44:07.972+0000] {logging_mixin.py:188} INFO - [2026-06-01T10:44:07.971+0000] {dagbag.py:540} INFO - Filling up the DagBag from /opt/airflow/dags/dag_1.py
[2026-06-01T10:44:07.996+0000] {processor.py:840} INFO - DAG(s) 'my_first_test_dag' retrieved from /opt/airflow/dags/dag_1.py
[2026-06-01T10:44:08.035+0000] {logging_mixin.py:188} INFO - [2026-06-01T10:44:08.034+0000] {dag.py:3047} INFO - Sync 1 DAGs
[2026-06-01T10:44:08.058+0000] {logging_mixin.py:188} INFO - [2026-06-01T10:44:08.057+0000] {dag.py:3834} INFO - Setting next_dagrun for my_first_test_dag to None, run_after=None
[2026-06-01T10:44:08.083+0000] {processor.py:183} INFO - Processing /opt/airflow/dags/dag_1.py took 0.118 seconds
[2026-06-01T10:44:38.351+0000] {processor.py:161} INFO - Started process (PID=2020) to work on /opt/airflow/dags/dag_1.py
[2026-06-01T10:44:38.353+0000] {processor.py:830} INFO - Processing file /opt/airflow/dags/dag_1.py for tasks to queue
[2026-06-01T10:44:38.355+0000] {logging_mixin.py:188} INFO - [2026-06-01T10:44:38.355+0000] {dagbag.py:540} INFO - Filling up the DagBag from /opt/airflow/dags/dag_1.py
[2026-06-01T10:44:38.369+0000] {processor.py:840} INFO - DAG(s) 'my_first_test_dag' retrieved from /opt/airflow/dags/dag_1.py
[2026-06-01T10:44:38.398+0000] {logging_mixin.py:188} INFO - [2026-06-01T10:44:38.398+0000] {dag.py:3047} INFO - Sync 1 DAGs
[2026-06-01T10:44:38.414+0000] {logging_mixin.py:188} INFO - [2026-06-01T10:44:38.414+0000] {dag.py:3834} INFO - Setting next_dagrun for my_first_test_dag to None, run_after=None
[2026-06-01T10:44:38.438+0000] {processor.py:183} INFO - Processing /opt/airflow/dags/dag_1.py took 0.091 seconds
[2026-06-01T10:45:08.583+0000] {processor.py:161} INFO - Started process (PID=2030) to work on /opt/airflow/dags/dag_1.py
[2026-06-01T10:45:08.583+0000] {processor.py:830} INFO - Processing file /opt/airflow/dags/dag_1.py for tasks to queue
[2026-06-01T10:45:08.585+0000] {logging_mixin.py:188} INFO - [2026-06-01T10:45:08.584+0000] {dagbag.py:540} INFO - Filling up the DagBag from /opt/airflow/dags/dag_1.py
[2026-06-01T10:45:08.599+0000] {processor.py:840} INFO - DAG(s) 'my_first_test_dag' retrieved from /opt/airflow/dags/dag_1.py
[2026-06-01T10:45:08.629+0000] {logging_mixin.py:188} INFO - [2026-06-01T10:45:08.629+0000] {dag.py:3047} INFO - Sync 1 DAGs
[2026-06-01T10:45:08.643+0000] {logging_mixin.py:188} INFO - [2026-06-01T10:45:08.642+0000] {dag.py:3834} INFO - Setting next_dagrun for my_first_test_dag to None, run_after=None
[2026-06-01T10:45:08.667+0000] {processor.py:183} INFO - Processing /opt/airflow/dags/dag_1.py took 0.087 seconds
[2026-06-01T10:45:38.995+0000] {processor.py:161} INFO - Started process (PID=2040) to work on /opt/airflow/dags/dag_1.py
[2026-06-01T10:45:38.996+0000] {processor.py:830} INFO - Processing file /opt/airflow/dags/dag_1.py for tasks to queue
[2026-06-01T10:45:38.997+0000] {logging_mixin.py:188} INFO - [2026-06-01T10:45:38.997+0000] {dagbag.py:540} INFO - Filling up the DagBag from /opt/airflow/dags/dag_1.py
[2026-06-01T10:45:39.021+0000] {processor.py:840} INFO - DAG(s) 'my_first_test_dag' retrieved from /opt/airflow/dags/dag_1.py
[2026-06-01T10:45:39.057+0000] {logging_mixin.py:188} INFO - [2026-06-01T10:45:39.057+0000] {dag.py:3047} INFO - Sync 1 DAGs
[2026-06-01T10:45:39.072+0000] {logging_mixin.py:188} INFO - [2026-06-01T10:45:39.072+0000] {dag.py:3834} INFO - Setting next_dagrun for my_first_test_dag to None, run_after=None
[2026-06-01T10:45:39.099+0000] {processor.py:183} INFO - Processing /opt/airflow/dags/dag_1.py took 0.108 seconds
[2026-06-01T10:46:09.383+0000] {processor.py:161} INFO - Started process (PID=2050) to work on /opt/airflow/dags/dag_1.py
[2026-06-01T10:46:09.384+0000] {processor.py:830} INFO - Processing file /opt/airflow/dags/dag_1.py for tasks to queue
[2026-06-01T10:46:09.385+0000] {logging_mixin.py:188} INFO - [2026-06-01T10:46:09.385+0000] {dagbag.py:540} INFO - Filling up the DagBag from /opt/airflow/dags/dag_1.py
[2026-06-01T10:46:09.402+0000] {processor.py:840} INFO - DAG(s) 'my_first_test_dag' retrieved from /opt/airflow/dags/dag_1.py
[2026-06-01T10:46:09.438+0000] {logging_mixin.py:188} INFO - [2026-06-01T10:46:09.437+0000] {dag.py:3047} INFO - Sync 1 DAGs
[2026-06-01T10:46:09.453+0000] {logging_mixin.py:188} INFO - [2026-06-01T10:46:09.453+0000] {dag.py:3834} INFO - Setting next_dagrun for my_first_test_dag to None, run_after=None
[2026-06-01T10:46:09.476+0000] {processor.py:183} INFO - Processing /opt/airflow/dags/dag_1.py took 0.096 seconds
[2026-06-01T10:46:39.702+0000] {processor.py:161} INFO - Started process (PID=2060) to work on /opt/airflow/dags/dag_1.py
[2026-06-01T10:46:39.703+0000] {processor.py:830} INFO - Processing file /opt/airflow/dags/dag_1.py for tasks to queue
[2026-06-01T10:46:39.704+0000] {logging_mixin.py:188} INFO - [2026-06-01T10:46:39.704+0000] {dagbag.py:540} INFO - Filling up the DagBag from /opt/airflow/dags/dag_1.py
[2026-06-01T10:46:39.719+0000] {processor.py:840} INFO - DAG(s) 'my_first_test_dag' retrieved from /opt/airflow/dags/dag_1.py
[2026-06-01T10:46:39.749+0000] {logging_mixin.py:188} INFO - [2026-06-01T10:46:39.749+0000] {dag.py:3047} INFO - Sync 1 DAGs
[2026-06-01T10:46:39.767+0000] {logging_mixin.py:188} INFO - [2026-06-01T10:46:39.767+0000] {dag.py:3834} INFO - Setting next_dagrun for my_first_test_dag to None, run_after=None
[2026-06-01T10:46:39.795+0000] {processor.py:183} INFO - Processing /opt/airflow/dags/dag_1.py took 0.095 seconds
[2026-06-01T10:47:09.914+0000] {processor.py:161} INFO - Started process (PID=2070) to work on /opt/airflow/dags/dag_1.py
[2026-06-01T10:47:09.915+0000] {processor.py:830} INFO - Processing file /opt/airflow/dags/dag_1.py for tasks to queue
[2026-06-01T10:47:09.916+0000] {logging_mixin.py:188} INFO - [2026-06-01T10:47:09.915+0000] {dagbag.py:540} INFO - Filling up the DagBag from /opt/airflow/dags/dag_1.py
[2026-06-01T10:47:09.930+0000] {processor.py:840} INFO - DAG(s) 'my_first_test_dag' retrieved from /opt/airflow/dags/dag_1.py
[2026-06-01T10:47:09.962+0000] {logging_mixin.py:188} INFO - [2026-06-01T10:47:09.961+0000] {dag.py:3047} INFO - Sync 1 DAGs
[2026-06-01T10:47:09.979+0000] {logging_mixin.py:188} INFO - [2026-06-01T10:47:09.979+0000] {dag.py:3834} INFO - Setting next_dagrun for my_first_test_dag to None, run_after=None
[2026-06-01T10:47:10.013+0000] {processor.py:183} INFO - Processing /opt/airflow/dags/dag_1.py took 0.102 seconds
[2026-06-01T10:47:40.261+0000] {processor.py:161} INFO - Started process (PID=2080) to work on /opt/airflow/dags/dag_1.py
[2026-06-01T10:47:40.262+0000] {processor.py:830} INFO - Processing file /opt/airflow/dags/dag_1.py for tasks to queue
[2026-06-01T10:47:40.263+0000] {logging_mixin.py:188} INFO - [2026-06-01T10:47:40.263+0000] {dagbag.py:540} INFO - Filling up the DagBag from /opt/airflow/dags/dag_1.py
[2026-06-01T10:47:40.284+0000] {processor.py:840} INFO - DAG(s) 'my_first_test_dag' retrieved from /opt/airflow/dags/dag_1.py
[2026-06-01T10:47:40.318+0000] {logging_mixin.py:188} INFO - [2026-06-01T10:47:40.318+0000] {dag.py:3047} INFO - Sync 1 DAGs
[2026-06-01T10:47:40.337+0000] {logging_mixin.py:188} INFO - [2026-06-01T10:47:40.337+0000] {dag.py:3834} INFO - Setting next_dagrun for my_first_test_dag to None, run_after=None
[2026-06-01T10:47:40.364+0000] {processor.py:183} INFO - Processing /opt/airflow/dags/dag_1.py took 0.106 seconds
[2026-06-01T10:48:10.722+0000] {processor.py:161} INFO - Started process (PID=2090) to work on /opt/airflow/dags/dag_1.py
[2026-06-01T10:48:10.723+0000] {processor.py:830} INFO - Processing file /opt/airflow/dags/dag_1.py for tasks to queue
[2026-06-01T10:48:10.725+0000] {logging_mixin.py:188} INFO - [2026-06-01T10:48:10.724+0000] {dagbag.py:540} INFO - Filling up the DagBag from /opt/airflow/dags/dag_1.py
[2026-06-01T10:48:10.739+0000] {processor.py:840} INFO - DAG(s) 'my_first_test_dag' retrieved from /opt/airflow/dags/dag_1.py
[2026-06-01T10:48:10.767+0000] {logging_mixin.py:188} INFO - [2026-06-01T10:48:10.767+0000] {dag.py:3047} INFO - Sync 1 DAGs
[2026-06-01T10:48:10.781+0000] {logging_mixin.py:188} INFO - [2026-06-01T10:48:10.781+0000] {dag.py:3834} INFO - Setting next_dagrun for my_first_test_dag to None, run_after=None
[2026-06-01T10:48:10.805+0000] {processor.py:183} INFO - Processing /opt/airflow/dags/dag_1.py took 0.086 seconds
[2026-06-01T10:48:40.976+0000] {processor.py:161} INFO - Started process (PID=2100) to work on /opt/airflow/dags/dag_1.py
[2026-06-01T10:48:40.977+0000] {processor.py:830} INFO - Processing file /opt/airflow/dags/dag_1.py for tasks to queue
[2026-06-01T10:48:40.978+0000] {logging_mixin.py:188} INFO - [2026-06-01T10:48:40.978+0000] {dagbag.py:540} INFO - Filling up the DagBag from /opt/airflow/dags/dag_1.py
[2026-06-01T10:48:40.995+0000] {processor.py:840} INFO - DAG(s) 'my_first_test_dag' retrieved from /opt/airflow/dags/dag_1.py
[2026-06-01T10:48:41.030+0000] {logging_mixin.py:188} INFO - [2026-06-01T10:48:41.029+0000] {dag.py:3047} INFO - Sync 1 DAGs
[2026-06-01T10:48:41.048+0000] {logging_mixin.py:188} INFO - [2026-06-01T10:48:41.048+0000] {dag.py:3834} INFO - Setting next_dagrun for my_first_test_dag to None, run_after=None
[2026-06-01T10:48:41.075+0000] {processor.py:183} INFO - Processing /opt/airflow/dags/dag_1.py took 0.102 seconds
[2026-06-01T10:49:11.325+0000] {processor.py:161} INFO - Started process (PID=2110) to work on /opt/airflow/dags/dag_1.py
[2026-06-01T10:49:11.326+0000] {processor.py:830} INFO - Processing file /opt/airflow/dags/dag_1.py for tasks to queue
[2026-06-01T10:49:11.327+0000] {logging_mixin.py:188} INFO - [2026-06-01T10:49:11.327+0000] {dagbag.py:540} INFO - Filling up the DagBag from /opt/airflow/dags/dag_1.py
[2026-06-01T10:49:11.344+0000] {processor.py:840} INFO - DAG(s) 'my_first_test_dag' retrieved from /opt/airflow/dags/dag_1.py
[2026-06-01T10:49:11.378+0000] {logging_mixin.py:188} INFO - [2026-06-01T10:49:11.377+0000] {dag.py:3047} INFO - Sync 1 DAGs
[2026-06-01T10:49:11.396+0000] {logging_mixin.py:188} INFO - [2026-06-01T10:49:11.396+0000] {dag.py:3834} INFO - Setting next_dagrun for my_first_test_dag to None, run_after=None
[2026-06-01T10:49:11.418+0000] {processor.py:183} INFO - Processing /opt/airflow/dags/dag_1.py took 0.097 seconds
[2026-06-01T10:49:41.563+0000] {processor.py:161} INFO - Started process (PID=2120) to work on /opt/airflow/dags/dag_1.py
[2026-06-01T10:49:41.564+0000] {processor.py:830} INFO - Processing file /opt/airflow/dags/dag_1.py for tasks to queue
[2026-06-01T10:49:41.565+0000] {logging_mixin.py:188} INFO - [2026-06-01T10:49:41.565+0000] {dagbag.py:540} INFO - Filling up the DagBag from /opt/airflow/dags/dag_1.py
[2026-06-01T10:49:41.583+0000] {processor.py:840} INFO - DAG(s) 'my_first_test_dag' retrieved from /opt/airflow/dags/dag_1.py
[2026-06-01T10:49:41.616+0000] {logging_mixin.py:188} INFO - [2026-06-01T10:49:41.615+0000] {dag.py:3047} INFO - Sync 1 DAGs
[2026-06-01T10:49:41.630+0000] {logging_mixin.py:188} INFO - [2026-06-01T10:49:41.630+0000] {dag.py:3834} INFO - Setting next_dagrun for my_first_test_dag to None, run_after=None
[2026-06-01T10:49:41.654+0000] {processor.py:183} INFO - Processing /opt/airflow/dags/dag_1.py took 0.095 seconds
[2026-06-01T10:50:11.919+0000] {processor.py:161} INFO - Started process (PID=2130) to work on /opt/airflow/dags/dag_1.py
[2026-06-01T10:50:11.920+0000] {processor.py:830} INFO - Processing file /opt/airflow/dags/dag_1.py for tasks to queue
[2026-06-01T10:50:11.921+0000] {logging_mixin.py:188} INFO - [2026-06-01T10:50:11.921+0000] {dagbag.py:540} INFO - Filling up the DagBag from /opt/airflow/dags/dag_1.py
[2026-06-01T10:50:11.939+0000] {processor.py:840} INFO - DAG(s) 'my_first_test_dag' retrieved from /opt/airflow/dags/dag_1.py
[2026-06-01T10:50:11.969+0000] {logging_mixin.py:188} INFO - [2026-06-01T10:50:11.969+0000] {dag.py:3047} INFO - Sync 1 DAGs
[2026-06-01T10:50:11.987+0000] {logging_mixin.py:188} INFO - [2026-06-01T10:50:11.987+0000] {dag.py:3834} INFO - Setting next_dagrun for my_first_test_dag to None, run_after=None
[2026-06-01T10:50:12.021+0000] {processor.py:183} INFO - Processing /opt/airflow/dags/dag_1.py took 0.106 seconds
[2026-06-01T10:50:42.125+0000] {processor.py:161} INFO - Started process (PID=2140) to work on /opt/airflow/dags/dag_1.py
[2026-06-01T10:50:42.126+0000] {processor.py:830} INFO - Processing file /opt/airflow/dags/dag_1.py for tasks to queue
[2026-06-01T10:50:42.127+0000] {logging_mixin.py:188} INFO - [2026-06-01T10:50:42.127+0000] {dagbag.py:540} INFO - Filling up the DagBag from /opt/airflow/dags/dag_1.py
[2026-06-01T10:50:42.142+0000] {processor.py:840} INFO - DAG(s) 'my_first_test_dag' retrieved from /opt/airflow/dags/dag_1.py
[2026-06-01T10:50:42.170+0000] {logging_mixin.py:188} INFO - [2026-06-01T10:50:42.169+0000] {dag.py:3047} INFO - Sync 1 DAGs
[2026-06-01T10:50:42.184+0000] {logging_mixin.py:188} INFO - [2026-06-01T10:50:42.184+0000] {dag.py:3834} INFO - Setting next_dagrun for my_first_test_dag to None, run_after=None
[2026-06-01T10:50:42.214+0000] {processor.py:183} INFO - Processing /opt/airflow/dags/dag_1.py took 0.092 seconds
[2026-06-01T10:51:12.481+0000] {processor.py:161} INFO - Started process (PID=2150) to work on /opt/airflow/dags/dag_1.py
[2026-06-01T10:51:12.484+0000] {processor.py:830} INFO - Processing file /opt/airflow/dags/dag_1.py for tasks to queue
[2026-06-01T10:51:12.485+0000] {logging_mixin.py:188} INFO - [2026-06-01T10:51:12.484+0000] {dagbag.py:540} INFO - Filling up the DagBag from /opt/airflow/dags/dag_1.py
[2026-06-01T10:51:12.503+0000] {processor.py:840} INFO - DAG(s) 'my_first_test_dag' retrieved from /opt/airflow/dags/dag_1.py
[2026-06-01T10:51:12.544+0000] {logging_mixin.py:188} INFO - [2026-06-01T10:51:12.544+0000] {dag.py:3047} INFO - Sync 1 DAGs
[2026-06-01T10:51:12.559+0000] {logging_mixin.py:188} INFO - [2026-06-01T10:51:12.558+0000] {dag.py:3834} INFO - Setting next_dagrun for my_first_test_dag to None, run_after=None
[2026-06-01T10:51:12.595+0000] {processor.py:183} INFO - Processing /opt/airflow/dags/dag_1.py took 0.118 seconds
[2026-06-01T10:51:42.737+0000] {processor.py:161} INFO - Started process (PID=2160) to work on /opt/airflow/dags/dag_1.py
[2026-06-01T10:51:42.738+0000] {processor.py:830} INFO - Processing file /opt/airflow/dags/dag_1.py for tasks to queue
[2026-06-01T10:51:42.739+0000] {logging_mixin.py:188} INFO - [2026-06-01T10:51:42.739+0000] {dagbag.py:540} INFO - Filling up the DagBag from /opt/airflow/dags/dag_1.py
[2026-06-01T10:51:42.759+0000] {processor.py:840} INFO - DAG(s) 'my_first_test_dag' retrieved from /opt/airflow/dags/dag_1.py
[2026-06-01T10:51:42.794+0000] {logging_mixin.py:188} INFO - [2026-06-01T10:51:42.794+0000] {dag.py:3047} INFO - Sync 1 DAGs
[2026-06-01T10:51:42.810+0000] {logging_mixin.py:188} INFO - [2026-06-01T10:51:42.809+0000] {dag.py:3834} INFO - Setting next_dagrun for my_first_test_dag to None, run_after=None
[2026-06-01T10:51:42.831+0000] {processor.py:183} INFO - Processing /opt/airflow/dags/dag_1.py took 0.098 seconds
[2026-06-01T10:52:13.127+0000] {processor.py:161} INFO - Started process (PID=2170) to work on /opt/airflow/dags/dag_1.py
[2026-06-01T10:52:13.129+0000] {processor.py:830} INFO - Processing file /opt/airflow/dags/dag_1.py for tasks to queue
[2026-06-01T10:52:13.131+0000] {logging_mixin.py:188} INFO - [2026-06-01T10:52:13.130+0000] {dagbag.py:540} INFO - Filling up the DagBag from /opt/airflow/dags/dag_1.py
[2026-06-01T10:52:13.173+0000] {processor.py:840} INFO - DAG(s) 'my_first_test_dag' retrieved from /opt/airflow/dags/dag_1.py
[2026-06-01T10:52:13.220+0000] {logging_mixin.py:188} INFO - [2026-06-01T10:52:13.220+0000] {dag.py:3047} INFO - Sync 1 DAGs
[2026-06-01T10:52:13.252+0000] {logging_mixin.py:188} INFO - [2026-06-01T10:52:13.251+0000] {dag.py:3834} INFO - Setting next_dagrun for my_first_test_dag to None, run_after=None
[2026-06-01T10:52:13.288+0000] {processor.py:183} INFO - Processing /opt/airflow/dags/dag_1.py took 0.167 seconds
[2026-06-01T10:52:43.359+0000] {processor.py:161} INFO - Started process (PID=2180) to work on /opt/airflow/dags/dag_1.py
[2026-06-01T10:52:43.361+0000] {processor.py:830} INFO - Processing file /opt/airflow/dags/dag_1.py for tasks to queue
[2026-06-01T10:52:43.363+0000] {logging_mixin.py:188} INFO - [2026-06-01T10:52:43.362+0000] {dagbag.py:540} INFO - Filling up the DagBag from /opt/airflow/dags/dag_1.py
[2026-06-01T10:52:43.386+0000] {processor.py:840} INFO - DAG(s) 'my_first_test_dag' retrieved from /opt/airflow/dags/dag_1.py
[2026-06-01T10:52:43.422+0000] {logging_mixin.py:188} INFO - [2026-06-01T10:52:43.421+0000] {dag.py:3047} INFO - Sync 1 DAGs
[2026-06-01T10:52:43.443+0000] {logging_mixin.py:188} INFO - [2026-06-01T10:52:43.442+0000] {dag.py:3834} INFO - Setting next_dagrun for my_first_test_dag to None, run_after=None
[2026-06-01T10:52:43.473+0000] {processor.py:183} INFO - Processing /opt/airflow/dags/dag_1.py took 0.118 seconds
[2026-06-01T10:53:13.590+0000] {processor.py:161} INFO - Started process (PID=2190) to work on /opt/airflow/dags/dag_1.py
[2026-06-01T10:53:13.592+0000] {processor.py:830} INFO - Processing file /opt/airflow/dags/dag_1.py for tasks to queue
[2026-06-01T10:53:13.595+0000] {logging_mixin.py:188} INFO - [2026-06-01T10:53:13.594+0000] {dagbag.py:540} INFO - Filling up the DagBag from /opt/airflow/dags/dag_1.py
[2026-06-01T10:53:13.622+0000] {processor.py:840} INFO - DAG(s) 'my_first_test_dag' retrieved from /opt/airflow/dags/dag_1.py
[2026-06-01T10:53:13.660+0000] {logging_mixin.py:188} INFO - [2026-06-01T10:53:13.660+0000] {dag.py:3047} INFO - Sync 1 DAGs
[2026-06-01T10:53:13.684+0000] {logging_mixin.py:188} INFO - [2026-06-01T10:53:13.683+0000] {dag.py:3834} INFO - Setting next_dagrun for my_first_test_dag to None, run_after=None
[2026-06-01T10:53:13.712+0000] {processor.py:183} INFO - Processing /opt/airflow/dags/dag_1.py took 0.129 seconds
[2026-06-01T10:53:44.010+0000] {processor.py:161} INFO - Started process (PID=2200) to work on /opt/airflow/dags/dag_1.py
[2026-06-01T10:53:44.012+0000] {processor.py:830} INFO - Processing file /opt/airflow/dags/dag_1.py for tasks to queue
[2026-06-01T10:53:44.014+0000] {logging_mixin.py:188} INFO - [2026-06-01T10:53:44.013+0000] {dagbag.py:540} INFO - Filling up the DagBag from /opt/airflow/dags/dag_1.py
[2026-06-01T10:53:44.047+0000] {processor.py:840} INFO - DAG(s) 'my_first_test_dag' retrieved from /opt/airflow/dags/dag_1.py
[2026-06-01T10:53:44.092+0000] {logging_mixin.py:188} INFO - [2026-06-01T10:53:44.091+0000] {dag.py:3047} INFO - Sync 1 DAGs
[2026-06-01T10:53:44.120+0000] {logging_mixin.py:188} INFO - [2026-06-01T10:53:44.120+0000] {dag.py:3834} INFO - Setting next_dagrun for my_first_test_dag to None, run_after=None
[2026-06-01T10:53:44.162+0000] {processor.py:183} INFO - Processing /opt/airflow/dags/dag_1.py took 0.156 seconds
[2026-06-01T10:54:14.435+0000] {processor.py:161} INFO - Started process (PID=2210) to work on /opt/airflow/dags/dag_1.py
[2026-06-01T10:54:14.436+0000] {processor.py:830} INFO - Processing file /opt/airflow/dags/dag_1.py for tasks to queue
[2026-06-01T10:54:14.438+0000] {logging_mixin.py:188} INFO - [2026-06-01T10:54:14.437+0000] {dagbag.py:540} INFO - Filling up the DagBag from /opt/airflow/dags/dag_1.py
[2026-06-01T10:54:14.454+0000] {processor.py:840} INFO - DAG(s) 'my_first_test_dag' retrieved from /opt/airflow/dags/dag_1.py
[2026-06-01T10:54:14.482+0000] {logging_mixin.py:188} INFO - [2026-06-01T10:54:14.482+0000] {dag.py:3047} INFO - Sync 1 DAGs
[2026-06-01T10:54:14.504+0000] {logging_mixin.py:188} INFO - [2026-06-01T10:54:14.504+0000] {dag.py:3834} INFO - Setting next_dagrun for my_first_test_dag to None, run_after=None
[2026-06-01T10:54:14.530+0000] {processor.py:183} INFO - Processing /opt/airflow/dags/dag_1.py took 0.099 seconds
[2026-06-01T10:54:44.847+0000] {processor.py:161} INFO - Started process (PID=2220) to work on /opt/airflow/dags/dag_1.py
[2026-06-01T10:54:44.849+0000] {processor.py:830} INFO - Processing file /opt/airflow/dags/dag_1.py for tasks to queue
[2026-06-01T10:54:44.850+0000] {logging_mixin.py:188} INFO - [2026-06-01T10:54:44.850+0000] {dagbag.py:540} INFO - Filling up the DagBag from /opt/airflow/dags/dag_1.py
[2026-06-01T10:54:44.885+0000] {processor.py:840} INFO - DAG(s) 'my_first_test_dag' retrieved from /opt/airflow/dags/dag_1.py
[2026-06-01T10:54:44.926+0000] {logging_mixin.py:188} INFO - [2026-06-01T10:54:44.926+0000] {dag.py:3047} INFO - Sync 1 DAGs
[2026-06-01T10:54:44.946+0000] {logging_mixin.py:188} INFO - [2026-06-01T10:54:44.945+0000] {dag.py:3834} INFO - Setting next_dagrun for my_first_test_dag to None, run_after=None
[2026-06-01T10:54:44.972+0000] {processor.py:183} INFO - Processing /opt/airflow/dags/dag_1.py took 0.128 seconds
[2026-06-01T10:55:15.154+0000] {processor.py:161} INFO - Started process (PID=2230) to work on /opt/airflow/dags/dag_1.py
[2026-06-01T10:55:15.155+0000] {processor.py:830} INFO - Processing file /opt/airflow/dags/dag_1.py for tasks to queue
[2026-06-01T10:55:15.157+0000] {logging_mixin.py:188} INFO - [2026-06-01T10:55:15.157+0000] {dagbag.py:540} INFO - Filling up the DagBag from /opt/airflow/dags/dag_1.py
[2026-06-01T10:55:15.190+0000] {processor.py:840} INFO - DAG(s) 'my_first_test_dag' retrieved from /opt/airflow/dags/dag_1.py
[2026-06-01T10:55:15.228+0000] {logging_mixin.py:188} INFO - [2026-06-01T10:55:15.228+0000] {dag.py:3047} INFO - Sync 1 DAGs
[2026-06-01T10:55:15.244+0000] {logging_mixin.py:188} INFO - [2026-06-01T10:55:15.244+0000] {dag.py:3834} INFO - Setting next_dagrun for my_first_test_dag to None, run_after=None
[2026-06-01T10:55:15.280+0000] {processor.py:183} INFO - Processing /opt/airflow/dags/dag_1.py took 0.132 seconds
[2026-06-01T10:55:45.459+0000] {processor.py:161} INFO - Started process (PID=2240) to work on /opt/airflow/dags/dag_1.py
[2026-06-01T10:55:45.460+0000] {processor.py:830} INFO - Processing file /opt/airflow/dags/dag_1.py for tasks to queue
[2026-06-01T10:55:45.462+0000] {logging_mixin.py:188} INFO - [2026-06-01T10:55:45.461+0000] {dagbag.py:540} INFO - Filling up the DagBag from /opt/airflow/dags/dag_1.py
[2026-06-01T10:55:45.479+0000] {processor.py:840} INFO - DAG(s) 'my_first_test_dag' retrieved from /opt/airflow/dags/dag_1.py
[2026-06-01T10:55:45.508+0000] {logging_mixin.py:188} INFO - [2026-06-01T10:55:45.507+0000] {dag.py:3047} INFO - Sync 1 DAGs
[2026-06-01T10:55:45.522+0000] {logging_mixin.py:188} INFO - [2026-06-01T10:55:45.521+0000] {dag.py:3834} INFO - Setting next_dagrun for my_first_test_dag to None, run_after=None
[2026-06-01T10:55:45.553+0000] {processor.py:183} INFO - Processing /opt/airflow/dags/dag_1.py took 0.099 seconds
[2026-06-01T10:56:15.727+0000] {processor.py:161} INFO - Started process (PID=2250) to work on /opt/airflow/dags/dag_1.py
[2026-06-01T10:56:15.728+0000] {processor.py:830} INFO - Processing file /opt/airflow/dags/dag_1.py for tasks to queue
[2026-06-01T10:56:15.730+0000] {logging_mixin.py:188} INFO - [2026-06-01T10:56:15.729+0000] {dagbag.py:540} INFO - Filling up the DagBag from /opt/airflow/dags/dag_1.py
[2026-06-01T10:56:15.754+0000] {processor.py:840} INFO - DAG(s) 'my_first_test_dag' retrieved from /opt/airflow/dags/dag_1.py
[2026-06-01T10:56:15.788+0000] {logging_mixin.py:188} INFO - [2026-06-01T10:56:15.788+0000] {dag.py:3047} INFO - Sync 1 DAGs
[2026-06-01T10:56:15.809+0000] {logging_mixin.py:188} INFO - [2026-06-01T10:56:15.809+0000] {dag.py:3834} INFO - Setting next_dagrun for my_first_test_dag to None, run_after=None
[2026-06-01T10:56:15.842+0000] {processor.py:183} INFO - Processing /opt/airflow/dags/dag_1.py took 0.119 seconds
[2026-06-01T10:56:45.981+0000] {processor.py:161} INFO - Started process (PID=2260) to work on /opt/airflow/dags/dag_1.py
[2026-06-01T10:56:45.982+0000] {processor.py:830} INFO - Processing file /opt/airflow/dags/dag_1.py for tasks to queue
[2026-06-01T10:56:45.984+0000] {logging_mixin.py:188} INFO - [2026-06-01T10:56:45.983+0000] {dagbag.py:540} INFO - Filling up the DagBag from /opt/airflow/dags/dag_1.py
[2026-06-01T10:56:46.009+0000] {processor.py:840} INFO - DAG(s) 'my_first_test_dag' retrieved from /opt/airflow/dags/dag_1.py
[2026-06-01T10:56:46.040+0000] {logging_mixin.py:188} INFO - [2026-06-01T10:56:46.040+0000] {dag.py:3047} INFO - Sync 1 DAGs
[2026-06-01T10:56:46.055+0000] {logging_mixin.py:188} INFO - [2026-06-01T10:56:46.055+0000] {dag.py:3834} INFO - Setting next_dagrun for my_first_test_dag to None, run_after=None
[2026-06-01T10:56:46.080+0000] {processor.py:183} INFO - Processing /opt/airflow/dags/dag_1.py took 0.105 seconds
[2026-06-01T10:57:16.327+0000] {processor.py:161} INFO - Started process (PID=2270) to work on /opt/airflow/dags/dag_1.py
[2026-06-01T10:57:16.328+0000] {processor.py:830} INFO - Processing file /opt/airflow/dags/dag_1.py for tasks to queue
[2026-06-01T10:57:16.330+0000] {logging_mixin.py:188} INFO - [2026-06-01T10:57:16.329+0000] {dagbag.py:540} INFO - Filling up the DagBag from /opt/airflow/dags/dag_1.py
[2026-06-01T10:57:16.352+0000] {processor.py:840} INFO - DAG(s) 'my_first_test_dag' retrieved from /opt/airflow/dags/dag_1.py
[2026-06-01T10:57:16.385+0000] {logging_mixin.py:188} INFO - [2026-06-01T10:57:16.385+0000] {dag.py:3047} INFO - Sync 1 DAGs
[2026-06-01T10:57:16.405+0000] {logging_mixin.py:188} INFO - [2026-06-01T10:57:16.405+0000] {dag.py:3834} INFO - Setting next_dagrun for my_first_test_dag to None, run_after=None
[2026-06-01T10:57:16.427+0000] {processor.py:183} INFO - Processing /opt/airflow/dags/dag_1.py took 0.102 seconds
[2026-06-01T10:57:46.546+0000] {processor.py:161} INFO - Started process (PID=2280) to work on /opt/airflow/dags/dag_1.py
[2026-06-01T10:57:46.547+0000] {processor.py:830} INFO - Processing file /opt/airflow/dags/dag_1.py for tasks to queue
[2026-06-01T10:57:46.548+0000] {logging_mixin.py:188} INFO - [2026-06-01T10:57:46.547+0000] {dagbag.py:540} INFO - Filling up the DagBag from /opt/airflow/dags/dag_1.py
[2026-06-01T10:57:46.571+0000] {processor.py:840} INFO - DAG(s) 'my_first_test_dag' retrieved from /opt/airflow/dags/dag_1.py
[2026-06-01T10:57:46.612+0000] {logging_mixin.py:188} INFO - [2026-06-01T10:57:46.612+0000] {dag.py:3047} INFO - Sync 1 DAGs
[2026-06-01T10:57:46.629+0000] {logging_mixin.py:188} INFO - [2026-06-01T10:57:46.629+0000] {dag.py:3834} INFO - Setting next_dagrun for my_first_test_dag to None, run_after=None
[2026-06-01T10:57:46.655+0000] {processor.py:183} INFO - Processing /opt/airflow/dags/dag_1.py took 0.113 seconds
[2026-06-01T10:58:16.936+0000] {processor.py:161} INFO - Started process (PID=2290) to work on /opt/airflow/dags/dag_1.py
[2026-06-01T10:58:16.939+0000] {processor.py:830} INFO - Processing file /opt/airflow/dags/dag_1.py for tasks to queue
[2026-06-01T10:58:16.947+0000] {logging_mixin.py:188} INFO - [2026-06-01T10:58:16.943+0000] {dagbag.py:540} INFO - Filling up the DagBag from /opt/airflow/dags/dag_1.py
[2026-06-01T10:58:16.974+0000] {processor.py:840} INFO - DAG(s) 'my_first_test_dag' retrieved from /opt/airflow/dags/dag_1.py
[2026-06-01T10:58:17.028+0000] {logging_mixin.py:188} INFO - [2026-06-01T10:58:17.028+0000] {dag.py:3047} INFO - Sync 1 DAGs
[2026-06-01T10:58:17.056+0000] {logging_mixin.py:188} INFO - [2026-06-01T10:58:17.056+0000] {dag.py:3834} INFO - Setting next_dagrun for my_first_test_dag to None, run_after=None
[2026-06-01T10:58:17.095+0000] {processor.py:183} INFO - Processing /opt/airflow/dags/dag_1.py took 0.164 seconds
[2026-06-01T10:58:47.187+0000] {processor.py:161} INFO - Started process (PID=2300) to work on /opt/airflow/dags/dag_1.py
[2026-06-01T10:58:47.189+0000] {processor.py:830} INFO - Processing file /opt/airflow/dags/dag_1.py for tasks to queue
[2026-06-01T10:58:47.190+0000] {logging_mixin.py:188} INFO - [2026-06-01T10:58:47.190+0000] {dagbag.py:540} INFO - Filling up the DagBag from /opt/airflow/dags/dag_1.py
[2026-06-01T10:58:47.211+0000] {processor.py:840} INFO - DAG(s) 'my_first_test_dag' retrieved from /opt/airflow/dags/dag_1.py
[2026-06-01T10:58:47.247+0000] {logging_mixin.py:188} INFO - [2026-06-01T10:58:47.246+0000] {dag.py:3047} INFO - Sync 1 DAGs
[2026-06-01T10:58:47.269+0000] {logging_mixin.py:188} INFO - [2026-06-01T10:58:47.269+0000] {dag.py:3834} INFO - Setting next_dagrun for my_first_test_dag to None, run_after=None
[2026-06-01T10:58:47.297+0000] {processor.py:183} INFO - Processing /opt/airflow/dags/dag_1.py took 0.114 seconds
[2026-06-01T10:59:17.542+0000] {processor.py:161} INFO - Started process (PID=2310) to work on /opt/airflow/dags/dag_1.py
[2026-06-01T10:59:17.544+0000] {processor.py:830} INFO - Processing file /opt/airflow/dags/dag_1.py for tasks to queue
[2026-06-01T10:59:17.545+0000] {logging_mixin.py:188} INFO - [2026-06-01T10:59:17.545+0000] {dagbag.py:540} INFO - Filling up the DagBag from /opt/airflow/dags/dag_1.py
[2026-06-01T10:59:17.566+0000] {processor.py:840} INFO - DAG(s) 'my_first_test_dag' retrieved from /opt/airflow/dags/dag_1.py
[2026-06-01T10:59:17.600+0000] {logging_mixin.py:188} INFO - [2026-06-01T10:59:17.600+0000] {dag.py:3047} INFO - Sync 1 DAGs
[2026-06-01T10:59:17.614+0000] {logging_mixin.py:188} INFO - [2026-06-01T10:59:17.614+0000] {dag.py:3834} INFO - Setting next_dagrun for my_first_test_dag to None, run_after=None
[2026-06-01T10:59:17.637+0000] {processor.py:183} INFO - Processing /opt/airflow/dags/dag_1.py took 0.099 seconds
[2026-06-01T10:59:47.761+0000] {processor.py:161} INFO - Started process (PID=2320) to work on /opt/airflow/dags/dag_1.py
[2026-06-01T10:59:47.762+0000] {processor.py:830} INFO - Processing file /opt/airflow/dags/dag_1.py for tasks to queue
[2026-06-01T10:59:47.763+0000] {logging_mixin.py:188} INFO - [2026-06-01T10:59:47.762+0000] {dagbag.py:540} INFO - Filling up the DagBag from /opt/airflow/dags/dag_1.py
[2026-06-01T10:59:47.781+0000] {processor.py:840} INFO - DAG(s) 'my_first_test_dag' retrieved from /opt/airflow/dags/dag_1.py
[2026-06-01T10:59:47.817+0000] {logging_mixin.py:188} INFO - [2026-06-01T10:59:47.816+0000] {dag.py:3047} INFO - Sync 1 DAGs
[2026-06-01T10:59:47.837+0000] {logging_mixin.py:188} INFO - [2026-06-01T10:59:47.836+0000] {dag.py:3834} INFO - Setting next_dagrun for my_first_test_dag to None, run_after=None
[2026-06-01T10:59:47.862+0000] {processor.py:183} INFO - Processing /opt/airflow/dags/dag_1.py took 0.104 seconds
[2026-06-01T11:00:18.081+0000] {processor.py:161} INFO - Started process (PID=2330) to work on /opt/airflow/dags/dag_1.py
[2026-06-01T11:00:18.083+0000] {processor.py:830} INFO - Processing file /opt/airflow/dags/dag_1.py for tasks to queue
[2026-06-01T11:00:18.085+0000] {logging_mixin.py:188} INFO - [2026-06-01T11:00:18.085+0000] {dagbag.py:540} INFO - Filling up the DagBag from /opt/airflow/dags/dag_1.py
[2026-06-01T11:00:18.106+0000] {processor.py:840} INFO - DAG(s) 'my_first_test_dag' retrieved from /opt/airflow/dags/dag_1.py
[2026-06-01T11:00:18.166+0000] {logging_mixin.py:188} INFO - [2026-06-01T11:00:18.166+0000] {dag.py:3047} INFO - Sync 1 DAGs
[2026-06-01T11:00:18.193+0000] {logging_mixin.py:188} INFO - [2026-06-01T11:00:18.193+0000] {dag.py:3834} INFO - Setting next_dagrun for my_first_test_dag to None, run_after=None
[2026-06-01T11:00:18.227+0000] {processor.py:183} INFO - Processing /opt/airflow/dags/dag_1.py took 0.149 seconds
[2026-06-01T11:00:48.527+0000] {processor.py:161} INFO - Started process (PID=2340) to work on /opt/airflow/dags/dag_1.py
[2026-06-01T11:00:48.528+0000] {processor.py:830} INFO - Processing file /opt/airflow/dags/dag_1.py for tasks to queue
[2026-06-01T11:00:48.529+0000] {logging_mixin.py:188} INFO - [2026-06-01T11:00:48.529+0000] {dagbag.py:540} INFO - Filling up the DagBag from /opt/airflow/dags/dag_1.py
[2026-06-01T11:00:48.546+0000] {processor.py:840} INFO - DAG(s) 'my_first_test_dag' retrieved from /opt/airflow/dags/dag_1.py
[2026-06-01T11:00:48.575+0000] {logging_mixin.py:188} INFO - [2026-06-01T11:00:48.575+0000] {dag.py:3047} INFO - Sync 1 DAGs
[2026-06-01T11:00:48.590+0000] {logging_mixin.py:188} INFO - [2026-06-01T11:00:48.590+0000] {dag.py:3834} INFO - Setting next_dagrun for my_first_test_dag to None, run_after=None
[2026-06-01T11:00:48.614+0000] {processor.py:183} INFO - Processing /opt/airflow/dags/dag_1.py took 0.090 seconds
[2026-06-01T11:01:18.774+0000] {processor.py:161} INFO - Started process (PID=2350) to work on /opt/airflow/dags/dag_1.py
[2026-06-01T11:01:18.775+0000] {processor.py:830} INFO - Processing file /opt/airflow/dags/dag_1.py for tasks to queue
[2026-06-01T11:01:18.776+0000] {logging_mixin.py:188} INFO - [2026-06-01T11:01:18.776+0000] {dagbag.py:540} INFO - Filling up the DagBag from /opt/airflow/dags/dag_1.py
[2026-06-01T11:01:18.793+0000] {processor.py:840} INFO - DAG(s) 'my_first_test_dag' retrieved from /opt/airflow/dags/dag_1.py
[2026-06-01T11:01:18.821+0000] {logging_mixin.py:188} INFO - [2026-06-01T11:01:18.820+0000] {dag.py:3047} INFO - Sync 1 DAGs
[2026-06-01T11:01:18.836+0000] {logging_mixin.py:188} INFO - [2026-06-01T11:01:18.836+0000] {dag.py:3834} INFO - Setting next_dagrun for my_first_test_dag to None, run_after=None
[2026-06-01T11:01:18.864+0000] {processor.py:183} INFO - Processing /opt/airflow/dags/dag_1.py took 0.094 seconds
[2026-06-01T11:01:49.082+0000] {processor.py:161} INFO - Started process (PID=2360) to work on /opt/airflow/dags/dag_1.py
[2026-06-01T11:01:49.084+0000] {processor.py:830} INFO - Processing file /opt/airflow/dags/dag_1.py for tasks to queue
[2026-06-01T11:01:49.085+0000] {logging_mixin.py:188} INFO - [2026-06-01T11:01:49.084+0000] {dagbag.py:540} INFO - Filling up the DagBag from /opt/airflow/dags/dag_1.py
[2026-06-01T11:01:49.100+0000] {processor.py:840} INFO - DAG(s) 'my_first_test_dag' retrieved from /opt/airflow/dags/dag_1.py
[2026-06-01T11:01:49.129+0000] {logging_mixin.py:188} INFO - [2026-06-01T11:01:49.129+0000] {dag.py:3047} INFO - Sync 1 DAGs
[2026-06-01T11:01:49.149+0000] {logging_mixin.py:188} INFO - [2026-06-01T11:01:49.149+0000] {dag.py:3834} INFO - Setting next_dagrun for my_first_test_dag to None, run_after=None
[2026-06-01T11:01:49.181+0000] {processor.py:183} INFO - Processing /opt/airflow/dags/dag_1.py took 0.102 seconds
[2026-06-01T11:02:19.308+0000] {processor.py:161} INFO - Started process (PID=2370) to work on /opt/airflow/dags/dag_1.py
[2026-06-01T11:02:19.309+0000] {processor.py:830} INFO - Processing file /opt/airflow/dags/dag_1.py for tasks to queue
[2026-06-01T11:02:19.310+0000] {logging_mixin.py:188} INFO - [2026-06-01T11:02:19.310+0000] {dagbag.py:540} INFO - Filling up the DagBag from /opt/airflow/dags/dag_1.py
[2026-06-01T11:02:19.327+0000] {processor.py:840} INFO - DAG(s) 'my_first_test_dag' retrieved from /opt/airflow/dags/dag_1.py
[2026-06-01T11:02:19.362+0000] {logging_mixin.py:188} INFO - [2026-06-01T11:02:19.362+0000] {dag.py:3047} INFO - Sync 1 DAGs
[2026-06-01T11:02:19.382+0000] {logging_mixin.py:188} INFO - [2026-06-01T11:02:19.381+0000] {dag.py:3834} INFO - Setting next_dagrun for my_first_test_dag to None, run_after=None
[2026-06-01T11:02:19.413+0000] {processor.py:183} INFO - Processing /opt/airflow/dags/dag_1.py took 0.109 seconds
[2026-06-01T11:02:49.638+0000] {processor.py:161} INFO - Started process (PID=2380) to work on /opt/airflow/dags/dag_1.py
[2026-06-01T11:02:49.639+0000] {processor.py:830} INFO - Processing file /opt/airflow/dags/dag_1.py for tasks to queue
[2026-06-01T11:02:49.640+0000] {logging_mixin.py:188} INFO - [2026-06-01T11:02:49.639+0000] {dagbag.py:540} INFO - Filling up the DagBag from /opt/airflow/dags/dag_1.py
[2026-06-01T11:02:49.664+0000] {processor.py:840} INFO - DAG(s) 'my_first_test_dag' retrieved from /opt/airflow/dags/dag_1.py
[2026-06-01T11:02:49.699+0000] {logging_mixin.py:188} INFO - [2026-06-01T11:02:49.698+0000] {dag.py:3047} INFO - Sync 1 DAGs
[2026-06-01T11:02:49.719+0000] {logging_mixin.py:188} INFO - [2026-06-01T11:02:49.719+0000] {dag.py:3834} INFO - Setting next_dagrun for my_first_test_dag to None, run_after=None
[2026-06-01T11:02:49.753+0000] {processor.py:183} INFO - Processing /opt/airflow/dags/dag_1.py took 0.120 seconds
[2026-06-01T11:03:19.999+0000] {processor.py:161} INFO - Started process (PID=2390) to work on /opt/airflow/dags/dag_1.py
[2026-06-01T11:03:20.000+0000] {processor.py:830} INFO - Processing file /opt/airflow/dags/dag_1.py for tasks to queue
[2026-06-01T11:03:20.001+0000] {logging_mixin.py:188} INFO - [2026-06-01T11:03:20.001+0000] {dagbag.py:540} INFO - Filling up the DagBag from /opt/airflow/dags/dag_1.py
[2026-06-01T11:03:20.015+0000] {processor.py:840} INFO - DAG(s) 'my_first_test_dag' retrieved from /opt/airflow/dags/dag_1.py
[2026-06-01T11:03:20.039+0000] {logging_mixin.py:188} INFO - [2026-06-01T11:03:20.039+0000] {dag.py:3047} INFO - Sync 1 DAGs
[2026-06-01T11:03:20.054+0000] {logging_mixin.py:188} INFO - [2026-06-01T11:03:20.054+0000] {dag.py:3834} INFO - Setting next_dagrun for my_first_test_dag to None, run_after=None
[2026-06-01T11:03:20.079+0000] {processor.py:183} INFO - Processing /opt/airflow/dags/dag_1.py took 0.083 seconds
[2026-06-01T11:03:50.233+0000] {processor.py:161} INFO - Started process (PID=2400) to work on /opt/airflow/dags/dag_1.py
[2026-06-01T11:03:50.236+0000] {processor.py:830} INFO - Processing file /opt/airflow/dags/dag_1.py for tasks to queue
[2026-06-01T11:03:50.237+0000] {logging_mixin.py:188} INFO - [2026-06-01T11:03:50.236+0000] {dagbag.py:540} INFO - Filling up the DagBag from /opt/airflow/dags/dag_1.py
[2026-06-01T11:03:50.256+0000] {processor.py:840} INFO - DAG(s) 'my_first_test_dag' retrieved from /opt/airflow/dags/dag_1.py
[2026-06-01T11:03:50.292+0000] {logging_mixin.py:188} INFO - [2026-06-01T11:03:50.292+0000] {dag.py:3047} INFO - Sync 1 DAGs
[2026-06-01T11:03:50.310+0000] {logging_mixin.py:188} INFO - [2026-06-01T11:03:50.310+0000] {dag.py:3834} INFO - Setting next_dagrun for my_first_test_dag to None, run_after=None
[2026-06-01T11:03:50.334+0000] {processor.py:183} INFO - Processing /opt/airflow/dags/dag_1.py took 0.105 seconds
[2026-06-01T11:04:20.554+0000] {processor.py:161} INFO - Started process (PID=2410) to work on /opt/airflow/dags/dag_1.py
[2026-06-01T11:04:20.555+0000] {processor.py:830} INFO - Processing file /opt/airflow/dags/dag_1.py for tasks to queue
[2026-06-01T11:04:20.556+0000] {logging_mixin.py:188} INFO - [2026-06-01T11:04:20.556+0000] {dagbag.py:540} INFO - Filling up the DagBag from /opt/airflow/dags/dag_1.py
[2026-06-01T11:04:20.576+0000] {processor.py:840} INFO - DAG(s) 'my_first_test_dag' retrieved from /opt/airflow/dags/dag_1.py
[2026-06-01T11:04:20.613+0000] {logging_mixin.py:188} INFO - [2026-06-01T11:04:20.613+0000] {dag.py:3047} INFO - Sync 1 DAGs
[2026-06-01T11:04:20.629+0000] {logging_mixin.py:188} INFO - [2026-06-01T11:04:20.629+0000] {dag.py:3834} INFO - Setting next_dagrun for my_first_test_dag to None, run_after=None
[2026-06-01T11:04:20.658+0000] {processor.py:183} INFO - Processing /opt/airflow/dags/dag_1.py took 0.107 seconds
[2026-06-01T11:04:50.965+0000] {processor.py:161} INFO - Started process (PID=2420) to work on /opt/airflow/dags/dag_1.py
[2026-06-01T11:04:50.967+0000] {processor.py:830} INFO - Processing file /opt/airflow/dags/dag_1.py for tasks to queue
[2026-06-01T11:04:50.969+0000] {logging_mixin.py:188} INFO - [2026-06-01T11:04:50.968+0000] {dagbag.py:540} INFO - Filling up the DagBag from /opt/airflow/dags/dag_1.py
[2026-06-01T11:04:50.999+0000] {processor.py:840} INFO - DAG(s) 'my_first_test_dag' retrieved from /opt/airflow/dags/dag_1.py
[2026-06-01T11:04:51.041+0000] {logging_mixin.py:188} INFO - [2026-06-01T11:04:51.040+0000] {dag.py:3047} INFO - Sync 1 DAGs
[2026-06-01T11:04:51.067+0000] {logging_mixin.py:188} INFO - [2026-06-01T11:04:51.066+0000] {dag.py:3834} INFO - Setting next_dagrun for my_first_test_dag to None, run_after=None
[2026-06-01T11:04:51.107+0000] {processor.py:183} INFO - Processing /opt/airflow/dags/dag_1.py took 0.148 seconds
[2026-06-01T11:05:21.380+0000] {processor.py:161} INFO - Started process (PID=2430) to work on /opt/airflow/dags/dag_1.py
[2026-06-01T11:05:21.381+0000] {processor.py:830} INFO - Processing file /opt/airflow/dags/dag_1.py for tasks to queue
[2026-06-01T11:05:21.383+0000] {logging_mixin.py:188} INFO - [2026-06-01T11:05:21.382+0000] {dagbag.py:540} INFO - Filling up the DagBag from /opt/airflow/dags/dag_1.py
[2026-06-01T11:05:21.406+0000] {processor.py:840} INFO - DAG(s) 'my_first_test_dag' retrieved from /opt/airflow/dags/dag_1.py
[2026-06-01T11:05:21.438+0000] {logging_mixin.py:188} INFO - [2026-06-01T11:05:21.438+0000] {dag.py:3047} INFO - Sync 1 DAGs
[2026-06-01T11:05:21.459+0000] {logging_mixin.py:188} INFO - [2026-06-01T11:05:21.458+0000] {dag.py:3834} INFO - Setting next_dagrun for my_first_test_dag to None, run_after=None
[2026-06-01T11:05:21.484+0000] {processor.py:183} INFO - Processing /opt/airflow/dags/dag_1.py took 0.108 seconds
[2026-06-01T11:05:51.741+0000] {processor.py:161} INFO - Started process (PID=2440) to work on /opt/airflow/dags/dag_1.py
[2026-06-01T11:05:51.742+0000] {processor.py:830} INFO - Processing file /opt/airflow/dags/dag_1.py for tasks to queue
[2026-06-01T11:05:51.743+0000] {logging_mixin.py:188} INFO - [2026-06-01T11:05:51.743+0000] {dagbag.py:540} INFO - Filling up the DagBag from /opt/airflow/dags/dag_1.py
[2026-06-01T11:05:51.756+0000] {processor.py:840} INFO - DAG(s) 'my_first_test_dag' retrieved from /opt/airflow/dags/dag_1.py
[2026-06-01T11:05:51.781+0000] {logging_mixin.py:188} INFO - [2026-06-01T11:05:51.781+0000] {dag.py:3047} INFO - Sync 1 DAGs
[2026-06-01T11:05:51.795+0000] {logging_mixin.py:188} INFO - [2026-06-01T11:05:51.795+0000] {dag.py:3834} INFO - Setting next_dagrun for my_first_test_dag to None, run_after=None
[2026-06-01T11:05:51.819+0000] {processor.py:183} INFO - Processing /opt/airflow/dags/dag_1.py took 0.081 seconds
[2026-06-01T11:06:22.095+0000] {processor.py:161} INFO - Started process (PID=2450) to work on /opt/airflow/dags/dag_1.py
[2026-06-01T11:06:22.096+0000] {processor.py:830} INFO - Processing file /opt/airflow/dags/dag_1.py for tasks to queue
[2026-06-01T11:06:22.097+0000] {logging_mixin.py:188} INFO - [2026-06-01T11:06:22.097+0000] {dagbag.py:540} INFO - Filling up the DagBag from /opt/airflow/dags/dag_1.py
[2026-06-01T11:06:22.111+0000] {processor.py:840} INFO - DAG(s) 'my_first_test_dag' retrieved from /opt/airflow/dags/dag_1.py
[2026-06-01T11:06:22.134+0000] {logging_mixin.py:188} INFO - [2026-06-01T11:06:22.134+0000] {dag.py:3047} INFO - Sync 1 DAGs
[2026-06-01T11:06:22.148+0000] {logging_mixin.py:188} INFO - [2026-06-01T11:06:22.148+0000] {dag.py:3834} INFO - Setting next_dagrun for my_first_test_dag to None, run_after=None
[2026-06-01T11:06:22.178+0000] {processor.py:183} INFO - Processing /opt/airflow/dags/dag_1.py took 0.085 seconds
[2026-06-01T11:06:52.320+0000] {processor.py:161} INFO - Started process (PID=2460) to work on /opt/airflow/dags/dag_1.py
[2026-06-01T11:06:52.321+0000] {processor.py:830} INFO - Processing file /opt/airflow/dags/dag_1.py for tasks to queue
[2026-06-01T11:06:52.322+0000] {logging_mixin.py:188} INFO - [2026-06-01T11:06:52.322+0000] {dagbag.py:540} INFO - Filling up the DagBag from /opt/airflow/dags/dag_1.py
[2026-06-01T11:06:52.344+0000] {processor.py:840} INFO - DAG(s) 'my_first_test_dag' retrieved from /opt/airflow/dags/dag_1.py
[2026-06-01T11:06:52.376+0000] {logging_mixin.py:188} INFO - [2026-06-01T11:06:52.376+0000] {dag.py:3047} INFO - Sync 1 DAGs
[2026-06-01T11:06:52.390+0000] {logging_mixin.py:188} INFO - [2026-06-01T11:06:52.390+0000] {dag.py:3834} INFO - Setting next_dagrun for my_first_test_dag to None, run_after=None
[2026-06-01T11:06:52.414+0000] {processor.py:183} INFO - Processing /opt/airflow/dags/dag_1.py took 0.097 seconds
[2026-06-01T11:07:22.716+0000] {processor.py:161} INFO - Started process (PID=2470) to work on /opt/airflow/dags/dag_1.py
[2026-06-01T11:07:22.717+0000] {processor.py:830} INFO - Processing file /opt/airflow/dags/dag_1.py for tasks to queue
[2026-06-01T11:07:22.718+0000] {logging_mixin.py:188} INFO - [2026-06-01T11:07:22.717+0000] {dagbag.py:540} INFO - Filling up the DagBag from /opt/airflow/dags/dag_1.py
[2026-06-01T11:07:22.736+0000] {processor.py:840} INFO - DAG(s) 'my_first_test_dag' retrieved from /opt/airflow/dags/dag_1.py
[2026-06-01T11:07:22.778+0000] {logging_mixin.py:188} INFO - [2026-06-01T11:07:22.778+0000] {dag.py:3047} INFO - Sync 1 DAGs
[2026-06-01T11:07:22.801+0000] {logging_mixin.py:188} INFO - [2026-06-01T11:07:22.801+0000] {dag.py:3834} INFO - Setting next_dagrun for my_first_test_dag to None, run_after=None
[2026-06-01T11:07:22.832+0000] {processor.py:183} INFO - Processing /opt/airflow/dags/dag_1.py took 0.120 seconds
[2026-06-01T11:07:53.077+0000] {processor.py:161} INFO - Started process (PID=2480) to work on /opt/airflow/dags/dag_1.py
[2026-06-01T11:07:53.078+0000] {processor.py:830} INFO - Processing file /opt/airflow/dags/dag_1.py for tasks to queue
[2026-06-01T11:07:53.079+0000] {logging_mixin.py:188} INFO - [2026-06-01T11:07:53.079+0000] {dagbag.py:540} INFO - Filling up the DagBag from /opt/airflow/dags/dag_1.py
[2026-06-01T11:07:53.096+0000] {processor.py:840} INFO - DAG(s) 'my_first_test_dag' retrieved from /opt/airflow/dags/dag_1.py
[2026-06-01T11:07:53.126+0000] {logging_mixin.py:188} INFO - [2026-06-01T11:07:53.125+0000] {dag.py:3047} INFO - Sync 1 DAGs
[2026-06-01T11:07:53.144+0000] {logging_mixin.py:188} INFO - [2026-06-01T11:07:53.144+0000] {dag.py:3834} INFO - Setting next_dagrun for my_first_test_dag to None, run_after=None
[2026-06-01T11:07:53.169+0000] {processor.py:183} INFO - Processing /opt/airflow/dags/dag_1.py took 0.095 seconds
[2026-06-01T11:08:23.387+0000] {processor.py:161} INFO - Started process (PID=2490) to work on /opt/airflow/dags/dag_1.py
[2026-06-01T11:08:23.389+0000] {processor.py:830} INFO - Processing file /opt/airflow/dags/dag_1.py for tasks to queue
[2026-06-01T11:08:23.392+0000] {logging_mixin.py:188} INFO - [2026-06-01T11:08:23.391+0000] {dagbag.py:540} INFO - Filling up the DagBag from /opt/airflow/dags/dag_1.py
[2026-06-01T11:08:23.420+0000] {processor.py:840} INFO - DAG(s) 'my_first_test_dag' retrieved from /opt/airflow/dags/dag_1.py
[2026-06-01T11:08:23.459+0000] {logging_mixin.py:188} INFO - [2026-06-01T11:08:23.459+0000] {dag.py:3047} INFO - Sync 1 DAGs
[2026-06-01T11:08:23.483+0000] {logging_mixin.py:188} INFO - [2026-06-01T11:08:23.482+0000] {dag.py:3834} INFO - Setting next_dagrun for my_first_test_dag to None, run_after=None
[2026-06-01T11:08:23.528+0000] {processor.py:183} INFO - Processing /opt/airflow/dags/dag_1.py took 0.146 seconds
[2026-06-01T11:08:53.648+0000] {processor.py:161} INFO - Started process (PID=2500) to work on /opt/airflow/dags/dag_1.py
[2026-06-01T11:08:53.649+0000] {processor.py:830} INFO - Processing file /opt/airflow/dags/dag_1.py for tasks to queue
[2026-06-01T11:08:53.650+0000] {logging_mixin.py:188} INFO - [2026-06-01T11:08:53.650+0000] {dagbag.py:540} INFO - Filling up the DagBag from /opt/airflow/dags/dag_1.py
[2026-06-01T11:08:53.665+0000] {processor.py:840} INFO - DAG(s) 'my_first_test_dag' retrieved from /opt/airflow/dags/dag_1.py
[2026-06-01T11:08:53.701+0000] {logging_mixin.py:188} INFO - [2026-06-01T11:08:53.700+0000] {dag.py:3047} INFO - Sync 1 DAGs
[2026-06-01T11:08:53.715+0000] {logging_mixin.py:188} INFO - [2026-06-01T11:08:53.715+0000] {dag.py:3834} INFO - Setting next_dagrun for my_first_test_dag to None, run_after=None
[2026-06-01T11:08:53.743+0000] {processor.py:183} INFO - Processing /opt/airflow/dags/dag_1.py took 0.099 seconds
[2026-06-01T11:09:23.981+0000] {processor.py:161} INFO - Started process (PID=2510) to work on /opt/airflow/dags/dag_1.py
[2026-06-01T11:09:23.982+0000] {processor.py:830} INFO - Processing file /opt/airflow/dags/dag_1.py for tasks to queue
[2026-06-01T11:09:23.984+0000] {logging_mixin.py:188} INFO - [2026-06-01T11:09:23.983+0000] {dagbag.py:540} INFO - Filling up the DagBag from /opt/airflow/dags/dag_1.py
[2026-06-01T11:09:23.996+0000] {processor.py:840} INFO - DAG(s) 'my_first_test_dag' retrieved from /opt/airflow/dags/dag_1.py
[2026-06-01T11:09:24.024+0000] {logging_mixin.py:188} INFO - [2026-06-01T11:09:24.024+0000] {dag.py:3047} INFO - Sync 1 DAGs
[2026-06-01T11:09:24.040+0000] {logging_mixin.py:188} INFO - [2026-06-01T11:09:24.040+0000] {dag.py:3834} INFO - Setting next_dagrun for my_first_test_dag to None, run_after=None
[2026-06-01T11:09:24.065+0000] {processor.py:183} INFO - Processing /opt/airflow/dags/dag_1.py took 0.088 seconds
[2026-06-01T11:09:54.194+0000] {processor.py:161} INFO - Started process (PID=2520) to work on /opt/airflow/dags/dag_1.py
[2026-06-01T11:09:54.195+0000] {processor.py:830} INFO - Processing file /opt/airflow/dags/dag_1.py for tasks to queue
[2026-06-01T11:09:54.196+0000] {logging_mixin.py:188} INFO - [2026-06-01T11:09:54.195+0000] {dagbag.py:540} INFO - Filling up the DagBag from /opt/airflow/dags/dag_1.py
[2026-06-01T11:09:54.208+0000] {processor.py:840} INFO - DAG(s) 'my_first_test_dag' retrieved from /opt/airflow/dags/dag_1.py
[2026-06-01T11:09:54.232+0000] {logging_mixin.py:188} INFO - [2026-06-01T11:09:54.232+0000] {dag.py:3047} INFO - Sync 1 DAGs
[2026-06-01T11:09:54.249+0000] {logging_mixin.py:188} INFO - [2026-06-01T11:09:54.248+0000] {dag.py:3834} INFO - Setting next_dagrun for my_first_test_dag to None, run_after=None
[2026-06-01T11:09:54.275+0000] {processor.py:183} INFO - Processing /opt/airflow/dags/dag_1.py took 0.084 seconds
[2026-06-01T11:10:24.504+0000] {processor.py:161} INFO - Started process (PID=2530) to work on /opt/airflow/dags/dag_1.py
[2026-06-01T11:10:24.506+0000] {processor.py:830} INFO - Processing file /opt/airflow/dags/dag_1.py for tasks to queue
[2026-06-01T11:10:24.507+0000] {logging_mixin.py:188} INFO - [2026-06-01T11:10:24.506+0000] {dagbag.py:540} INFO - Filling up the DagBag from /opt/airflow/dags/dag_1.py
[2026-06-01T11:10:24.524+0000] {processor.py:840} INFO - DAG(s) 'my_first_test_dag' retrieved from /opt/airflow/dags/dag_1.py
[2026-06-01T11:10:24.549+0000] {logging_mixin.py:188} INFO - [2026-06-01T11:10:24.549+0000] {dag.py:3047} INFO - Sync 1 DAGs
[2026-06-01T11:10:24.565+0000] {logging_mixin.py:188} INFO - [2026-06-01T11:10:24.565+0000] {dag.py:3834} INFO - Setting next_dagrun for my_first_test_dag to None, run_after=None
[2026-06-01T11:10:24.596+0000] {processor.py:183} INFO - Processing /opt/airflow/dags/dag_1.py took 0.094 seconds
[2026-06-01T11:10:54.762+0000] {processor.py:161} INFO - Started process (PID=2540) to work on /opt/airflow/dags/dag_1.py
[2026-06-01T11:10:54.763+0000] {processor.py:830} INFO - Processing file /opt/airflow/dags/dag_1.py for tasks to queue
[2026-06-01T11:10:54.764+0000] {logging_mixin.py:188} INFO - [2026-06-01T11:10:54.764+0000] {dagbag.py:540} INFO - Filling up the DagBag from /opt/airflow/dags/dag_1.py
[2026-06-01T11:10:54.777+0000] {processor.py:840} INFO - DAG(s) 'my_first_test_dag' retrieved from /opt/airflow/dags/dag_1.py
[2026-06-01T11:10:54.801+0000] {logging_mixin.py:188} INFO - [2026-06-01T11:10:54.801+0000] {dag.py:3047} INFO - Sync 1 DAGs
[2026-06-01T11:10:54.818+0000] {logging_mixin.py:188} INFO - [2026-06-01T11:10:54.818+0000] {dag.py:3834} INFO - Setting next_dagrun for my_first_test_dag to None, run_after=None
[2026-06-01T11:10:54.843+0000] {processor.py:183} INFO - Processing /opt/airflow/dags/dag_1.py took 0.084 seconds
[2026-06-01T11:11:25.000+0000] {processor.py:161} INFO - Started process (PID=2550) to work on /opt/airflow/dags/dag_1.py
[2026-06-01T11:11:25.001+0000] {processor.py:830} INFO - Processing file /opt/airflow/dags/dag_1.py for tasks to queue
[2026-06-01T11:11:25.002+0000] {logging_mixin.py:188} INFO - [2026-06-01T11:11:25.001+0000] {dagbag.py:540} INFO - Filling up the DagBag from /opt/airflow/dags/dag_1.py
[2026-06-01T11:11:25.016+0000] {processor.py:840} INFO - DAG(s) 'my_first_test_dag' retrieved from /opt/airflow/dags/dag_1.py
[2026-06-01T11:11:25.042+0000] {logging_mixin.py:188} INFO - [2026-06-01T11:11:25.041+0000] {dag.py:3047} INFO - Sync 1 DAGs
[2026-06-01T11:11:25.055+0000] {logging_mixin.py:188} INFO - [2026-06-01T11:11:25.055+0000] {dag.py:3834} INFO - Setting next_dagrun for my_first_test_dag to None, run_after=None
[2026-06-01T11:11:25.078+0000] {processor.py:183} INFO - Processing /opt/airflow/dags/dag_1.py took 0.081 seconds
[2026-06-01T11:11:55.291+0000] {processor.py:161} INFO - Started process (PID=2560) to work on /opt/airflow/dags/dag_1.py
[2026-06-01T11:11:55.293+0000] {processor.py:830} INFO - Processing file /opt/airflow/dags/dag_1.py for tasks to queue
[2026-06-01T11:11:55.294+0000] {logging_mixin.py:188} INFO - [2026-06-01T11:11:55.294+0000] {dagbag.py:540} INFO - Filling up the DagBag from /opt/airflow/dags/dag_1.py
[2026-06-01T11:11:55.316+0000] {processor.py:840} INFO - DAG(s) 'my_first_test_dag' retrieved from /opt/airflow/dags/dag_1.py
[2026-06-01T11:11:55.346+0000] {logging_mixin.py:188} INFO - [2026-06-01T11:11:55.345+0000] {dag.py:3047} INFO - Sync 1 DAGs
[2026-06-01T11:11:55.365+0000] {logging_mixin.py:188} INFO - [2026-06-01T11:11:55.365+0000] {dag.py:3834} INFO - Setting next_dagrun for my_first_test_dag to None, run_after=None
[2026-06-01T11:11:55.391+0000] {processor.py:183} INFO - Processing /opt/airflow/dags/dag_1.py took 0.104 seconds
[2026-06-01T11:12:25.537+0000] {processor.py:161} INFO - Started process (PID=2570) to work on /opt/airflow/dags/dag_1.py
[2026-06-01T11:12:25.538+0000] {processor.py:830} INFO - Processing file /opt/airflow/dags/dag_1.py for tasks to queue
[2026-06-01T11:12:25.540+0000] {logging_mixin.py:188} INFO - [2026-06-01T11:12:25.540+0000] {dagbag.py:540} INFO - Filling up the DagBag from /opt/airflow/dags/dag_1.py
[2026-06-01T11:12:25.566+0000] {processor.py:840} INFO - DAG(s) 'my_first_test_dag' retrieved from /opt/airflow/dags/dag_1.py
[2026-06-01T11:12:25.617+0000] {logging_mixin.py:188} INFO - [2026-06-01T11:12:25.617+0000] {dag.py:3047} INFO - Sync 1 DAGs
[2026-06-01T11:12:25.646+0000] {logging_mixin.py:188} INFO - [2026-06-01T11:12:25.645+0000] {dag.py:3834} INFO - Setting next_dagrun for my_first_test_dag to None, run_after=None
[2026-06-01T11:12:25.712+0000] {processor.py:183} INFO - Processing /opt/airflow/dags/dag_1.py took 0.181 seconds
[2026-06-01T11:12:55.953+0000] {processor.py:161} INFO - Started process (PID=2580) to work on /opt/airflow/dags/dag_1.py
[2026-06-01T11:12:55.954+0000] {processor.py:830} INFO - Processing file /opt/airflow/dags/dag_1.py for tasks to queue
[2026-06-01T11:12:55.956+0000] {logging_mixin.py:188} INFO - [2026-06-01T11:12:55.955+0000] {dagbag.py:540} INFO - Filling up the DagBag from /opt/airflow/dags/dag_1.py
[2026-06-01T11:12:55.976+0000] {processor.py:840} INFO - DAG(s) 'my_first_test_dag' retrieved from /opt/airflow/dags/dag_1.py
[2026-06-01T11:12:56.013+0000] {logging_mixin.py:188} INFO - [2026-06-01T11:12:56.012+0000] {dag.py:3047} INFO - Sync 1 DAGs
[2026-06-01T11:12:56.030+0000] {logging_mixin.py:188} INFO - [2026-06-01T11:12:56.030+0000] {dag.py:3834} INFO - Setting next_dagrun for my_first_test_dag to None, run_after=None
[2026-06-01T11:12:56.057+0000] {processor.py:183} INFO - Processing /opt/airflow/dags/dag_1.py took 0.107 seconds
[2026-06-01T11:13:26.208+0000] {processor.py:161} INFO - Started process (PID=2590) to work on /opt/airflow/dags/dag_1.py
[2026-06-01T11:13:26.210+0000] {processor.py:830} INFO - Processing file /opt/airflow/dags/dag_1.py for tasks to queue
[2026-06-01T11:13:26.211+0000] {logging_mixin.py:188} INFO - [2026-06-01T11:13:26.211+0000] {dagbag.py:540} INFO - Filling up the DagBag from /opt/airflow/dags/dag_1.py
[2026-06-01T11:13:26.236+0000] {processor.py:840} INFO - DAG(s) 'my_first_test_dag' retrieved from /opt/airflow/dags/dag_1.py
[2026-06-01T11:13:26.283+0000] {logging_mixin.py:188} INFO - [2026-06-01T11:13:26.282+0000] {dag.py:3047} INFO - Sync 1 DAGs
[2026-06-01T11:13:26.305+0000] {logging_mixin.py:188} INFO - [2026-06-01T11:13:26.305+0000] {dag.py:3834} INFO - Setting next_dagrun for my_first_test_dag to None, run_after=None
[2026-06-01T11:13:26.336+0000] {processor.py:183} INFO - Processing /opt/airflow/dags/dag_1.py took 0.138 seconds
[2026-06-01T11:13:56.558+0000] {processor.py:161} INFO - Started process (PID=2600) to work on /opt/airflow/dags/dag_1.py
[2026-06-01T11:13:56.559+0000] {processor.py:830} INFO - Processing file /opt/airflow/dags/dag_1.py for tasks to queue
[2026-06-01T11:13:56.560+0000] {logging_mixin.py:188} INFO - [2026-06-01T11:13:56.560+0000] {dagbag.py:540} INFO - Filling up the DagBag from /opt/airflow/dags/dag_1.py
[2026-06-01T11:13:56.576+0000] {processor.py:840} INFO - DAG(s) 'my_first_test_dag' retrieved from /opt/airflow/dags/dag_1.py
[2026-06-01T11:13:56.604+0000] {logging_mixin.py:188} INFO - [2026-06-01T11:13:56.603+0000] {dag.py:3047} INFO - Sync 1 DAGs
[2026-06-01T11:13:56.621+0000] {logging_mixin.py:188} INFO - [2026-06-01T11:13:56.620+0000] {dag.py:3834} INFO - Setting next_dagrun for my_first_test_dag to None, run_after=None
[2026-06-01T11:13:56.648+0000] {processor.py:183} INFO - Processing /opt/airflow/dags/dag_1.py took 0.092 seconds
[2026-06-01T11:14:26.987+0000] {processor.py:161} INFO - Started process (PID=2610) to work on /opt/airflow/dags/dag_1.py
[2026-06-01T11:14:26.988+0000] {processor.py:830} INFO - Processing file /opt/airflow/dags/dag_1.py for tasks to queue
[2026-06-01T11:14:26.989+0000] {logging_mixin.py:188} INFO - [2026-06-01T11:14:26.989+0000] {dagbag.py:540} INFO - Filling up the DagBag from /opt/airflow/dags/dag_1.py
[2026-06-01T11:14:27.007+0000] {processor.py:840} INFO - DAG(s) 'my_first_test_dag' retrieved from /opt/airflow/dags/dag_1.py
[2026-06-01T11:14:27.033+0000] {logging_mixin.py:188} INFO - [2026-06-01T11:14:27.032+0000] {dag.py:3047} INFO - Sync 1 DAGs
[2026-06-01T11:14:27.047+0000] {logging_mixin.py:188} INFO - [2026-06-01T11:14:27.047+0000] {dag.py:3834} INFO - Setting next_dagrun for my_first_test_dag to None, run_after=None
[2026-06-01T11:14:27.070+0000] {processor.py:183} INFO - Processing /opt/airflow/dags/dag_1.py took 0.085 seconds
[2026-06-01T11:14:57.226+0000] {processor.py:161} INFO - Started process (PID=2620) to work on /opt/airflow/dags/dag_1.py
[2026-06-01T11:14:57.227+0000] {processor.py:830} INFO - Processing file /opt/airflow/dags/dag_1.py for tasks to queue
[2026-06-01T11:14:57.229+0000] {logging_mixin.py:188} INFO - [2026-06-01T11:14:57.228+0000] {dagbag.py:540} INFO - Filling up the DagBag from /opt/airflow/dags/dag_1.py
[2026-06-01T11:14:57.251+0000] {processor.py:840} INFO - DAG(s) 'my_first_test_dag' retrieved from /opt/airflow/dags/dag_1.py
[2026-06-01T11:14:57.279+0000] {logging_mixin.py:188} INFO - [2026-06-01T11:14:57.279+0000] {dag.py:3047} INFO - Sync 1 DAGs
[2026-06-01T11:14:57.297+0000] {logging_mixin.py:188} INFO - [2026-06-01T11:14:57.297+0000] {dag.py:3834} INFO - Setting next_dagrun for my_first_test_dag to None, run_after=None
[2026-06-01T11:14:57.328+0000] {processor.py:183} INFO - Processing /opt/airflow/dags/dag_1.py took 0.106 seconds
[2026-06-01T11:15:27.485+0000] {processor.py:161} INFO - Started process (PID=2630) to work on /opt/airflow/dags/dag_1.py
[2026-06-01T11:15:27.485+0000] {processor.py:830} INFO - Processing file /opt/airflow/dags/dag_1.py for tasks to queue
[2026-06-01T11:15:27.486+0000] {logging_mixin.py:188} INFO - [2026-06-01T11:15:27.486+0000] {dagbag.py:540} INFO - Filling up the DagBag from /opt/airflow/dags/dag_1.py
[2026-06-01T11:15:27.501+0000] {processor.py:840} INFO - DAG(s) 'my_first_test_dag' retrieved from /opt/airflow/dags/dag_1.py
[2026-06-01T11:15:27.527+0000] {logging_mixin.py:188} INFO - [2026-06-01T11:15:27.526+0000] {dag.py:3047} INFO - Sync 1 DAGs
[2026-06-01T11:15:27.544+0000] {logging_mixin.py:188} INFO - [2026-06-01T11:15:27.544+0000] {dag.py:3834} INFO - Setting next_dagrun for my_first_test_dag to None, run_after=None
[2026-06-01T11:15:27.567+0000] {processor.py:183} INFO - Processing /opt/airflow/dags/dag_1.py took 0.086 seconds
[2026-06-01T11:15:57.749+0000] {processor.py:161} INFO - Started process (PID=2640) to work on /opt/airflow/dags/dag_1.py
[2026-06-01T11:15:57.749+0000] {processor.py:830} INFO - Processing file /opt/airflow/dags/dag_1.py for tasks to queue
[2026-06-01T11:15:57.750+0000] {logging_mixin.py:188} INFO - [2026-06-01T11:15:57.750+0000] {dagbag.py:540} INFO - Filling up the DagBag from /opt/airflow/dags/dag_1.py
[2026-06-01T11:15:57.765+0000] {processor.py:840} INFO - DAG(s) 'my_first_test_dag' retrieved from /opt/airflow/dags/dag_1.py
[2026-06-01T11:15:57.796+0000] {logging_mixin.py:188} INFO - [2026-06-01T11:15:57.796+0000] {dag.py:3047} INFO - Sync 1 DAGs
[2026-06-01T11:15:57.810+0000] {logging_mixin.py:188} INFO - [2026-06-01T11:15:57.810+0000] {dag.py:3834} INFO - Setting next_dagrun for my_first_test_dag to None, run_after=None
[2026-06-01T11:15:57.834+0000] {processor.py:183} INFO - Processing /opt/airflow/dags/dag_1.py took 0.089 seconds
[2026-06-01T11:16:28.080+0000] {processor.py:161} INFO - Started process (PID=2650) to work on /opt/airflow/dags/dag_1.py
[2026-06-01T11:16:28.080+0000] {processor.py:830} INFO - Processing file /opt/airflow/dags/dag_1.py for tasks to queue
[2026-06-01T11:16:28.082+0000] {logging_mixin.py:188} INFO - [2026-06-01T11:16:28.081+0000] {dagbag.py:540} INFO - Filling up the DagBag from /opt/airflow/dags/dag_1.py
[2026-06-01T11:16:28.095+0000] {processor.py:840} INFO - DAG(s) 'my_first_test_dag' retrieved from /opt/airflow/dags/dag_1.py
[2026-06-01T11:16:28.124+0000] {logging_mixin.py:188} INFO - [2026-06-01T11:16:28.123+0000] {dag.py:3047} INFO - Sync 1 DAGs
[2026-06-01T11:16:28.138+0000] {logging_mixin.py:188} INFO - [2026-06-01T11:16:28.138+0000] {dag.py:3834} INFO - Setting next_dagrun for my_first_test_dag to None, run_after=None
[2026-06-01T11:16:28.161+0000] {processor.py:183} INFO - Processing /opt/airflow/dags/dag_1.py took 0.084 seconds
[2026-06-01T11:16:58.338+0000] {processor.py:161} INFO - Started process (PID=2660) to work on /opt/airflow/dags/dag_1.py
[2026-06-01T11:16:58.339+0000] {processor.py:830} INFO - Processing file /opt/airflow/dags/dag_1.py for tasks to queue
[2026-06-01T11:16:58.340+0000] {logging_mixin.py:188} INFO - [2026-06-01T11:16:58.340+0000] {dagbag.py:540} INFO - Filling up the DagBag from /opt/airflow/dags/dag_1.py
[2026-06-01T11:16:58.359+0000] {processor.py:840} INFO - DAG(s) 'my_first_test_dag' retrieved from /opt/airflow/dags/dag_1.py
[2026-06-01T11:16:58.391+0000] {logging_mixin.py:188} INFO - [2026-06-01T11:16:58.391+0000] {dag.py:3047} INFO - Sync 1 DAGs
[2026-06-01T11:16:58.412+0000] {logging_mixin.py:188} INFO - [2026-06-01T11:16:58.411+0000] {dag.py:3834} INFO - Setting next_dagrun for my_first_test_dag to None, run_after=None
[2026-06-01T11:16:58.442+0000] {processor.py:183} INFO - Processing /opt/airflow/dags/dag_1.py took 0.108 seconds
[2026-06-01T11:17:28.595+0000] {processor.py:161} INFO - Started process (PID=2670) to work on /opt/airflow/dags/dag_1.py
[2026-06-01T11:17:28.596+0000] {processor.py:830} INFO - Processing file /opt/airflow/dags/dag_1.py for tasks to queue
[2026-06-01T11:17:28.597+0000] {logging_mixin.py:188} INFO - [2026-06-01T11:17:28.596+0000] {dagbag.py:540} INFO - Filling up the DagBag from /opt/airflow/dags/dag_1.py
[2026-06-01T11:17:28.611+0000] {processor.py:840} INFO - DAG(s) 'my_first_test_dag' retrieved from /opt/airflow/dags/dag_1.py
[2026-06-01T11:17:28.644+0000] {logging_mixin.py:188} INFO - [2026-06-01T11:17:28.643+0000] {dag.py:3047} INFO - Sync 1 DAGs
[2026-06-01T11:17:28.660+0000] {logging_mixin.py:188} INFO - [2026-06-01T11:17:28.660+0000] {dag.py:3834} INFO - Setting next_dagrun for my_first_test_dag to None, run_after=None
[2026-06-01T11:17:28.690+0000] {processor.py:183} INFO - Processing /opt/airflow/dags/dag_1.py took 0.099 seconds
[2026-06-01T11:17:58.873+0000] {processor.py:161} INFO - Started process (PID=2680) to work on /opt/airflow/dags/dag_1.py
[2026-06-01T11:17:58.875+0000] {processor.py:830} INFO - Processing file /opt/airflow/dags/dag_1.py for tasks to queue
[2026-06-01T11:17:58.876+0000] {logging_mixin.py:188} INFO - [2026-06-01T11:17:58.875+0000] {dagbag.py:540} INFO - Filling up the DagBag from /opt/airflow/dags/dag_1.py
[2026-06-01T11:17:58.892+0000] {processor.py:840} INFO - DAG(s) 'my_first_test_dag' retrieved from /opt/airflow/dags/dag_1.py
[2026-06-01T11:17:58.932+0000] {logging_mixin.py:188} INFO - [2026-06-01T11:17:58.931+0000] {dag.py:3047} INFO - Sync 1 DAGs
[2026-06-01T11:17:58.948+0000] {logging_mixin.py:188} INFO - [2026-06-01T11:17:58.948+0000] {dag.py:3834} INFO - Setting next_dagrun for my_first_test_dag to None, run_after=None
[2026-06-01T11:17:58.977+0000] {processor.py:183} INFO - Processing /opt/airflow/dags/dag_1.py took 0.107 seconds
[2026-06-01T11:18:29.247+0000] {processor.py:161} INFO - Started process (PID=2690) to work on /opt/airflow/dags/dag_1.py
[2026-06-01T11:18:29.249+0000] {processor.py:830} INFO - Processing file /opt/airflow/dags/dag_1.py for tasks to queue
[2026-06-01T11:18:29.250+0000] {logging_mixin.py:188} INFO - [2026-06-01T11:18:29.249+0000] {dagbag.py:540} INFO - Filling up the DagBag from /opt/airflow/dags/dag_1.py
[2026-06-01T11:18:29.273+0000] {processor.py:840} INFO - DAG(s) 'my_first_test_dag' retrieved from /opt/airflow/dags/dag_1.py
[2026-06-01T11:18:29.310+0000] {logging_mixin.py:188} INFO - [2026-06-01T11:18:29.310+0000] {dag.py:3047} INFO - Sync 1 DAGs
[2026-06-01T11:18:29.334+0000] {logging_mixin.py:188} INFO - [2026-06-01T11:18:29.334+0000] {dag.py:3834} INFO - Setting next_dagrun for my_first_test_dag to None, run_after=None
[2026-06-01T11:18:29.368+0000] {processor.py:183} INFO - Processing /opt/airflow/dags/dag_1.py took 0.125 seconds
[2026-06-01T11:18:59.656+0000] {processor.py:161} INFO - Started process (PID=2700) to work on /opt/airflow/dags/dag_1.py
[2026-06-01T11:18:59.657+0000] {processor.py:830} INFO - Processing file /opt/airflow/dags/dag_1.py for tasks to queue
[2026-06-01T11:18:59.660+0000] {logging_mixin.py:188} INFO - [2026-06-01T11:18:59.660+0000] {dagbag.py:540} INFO - Filling up the DagBag from /opt/airflow/dags/dag_1.py
[2026-06-01T11:18:59.687+0000] {processor.py:840} INFO - DAG(s) 'my_first_test_dag' retrieved from /opt/airflow/dags/dag_1.py
[2026-06-01T11:18:59.721+0000] {logging_mixin.py:188} INFO - [2026-06-01T11:18:59.721+0000] {dag.py:3047} INFO - Sync 1 DAGs
[2026-06-01T11:18:59.748+0000] {logging_mixin.py:188} INFO - [2026-06-01T11:18:59.748+0000] {dag.py:3834} INFO - Setting next_dagrun for my_first_test_dag to None, run_after=None
[2026-06-01T11:18:59.776+0000] {processor.py:183} INFO - Processing /opt/airflow/dags/dag_1.py took 0.124 seconds
[2026-06-01T11:19:29.959+0000] {processor.py:161} INFO - Started process (PID=2710) to work on /opt/airflow/dags/dag_1.py
[2026-06-01T11:19:29.959+0000] {processor.py:830} INFO - Processing file /opt/airflow/dags/dag_1.py for tasks to queue
[2026-06-01T11:19:29.960+0000] {logging_mixin.py:188} INFO - [2026-06-01T11:19:29.960+0000] {dagbag.py:540} INFO - Filling up the DagBag from /opt/airflow/dags/dag_1.py
[2026-06-01T11:19:29.979+0000] {processor.py:840} INFO - DAG(s) 'my_first_test_dag' retrieved from /opt/airflow/dags/dag_1.py
[2026-06-01T11:19:30.003+0000] {logging_mixin.py:188} INFO - [2026-06-01T11:19:30.003+0000] {dag.py:3047} INFO - Sync 1 DAGs
[2026-06-01T11:19:30.021+0000] {logging_mixin.py:188} INFO - [2026-06-01T11:19:30.020+0000] {dag.py:3834} INFO - Setting next_dagrun for my_first_test_dag to None, run_after=None
[2026-06-01T11:19:30.052+0000] {processor.py:183} INFO - Processing /opt/airflow/dags/dag_1.py took 0.096 seconds
[2026-06-01T11:20:00.189+0000] {processor.py:161} INFO - Started process (PID=2720) to work on /opt/airflow/dags/dag_1.py
[2026-06-01T11:20:00.191+0000] {processor.py:830} INFO - Processing file /opt/airflow/dags/dag_1.py for tasks to queue
[2026-06-01T11:20:00.193+0000] {logging_mixin.py:188} INFO - [2026-06-01T11:20:00.192+0000] {dagbag.py:540} INFO - Filling up the DagBag from /opt/airflow/dags/dag_1.py
[2026-06-01T11:20:00.209+0000] {processor.py:840} INFO - DAG(s) 'my_first_test_dag' retrieved from /opt/airflow/dags/dag_1.py
[2026-06-01T11:20:00.243+0000] {logging_mixin.py:188} INFO - [2026-06-01T11:20:00.243+0000] {dag.py:3047} INFO - Sync 1 DAGs
[2026-06-01T11:20:00.258+0000] {logging_mixin.py:188} INFO - [2026-06-01T11:20:00.258+0000] {dag.py:3834} INFO - Setting next_dagrun for my_first_test_dag to None, run_after=None
[2026-06-01T11:20:00.286+0000] {processor.py:183} INFO - Processing /opt/airflow/dags/dag_1.py took 0.100 seconds
[2026-06-01T11:20:30.798+0000] {processor.py:161} INFO - Started process (PID=2730) to work on /opt/airflow/dags/dag_1.py
[2026-06-01T11:20:30.800+0000] {processor.py:830} INFO - Processing file /opt/airflow/dags/dag_1.py for tasks to queue
[2026-06-01T11:20:30.802+0000] {logging_mixin.py:188} INFO - [2026-06-01T11:20:30.801+0000] {dagbag.py:540} INFO - Filling up the DagBag from /opt/airflow/dags/dag_1.py
[2026-06-01T11:20:30.830+0000] {processor.py:840} INFO - DAG(s) 'my_first_test_dag' retrieved from /opt/airflow/dags/dag_1.py
[2026-06-01T11:20:30.865+0000] {logging_mixin.py:188} INFO - [2026-06-01T11:20:30.864+0000] {dag.py:3047} INFO - Sync 1 DAGs
[2026-06-01T11:20:30.884+0000] {logging_mixin.py:188} INFO - [2026-06-01T11:20:30.883+0000] {dag.py:3834} INFO - Setting next_dagrun for my_first_test_dag to None, run_after=None
[2026-06-01T11:20:30.914+0000] {processor.py:183} INFO - Processing /opt/airflow/dags/dag_1.py took 0.123 seconds
[2026-06-01T11:21:01.065+0000] {processor.py:161} INFO - Started process (PID=2740) to work on /opt/airflow/dags/dag_1.py
[2026-06-01T11:21:01.067+0000] {processor.py:830} INFO - Processing file /opt/airflow/dags/dag_1.py for tasks to queue
[2026-06-01T11:21:01.071+0000] {logging_mixin.py:188} INFO - [2026-06-01T11:21:01.070+0000] {dagbag.py:540} INFO - Filling up the DagBag from /opt/airflow/dags/dag_1.py
[2026-06-01T11:21:01.094+0000] {processor.py:840} INFO - DAG(s) 'my_first_test_dag' retrieved from /opt/airflow/dags/dag_1.py
[2026-06-01T11:21:01.137+0000] {logging_mixin.py:188} INFO - [2026-06-01T11:21:01.136+0000] {dag.py:3047} INFO - Sync 1 DAGs
[2026-06-01T11:21:01.156+0000] {logging_mixin.py:188} INFO - [2026-06-01T11:21:01.156+0000] {dag.py:3834} INFO - Setting next_dagrun for my_first_test_dag to None, run_after=None
[2026-06-01T11:21:01.185+0000] {processor.py:183} INFO - Processing /opt/airflow/dags/dag_1.py took 0.125 seconds
[2026-06-01T11:21:31.461+0000] {processor.py:161} INFO - Started process (PID=2750) to work on /opt/airflow/dags/dag_1.py
[2026-06-01T11:21:31.462+0000] {processor.py:830} INFO - Processing file /opt/airflow/dags/dag_1.py for tasks to queue
[2026-06-01T11:21:31.464+0000] {logging_mixin.py:188} INFO - [2026-06-01T11:21:31.463+0000] {dagbag.py:540} INFO - Filling up the DagBag from /opt/airflow/dags/dag_1.py
[2026-06-01T11:21:31.484+0000] {processor.py:840} INFO - DAG(s) 'my_first_test_dag' retrieved from /opt/airflow/dags/dag_1.py
[2026-06-01T11:21:31.514+0000] {logging_mixin.py:188} INFO - [2026-06-01T11:21:31.513+0000] {dag.py:3047} INFO - Sync 1 DAGs
[2026-06-01T11:21:31.532+0000] {logging_mixin.py:188} INFO - [2026-06-01T11:21:31.532+0000] {dag.py:3834} INFO - Setting next_dagrun for my_first_test_dag to None, run_after=None
[2026-06-01T11:21:31.561+0000] {processor.py:183} INFO - Processing /opt/airflow/dags/dag_1.py took 0.103 seconds
[2026-06-01T11:22:01.682+0000] {processor.py:161} INFO - Started process (PID=2760) to work on /opt/airflow/dags/dag_1.py
[2026-06-01T11:22:01.683+0000] {processor.py:830} INFO - Processing file /opt/airflow/dags/dag_1.py for tasks to queue
[2026-06-01T11:22:01.684+0000] {logging_mixin.py:188} INFO - [2026-06-01T11:22:01.684+0000] {dagbag.py:540} INFO - Filling up the DagBag from /opt/airflow/dags/dag_1.py
[2026-06-01T11:22:01.702+0000] {processor.py:840} INFO - DAG(s) 'my_first_test_dag' retrieved from /opt/airflow/dags/dag_1.py
[2026-06-01T11:22:01.749+0000] {logging_mixin.py:188} INFO - [2026-06-01T11:22:01.749+0000] {dag.py:3047} INFO - Sync 1 DAGs
[2026-06-01T11:22:01.775+0000] {logging_mixin.py:188} INFO - [2026-06-01T11:22:01.774+0000] {dag.py:3834} INFO - Setting next_dagrun for my_first_test_dag to None, run_after=None
[2026-06-01T11:22:01.802+0000] {processor.py:183} INFO - Processing /opt/airflow/dags/dag_1.py took 0.125 seconds
[2026-06-01T11:22:32.035+0000] {processor.py:161} INFO - Started process (PID=2770) to work on /opt/airflow/dags/dag_1.py
[2026-06-01T11:22:32.036+0000] {processor.py:830} INFO - Processing file /opt/airflow/dags/dag_1.py for tasks to queue
[2026-06-01T11:22:32.038+0000] {logging_mixin.py:188} INFO - [2026-06-01T11:22:32.037+0000] {dagbag.py:540} INFO - Filling up the DagBag from /opt/airflow/dags/dag_1.py
[2026-06-01T11:22:32.060+0000] {processor.py:840} INFO - DAG(s) 'my_first_test_dag' retrieved from /opt/airflow/dags/dag_1.py
[2026-06-01T11:22:32.096+0000] {logging_mixin.py:188} INFO - [2026-06-01T11:22:32.095+0000] {dag.py:3047} INFO - Sync 1 DAGs
[2026-06-01T11:22:32.119+0000] {logging_mixin.py:188} INFO - [2026-06-01T11:22:32.119+0000] {dag.py:3834} INFO - Setting next_dagrun for my_first_test_dag to None, run_after=None
[2026-06-01T11:22:32.147+0000] {processor.py:183} INFO - Processing /opt/airflow/dags/dag_1.py took 0.118 seconds
[2026-06-01T11:23:02.366+0000] {processor.py:161} INFO - Started process (PID=2780) to work on /opt/airflow/dags/dag_1.py
[2026-06-01T11:23:02.367+0000] {processor.py:830} INFO - Processing file /opt/airflow/dags/dag_1.py for tasks to queue
[2026-06-01T11:23:02.368+0000] {logging_mixin.py:188} INFO - [2026-06-01T11:23:02.368+0000] {dagbag.py:540} INFO - Filling up the DagBag from /opt/airflow/dags/dag_1.py
[2026-06-01T11:23:02.382+0000] {processor.py:840} INFO - DAG(s) 'my_first_test_dag' retrieved from /opt/airflow/dags/dag_1.py
[2026-06-01T11:23:02.408+0000] {logging_mixin.py:188} INFO - [2026-06-01T11:23:02.408+0000] {dag.py:3047} INFO - Sync 1 DAGs
[2026-06-01T11:23:02.422+0000] {logging_mixin.py:188} INFO - [2026-06-01T11:23:02.422+0000] {dag.py:3834} INFO - Setting next_dagrun for my_first_test_dag to None, run_after=None
[2026-06-01T11:23:02.449+0000] {processor.py:183} INFO - Processing /opt/airflow/dags/dag_1.py took 0.087 seconds
[2026-06-01T11:23:32.606+0000] {processor.py:161} INFO - Started process (PID=2790) to work on /opt/airflow/dags/dag_1.py
[2026-06-01T11:23:32.607+0000] {processor.py:830} INFO - Processing file /opt/airflow/dags/dag_1.py for tasks to queue
[2026-06-01T11:23:32.608+0000] {logging_mixin.py:188} INFO - [2026-06-01T11:23:32.608+0000] {dagbag.py:540} INFO - Filling up the DagBag from /opt/airflow/dags/dag_1.py
[2026-06-01T11:23:32.628+0000] {processor.py:840} INFO - DAG(s) 'my_first_test_dag' retrieved from /opt/airflow/dags/dag_1.py
[2026-06-01T11:23:32.656+0000] {logging_mixin.py:188} INFO - [2026-06-01T11:23:32.656+0000] {dag.py:3047} INFO - Sync 1 DAGs
[2026-06-01T11:23:32.673+0000] {logging_mixin.py:188} INFO - [2026-06-01T11:23:32.673+0000] {dag.py:3834} INFO - Setting next_dagrun for my_first_test_dag to None, run_after=None
[2026-06-01T11:23:32.697+0000] {processor.py:183} INFO - Processing /opt/airflow/dags/dag_1.py took 0.095 seconds
[2026-06-01T11:24:02.865+0000] {processor.py:161} INFO - Started process (PID=2800) to work on /opt/airflow/dags/dag_1.py
[2026-06-01T11:24:02.866+0000] {processor.py:830} INFO - Processing file /opt/airflow/dags/dag_1.py for tasks to queue
[2026-06-01T11:24:02.866+0000] {logging_mixin.py:188} INFO - [2026-06-01T11:24:02.866+0000] {dagbag.py:540} INFO - Filling up the DagBag from /opt/airflow/dags/dag_1.py
[2026-06-01T11:24:02.878+0000] {processor.py:840} INFO - DAG(s) 'my_first_test_dag' retrieved from /opt/airflow/dags/dag_1.py
[2026-06-01T11:24:02.901+0000] {logging_mixin.py:188} INFO - [2026-06-01T11:24:02.901+0000] {dag.py:3047} INFO - Sync 1 DAGs
[2026-06-01T11:24:02.914+0000] {logging_mixin.py:188} INFO - [2026-06-01T11:24:02.914+0000] {dag.py:3834} INFO - Setting next_dagrun for my_first_test_dag to None, run_after=None
[2026-06-01T11:24:02.937+0000] {processor.py:183} INFO - Processing /opt/airflow/dags/dag_1.py took 0.075 seconds
[2026-06-01T11:24:33.168+0000] {processor.py:161} INFO - Started process (PID=2810) to work on /opt/airflow/dags/dag_1.py
[2026-06-01T11:24:33.169+0000] {processor.py:830} INFO - Processing file /opt/airflow/dags/dag_1.py for tasks to queue
[2026-06-01T11:24:33.169+0000] {logging_mixin.py:188} INFO - [2026-06-01T11:24:33.169+0000] {dagbag.py:540} INFO - Filling up the DagBag from /opt/airflow/dags/dag_1.py
[2026-06-01T11:24:33.183+0000] {processor.py:840} INFO - DAG(s) 'my_first_test_dag' retrieved from /opt/airflow/dags/dag_1.py
[2026-06-01T11:24:33.206+0000] {logging_mixin.py:188} INFO - [2026-06-01T11:24:33.206+0000] {dag.py:3047} INFO - Sync 1 DAGs
[2026-06-01T11:24:33.219+0000] {logging_mixin.py:188} INFO - [2026-06-01T11:24:33.219+0000] {dag.py:3834} INFO - Setting next_dagrun for my_first_test_dag to None, run_after=None
[2026-06-01T11:24:33.247+0000] {processor.py:183} INFO - Processing /opt/airflow/dags/dag_1.py took 0.082 seconds
[2026-06-01T11:25:03.390+0000] {processor.py:161} INFO - Started process (PID=2820) to work on /opt/airflow/dags/dag_1.py
[2026-06-01T11:25:03.391+0000] {processor.py:830} INFO - Processing file /opt/airflow/dags/dag_1.py for tasks to queue
[2026-06-01T11:25:03.391+0000] {logging_mixin.py:188} INFO - [2026-06-01T11:25:03.391+0000] {dagbag.py:540} INFO - Filling up the DagBag from /opt/airflow/dags/dag_1.py
[2026-06-01T11:25:03.412+0000] {processor.py:840} INFO - DAG(s) 'my_first_test_dag' retrieved from /opt/airflow/dags/dag_1.py
[2026-06-01T11:25:03.438+0000] {logging_mixin.py:188} INFO - [2026-06-01T11:25:03.438+0000] {dag.py:3047} INFO - Sync 1 DAGs
[2026-06-01T11:25:03.451+0000] {logging_mixin.py:188} INFO - [2026-06-01T11:25:03.451+0000] {dag.py:3834} INFO - Setting next_dagrun for my_first_test_dag to None, run_after=None
[2026-06-01T11:25:03.471+0000] {processor.py:183} INFO - Processing /opt/airflow/dags/dag_1.py took 0.085 seconds
[2026-06-01T11:25:33.705+0000] {processor.py:161} INFO - Started process (PID=2830) to work on /opt/airflow/dags/dag_1.py
[2026-06-01T11:25:33.706+0000] {processor.py:830} INFO - Processing file /opt/airflow/dags/dag_1.py for tasks to queue
[2026-06-01T11:25:33.707+0000] {logging_mixin.py:188} INFO - [2026-06-01T11:25:33.707+0000] {dagbag.py:540} INFO - Filling up the DagBag from /opt/airflow/dags/dag_1.py
[2026-06-01T11:25:33.720+0000] {processor.py:840} INFO - DAG(s) 'my_first_test_dag' retrieved from /opt/airflow/dags/dag_1.py
[2026-06-01T11:25:33.748+0000] {logging_mixin.py:188} INFO - [2026-06-01T11:25:33.747+0000] {dag.py:3047} INFO - Sync 1 DAGs
[2026-06-01T11:25:33.761+0000] {logging_mixin.py:188} INFO - [2026-06-01T11:25:33.761+0000] {dag.py:3834} INFO - Setting next_dagrun for my_first_test_dag to None, run_after=None
[2026-06-01T11:25:33.782+0000] {processor.py:183} INFO - Processing /opt/airflow/dags/dag_1.py took 0.080 seconds
[2026-06-01T11:26:04.040+0000] {processor.py:161} INFO - Started process (PID=2840) to work on /opt/airflow/dags/dag_1.py
[2026-06-01T11:26:04.041+0000] {processor.py:830} INFO - Processing file /opt/airflow/dags/dag_1.py for tasks to queue
[2026-06-01T11:26:04.042+0000] {logging_mixin.py:188} INFO - [2026-06-01T11:26:04.041+0000] {dagbag.py:540} INFO - Filling up the DagBag from /opt/airflow/dags/dag_1.py
[2026-06-01T11:26:04.055+0000] {processor.py:840} INFO - DAG(s) 'my_first_test_dag' retrieved from /opt/airflow/dags/dag_1.py
[2026-06-01T11:26:04.076+0000] {logging_mixin.py:188} INFO - [2026-06-01T11:26:04.076+0000] {dag.py:3047} INFO - Sync 1 DAGs
[2026-06-01T11:26:04.087+0000] {logging_mixin.py:188} INFO - [2026-06-01T11:26:04.087+0000] {dag.py:3834} INFO - Setting next_dagrun for my_first_test_dag to None, run_after=None
[2026-06-01T11:26:04.109+0000] {processor.py:183} INFO - Processing /opt/airflow/dags/dag_1.py took 0.071 seconds
[2026-06-01T11:26:34.286+0000] {processor.py:161} INFO - Started process (PID=2850) to work on /opt/airflow/dags/dag_1.py
[2026-06-01T11:26:34.287+0000] {processor.py:830} INFO - Processing file /opt/airflow/dags/dag_1.py for tasks to queue
[2026-06-01T11:26:34.288+0000] {logging_mixin.py:188} INFO - [2026-06-01T11:26:34.288+0000] {dagbag.py:540} INFO - Filling up the DagBag from /opt/airflow/dags/dag_1.py
[2026-06-01T11:26:34.302+0000] {processor.py:840} INFO - DAG(s) 'my_first_test_dag' retrieved from /opt/airflow/dags/dag_1.py
[2026-06-01T11:26:34.328+0000] {logging_mixin.py:188} INFO - [2026-06-01T11:26:34.327+0000] {dag.py:3047} INFO - Sync 1 DAGs
[2026-06-01T11:26:34.343+0000] {logging_mixin.py:188} INFO - [2026-06-01T11:26:34.343+0000] {dag.py:3834} INFO - Setting next_dagrun for my_first_test_dag to None, run_after=None
[2026-06-01T11:26:34.364+0000] {processor.py:183} INFO - Processing /opt/airflow/dags/dag_1.py took 0.081 seconds
[2026-06-01T11:27:04.513+0000] {processor.py:161} INFO - Started process (PID=2860) to work on /opt/airflow/dags/dag_1.py
[2026-06-01T11:27:04.514+0000] {processor.py:830} INFO - Processing file /opt/airflow/dags/dag_1.py for tasks to queue
[2026-06-01T11:27:04.515+0000] {logging_mixin.py:188} INFO - [2026-06-01T11:27:04.515+0000] {dagbag.py:540} INFO - Filling up the DagBag from /opt/airflow/dags/dag_1.py
[2026-06-01T11:27:04.529+0000] {processor.py:840} INFO - DAG(s) 'my_first_test_dag' retrieved from /opt/airflow/dags/dag_1.py
[2026-06-01T11:27:04.553+0000] {logging_mixin.py:188} INFO - [2026-06-01T11:27:04.553+0000] {dag.py:3047} INFO - Sync 1 DAGs
[2026-06-01T11:27:04.567+0000] {logging_mixin.py:188} INFO - [2026-06-01T11:27:04.567+0000] {dag.py:3834} INFO - Setting next_dagrun for my_first_test_dag to None, run_after=None
[2026-06-01T11:27:04.591+0000] {processor.py:183} INFO - Processing /opt/airflow/dags/dag_1.py took 0.080 seconds
[2026-06-01T11:27:34.787+0000] {processor.py:161} INFO - Started process (PID=2870) to work on /opt/airflow/dags/dag_1.py
[2026-06-01T11:27:34.788+0000] {processor.py:830} INFO - Processing file /opt/airflow/dags/dag_1.py for tasks to queue
[2026-06-01T11:27:34.789+0000] {logging_mixin.py:188} INFO - [2026-06-01T11:27:34.788+0000] {dagbag.py:540} INFO - Filling up the DagBag from /opt/airflow/dags/dag_1.py
[2026-06-01T11:27:34.801+0000] {processor.py:840} INFO - DAG(s) 'my_first_test_dag' retrieved from /opt/airflow/dags/dag_1.py
[2026-06-01T11:27:34.826+0000] {logging_mixin.py:188} INFO - [2026-06-01T11:27:34.826+0000] {dag.py:3047} INFO - Sync 1 DAGs
[2026-06-01T11:27:34.839+0000] {logging_mixin.py:188} INFO - [2026-06-01T11:27:34.839+0000] {dag.py:3834} INFO - Setting next_dagrun for my_first_test_dag to None, run_after=None
[2026-06-01T11:27:34.861+0000] {processor.py:183} INFO - Processing /opt/airflow/dags/dag_1.py took 0.077 seconds
[2026-06-01T11:28:05.011+0000] {processor.py:161} INFO - Started process (PID=2880) to work on /opt/airflow/dags/dag_1.py
[2026-06-01T11:28:05.012+0000] {processor.py:830} INFO - Processing file /opt/airflow/dags/dag_1.py for tasks to queue
[2026-06-01T11:28:05.014+0000] {logging_mixin.py:188} INFO - [2026-06-01T11:28:05.013+0000] {dagbag.py:540} INFO - Filling up the DagBag from /opt/airflow/dags/dag_1.py
[2026-06-01T11:28:05.025+0000] {processor.py:840} INFO - DAG(s) 'my_first_test_dag' retrieved from /opt/airflow/dags/dag_1.py
[2026-06-01T11:28:05.049+0000] {logging_mixin.py:188} INFO - [2026-06-01T11:28:05.049+0000] {dag.py:3047} INFO - Sync 1 DAGs
[2026-06-01T11:28:05.061+0000] {logging_mixin.py:188} INFO - [2026-06-01T11:28:05.061+0000] {dag.py:3834} INFO - Setting next_dagrun for my_first_test_dag to None, run_after=None
[2026-06-01T11:28:05.082+0000] {processor.py:183} INFO - Processing /opt/airflow/dags/dag_1.py took 0.074 seconds
[2026-06-01T11:28:35.290+0000] {processor.py:161} INFO - Started process (PID=2890) to work on /opt/airflow/dags/dag_1.py
[2026-06-01T11:28:35.291+0000] {processor.py:830} INFO - Processing file /opt/airflow/dags/dag_1.py for tasks to queue
[2026-06-01T11:28:35.292+0000] {logging_mixin.py:188} INFO - [2026-06-01T11:28:35.292+0000] {dagbag.py:540} INFO - Filling up the DagBag from /opt/airflow/dags/dag_1.py
[2026-06-01T11:28:35.310+0000] {processor.py:840} INFO - DAG(s) 'my_first_test_dag' retrieved from /opt/airflow/dags/dag_1.py
[2026-06-01T11:28:35.340+0000] {logging_mixin.py:188} INFO - [2026-06-01T11:28:35.340+0000] {dag.py:3047} INFO - Sync 1 DAGs
[2026-06-01T11:28:35.353+0000] {logging_mixin.py:188} INFO - [2026-06-01T11:28:35.353+0000] {dag.py:3834} INFO - Setting next_dagrun for my_first_test_dag to None, run_after=None
[2026-06-01T11:28:35.374+0000] {processor.py:183} INFO - Processing /opt/airflow/dags/dag_1.py took 0.087 seconds
[2026-06-01T11:29:05.545+0000] {processor.py:161} INFO - Started process (PID=2900) to work on /opt/airflow/dags/dag_1.py
[2026-06-01T11:29:05.546+0000] {processor.py:830} INFO - Processing file /opt/airflow/dags/dag_1.py for tasks to queue
[2026-06-01T11:29:05.547+0000] {logging_mixin.py:188} INFO - [2026-06-01T11:29:05.547+0000] {dagbag.py:540} INFO - Filling up the DagBag from /opt/airflow/dags/dag_1.py
[2026-06-01T11:29:05.561+0000] {processor.py:840} INFO - DAG(s) 'my_first_test_dag' retrieved from /opt/airflow/dags/dag_1.py
[2026-06-01T11:29:05.581+0000] {logging_mixin.py:188} INFO - [2026-06-01T11:29:05.581+0000] {dag.py:3047} INFO - Sync 1 DAGs
[2026-06-01T11:29:05.594+0000] {logging_mixin.py:188} INFO - [2026-06-01T11:29:05.594+0000] {dag.py:3834} INFO - Setting next_dagrun for my_first_test_dag to None, run_after=None
[2026-06-01T11:29:05.624+0000] {processor.py:183} INFO - Processing /opt/airflow/dags/dag_1.py took 0.082 seconds
[2026-06-01T11:29:35.815+0000] {processor.py:161} INFO - Started process (PID=2910) to work on /opt/airflow/dags/dag_1.py
[2026-06-01T11:29:35.816+0000] {processor.py:830} INFO - Processing file /opt/airflow/dags/dag_1.py for tasks to queue
[2026-06-01T11:29:35.817+0000] {logging_mixin.py:188} INFO - [2026-06-01T11:29:35.817+0000] {dagbag.py:540} INFO - Filling up the DagBag from /opt/airflow/dags/dag_1.py
[2026-06-01T11:29:35.831+0000] {processor.py:840} INFO - DAG(s) 'my_first_test_dag' retrieved from /opt/airflow/dags/dag_1.py
[2026-06-01T11:29:35.861+0000] {logging_mixin.py:188} INFO - [2026-06-01T11:29:35.861+0000] {dag.py:3047} INFO - Sync 1 DAGs
[2026-06-01T11:29:35.875+0000] {logging_mixin.py:188} INFO - [2026-06-01T11:29:35.875+0000] {dag.py:3834} INFO - Setting next_dagrun for my_first_test_dag to None, run_after=None
[2026-06-01T11:29:35.897+0000] {processor.py:183} INFO - Processing /opt/airflow/dags/dag_1.py took 0.086 seconds
[2026-06-01T11:30:06.076+0000] {processor.py:161} INFO - Started process (PID=2920) to work on /opt/airflow/dags/dag_1.py
[2026-06-01T11:30:06.077+0000] {processor.py:830} INFO - Processing file /opt/airflow/dags/dag_1.py for tasks to queue
[2026-06-01T11:30:06.079+0000] {logging_mixin.py:188} INFO - [2026-06-01T11:30:06.078+0000] {dagbag.py:540} INFO - Filling up the DagBag from /opt/airflow/dags/dag_1.py
[2026-06-01T11:30:06.095+0000] {processor.py:840} INFO - DAG(s) 'my_first_test_dag' retrieved from /opt/airflow/dags/dag_1.py
[2026-06-01T11:30:06.119+0000] {logging_mixin.py:188} INFO - [2026-06-01T11:30:06.119+0000] {dag.py:3047} INFO - Sync 1 DAGs
[2026-06-01T11:30:06.133+0000] {logging_mixin.py:188} INFO - [2026-06-01T11:30:06.132+0000] {dag.py:3834} INFO - Setting next_dagrun for my_first_test_dag to None, run_after=None
[2026-06-01T11:30:06.157+0000] {processor.py:183} INFO - Processing /opt/airflow/dags/dag_1.py took 0.084 seconds
[2026-06-01T11:30:36.310+0000] {processor.py:161} INFO - Started process (PID=2930) to work on /opt/airflow/dags/dag_1.py
[2026-06-01T11:30:36.311+0000] {processor.py:830} INFO - Processing file /opt/airflow/dags/dag_1.py for tasks to queue
[2026-06-01T11:30:36.312+0000] {logging_mixin.py:188} INFO - [2026-06-01T11:30:36.312+0000] {dagbag.py:540} INFO - Filling up the DagBag from /opt/airflow/dags/dag_1.py
[2026-06-01T11:30:36.322+0000] {processor.py:840} INFO - DAG(s) 'my_first_test_dag' retrieved from /opt/airflow/dags/dag_1.py
[2026-06-01T11:30:36.354+0000] {logging_mixin.py:188} INFO - [2026-06-01T11:30:36.353+0000] {dag.py:3047} INFO - Sync 1 DAGs
[2026-06-01T11:30:36.371+0000] {logging_mixin.py:188} INFO - [2026-06-01T11:30:36.371+0000] {dag.py:3834} INFO - Setting next_dagrun for my_first_test_dag to None, run_after=None
[2026-06-01T11:30:36.395+0000] {processor.py:183} INFO - Processing /opt/airflow/dags/dag_1.py took 0.089 seconds
[2026-06-01T11:31:06.629+0000] {processor.py:161} INFO - Started process (PID=2940) to work on /opt/airflow/dags/dag_1.py
[2026-06-01T11:31:06.630+0000] {processor.py:830} INFO - Processing file /opt/airflow/dags/dag_1.py for tasks to queue
[2026-06-01T11:31:06.632+0000] {logging_mixin.py:188} INFO - [2026-06-01T11:31:06.631+0000] {dagbag.py:540} INFO - Filling up the DagBag from /opt/airflow/dags/dag_1.py
[2026-06-01T11:31:06.653+0000] {processor.py:840} INFO - DAG(s) 'my_first_test_dag' retrieved from /opt/airflow/dags/dag_1.py
[2026-06-01T11:31:06.694+0000] {logging_mixin.py:188} INFO - [2026-06-01T11:31:06.694+0000] {dag.py:3047} INFO - Sync 1 DAGs
[2026-06-01T11:31:06.711+0000] {logging_mixin.py:188} INFO - [2026-06-01T11:31:06.711+0000] {dag.py:3834} INFO - Setting next_dagrun for my_first_test_dag to None, run_after=None
[2026-06-01T11:31:06.739+0000] {processor.py:183} INFO - Processing /opt/airflow/dags/dag_1.py took 0.114 seconds
[2026-06-01T11:31:37.013+0000] {processor.py:161} INFO - Started process (PID=2950) to work on /opt/airflow/dags/dag_1.py
[2026-06-01T11:31:37.016+0000] {processor.py:830} INFO - Processing file /opt/airflow/dags/dag_1.py for tasks to queue
[2026-06-01T11:31:37.018+0000] {logging_mixin.py:188} INFO - [2026-06-01T11:31:37.017+0000] {dagbag.py:540} INFO - Filling up the DagBag from /opt/airflow/dags/dag_1.py
[2026-06-01T11:31:37.031+0000] {processor.py:840} INFO - DAG(s) 'my_first_test_dag' retrieved from /opt/airflow/dags/dag_1.py
[2026-06-01T11:31:37.057+0000] {logging_mixin.py:188} INFO - [2026-06-01T11:31:37.056+0000] {dag.py:3047} INFO - Sync 1 DAGs
[2026-06-01T11:31:37.071+0000] {logging_mixin.py:188} INFO - [2026-06-01T11:31:37.070+0000] {dag.py:3834} INFO - Setting next_dagrun for my_first_test_dag to None, run_after=None
[2026-06-01T11:31:37.098+0000] {processor.py:183} INFO - Processing /opt/airflow/dags/dag_1.py took 0.090 seconds
[2026-06-01T11:32:07.240+0000] {processor.py:161} INFO - Started process (PID=2960) to work on /opt/airflow/dags/dag_1.py
[2026-06-01T11:32:07.241+0000] {processor.py:830} INFO - Processing file /opt/airflow/dags/dag_1.py for tasks to queue
[2026-06-01T11:32:07.242+0000] {logging_mixin.py:188} INFO - [2026-06-01T11:32:07.242+0000] {dagbag.py:540} INFO - Filling up the DagBag from /opt/airflow/dags/dag_1.py
[2026-06-01T11:32:07.255+0000] {processor.py:840} INFO - DAG(s) 'my_first_test_dag' retrieved from /opt/airflow/dags/dag_1.py
[2026-06-01T11:32:07.280+0000] {logging_mixin.py:188} INFO - [2026-06-01T11:32:07.280+0000] {dag.py:3047} INFO - Sync 1 DAGs
[2026-06-01T11:32:07.295+0000] {logging_mixin.py:188} INFO - [2026-06-01T11:32:07.294+0000] {dag.py:3834} INFO - Setting next_dagrun for my_first_test_dag to None, run_after=None
[2026-06-01T11:32:07.318+0000] {processor.py:183} INFO - Processing /opt/airflow/dags/dag_1.py took 0.080 seconds
[2026-06-01T11:32:37.465+0000] {processor.py:161} INFO - Started process (PID=2970) to work on /opt/airflow/dags/dag_1.py
[2026-06-01T11:32:37.466+0000] {processor.py:830} INFO - Processing file /opt/airflow/dags/dag_1.py for tasks to queue
[2026-06-01T11:32:37.467+0000] {logging_mixin.py:188} INFO - [2026-06-01T11:32:37.467+0000] {dagbag.py:540} INFO - Filling up the DagBag from /opt/airflow/dags/dag_1.py
[2026-06-01T11:32:37.480+0000] {processor.py:840} INFO - DAG(s) 'my_first_test_dag' retrieved from /opt/airflow/dags/dag_1.py
[2026-06-01T11:32:37.505+0000] {logging_mixin.py:188} INFO - [2026-06-01T11:32:37.504+0000] {dag.py:3047} INFO - Sync 1 DAGs
[2026-06-01T11:32:37.520+0000] {logging_mixin.py:188} INFO - [2026-06-01T11:32:37.520+0000] {dag.py:3834} INFO - Setting next_dagrun for my_first_test_dag to None, run_after=None
[2026-06-01T11:32:37.543+0000] {processor.py:183} INFO - Processing /opt/airflow/dags/dag_1.py took 0.082 seconds
[2026-06-01T11:33:07.738+0000] {processor.py:161} INFO - Started process (PID=2980) to work on /opt/airflow/dags/dag_1.py
[2026-06-01T11:33:07.739+0000] {processor.py:830} INFO - Processing file /opt/airflow/dags/dag_1.py for tasks to queue
[2026-06-01T11:33:07.741+0000] {logging_mixin.py:188} INFO - [2026-06-01T11:33:07.741+0000] {dagbag.py:540} INFO - Filling up the DagBag from /opt/airflow/dags/dag_1.py
[2026-06-01T11:33:07.760+0000] {processor.py:840} INFO - DAG(s) 'my_first_test_dag' retrieved from /opt/airflow/dags/dag_1.py
[2026-06-01T11:33:07.785+0000] {logging_mixin.py:188} INFO - [2026-06-01T11:33:07.785+0000] {dag.py:3047} INFO - Sync 1 DAGs
[2026-06-01T11:33:07.799+0000] {logging_mixin.py:188} INFO - [2026-06-01T11:33:07.798+0000] {dag.py:3834} INFO - Setting next_dagrun for my_first_test_dag to None, run_after=None
[2026-06-01T11:33:07.822+0000] {processor.py:183} INFO - Processing /opt/airflow/dags/dag_1.py took 0.086 seconds
[2026-06-01T11:33:38.065+0000] {processor.py:161} INFO - Started process (PID=2990) to work on /opt/airflow/dags/dag_1.py
[2026-06-01T11:33:38.066+0000] {processor.py:830} INFO - Processing file /opt/airflow/dags/dag_1.py for tasks to queue
[2026-06-01T11:33:38.068+0000] {logging_mixin.py:188} INFO - [2026-06-01T11:33:38.067+0000] {dagbag.py:540} INFO - Filling up the DagBag from /opt/airflow/dags/dag_1.py
[2026-06-01T11:33:38.089+0000] {processor.py:840} INFO - DAG(s) 'my_first_test_dag' retrieved from /opt/airflow/dags/dag_1.py
[2026-06-01T11:33:38.124+0000] {logging_mixin.py:188} INFO - [2026-06-01T11:33:38.124+0000] {dag.py:3047} INFO - Sync 1 DAGs
[2026-06-01T11:33:38.142+0000] {logging_mixin.py:188} INFO - [2026-06-01T11:33:38.141+0000] {dag.py:3834} INFO - Setting next_dagrun for my_first_test_dag to None, run_after=None
[2026-06-01T11:33:38.171+0000] {processor.py:183} INFO - Processing /opt/airflow/dags/dag_1.py took 0.112 seconds
[2026-06-01T11:34:08.291+0000] {processor.py:161} INFO - Started process (PID=3000) to work on /opt/airflow/dags/dag_1.py
[2026-06-01T11:34:08.292+0000] {processor.py:830} INFO - Processing file /opt/airflow/dags/dag_1.py for tasks to queue
[2026-06-01T11:34:08.293+0000] {logging_mixin.py:188} INFO - [2026-06-01T11:34:08.293+0000] {dagbag.py:540} INFO - Filling up the DagBag from /opt/airflow/dags/dag_1.py
[2026-06-01T11:34:08.309+0000] {processor.py:840} INFO - DAG(s) 'my_first_test_dag' retrieved from /opt/airflow/dags/dag_1.py
[2026-06-01T11:34:08.344+0000] {logging_mixin.py:188} INFO - [2026-06-01T11:34:08.344+0000] {dag.py:3047} INFO - Sync 1 DAGs
[2026-06-01T11:34:08.359+0000] {logging_mixin.py:188} INFO - [2026-06-01T11:34:08.359+0000] {dag.py:3834} INFO - Setting next_dagrun for my_first_test_dag to None, run_after=None
[2026-06-01T11:34:08.384+0000] {processor.py:183} INFO - Processing /opt/airflow/dags/dag_1.py took 0.096 seconds
[2026-06-01T11:34:38.654+0000] {processor.py:161} INFO - Started process (PID=3010) to work on /opt/airflow/dags/dag_1.py
[2026-06-01T11:34:38.655+0000] {processor.py:830} INFO - Processing file /opt/airflow/dags/dag_1.py for tasks to queue
[2026-06-01T11:34:38.656+0000] {logging_mixin.py:188} INFO - [2026-06-01T11:34:38.655+0000] {dagbag.py:540} INFO - Filling up the DagBag from /opt/airflow/dags/dag_1.py
[2026-06-01T11:34:38.670+0000] {processor.py:840} INFO - DAG(s) 'my_first_test_dag' retrieved from /opt/airflow/dags/dag_1.py
[2026-06-01T11:34:38.695+0000] {logging_mixin.py:188} INFO - [2026-06-01T11:34:38.694+0000] {dag.py:3047} INFO - Sync 1 DAGs
[2026-06-01T11:34:38.708+0000] {logging_mixin.py:188} INFO - [2026-06-01T11:34:38.708+0000] {dag.py:3834} INFO - Setting next_dagrun for my_first_test_dag to None, run_after=None
[2026-06-01T11:34:38.737+0000] {processor.py:183} INFO - Processing /opt/airflow/dags/dag_1.py took 0.085 seconds
[2026-06-01T11:35:08.907+0000] {processor.py:161} INFO - Started process (PID=3020) to work on /opt/airflow/dags/dag_1.py
[2026-06-01T11:35:08.910+0000] {processor.py:830} INFO - Processing file /opt/airflow/dags/dag_1.py for tasks to queue
[2026-06-01T11:35:08.911+0000] {logging_mixin.py:188} INFO - [2026-06-01T11:35:08.910+0000] {dagbag.py:540} INFO - Filling up the DagBag from /opt/airflow/dags/dag_1.py
[2026-06-01T11:35:08.930+0000] {processor.py:840} INFO - DAG(s) 'my_first_test_dag' retrieved from /opt/airflow/dags/dag_1.py
[2026-06-01T11:35:08.961+0000] {logging_mixin.py:188} INFO - [2026-06-01T11:35:08.961+0000] {dag.py:3047} INFO - Sync 1 DAGs
[2026-06-01T11:35:08.976+0000] {logging_mixin.py:188} INFO - [2026-06-01T11:35:08.975+0000] {dag.py:3834} INFO - Setting next_dagrun for my_first_test_dag to None, run_after=None
[2026-06-01T11:35:08.997+0000] {processor.py:183} INFO - Processing /opt/airflow/dags/dag_1.py took 0.100 seconds
[2026-06-01T11:35:39.242+0000] {processor.py:161} INFO - Started process (PID=3030) to work on /opt/airflow/dags/dag_1.py
[2026-06-01T11:35:39.243+0000] {processor.py:830} INFO - Processing file /opt/airflow/dags/dag_1.py for tasks to queue
[2026-06-01T11:35:39.245+0000] {logging_mixin.py:188} INFO - [2026-06-01T11:35:39.244+0000] {dagbag.py:540} INFO - Filling up the DagBag from /opt/airflow/dags/dag_1.py
[2026-06-01T11:35:39.263+0000] {processor.py:840} INFO - DAG(s) 'my_first_test_dag' retrieved from /opt/airflow/dags/dag_1.py
[2026-06-01T11:35:39.305+0000] {logging_mixin.py:188} INFO - [2026-06-01T11:35:39.304+0000] {dag.py:3047} INFO - Sync 1 DAGs
[2026-06-01T11:35:39.324+0000] {logging_mixin.py:188} INFO - [2026-06-01T11:35:39.323+0000] {dag.py:3834} INFO - Setting next_dagrun for my_first_test_dag to None, run_after=None
[2026-06-01T11:35:39.346+0000] {processor.py:183} INFO - Processing /opt/airflow/dags/dag_1.py took 0.107 seconds
[2026-06-01T11:36:09.585+0000] {processor.py:161} INFO - Started process (PID=3040) to work on /opt/airflow/dags/dag_1.py
[2026-06-01T11:36:09.586+0000] {processor.py:830} INFO - Processing file /opt/airflow/dags/dag_1.py for tasks to queue
[2026-06-01T11:36:09.587+0000] {logging_mixin.py:188} INFO - [2026-06-01T11:36:09.586+0000] {dagbag.py:540} INFO - Filling up the DagBag from /opt/airflow/dags/dag_1.py
[2026-06-01T11:36:09.603+0000] {processor.py:840} INFO - DAG(s) 'my_first_test_dag' retrieved from /opt/airflow/dags/dag_1.py
[2026-06-01T11:36:09.629+0000] {logging_mixin.py:188} INFO - [2026-06-01T11:36:09.628+0000] {dag.py:3047} INFO - Sync 1 DAGs
[2026-06-01T11:36:09.642+0000] {logging_mixin.py:188} INFO - [2026-06-01T11:36:09.642+0000] {dag.py:3834} INFO - Setting next_dagrun for my_first_test_dag to None, run_after=None
[2026-06-01T11:36:09.667+0000] {processor.py:183} INFO - Processing /opt/airflow/dags/dag_1.py took 0.085 seconds
[2026-06-01T11:36:39.866+0000] {processor.py:161} INFO - Started process (PID=3050) to work on /opt/airflow/dags/dag_1.py
[2026-06-01T11:36:39.867+0000] {processor.py:830} INFO - Processing file /opt/airflow/dags/dag_1.py for tasks to queue
[2026-06-01T11:36:39.868+0000] {logging_mixin.py:188} INFO - [2026-06-01T11:36:39.868+0000] {dagbag.py:540} INFO - Filling up the DagBag from /opt/airflow/dags/dag_1.py
[2026-06-01T11:36:39.897+0000] {processor.py:840} INFO - DAG(s) 'my_first_test_dag' retrieved from /opt/airflow/dags/dag_1.py
[2026-06-01T11:36:39.927+0000] {logging_mixin.py:188} INFO - [2026-06-01T11:36:39.927+0000] {dag.py:3047} INFO - Sync 1 DAGs
[2026-06-01T11:36:39.944+0000] {logging_mixin.py:188} INFO - [2026-06-01T11:36:39.944+0000] {dag.py:3834} INFO - Setting next_dagrun for my_first_test_dag to None, run_after=None
[2026-06-01T11:36:39.966+0000] {processor.py:183} INFO - Processing /opt/airflow/dags/dag_1.py took 0.104 seconds
[2026-06-01T11:37:10.257+0000] {processor.py:161} INFO - Started process (PID=3060) to work on /opt/airflow/dags/dag_1.py
[2026-06-01T11:37:10.258+0000] {processor.py:830} INFO - Processing file /opt/airflow/dags/dag_1.py for tasks to queue
[2026-06-01T11:37:10.262+0000] {logging_mixin.py:188} INFO - [2026-06-01T11:37:10.261+0000] {dagbag.py:540} INFO - Filling up the DagBag from /opt/airflow/dags/dag_1.py
[2026-06-01T11:37:10.297+0000] {processor.py:840} INFO - DAG(s) 'my_first_test_dag' retrieved from /opt/airflow/dags/dag_1.py
[2026-06-01T11:37:10.330+0000] {logging_mixin.py:188} INFO - [2026-06-01T11:37:10.329+0000] {dag.py:3047} INFO - Sync 1 DAGs
[2026-06-01T11:37:10.356+0000] {logging_mixin.py:188} INFO - [2026-06-01T11:37:10.356+0000] {dag.py:3834} INFO - Setting next_dagrun for my_first_test_dag to None, run_after=None
[2026-06-01T11:37:10.405+0000] {processor.py:183} INFO - Processing /opt/airflow/dags/dag_1.py took 0.151 seconds
[2026-06-01T11:37:40.646+0000] {processor.py:161} INFO - Started process (PID=3070) to work on /opt/airflow/dags/dag_1.py
[2026-06-01T11:37:40.648+0000] {processor.py:830} INFO - Processing file /opt/airflow/dags/dag_1.py for tasks to queue
[2026-06-01T11:37:40.649+0000] {logging_mixin.py:188} INFO - [2026-06-01T11:37:40.648+0000] {dagbag.py:540} INFO - Filling up the DagBag from /opt/airflow/dags/dag_1.py
[2026-06-01T11:37:40.666+0000] {processor.py:840} INFO - DAG(s) 'my_first_test_dag' retrieved from /opt/airflow/dags/dag_1.py
[2026-06-01T11:37:40.696+0000] {logging_mixin.py:188} INFO - [2026-06-01T11:37:40.695+0000] {dag.py:3047} INFO - Sync 1 DAGs
[2026-06-01T11:37:40.711+0000] {logging_mixin.py:188} INFO - [2026-06-01T11:37:40.711+0000] {dag.py:3834} INFO - Setting next_dagrun for my_first_test_dag to None, run_after=None
[2026-06-01T11:37:40.738+0000] {processor.py:183} INFO - Processing /opt/airflow/dags/dag_1.py took 0.095 seconds
[2026-06-01T11:38:10.867+0000] {processor.py:161} INFO - Started process (PID=3080) to work on /opt/airflow/dags/dag_1.py
[2026-06-01T11:38:10.868+0000] {processor.py:830} INFO - Processing file /opt/airflow/dags/dag_1.py for tasks to queue
[2026-06-01T11:38:10.869+0000] {logging_mixin.py:188} INFO - [2026-06-01T11:38:10.869+0000] {dagbag.py:540} INFO - Filling up the DagBag from /opt/airflow/dags/dag_1.py
[2026-06-01T11:38:10.885+0000] {processor.py:840} INFO - DAG(s) 'my_first_test_dag' retrieved from /opt/airflow/dags/dag_1.py
[2026-06-01T11:38:10.917+0000] {logging_mixin.py:188} INFO - [2026-06-01T11:38:10.917+0000] {dag.py:3047} INFO - Sync 1 DAGs
[2026-06-01T11:38:10.931+0000] {logging_mixin.py:188} INFO - [2026-06-01T11:38:10.931+0000] {dag.py:3834} INFO - Setting next_dagrun for my_first_test_dag to None, run_after=None
[2026-06-01T11:38:10.951+0000] {processor.py:183} INFO - Processing /opt/airflow/dags/dag_1.py took 0.087 seconds
[2026-06-01T11:38:41.172+0000] {processor.py:161} INFO - Started process (PID=3090) to work on /opt/airflow/dags/dag_1.py
[2026-06-01T11:38:41.174+0000] {processor.py:830} INFO - Processing file /opt/airflow/dags/dag_1.py for tasks to queue
[2026-06-01T11:38:41.175+0000] {logging_mixin.py:188} INFO - [2026-06-01T11:38:41.175+0000] {dagbag.py:540} INFO - Filling up the DagBag from /opt/airflow/dags/dag_1.py
[2026-06-01T11:38:41.195+0000] {processor.py:840} INFO - DAG(s) 'my_first_test_dag' retrieved from /opt/airflow/dags/dag_1.py
[2026-06-01T11:38:41.243+0000] {logging_mixin.py:188} INFO - [2026-06-01T11:38:41.243+0000] {dag.py:3047} INFO - Sync 1 DAGs
[2026-06-01T11:38:41.260+0000] {logging_mixin.py:188} INFO - [2026-06-01T11:38:41.260+0000] {dag.py:3834} INFO - Setting next_dagrun for my_first_test_dag to None, run_after=None
[2026-06-01T11:38:41.290+0000] {processor.py:183} INFO - Processing /opt/airflow/dags/dag_1.py took 0.122 seconds
[2026-06-01T11:39:11.486+0000] {processor.py:161} INFO - Started process (PID=3100) to work on /opt/airflow/dags/dag_1.py
[2026-06-01T11:39:11.487+0000] {processor.py:830} INFO - Processing file /opt/airflow/dags/dag_1.py for tasks to queue
[2026-06-01T11:39:11.488+0000] {logging_mixin.py:188} INFO - [2026-06-01T11:39:11.488+0000] {dagbag.py:540} INFO - Filling up the DagBag from /opt/airflow/dags/dag_1.py
[2026-06-01T11:39:11.503+0000] {processor.py:840} INFO - DAG(s) 'my_first_test_dag' retrieved from /opt/airflow/dags/dag_1.py
[2026-06-01T11:39:11.538+0000] {logging_mixin.py:188} INFO - [2026-06-01T11:39:11.538+0000] {dag.py:3047} INFO - Sync 1 DAGs
[2026-06-01T11:39:11.556+0000] {logging_mixin.py:188} INFO - [2026-06-01T11:39:11.556+0000] {dag.py:3834} INFO - Setting next_dagrun for my_first_test_dag to None, run_after=None
[2026-06-01T11:39:11.588+0000] {processor.py:183} INFO - Processing /opt/airflow/dags/dag_1.py took 0.105 seconds
[2026-06-01T11:39:41.842+0000] {processor.py:161} INFO - Started process (PID=3110) to work on /opt/airflow/dags/dag_1.py
[2026-06-01T11:39:41.844+0000] {processor.py:830} INFO - Processing file /opt/airflow/dags/dag_1.py for tasks to queue
[2026-06-01T11:39:41.845+0000] {logging_mixin.py:188} INFO - [2026-06-01T11:39:41.845+0000] {dagbag.py:540} INFO - Filling up the DagBag from /opt/airflow/dags/dag_1.py
[2026-06-01T11:39:41.863+0000] {processor.py:840} INFO - DAG(s) 'my_first_test_dag' retrieved from /opt/airflow/dags/dag_1.py
[2026-06-01T11:39:41.892+0000] {logging_mixin.py:188} INFO - [2026-06-01T11:39:41.892+0000] {dag.py:3047} INFO - Sync 1 DAGs
[2026-06-01T11:39:41.906+0000] {logging_mixin.py:188} INFO - [2026-06-01T11:39:41.905+0000] {dag.py:3834} INFO - Setting next_dagrun for my_first_test_dag to None, run_after=None
[2026-06-01T11:39:41.929+0000] {processor.py:183} INFO - Processing /opt/airflow/dags/dag_1.py took 0.090 seconds
[2026-06-01T11:40:12.089+0000] {processor.py:161} INFO - Started process (PID=3120) to work on /opt/airflow/dags/dag_1.py
[2026-06-01T11:40:12.090+0000] {processor.py:830} INFO - Processing file /opt/airflow/dags/dag_1.py for tasks to queue
[2026-06-01T11:40:12.092+0000] {logging_mixin.py:188} INFO - [2026-06-01T11:40:12.091+0000] {dagbag.py:540} INFO - Filling up the DagBag from /opt/airflow/dags/dag_1.py
[2026-06-01T11:40:12.110+0000] {processor.py:840} INFO - DAG(s) 'my_first_test_dag' retrieved from /opt/airflow/dags/dag_1.py
[2026-06-01T11:40:12.147+0000] {logging_mixin.py:188} INFO - [2026-06-01T11:40:12.146+0000] {dag.py:3047} INFO - Sync 1 DAGs
[2026-06-01T11:40:12.162+0000] {logging_mixin.py:188} INFO - [2026-06-01T11:40:12.161+0000] {dag.py:3834} INFO - Setting next_dagrun for my_first_test_dag to None, run_after=None
[2026-06-01T11:40:12.183+0000] {processor.py:183} INFO - Processing /opt/airflow/dags/dag_1.py took 0.098 seconds
[2026-06-01T11:40:42.359+0000] {processor.py:161} INFO - Started process (PID=3130) to work on /opt/airflow/dags/dag_1.py
[2026-06-01T11:40:42.360+0000] {processor.py:830} INFO - Processing file /opt/airflow/dags/dag_1.py for tasks to queue
[2026-06-01T11:40:42.361+0000] {logging_mixin.py:188} INFO - [2026-06-01T11:40:42.361+0000] {dagbag.py:540} INFO - Filling up the DagBag from /opt/airflow/dags/dag_1.py
[2026-06-01T11:40:42.373+0000] {processor.py:840} INFO - DAG(s) 'my_first_test_dag' retrieved from /opt/airflow/dags/dag_1.py
[2026-06-01T11:40:42.399+0000] {logging_mixin.py:188} INFO - [2026-06-01T11:40:42.398+0000] {dag.py:3047} INFO - Sync 1 DAGs
[2026-06-01T11:40:42.411+0000] {logging_mixin.py:188} INFO - [2026-06-01T11:40:42.411+0000] {dag.py:3834} INFO - Setting next_dagrun for my_first_test_dag to None, run_after=None
[2026-06-01T11:40:42.435+0000] {processor.py:183} INFO - Processing /opt/airflow/dags/dag_1.py took 0.079 seconds
[2026-06-01T11:41:12.661+0000] {processor.py:161} INFO - Started process (PID=3140) to work on /opt/airflow/dags/dag_1.py
[2026-06-01T11:41:12.662+0000] {processor.py:830} INFO - Processing file /opt/airflow/dags/dag_1.py for tasks to queue
[2026-06-01T11:41:12.664+0000] {logging_mixin.py:188} INFO - [2026-06-01T11:41:12.663+0000] {dagbag.py:540} INFO - Filling up the DagBag from /opt/airflow/dags/dag_1.py
[2026-06-01T11:41:12.679+0000] {processor.py:840} INFO - DAG(s) 'my_first_test_dag' retrieved from /opt/airflow/dags/dag_1.py
[2026-06-01T11:41:12.704+0000] {logging_mixin.py:188} INFO - [2026-06-01T11:41:12.704+0000] {dag.py:3047} INFO - Sync 1 DAGs
[2026-06-01T11:41:12.721+0000] {logging_mixin.py:188} INFO - [2026-06-01T11:41:12.721+0000] {dag.py:3834} INFO - Setting next_dagrun for my_first_test_dag to None, run_after=None
[2026-06-01T11:41:12.749+0000] {processor.py:183} INFO - Processing /opt/airflow/dags/dag_1.py took 0.091 seconds
[2026-06-01T11:41:43.005+0000] {processor.py:161} INFO - Started process (PID=3150) to work on /opt/airflow/dags/dag_1.py
[2026-06-01T11:41:43.006+0000] {processor.py:830} INFO - Processing file /opt/airflow/dags/dag_1.py for tasks to queue
[2026-06-01T11:41:43.007+0000] {logging_mixin.py:188} INFO - [2026-06-01T11:41:43.007+0000] {dagbag.py:540} INFO - Filling up the DagBag from /opt/airflow/dags/dag_1.py
[2026-06-01T11:41:43.023+0000] {processor.py:840} INFO - DAG(s) 'my_first_test_dag' retrieved from /opt/airflow/dags/dag_1.py
[2026-06-01T11:41:43.051+0000] {logging_mixin.py:188} INFO - [2026-06-01T11:41:43.051+0000] {dag.py:3047} INFO - Sync 1 DAGs
[2026-06-01T11:41:43.070+0000] {logging_mixin.py:188} INFO - [2026-06-01T11:41:43.070+0000] {dag.py:3834} INFO - Setting next_dagrun for my_first_test_dag to None, run_after=None
[2026-06-01T11:41:43.107+0000] {processor.py:183} INFO - Processing /opt/airflow/dags/dag_1.py took 0.106 seconds
[2026-06-01T11:42:13.259+0000] {processor.py:161} INFO - Started process (PID=3160) to work on /opt/airflow/dags/dag_1.py
[2026-06-01T11:42:13.260+0000] {processor.py:830} INFO - Processing file /opt/airflow/dags/dag_1.py for tasks to queue
[2026-06-01T11:42:13.261+0000] {logging_mixin.py:188} INFO - [2026-06-01T11:42:13.260+0000] {dagbag.py:540} INFO - Filling up the DagBag from /opt/airflow/dags/dag_1.py
[2026-06-01T11:42:13.277+0000] {processor.py:840} INFO - DAG(s) 'my_first_test_dag' retrieved from /opt/airflow/dags/dag_1.py
[2026-06-01T11:42:13.304+0000] {logging_mixin.py:188} INFO - [2026-06-01T11:42:13.304+0000] {dag.py:3047} INFO - Sync 1 DAGs
[2026-06-01T11:42:13.321+0000] {logging_mixin.py:188} INFO - [2026-06-01T11:42:13.321+0000] {dag.py:3834} INFO - Setting next_dagrun for my_first_test_dag to None, run_after=None
[2026-06-01T11:42:13.347+0000] {processor.py:183} INFO - Processing /opt/airflow/dags/dag_1.py took 0.091 seconds
[2026-06-01T11:42:43.557+0000] {processor.py:161} INFO - Started process (PID=3170) to work on /opt/airflow/dags/dag_1.py
[2026-06-01T11:42:43.558+0000] {processor.py:830} INFO - Processing file /opt/airflow/dags/dag_1.py for tasks to queue
[2026-06-01T11:42:43.559+0000] {logging_mixin.py:188} INFO - [2026-06-01T11:42:43.559+0000] {dagbag.py:540} INFO - Filling up the DagBag from /opt/airflow/dags/dag_1.py
[2026-06-01T11:42:43.575+0000] {processor.py:840} INFO - DAG(s) 'my_first_test_dag' retrieved from /opt/airflow/dags/dag_1.py
[2026-06-01T11:42:43.599+0000] {logging_mixin.py:188} INFO - [2026-06-01T11:42:43.599+0000] {dag.py:3047} INFO - Sync 1 DAGs
[2026-06-01T11:42:43.612+0000] {logging_mixin.py:188} INFO - [2026-06-01T11:42:43.612+0000] {dag.py:3834} INFO - Setting next_dagrun for my_first_test_dag to None, run_after=None
[2026-06-01T11:42:43.635+0000] {processor.py:183} INFO - Processing /opt/airflow/dags/dag_1.py took 0.081 seconds
[2026-06-01T11:43:13.812+0000] {processor.py:161} INFO - Started process (PID=3180) to work on /opt/airflow/dags/dag_1.py
[2026-06-01T11:43:13.813+0000] {processor.py:830} INFO - Processing file /opt/airflow/dags/dag_1.py for tasks to queue
[2026-06-01T11:43:13.814+0000] {logging_mixin.py:188} INFO - [2026-06-01T11:43:13.813+0000] {dagbag.py:540} INFO - Filling up the DagBag from /opt/airflow/dags/dag_1.py
[2026-06-01T11:43:13.829+0000] {processor.py:840} INFO - DAG(s) 'my_first_test_dag' retrieved from /opt/airflow/dags/dag_1.py
[2026-06-01T11:43:13.861+0000] {logging_mixin.py:188} INFO - [2026-06-01T11:43:13.860+0000] {dag.py:3047} INFO - Sync 1 DAGs
[2026-06-01T11:43:13.875+0000] {logging_mixin.py:188} INFO - [2026-06-01T11:43:13.875+0000] {dag.py:3834} INFO - Setting next_dagrun for my_first_test_dag to None, run_after=None
[2026-06-01T11:43:13.913+0000] {processor.py:183} INFO - Processing /opt/airflow/dags/dag_1.py took 0.104 seconds
[2026-06-01T11:43:44.108+0000] {processor.py:161} INFO - Started process (PID=3190) to work on /opt/airflow/dags/dag_1.py
[2026-06-01T11:43:44.109+0000] {processor.py:830} INFO - Processing file /opt/airflow/dags/dag_1.py for tasks to queue
[2026-06-01T11:43:44.111+0000] {logging_mixin.py:188} INFO - [2026-06-01T11:43:44.110+0000] {dagbag.py:540} INFO - Filling up the DagBag from /opt/airflow/dags/dag_1.py
[2026-06-01T11:43:44.131+0000] {processor.py:840} INFO - DAG(s) 'my_first_test_dag' retrieved from /opt/airflow/dags/dag_1.py
[2026-06-01T11:43:44.172+0000] {logging_mixin.py:188} INFO - [2026-06-01T11:43:44.171+0000] {dag.py:3047} INFO - Sync 1 DAGs
[2026-06-01T11:43:44.195+0000] {logging_mixin.py:188} INFO - [2026-06-01T11:43:44.195+0000] {dag.py:3834} INFO - Setting next_dagrun for my_first_test_dag to None, run_after=None
[2026-06-01T11:43:44.230+0000] {processor.py:183} INFO - Processing /opt/airflow/dags/dag_1.py took 0.126 seconds
[2026-06-01T11:44:14.483+0000] {processor.py:161} INFO - Started process (PID=3200) to work on /opt/airflow/dags/dag_1.py
[2026-06-01T11:44:14.484+0000] {processor.py:830} INFO - Processing file /opt/airflow/dags/dag_1.py for tasks to queue
[2026-06-01T11:44:14.485+0000] {logging_mixin.py:188} INFO - [2026-06-01T11:44:14.485+0000] {dagbag.py:540} INFO - Filling up the DagBag from /opt/airflow/dags/dag_1.py
[2026-06-01T11:44:14.506+0000] {processor.py:840} INFO - DAG(s) 'my_first_test_dag' retrieved from /opt/airflow/dags/dag_1.py
[2026-06-01T11:44:14.543+0000] {logging_mixin.py:188} INFO - [2026-06-01T11:44:14.542+0000] {dag.py:3047} INFO - Sync 1 DAGs
[2026-06-01T11:44:14.575+0000] {logging_mixin.py:188} INFO - [2026-06-01T11:44:14.574+0000] {dag.py:3834} INFO - Setting next_dagrun for my_first_test_dag to None, run_after=None
[2026-06-01T11:44:14.601+0000] {processor.py:183} INFO - Processing /opt/airflow/dags/dag_1.py took 0.121 seconds
[2026-06-01T11:44:44.740+0000] {processor.py:161} INFO - Started process (PID=3210) to work on /opt/airflow/dags/dag_1.py
[2026-06-01T11:44:44.744+0000] {processor.py:830} INFO - Processing file /opt/airflow/dags/dag_1.py for tasks to queue
[2026-06-01T11:44:44.747+0000] {logging_mixin.py:188} INFO - [2026-06-01T11:44:44.746+0000] {dagbag.py:540} INFO - Filling up the DagBag from /opt/airflow/dags/dag_1.py
[2026-06-01T11:44:44.770+0000] {processor.py:840} INFO - DAG(s) 'my_first_test_dag' retrieved from /opt/airflow/dags/dag_1.py
[2026-06-01T11:44:44.799+0000] {logging_mixin.py:188} INFO - [2026-06-01T11:44:44.799+0000] {dag.py:3047} INFO - Sync 1 DAGs
[2026-06-01T11:44:44.815+0000] {logging_mixin.py:188} INFO - [2026-06-01T11:44:44.815+0000] {dag.py:3834} INFO - Setting next_dagrun for my_first_test_dag to None, run_after=None
[2026-06-01T11:44:44.841+0000] {processor.py:183} INFO - Processing /opt/airflow/dags/dag_1.py took 0.105 seconds
[2026-06-01T11:45:15.091+0000] {processor.py:161} INFO - Started process (PID=3220) to work on /opt/airflow/dags/dag_1.py
[2026-06-01T11:45:15.092+0000] {processor.py:830} INFO - Processing file /opt/airflow/dags/dag_1.py for tasks to queue
[2026-06-01T11:45:15.094+0000] {logging_mixin.py:188} INFO - [2026-06-01T11:45:15.093+0000] {dagbag.py:540} INFO - Filling up the DagBag from /opt/airflow/dags/dag_1.py
[2026-06-01T11:45:15.114+0000] {processor.py:840} INFO - DAG(s) 'my_first_test_dag' retrieved from /opt/airflow/dags/dag_1.py
[2026-06-01T11:45:15.150+0000] {logging_mixin.py:188} INFO - [2026-06-01T11:45:15.149+0000] {dag.py:3047} INFO - Sync 1 DAGs
[2026-06-01T11:45:15.176+0000] {logging_mixin.py:188} INFO - [2026-06-01T11:45:15.175+0000] {dag.py:3834} INFO - Setting next_dagrun for my_first_test_dag to None, run_after=None
[2026-06-01T11:45:15.204+0000] {processor.py:183} INFO - Processing /opt/airflow/dags/dag_1.py took 0.118 seconds
[2026-06-01T11:45:45.476+0000] {processor.py:161} INFO - Started process (PID=3230) to work on /opt/airflow/dags/dag_1.py
[2026-06-01T11:45:45.477+0000] {processor.py:830} INFO - Processing file /opt/airflow/dags/dag_1.py for tasks to queue
[2026-06-01T11:45:45.478+0000] {logging_mixin.py:188} INFO - [2026-06-01T11:45:45.478+0000] {dagbag.py:540} INFO - Filling up the DagBag from /opt/airflow/dags/dag_1.py
[2026-06-01T11:45:45.492+0000] {processor.py:840} INFO - DAG(s) 'my_first_test_dag' retrieved from /opt/airflow/dags/dag_1.py
[2026-06-01T11:45:45.520+0000] {logging_mixin.py:188} INFO - [2026-06-01T11:45:45.520+0000] {dag.py:3047} INFO - Sync 1 DAGs
[2026-06-01T11:45:45.537+0000] {logging_mixin.py:188} INFO - [2026-06-01T11:45:45.537+0000] {dag.py:3834} INFO - Setting next_dagrun for my_first_test_dag to None, run_after=None
[2026-06-01T11:45:45.578+0000] {processor.py:183} INFO - Processing /opt/airflow/dags/dag_1.py took 0.104 seconds
[2026-06-01T11:46:15.878+0000] {processor.py:161} INFO - Started process (PID=3240) to work on /opt/airflow/dags/dag_1.py
[2026-06-01T11:46:15.879+0000] {processor.py:830} INFO - Processing file /opt/airflow/dags/dag_1.py for tasks to queue
[2026-06-01T11:46:15.880+0000] {logging_mixin.py:188} INFO - [2026-06-01T11:46:15.879+0000] {dagbag.py:540} INFO - Filling up the DagBag from /opt/airflow/dags/dag_1.py
[2026-06-01T11:46:15.896+0000] {processor.py:840} INFO - DAG(s) 'my_first_test_dag' retrieved from /opt/airflow/dags/dag_1.py
[2026-06-01T11:46:15.928+0000] {logging_mixin.py:188} INFO - [2026-06-01T11:46:15.927+0000] {dag.py:3047} INFO - Sync 1 DAGs
[2026-06-01T11:46:15.945+0000] {logging_mixin.py:188} INFO - [2026-06-01T11:46:15.944+0000] {dag.py:3834} INFO - Setting next_dagrun for my_first_test_dag to None, run_after=None
[2026-06-01T11:46:15.980+0000] {processor.py:183} INFO - Processing /opt/airflow/dags/dag_1.py took 0.109 seconds
[2026-06-01T11:46:46.188+0000] {processor.py:161} INFO - Started process (PID=3250) to work on /opt/airflow/dags/dag_1.py
[2026-06-01T11:46:46.189+0000] {processor.py:830} INFO - Processing file /opt/airflow/dags/dag_1.py for tasks to queue
[2026-06-01T11:46:46.190+0000] {logging_mixin.py:188} INFO - [2026-06-01T11:46:46.190+0000] {dagbag.py:540} INFO - Filling up the DagBag from /opt/airflow/dags/dag_1.py
[2026-06-01T11:46:46.215+0000] {processor.py:840} INFO - DAG(s) 'my_first_test_dag' retrieved from /opt/airflow/dags/dag_1.py
[2026-06-01T11:46:46.256+0000] {logging_mixin.py:188} INFO - [2026-06-01T11:46:46.256+0000] {dag.py:3047} INFO - Sync 1 DAGs
[2026-06-01T11:46:46.280+0000] {logging_mixin.py:188} INFO - [2026-06-01T11:46:46.279+0000] {dag.py:3834} INFO - Setting next_dagrun for my_first_test_dag to None, run_after=None
[2026-06-01T11:46:46.315+0000] {processor.py:183} INFO - Processing /opt/airflow/dags/dag_1.py took 0.131 seconds
[2026-06-01T11:47:16.616+0000] {processor.py:161} INFO - Started process (PID=3260) to work on /opt/airflow/dags/dag_1.py
[2026-06-01T11:47:16.618+0000] {processor.py:830} INFO - Processing file /opt/airflow/dags/dag_1.py for tasks to queue
[2026-06-01T11:47:16.628+0000] {logging_mixin.py:188} INFO - [2026-06-01T11:47:16.627+0000] {dagbag.py:540} INFO - Filling up the DagBag from /opt/airflow/dags/dag_1.py
[2026-06-01T11:47:16.665+0000] {processor.py:840} INFO - DAG(s) 'my_first_test_dag' retrieved from /opt/airflow/dags/dag_1.py
[2026-06-01T11:47:16.713+0000] {logging_mixin.py:188} INFO - [2026-06-01T11:47:16.713+0000] {dag.py:3047} INFO - Sync 1 DAGs
[2026-06-01T11:47:16.733+0000] {logging_mixin.py:188} INFO - [2026-06-01T11:47:16.732+0000] {dag.py:3834} INFO - Setting next_dagrun for my_first_test_dag to None, run_after=None
[2026-06-01T11:47:16.763+0000] {processor.py:183} INFO - Processing /opt/airflow/dags/dag_1.py took 0.152 seconds
[2026-06-01T11:47:46.955+0000] {processor.py:161} INFO - Started process (PID=3270) to work on /opt/airflow/dags/dag_1.py
[2026-06-01T11:47:46.956+0000] {processor.py:830} INFO - Processing file /opt/airflow/dags/dag_1.py for tasks to queue
[2026-06-01T11:47:46.958+0000] {logging_mixin.py:188} INFO - [2026-06-01T11:47:46.957+0000] {dagbag.py:540} INFO - Filling up the DagBag from /opt/airflow/dags/dag_1.py
[2026-06-01T11:47:46.981+0000] {processor.py:840} INFO - DAG(s) 'my_first_test_dag' retrieved from /opt/airflow/dags/dag_1.py
[2026-06-01T11:47:47.020+0000] {logging_mixin.py:188} INFO - [2026-06-01T11:47:47.020+0000] {dag.py:3047} INFO - Sync 1 DAGs
[2026-06-01T11:47:47.039+0000] {logging_mixin.py:188} INFO - [2026-06-01T11:47:47.039+0000] {dag.py:3834} INFO - Setting next_dagrun for my_first_test_dag to None, run_after=None
[2026-06-01T11:47:47.070+0000] {processor.py:183} INFO - Processing /opt/airflow/dags/dag_1.py took 0.119 seconds
[2026-06-01T11:48:17.303+0000] {processor.py:161} INFO - Started process (PID=3280) to work on /opt/airflow/dags/dag_1.py
[2026-06-01T11:48:17.308+0000] {processor.py:830} INFO - Processing file /opt/airflow/dags/dag_1.py for tasks to queue
[2026-06-01T11:48:17.312+0000] {logging_mixin.py:188} INFO - [2026-06-01T11:48:17.311+0000] {dagbag.py:540} INFO - Filling up the DagBag from /opt/airflow/dags/dag_1.py
[2026-06-01T11:48:17.357+0000] {processor.py:840} INFO - DAG(s) 'my_first_test_dag' retrieved from /opt/airflow/dags/dag_1.py
[2026-06-01T11:48:17.402+0000] {logging_mixin.py:188} INFO - [2026-06-01T11:48:17.402+0000] {dag.py:3047} INFO - Sync 1 DAGs
[2026-06-01T11:48:17.423+0000] {logging_mixin.py:188} INFO - [2026-06-01T11:48:17.422+0000] {dag.py:3834} INFO - Setting next_dagrun for my_first_test_dag to None, run_after=None
[2026-06-01T11:48:17.463+0000] {processor.py:183} INFO - Processing /opt/airflow/dags/dag_1.py took 0.166 seconds
[2026-06-01T11:48:48.254+0000] {processor.py:161} INFO - Started process (PID=3290) to work on /opt/airflow/dags/dag_1.py
[2026-06-01T11:48:48.256+0000] {processor.py:830} INFO - Processing file /opt/airflow/dags/dag_1.py for tasks to queue
[2026-06-01T11:48:48.259+0000] {logging_mixin.py:188} INFO - [2026-06-01T11:48:48.258+0000] {dagbag.py:540} INFO - Filling up the DagBag from /opt/airflow/dags/dag_1.py
[2026-06-01T11:48:48.307+0000] {processor.py:840} INFO - DAG(s) 'my_first_test_dag' retrieved from /opt/airflow/dags/dag_1.py
[2026-06-01T11:48:48.406+0000] {logging_mixin.py:188} INFO - [2026-06-01T11:48:48.405+0000] {dag.py:3047} INFO - Sync 1 DAGs
[2026-06-01T11:48:48.470+0000] {logging_mixin.py:188} INFO - [2026-06-01T11:48:48.469+0000] {dag.py:3834} INFO - Setting next_dagrun for my_first_test_dag to None, run_after=None
[2026-06-01T11:48:48.534+0000] {processor.py:183} INFO - Processing /opt/airflow/dags/dag_1.py took 0.290 seconds
[2026-06-01T11:49:19.075+0000] {processor.py:161} INFO - Started process (PID=3300) to work on /opt/airflow/dags/dag_1.py
[2026-06-01T11:49:19.076+0000] {processor.py:830} INFO - Processing file /opt/airflow/dags/dag_1.py for tasks to queue
[2026-06-01T11:49:19.077+0000] {logging_mixin.py:188} INFO - [2026-06-01T11:49:19.077+0000] {dagbag.py:540} INFO - Filling up the DagBag from /opt/airflow/dags/dag_1.py
[2026-06-01T11:49:19.098+0000] {processor.py:840} INFO - DAG(s) 'my_first_test_dag' retrieved from /opt/airflow/dags/dag_1.py
[2026-06-01T11:49:19.124+0000] {logging_mixin.py:188} INFO - [2026-06-01T11:49:19.124+0000] {dag.py:3047} INFO - Sync 1 DAGs
[2026-06-01T11:49:19.138+0000] {logging_mixin.py:188} INFO - [2026-06-01T11:49:19.138+0000] {dag.py:3834} INFO - Setting next_dagrun for my_first_test_dag to None, run_after=None
[2026-06-01T11:49:19.168+0000] {processor.py:183} INFO - Processing /opt/airflow/dags/dag_1.py took 0.096 seconds
[2026-06-01T11:49:49.323+0000] {processor.py:161} INFO - Started process (PID=3310) to work on /opt/airflow/dags/dag_1.py
[2026-06-01T11:49:49.325+0000] {processor.py:830} INFO - Processing file /opt/airflow/dags/dag_1.py for tasks to queue
[2026-06-01T11:49:49.326+0000] {logging_mixin.py:188} INFO - [2026-06-01T11:49:49.326+0000] {dagbag.py:540} INFO - Filling up the DagBag from /opt/airflow/dags/dag_1.py
[2026-06-01T11:49:49.350+0000] {processor.py:840} INFO - DAG(s) 'my_first_test_dag' retrieved from /opt/airflow/dags/dag_1.py
[2026-06-01T11:49:49.392+0000] {logging_mixin.py:188} INFO - [2026-06-01T11:49:49.391+0000] {dag.py:3047} INFO - Sync 1 DAGs
[2026-06-01T11:49:49.416+0000] {logging_mixin.py:188} INFO - [2026-06-01T11:49:49.416+0000] {dag.py:3834} INFO - Setting next_dagrun for my_first_test_dag to None, run_after=None
[2026-06-01T11:49:49.447+0000] {processor.py:183} INFO - Processing /opt/airflow/dags/dag_1.py took 0.130 seconds
[2026-06-01T11:50:19.679+0000] {processor.py:161} INFO - Started process (PID=3320) to work on /opt/airflow/dags/dag_1.py
[2026-06-01T11:50:19.680+0000] {processor.py:830} INFO - Processing file /opt/airflow/dags/dag_1.py for tasks to queue
[2026-06-01T11:50:19.681+0000] {logging_mixin.py:188} INFO - [2026-06-01T11:50:19.681+0000] {dagbag.py:540} INFO - Filling up the DagBag from /opt/airflow/dags/dag_1.py
[2026-06-01T11:50:19.702+0000] {processor.py:840} INFO - DAG(s) 'my_first_test_dag' retrieved from /opt/airflow/dags/dag_1.py
[2026-06-01T11:50:19.739+0000] {logging_mixin.py:188} INFO - [2026-06-01T11:50:19.739+0000] {dag.py:3047} INFO - Sync 1 DAGs
[2026-06-01T11:50:19.757+0000] {logging_mixin.py:188} INFO - [2026-06-01T11:50:19.757+0000] {dag.py:3834} INFO - Setting next_dagrun for my_first_test_dag to None, run_after=None
[2026-06-01T11:50:19.785+0000] {processor.py:183} INFO - Processing /opt/airflow/dags/dag_1.py took 0.111 seconds
[2026-06-01T11:50:49.897+0000] {processor.py:161} INFO - Started process (PID=3330) to work on /opt/airflow/dags/dag_1.py
[2026-06-01T11:50:49.898+0000] {processor.py:830} INFO - Processing file /opt/airflow/dags/dag_1.py for tasks to queue
[2026-06-01T11:50:49.899+0000] {logging_mixin.py:188} INFO - [2026-06-01T11:50:49.899+0000] {dagbag.py:540} INFO - Filling up the DagBag from /opt/airflow/dags/dag_1.py
[2026-06-01T11:50:49.924+0000] {processor.py:840} INFO - DAG(s) 'my_first_test_dag' retrieved from /opt/airflow/dags/dag_1.py
[2026-06-01T11:50:49.982+0000] {logging_mixin.py:188} INFO - [2026-06-01T11:50:49.982+0000] {dag.py:3047} INFO - Sync 1 DAGs
[2026-06-01T11:50:50.002+0000] {logging_mixin.py:188} INFO - [2026-06-01T11:50:50.001+0000] {dag.py:3834} INFO - Setting next_dagrun for my_first_test_dag to None, run_after=None
[2026-06-01T11:50:50.029+0000] {processor.py:183} INFO - Processing /opt/airflow/dags/dag_1.py took 0.138 seconds
[2026-06-01T11:51:20.221+0000] {processor.py:161} INFO - Started process (PID=3340) to work on /opt/airflow/dags/dag_1.py
[2026-06-01T11:51:20.223+0000] {processor.py:830} INFO - Processing file /opt/airflow/dags/dag_1.py for tasks to queue
[2026-06-01T11:51:20.224+0000] {logging_mixin.py:188} INFO - [2026-06-01T11:51:20.224+0000] {dagbag.py:540} INFO - Filling up the DagBag from /opt/airflow/dags/dag_1.py
[2026-06-01T11:51:20.245+0000] {processor.py:840} INFO - DAG(s) 'my_first_test_dag' retrieved from /opt/airflow/dags/dag_1.py
[2026-06-01T11:51:20.288+0000] {logging_mixin.py:188} INFO - [2026-06-01T11:51:20.288+0000] {dag.py:3047} INFO - Sync 1 DAGs
[2026-06-01T11:51:20.307+0000] {logging_mixin.py:188} INFO - [2026-06-01T11:51:20.307+0000] {dag.py:3834} INFO - Setting next_dagrun for my_first_test_dag to None, run_after=None
[2026-06-01T11:51:20.330+0000] {processor.py:183} INFO - Processing /opt/airflow/dags/dag_1.py took 0.111 seconds
[2026-06-01T11:51:50.443+0000] {processor.py:161} INFO - Started process (PID=3350) to work on /opt/airflow/dags/dag_1.py
[2026-06-01T11:51:50.444+0000] {processor.py:830} INFO - Processing file /opt/airflow/dags/dag_1.py for tasks to queue
[2026-06-01T11:51:50.445+0000] {logging_mixin.py:188} INFO - [2026-06-01T11:51:50.445+0000] {dagbag.py:540} INFO - Filling up the DagBag from /opt/airflow/dags/dag_1.py
[2026-06-01T11:51:50.469+0000] {processor.py:840} INFO - DAG(s) 'my_first_test_dag' retrieved from /opt/airflow/dags/dag_1.py
[2026-06-01T11:51:50.508+0000] {logging_mixin.py:188} INFO - [2026-06-01T11:51:50.508+0000] {dag.py:3047} INFO - Sync 1 DAGs
[2026-06-01T11:51:50.532+0000] {logging_mixin.py:188} INFO - [2026-06-01T11:51:50.531+0000] {dag.py:3834} INFO - Setting next_dagrun for my_first_test_dag to None, run_after=None
[2026-06-01T11:51:50.562+0000] {processor.py:183} INFO - Processing /opt/airflow/dags/dag_1.py took 0.123 seconds
[2026-06-01T11:52:20.798+0000] {processor.py:161} INFO - Started process (PID=3360) to work on /opt/airflow/dags/dag_1.py
[2026-06-01T11:52:20.800+0000] {processor.py:830} INFO - Processing file /opt/airflow/dags/dag_1.py for tasks to queue
[2026-06-01T11:52:20.801+0000] {logging_mixin.py:188} INFO - [2026-06-01T11:52:20.801+0000] {dagbag.py:540} INFO - Filling up the DagBag from /opt/airflow/dags/dag_1.py
[2026-06-01T11:52:20.835+0000] {processor.py:840} INFO - DAG(s) 'my_first_test_dag' retrieved from /opt/airflow/dags/dag_1.py
[2026-06-01T11:52:20.865+0000] {logging_mixin.py:188} INFO - [2026-06-01T11:52:20.864+0000] {dag.py:3047} INFO - Sync 1 DAGs
[2026-06-01T11:52:20.880+0000] {logging_mixin.py:188} INFO - [2026-06-01T11:52:20.880+0000] {dag.py:3834} INFO - Setting next_dagrun for my_first_test_dag to None, run_after=None
[2026-06-01T11:52:20.905+0000] {processor.py:183} INFO - Processing /opt/airflow/dags/dag_1.py took 0.111 seconds
[2026-06-01T11:52:51.055+0000] {processor.py:161} INFO - Started process (PID=3370) to work on /opt/airflow/dags/dag_1.py
[2026-06-01T11:52:51.056+0000] {processor.py:830} INFO - Processing file /opt/airflow/dags/dag_1.py for tasks to queue
[2026-06-01T11:52:51.058+0000] {logging_mixin.py:188} INFO - [2026-06-01T11:52:51.057+0000] {dagbag.py:540} INFO - Filling up the DagBag from /opt/airflow/dags/dag_1.py
[2026-06-01T11:52:51.094+0000] {processor.py:840} INFO - DAG(s) 'my_first_test_dag' retrieved from /opt/airflow/dags/dag_1.py
[2026-06-01T11:52:51.145+0000] {logging_mixin.py:188} INFO - [2026-06-01T11:52:51.145+0000] {dag.py:3047} INFO - Sync 1 DAGs
[2026-06-01T11:52:51.171+0000] {logging_mixin.py:188} INFO - [2026-06-01T11:52:51.171+0000] {dag.py:3834} INFO - Setting next_dagrun for my_first_test_dag to None, run_after=None
[2026-06-01T11:52:51.219+0000] {processor.py:183} INFO - Processing /opt/airflow/dags/dag_1.py took 0.172 seconds
[2026-06-01T11:53:21.603+0000] {processor.py:161} INFO - Started process (PID=3380) to work on /opt/airflow/dags/dag_1.py
[2026-06-01T11:53:21.607+0000] {processor.py:830} INFO - Processing file /opt/airflow/dags/dag_1.py for tasks to queue
[2026-06-01T11:53:21.615+0000] {logging_mixin.py:188} INFO - [2026-06-01T11:53:21.608+0000] {dagbag.py:540} INFO - Filling up the DagBag from /opt/airflow/dags/dag_1.py
[2026-06-01T11:53:21.645+0000] {processor.py:840} INFO - DAG(s) 'my_first_test_dag' retrieved from /opt/airflow/dags/dag_1.py
[2026-06-01T11:53:21.688+0000] {logging_mixin.py:188} INFO - [2026-06-01T11:53:21.688+0000] {dag.py:3047} INFO - Sync 1 DAGs
[2026-06-01T11:53:21.715+0000] {logging_mixin.py:188} INFO - [2026-06-01T11:53:21.714+0000] {dag.py:3834} INFO - Setting next_dagrun for my_first_test_dag to None, run_after=None
[2026-06-01T11:53:21.756+0000] {processor.py:183} INFO - Processing /opt/airflow/dags/dag_1.py took 0.159 seconds
[2026-06-01T11:53:51.870+0000] {processor.py:161} INFO - Started process (PID=3390) to work on /opt/airflow/dags/dag_1.py
[2026-06-01T11:53:51.871+0000] {processor.py:830} INFO - Processing file /opt/airflow/dags/dag_1.py for tasks to queue
[2026-06-01T11:53:51.873+0000] {logging_mixin.py:188} INFO - [2026-06-01T11:53:51.872+0000] {dagbag.py:540} INFO - Filling up the DagBag from /opt/airflow/dags/dag_1.py
[2026-06-01T11:53:51.894+0000] {processor.py:840} INFO - DAG(s) 'my_first_test_dag' retrieved from /opt/airflow/dags/dag_1.py
[2026-06-01T11:53:51.943+0000] {logging_mixin.py:188} INFO - [2026-06-01T11:53:51.942+0000] {dag.py:3047} INFO - Sync 1 DAGs
[2026-06-01T11:53:51.960+0000] {logging_mixin.py:188} INFO - [2026-06-01T11:53:51.960+0000] {dag.py:3834} INFO - Setting next_dagrun for my_first_test_dag to None, run_after=None
[2026-06-01T11:53:51.985+0000] {processor.py:183} INFO - Processing /opt/airflow/dags/dag_1.py took 0.121 seconds
[2026-06-01T11:54:22.216+0000] {processor.py:161} INFO - Started process (PID=3400) to work on /opt/airflow/dags/dag_1.py
[2026-06-01T11:54:22.217+0000] {processor.py:830} INFO - Processing file /opt/airflow/dags/dag_1.py for tasks to queue
[2026-06-01T11:54:22.219+0000] {logging_mixin.py:188} INFO - [2026-06-01T11:54:22.218+0000] {dagbag.py:540} INFO - Filling up the DagBag from /opt/airflow/dags/dag_1.py
[2026-06-01T11:54:22.242+0000] {processor.py:840} INFO - DAG(s) 'my_first_test_dag' retrieved from /opt/airflow/dags/dag_1.py
[2026-06-01T11:54:22.285+0000] {logging_mixin.py:188} INFO - [2026-06-01T11:54:22.285+0000] {dag.py:3047} INFO - Sync 1 DAGs
[2026-06-01T11:54:22.305+0000] {logging_mixin.py:188} INFO - [2026-06-01T11:54:22.305+0000] {dag.py:3834} INFO - Setting next_dagrun for my_first_test_dag to None, run_after=None
[2026-06-01T11:54:22.340+0000] {processor.py:183} INFO - Processing /opt/airflow/dags/dag_1.py took 0.128 seconds
[2026-06-01T11:54:52.496+0000] {processor.py:161} INFO - Started process (PID=3410) to work on /opt/airflow/dags/dag_1.py
[2026-06-01T11:54:52.498+0000] {processor.py:830} INFO - Processing file /opt/airflow/dags/dag_1.py for tasks to queue
[2026-06-01T11:54:52.499+0000] {logging_mixin.py:188} INFO - [2026-06-01T11:54:52.498+0000] {dagbag.py:540} INFO - Filling up the DagBag from /opt/airflow/dags/dag_1.py
[2026-06-01T11:54:52.523+0000] {processor.py:840} INFO - DAG(s) 'my_first_test_dag' retrieved from /opt/airflow/dags/dag_1.py
[2026-06-01T11:54:52.570+0000] {logging_mixin.py:188} INFO - [2026-06-01T11:54:52.570+0000] {dag.py:3047} INFO - Sync 1 DAGs
[2026-06-01T11:54:52.590+0000] {logging_mixin.py:188} INFO - [2026-06-01T11:54:52.589+0000] {dag.py:3834} INFO - Setting next_dagrun for my_first_test_dag to None, run_after=None
[2026-06-01T11:54:52.624+0000] {processor.py:183} INFO - Processing /opt/airflow/dags/dag_1.py took 0.132 seconds
[2026-06-01T11:55:22.842+0000] {processor.py:161} INFO - Started process (PID=3420) to work on /opt/airflow/dags/dag_1.py
[2026-06-01T11:55:22.843+0000] {processor.py:830} INFO - Processing file /opt/airflow/dags/dag_1.py for tasks to queue
[2026-06-01T11:55:22.844+0000] {logging_mixin.py:188} INFO - [2026-06-01T11:55:22.844+0000] {dagbag.py:540} INFO - Filling up the DagBag from /opt/airflow/dags/dag_1.py
[2026-06-01T11:55:22.864+0000] {processor.py:840} INFO - DAG(s) 'my_first_test_dag' retrieved from /opt/airflow/dags/dag_1.py
[2026-06-01T11:55:22.904+0000] {logging_mixin.py:188} INFO - [2026-06-01T11:55:22.904+0000] {dag.py:3047} INFO - Sync 1 DAGs
[2026-06-01T11:55:22.921+0000] {logging_mixin.py:188} INFO - [2026-06-01T11:55:22.921+0000] {dag.py:3834} INFO - Setting next_dagrun for my_first_test_dag to None, run_after=None
[2026-06-01T11:55:22.947+0000] {processor.py:183} INFO - Processing /opt/airflow/dags/dag_1.py took 0.109 seconds
[2026-06-01T11:55:53.258+0000] {processor.py:161} INFO - Started process (PID=3430) to work on /opt/airflow/dags/dag_1.py
[2026-06-01T11:55:53.259+0000] {processor.py:830} INFO - Processing file /opt/airflow/dags/dag_1.py for tasks to queue
[2026-06-01T11:55:53.260+0000] {logging_mixin.py:188} INFO - [2026-06-01T11:55:53.260+0000] {dagbag.py:540} INFO - Filling up the DagBag from /opt/airflow/dags/dag_1.py
[2026-06-01T11:55:53.286+0000] {processor.py:840} INFO - DAG(s) 'my_first_test_dag' retrieved from /opt/airflow/dags/dag_1.py
[2026-06-01T11:55:53.349+0000] {logging_mixin.py:188} INFO - [2026-06-01T11:55:53.348+0000] {dag.py:3047} INFO - Sync 1 DAGs
[2026-06-01T11:55:53.370+0000] {logging_mixin.py:188} INFO - [2026-06-01T11:55:53.370+0000] {dag.py:3834} INFO - Setting next_dagrun for my_first_test_dag to None, run_after=None
[2026-06-01T11:55:53.404+0000] {processor.py:183} INFO - Processing /opt/airflow/dags/dag_1.py took 0.151 seconds
[2026-06-01T11:56:23.718+0000] {processor.py:161} INFO - Started process (PID=3440) to work on /opt/airflow/dags/dag_1.py
[2026-06-01T11:56:23.719+0000] {processor.py:830} INFO - Processing file /opt/airflow/dags/dag_1.py for tasks to queue
[2026-06-01T11:56:23.721+0000] {logging_mixin.py:188} INFO - [2026-06-01T11:56:23.720+0000] {dagbag.py:540} INFO - Filling up the DagBag from /opt/airflow/dags/dag_1.py
[2026-06-01T11:56:23.746+0000] {processor.py:840} INFO - DAG(s) 'my_first_test_dag' retrieved from /opt/airflow/dags/dag_1.py
[2026-06-01T11:56:23.789+0000] {logging_mixin.py:188} INFO - [2026-06-01T11:56:23.788+0000] {dag.py:3047} INFO - Sync 1 DAGs
[2026-06-01T11:56:23.814+0000] {logging_mixin.py:188} INFO - [2026-06-01T11:56:23.814+0000] {dag.py:3834} INFO - Setting next_dagrun for my_first_test_dag to None, run_after=None
[2026-06-01T11:56:23.882+0000] {processor.py:183} INFO - Processing /opt/airflow/dags/dag_1.py took 0.169 seconds
[2026-06-01T11:56:54.091+0000] {processor.py:161} INFO - Started process (PID=3450) to work on /opt/airflow/dags/dag_1.py
[2026-06-01T11:56:54.095+0000] {processor.py:830} INFO - Processing file /opt/airflow/dags/dag_1.py for tasks to queue
[2026-06-01T11:56:54.099+0000] {logging_mixin.py:188} INFO - [2026-06-01T11:56:54.098+0000] {dagbag.py:540} INFO - Filling up the DagBag from /opt/airflow/dags/dag_1.py
[2026-06-01T11:56:54.126+0000] {processor.py:840} INFO - DAG(s) 'my_first_test_dag' retrieved from /opt/airflow/dags/dag_1.py
[2026-06-01T11:56:54.177+0000] {logging_mixin.py:188} INFO - [2026-06-01T11:56:54.177+0000] {dag.py:3047} INFO - Sync 1 DAGs
[2026-06-01T11:56:54.204+0000] {logging_mixin.py:188} INFO - [2026-06-01T11:56:54.204+0000] {dag.py:3834} INFO - Setting next_dagrun for my_first_test_dag to None, run_after=None
[2026-06-01T11:56:54.235+0000] {processor.py:183} INFO - Processing /opt/airflow/dags/dag_1.py took 0.149 seconds
[2026-06-01T11:57:24.471+0000] {processor.py:161} INFO - Started process (PID=3460) to work on /opt/airflow/dags/dag_1.py
[2026-06-01T11:57:24.473+0000] {processor.py:830} INFO - Processing file /opt/airflow/dags/dag_1.py for tasks to queue
[2026-06-01T11:57:24.474+0000] {logging_mixin.py:188} INFO - [2026-06-01T11:57:24.473+0000] {dagbag.py:540} INFO - Filling up the DagBag from /opt/airflow/dags/dag_1.py
[2026-06-01T11:57:24.495+0000] {processor.py:840} INFO - DAG(s) 'my_first_test_dag' retrieved from /opt/airflow/dags/dag_1.py
[2026-06-01T11:57:24.535+0000] {logging_mixin.py:188} INFO - [2026-06-01T11:57:24.535+0000] {dag.py:3047} INFO - Sync 1 DAGs
[2026-06-01T11:57:24.556+0000] {logging_mixin.py:188} INFO - [2026-06-01T11:57:24.556+0000] {dag.py:3834} INFO - Setting next_dagrun for my_first_test_dag to None, run_after=None
[2026-06-01T11:57:24.585+0000] {processor.py:183} INFO - Processing /opt/airflow/dags/dag_1.py took 0.116 seconds
[2026-06-01T11:57:54.779+0000] {processor.py:161} INFO - Started process (PID=3470) to work on /opt/airflow/dags/dag_1.py
[2026-06-01T11:57:54.781+0000] {processor.py:830} INFO - Processing file /opt/airflow/dags/dag_1.py for tasks to queue
[2026-06-01T11:57:54.782+0000] {logging_mixin.py:188} INFO - [2026-06-01T11:57:54.782+0000] {dagbag.py:540} INFO - Filling up the DagBag from /opt/airflow/dags/dag_1.py
[2026-06-01T11:57:54.803+0000] {processor.py:840} INFO - DAG(s) 'my_first_test_dag' retrieved from /opt/airflow/dags/dag_1.py
[2026-06-01T11:57:54.849+0000] {logging_mixin.py:188} INFO - [2026-06-01T11:57:54.849+0000] {dag.py:3047} INFO - Sync 1 DAGs
[2026-06-01T11:57:54.873+0000] {logging_mixin.py:188} INFO - [2026-06-01T11:57:54.872+0000] {dag.py:3834} INFO - Setting next_dagrun for my_first_test_dag to None, run_after=None
[2026-06-01T11:57:54.944+0000] {processor.py:183} INFO - Processing /opt/airflow/dags/dag_1.py took 0.170 seconds
[2026-06-01T11:58:25.211+0000] {processor.py:161} INFO - Started process (PID=3480) to work on /opt/airflow/dags/dag_1.py
[2026-06-01T11:58:25.213+0000] {processor.py:830} INFO - Processing file /opt/airflow/dags/dag_1.py for tasks to queue
[2026-06-01T11:58:25.214+0000] {logging_mixin.py:188} INFO - [2026-06-01T11:58:25.214+0000] {dagbag.py:540} INFO - Filling up the DagBag from /opt/airflow/dags/dag_1.py
[2026-06-01T11:58:25.237+0000] {processor.py:840} INFO - DAG(s) 'my_first_test_dag' retrieved from /opt/airflow/dags/dag_1.py
[2026-06-01T11:58:25.273+0000] {logging_mixin.py:188} INFO - [2026-06-01T11:58:25.272+0000] {dag.py:3047} INFO - Sync 1 DAGs
[2026-06-01T11:58:25.299+0000] {logging_mixin.py:188} INFO - [2026-06-01T11:58:25.298+0000] {dag.py:3834} INFO - Setting next_dagrun for my_first_test_dag to None, run_after=None
[2026-06-01T11:58:25.336+0000] {processor.py:183} INFO - Processing /opt/airflow/dags/dag_1.py took 0.128 seconds
[2026-06-01T11:58:55.462+0000] {processor.py:161} INFO - Started process (PID=3490) to work on /opt/airflow/dags/dag_1.py
[2026-06-01T11:58:55.463+0000] {processor.py:830} INFO - Processing file /opt/airflow/dags/dag_1.py for tasks to queue
[2026-06-01T11:58:55.464+0000] {logging_mixin.py:188} INFO - [2026-06-01T11:58:55.464+0000] {dagbag.py:540} INFO - Filling up the DagBag from /opt/airflow/dags/dag_1.py
[2026-06-01T11:58:55.482+0000] {processor.py:840} INFO - DAG(s) 'my_first_test_dag' retrieved from /opt/airflow/dags/dag_1.py
[2026-06-01T11:58:55.521+0000] {logging_mixin.py:188} INFO - [2026-06-01T11:58:55.520+0000] {dag.py:3047} INFO - Sync 1 DAGs
[2026-06-01T11:58:55.543+0000] {logging_mixin.py:188} INFO - [2026-06-01T11:58:55.542+0000] {dag.py:3834} INFO - Setting next_dagrun for my_first_test_dag to None, run_after=None
[2026-06-01T11:58:55.583+0000] {processor.py:183} INFO - Processing /opt/airflow/dags/dag_1.py took 0.124 seconds
[2026-06-01T11:59:25.768+0000] {processor.py:161} INFO - Started process (PID=3500) to work on /opt/airflow/dags/dag_1.py
[2026-06-01T11:59:25.770+0000] {processor.py:830} INFO - Processing file /opt/airflow/dags/dag_1.py for tasks to queue
[2026-06-01T11:59:25.771+0000] {logging_mixin.py:188} INFO - [2026-06-01T11:59:25.770+0000] {dagbag.py:540} INFO - Filling up the DagBag from /opt/airflow/dags/dag_1.py
[2026-06-01T11:59:25.798+0000] {processor.py:840} INFO - DAG(s) 'my_first_test_dag' retrieved from /opt/airflow/dags/dag_1.py
[2026-06-01T11:59:25.848+0000] {logging_mixin.py:188} INFO - [2026-06-01T11:59:25.848+0000] {dag.py:3047} INFO - Sync 1 DAGs
[2026-06-01T11:59:25.870+0000] {logging_mixin.py:188} INFO - [2026-06-01T11:59:25.869+0000] {dag.py:3834} INFO - Setting next_dagrun for my_first_test_dag to None, run_after=None
[2026-06-01T11:59:25.906+0000] {processor.py:183} INFO - Processing /opt/airflow/dags/dag_1.py took 0.142 seconds
[2026-06-01T11:59:56.268+0000] {processor.py:161} INFO - Started process (PID=3510) to work on /opt/airflow/dags/dag_1.py
[2026-06-01T11:59:56.269+0000] {processor.py:830} INFO - Processing file /opt/airflow/dags/dag_1.py for tasks to queue
[2026-06-01T11:59:56.271+0000] {logging_mixin.py:188} INFO - [2026-06-01T11:59:56.271+0000] {dagbag.py:540} INFO - Filling up the DagBag from /opt/airflow/dags/dag_1.py
[2026-06-01T11:59:56.296+0000] {processor.py:840} INFO - DAG(s) 'my_first_test_dag' retrieved from /opt/airflow/dags/dag_1.py
[2026-06-01T11:59:56.344+0000] {logging_mixin.py:188} INFO - [2026-06-01T11:59:56.343+0000] {dag.py:3047} INFO - Sync 1 DAGs
[2026-06-01T11:59:56.362+0000] {logging_mixin.py:188} INFO - [2026-06-01T11:59:56.362+0000] {dag.py:3834} INFO - Setting next_dagrun for my_first_test_dag to None, run_after=None
[2026-06-01T11:59:56.394+0000] {processor.py:183} INFO - Processing /opt/airflow/dags/dag_1.py took 0.130 seconds
[2026-06-01T12:00:27.161+0000] {processor.py:161} INFO - Started process (PID=3520) to work on /opt/airflow/dags/dag_1.py
[2026-06-01T12:00:27.162+0000] {processor.py:830} INFO - Processing file /opt/airflow/dags/dag_1.py for tasks to queue
[2026-06-01T12:00:27.164+0000] {logging_mixin.py:188} INFO - [2026-06-01T12:00:27.164+0000] {dagbag.py:540} INFO - Filling up the DagBag from /opt/airflow/dags/dag_1.py
[2026-06-01T12:00:27.600+0000] {processor.py:840} INFO - DAG(s) 'my_first_test_dag' retrieved from /opt/airflow/dags/dag_1.py
[2026-06-01T12:00:27.725+0000] {logging_mixin.py:188} INFO - [2026-06-01T12:00:27.725+0000] {dag.py:3047} INFO - Sync 1 DAGs
[2026-06-01T12:00:27.797+0000] {logging_mixin.py:188} INFO - [2026-06-01T12:00:27.797+0000] {dag.py:3834} INFO - Setting next_dagrun for my_first_test_dag to None, run_after=None
[2026-06-01T12:00:27.954+0000] {processor.py:183} INFO - Processing /opt/airflow/dags/dag_1.py took 0.797 seconds
[2026-06-01T12:00:58.907+0000] {processor.py:161} INFO - Started process (PID=3530) to work on /opt/airflow/dags/dag_1.py
[2026-06-01T12:00:58.909+0000] {processor.py:830} INFO - Processing file /opt/airflow/dags/dag_1.py for tasks to queue
[2026-06-01T12:00:58.912+0000] {logging_mixin.py:188} INFO - [2026-06-01T12:00:58.911+0000] {dagbag.py:540} INFO - Filling up the DagBag from /opt/airflow/dags/dag_1.py
[2026-06-01T12:00:58.949+0000] {processor.py:840} INFO - DAG(s) 'my_first_test_dag' retrieved from /opt/airflow/dags/dag_1.py
[2026-06-01T12:00:59.011+0000] {logging_mixin.py:188} INFO - [2026-06-01T12:00:59.010+0000] {dag.py:3047} INFO - Sync 1 DAGs
[2026-06-01T12:00:59.046+0000] {logging_mixin.py:188} INFO - [2026-06-01T12:00:59.044+0000] {dag.py:3834} INFO - Setting next_dagrun for my_first_test_dag to None, run_after=None
[2026-06-01T12:00:59.114+0000] {processor.py:183} INFO - Processing /opt/airflow/dags/dag_1.py took 0.213 seconds
[2026-06-01T12:01:29.863+0000] {processor.py:161} INFO - Started process (PID=3540) to work on /opt/airflow/dags/dag_1.py
[2026-06-01T12:01:29.865+0000] {processor.py:830} INFO - Processing file /opt/airflow/dags/dag_1.py for tasks to queue
[2026-06-01T12:01:29.866+0000] {logging_mixin.py:188} INFO - [2026-06-01T12:01:29.866+0000] {dagbag.py:540} INFO - Filling up the DagBag from /opt/airflow/dags/dag_1.py
[2026-06-01T12:01:29.893+0000] {processor.py:840} INFO - DAG(s) 'my_first_test_dag' retrieved from /opt/airflow/dags/dag_1.py
[2026-06-01T12:01:29.938+0000] {logging_mixin.py:188} INFO - [2026-06-01T12:01:29.938+0000] {dag.py:3047} INFO - Sync 1 DAGs
[2026-06-01T12:01:29.969+0000] {logging_mixin.py:188} INFO - [2026-06-01T12:01:29.969+0000] {dag.py:3834} INFO - Setting next_dagrun for my_first_test_dag to None, run_after=None
[2026-06-01T12:01:30.049+0000] {processor.py:183} INFO - Processing /opt/airflow/dags/dag_1.py took 0.191 seconds
[2026-06-01T12:02:00.421+0000] {processor.py:161} INFO - Started process (PID=3550) to work on /opt/airflow/dags/dag_1.py
[2026-06-01T12:02:00.426+0000] {processor.py:830} INFO - Processing file /opt/airflow/dags/dag_1.py for tasks to queue
[2026-06-01T12:02:00.428+0000] {logging_mixin.py:188} INFO - [2026-06-01T12:02:00.427+0000] {dagbag.py:540} INFO - Filling up the DagBag from /opt/airflow/dags/dag_1.py
[2026-06-01T12:02:00.451+0000] {processor.py:840} INFO - DAG(s) 'my_first_test_dag' retrieved from /opt/airflow/dags/dag_1.py
[2026-06-01T12:02:00.485+0000] {logging_mixin.py:188} INFO - [2026-06-01T12:02:00.485+0000] {dag.py:3047} INFO - Sync 1 DAGs
[2026-06-01T12:02:00.503+0000] {logging_mixin.py:188} INFO - [2026-06-01T12:02:00.502+0000] {dag.py:3834} INFO - Setting next_dagrun for my_first_test_dag to None, run_after=None
[2026-06-01T12:02:00.527+0000] {processor.py:183} INFO - Processing /opt/airflow/dags/dag_1.py took 0.110 seconds
[2026-06-01T12:02:30.828+0000] {processor.py:161} INFO - Started process (PID=3560) to work on /opt/airflow/dags/dag_1.py
[2026-06-01T12:02:30.830+0000] {processor.py:830} INFO - Processing file /opt/airflow/dags/dag_1.py for tasks to queue
[2026-06-01T12:02:30.833+0000] {logging_mixin.py:188} INFO - [2026-06-01T12:02:30.832+0000] {dagbag.py:540} INFO - Filling up the DagBag from /opt/airflow/dags/dag_1.py
[2026-06-01T12:02:30.861+0000] {processor.py:840} INFO - DAG(s) 'my_first_test_dag' retrieved from /opt/airflow/dags/dag_1.py
[2026-06-01T12:02:30.923+0000] {logging_mixin.py:188} INFO - [2026-06-01T12:02:30.922+0000] {dag.py:3047} INFO - Sync 1 DAGs
[2026-06-01T12:02:30.956+0000] {logging_mixin.py:188} INFO - [2026-06-01T12:02:30.956+0000] {dag.py:3834} INFO - Setting next_dagrun for my_first_test_dag to None, run_after=None
[2026-06-01T12:02:30.988+0000] {processor.py:183} INFO - Processing /opt/airflow/dags/dag_1.py took 0.165 seconds
[2026-06-01T12:03:01.293+0000] {processor.py:161} INFO - Started process (PID=3570) to work on /opt/airflow/dags/dag_1.py
[2026-06-01T12:03:01.294+0000] {processor.py:830} INFO - Processing file /opt/airflow/dags/dag_1.py for tasks to queue
[2026-06-01T12:03:01.295+0000] {logging_mixin.py:188} INFO - [2026-06-01T12:03:01.295+0000] {dagbag.py:540} INFO - Filling up the DagBag from /opt/airflow/dags/dag_1.py
[2026-06-01T12:03:01.314+0000] {processor.py:840} INFO - DAG(s) 'my_first_test_dag' retrieved from /opt/airflow/dags/dag_1.py
[2026-06-01T12:03:01.347+0000] {logging_mixin.py:188} INFO - [2026-06-01T12:03:01.346+0000] {dag.py:3047} INFO - Sync 1 DAGs
[2026-06-01T12:03:01.369+0000] {logging_mixin.py:188} INFO - [2026-06-01T12:03:01.369+0000] {dag.py:3834} INFO - Setting next_dagrun for my_first_test_dag to None, run_after=None
[2026-06-01T12:03:01.400+0000] {processor.py:183} INFO - Processing /opt/airflow/dags/dag_1.py took 0.111 seconds
[2026-06-01T12:03:31.528+0000] {processor.py:161} INFO - Started process (PID=3580) to work on /opt/airflow/dags/dag_1.py
[2026-06-01T12:03:31.529+0000] {processor.py:830} INFO - Processing file /opt/airflow/dags/dag_1.py for tasks to queue
[2026-06-01T12:03:31.531+0000] {logging_mixin.py:188} INFO - [2026-06-01T12:03:31.531+0000] {dagbag.py:540} INFO - Filling up the DagBag from /opt/airflow/dags/dag_1.py
[2026-06-01T12:03:31.552+0000] {processor.py:840} INFO - DAG(s) 'my_first_test_dag' retrieved from /opt/airflow/dags/dag_1.py
[2026-06-01T12:03:31.600+0000] {logging_mixin.py:188} INFO - [2026-06-01T12:03:31.600+0000] {dag.py:3047} INFO - Sync 1 DAGs
[2026-06-01T12:03:31.619+0000] {logging_mixin.py:188} INFO - [2026-06-01T12:03:31.619+0000] {dag.py:3834} INFO - Setting next_dagrun for my_first_test_dag to None, run_after=None
[2026-06-01T12:03:31.645+0000] {processor.py:183} INFO - Processing /opt/airflow/dags/dag_1.py took 0.122 seconds
[2026-06-01T12:04:01.888+0000] {processor.py:161} INFO - Started process (PID=3590) to work on /opt/airflow/dags/dag_1.py
[2026-06-01T12:04:01.889+0000] {processor.py:830} INFO - Processing file /opt/airflow/dags/dag_1.py for tasks to queue
[2026-06-01T12:04:01.890+0000] {logging_mixin.py:188} INFO - [2026-06-01T12:04:01.890+0000] {dagbag.py:540} INFO - Filling up the DagBag from /opt/airflow/dags/dag_1.py
[2026-06-01T12:04:01.903+0000] {processor.py:840} INFO - DAG(s) 'my_first_test_dag' retrieved from /opt/airflow/dags/dag_1.py
[2026-06-01T12:04:01.927+0000] {logging_mixin.py:188} INFO - [2026-06-01T12:04:01.926+0000] {dag.py:3047} INFO - Sync 1 DAGs
[2026-06-01T12:04:01.949+0000] {logging_mixin.py:188} INFO - [2026-06-01T12:04:01.949+0000] {dag.py:3834} INFO - Setting next_dagrun for my_first_test_dag to None, run_after=None
[2026-06-01T12:04:01.971+0000] {processor.py:183} INFO - Processing /opt/airflow/dags/dag_1.py took 0.086 seconds
[2026-06-01T12:04:32.156+0000] {processor.py:161} INFO - Started process (PID=3600) to work on /opt/airflow/dags/dag_1.py
[2026-06-01T12:04:32.157+0000] {processor.py:830} INFO - Processing file /opt/airflow/dags/dag_1.py for tasks to queue
[2026-06-01T12:04:32.158+0000] {logging_mixin.py:188} INFO - [2026-06-01T12:04:32.157+0000] {dagbag.py:540} INFO - Filling up the DagBag from /opt/airflow/dags/dag_1.py
[2026-06-01T12:04:32.173+0000] {processor.py:840} INFO - DAG(s) 'my_first_test_dag' retrieved from /opt/airflow/dags/dag_1.py
[2026-06-01T12:04:32.203+0000] {logging_mixin.py:188} INFO - [2026-06-01T12:04:32.202+0000] {dag.py:3047} INFO - Sync 1 DAGs
[2026-06-01T12:04:32.221+0000] {logging_mixin.py:188} INFO - [2026-06-01T12:04:32.221+0000] {dag.py:3834} INFO - Setting next_dagrun for my_first_test_dag to None, run_after=None
[2026-06-01T12:04:32.252+0000] {processor.py:183} INFO - Processing /opt/airflow/dags/dag_1.py took 0.099 seconds
[2026-06-01T12:05:02.513+0000] {processor.py:161} INFO - Started process (PID=3610) to work on /opt/airflow/dags/dag_1.py
[2026-06-01T12:05:02.514+0000] {processor.py:830} INFO - Processing file /opt/airflow/dags/dag_1.py for tasks to queue
[2026-06-01T12:05:02.515+0000] {logging_mixin.py:188} INFO - [2026-06-01T12:05:02.515+0000] {dagbag.py:540} INFO - Filling up the DagBag from /opt/airflow/dags/dag_1.py
[2026-06-01T12:05:02.533+0000] {processor.py:840} INFO - DAG(s) 'my_first_test_dag' retrieved from /opt/airflow/dags/dag_1.py
[2026-06-01T12:05:02.572+0000] {logging_mixin.py:188} INFO - [2026-06-01T12:05:02.572+0000] {dag.py:3047} INFO - Sync 1 DAGs
[2026-06-01T12:05:02.596+0000] {logging_mixin.py:188} INFO - [2026-06-01T12:05:02.595+0000] {dag.py:3834} INFO - Setting next_dagrun for my_first_test_dag to None, run_after=None
[2026-06-01T12:05:02.635+0000] {processor.py:183} INFO - Processing /opt/airflow/dags/dag_1.py took 0.125 seconds
[2026-06-01T12:05:32.963+0000] {processor.py:161} INFO - Started process (PID=3620) to work on /opt/airflow/dags/dag_1.py
[2026-06-01T12:05:32.965+0000] {processor.py:830} INFO - Processing file /opt/airflow/dags/dag_1.py for tasks to queue
[2026-06-01T12:05:32.968+0000] {logging_mixin.py:188} INFO - [2026-06-01T12:05:32.967+0000] {dagbag.py:540} INFO - Filling up the DagBag from /opt/airflow/dags/dag_1.py
[2026-06-01T12:05:33.019+0000] {processor.py:840} INFO - DAG(s) 'my_first_test_dag' retrieved from /opt/airflow/dags/dag_1.py
[2026-06-01T12:05:33.069+0000] {logging_mixin.py:188} INFO - [2026-06-01T12:05:33.069+0000] {dag.py:3047} INFO - Sync 1 DAGs
[2026-06-01T12:05:33.089+0000] {logging_mixin.py:188} INFO - [2026-06-01T12:05:33.088+0000] {dag.py:3834} INFO - Setting next_dagrun for my_first_test_dag to None, run_after=None
[2026-06-01T12:05:33.118+0000] {processor.py:183} INFO - Processing /opt/airflow/dags/dag_1.py took 0.164 seconds
[2026-06-01T12:06:03.430+0000] {processor.py:161} INFO - Started process (PID=3630) to work on /opt/airflow/dags/dag_1.py
[2026-06-01T12:06:03.431+0000] {processor.py:830} INFO - Processing file /opt/airflow/dags/dag_1.py for tasks to queue
[2026-06-01T12:06:03.433+0000] {logging_mixin.py:188} INFO - [2026-06-01T12:06:03.433+0000] {dagbag.py:540} INFO - Filling up the DagBag from /opt/airflow/dags/dag_1.py
[2026-06-01T12:06:03.451+0000] {processor.py:840} INFO - DAG(s) 'my_first_test_dag' retrieved from /opt/airflow/dags/dag_1.py
[2026-06-01T12:06:03.488+0000] {logging_mixin.py:188} INFO - [2026-06-01T12:06:03.488+0000] {dag.py:3047} INFO - Sync 1 DAGs
[2026-06-01T12:06:03.507+0000] {logging_mixin.py:188} INFO - [2026-06-01T12:06:03.506+0000] {dag.py:3834} INFO - Setting next_dagrun for my_first_test_dag to None, run_after=None
[2026-06-01T12:06:03.547+0000] {processor.py:183} INFO - Processing /opt/airflow/dags/dag_1.py took 0.121 seconds
[2026-06-01T12:06:33.731+0000] {processor.py:161} INFO - Started process (PID=3640) to work on /opt/airflow/dags/dag_1.py
[2026-06-01T12:06:33.733+0000] {processor.py:830} INFO - Processing file /opt/airflow/dags/dag_1.py for tasks to queue
[2026-06-01T12:06:33.735+0000] {logging_mixin.py:188} INFO - [2026-06-01T12:06:33.734+0000] {dagbag.py:540} INFO - Filling up the DagBag from /opt/airflow/dags/dag_1.py
[2026-06-01T12:06:33.760+0000] {processor.py:840} INFO - DAG(s) 'my_first_test_dag' retrieved from /opt/airflow/dags/dag_1.py
[2026-06-01T12:06:33.794+0000] {logging_mixin.py:188} INFO - [2026-06-01T12:06:33.794+0000] {dag.py:3047} INFO - Sync 1 DAGs
[2026-06-01T12:06:33.811+0000] {logging_mixin.py:188} INFO - [2026-06-01T12:06:33.811+0000] {dag.py:3834} INFO - Setting next_dagrun for my_first_test_dag to None, run_after=None
[2026-06-01T12:06:33.846+0000] {processor.py:183} INFO - Processing /opt/airflow/dags/dag_1.py took 0.118 seconds
[2026-06-01T12:07:04.142+0000] {processor.py:161} INFO - Started process (PID=3650) to work on /opt/airflow/dags/dag_1.py
[2026-06-01T12:07:04.144+0000] {processor.py:830} INFO - Processing file /opt/airflow/dags/dag_1.py for tasks to queue
[2026-06-01T12:07:04.145+0000] {logging_mixin.py:188} INFO - [2026-06-01T12:07:04.145+0000] {dagbag.py:540} INFO - Filling up the DagBag from /opt/airflow/dags/dag_1.py
[2026-06-01T12:07:04.171+0000] {processor.py:840} INFO - DAG(s) 'my_first_test_dag' retrieved from /opt/airflow/dags/dag_1.py
[2026-06-01T12:07:04.210+0000] {logging_mixin.py:188} INFO - [2026-06-01T12:07:04.210+0000] {dag.py:3047} INFO - Sync 1 DAGs
[2026-06-01T12:07:04.237+0000] {logging_mixin.py:188} INFO - [2026-06-01T12:07:04.237+0000] {dag.py:3834} INFO - Setting next_dagrun for my_first_test_dag to None, run_after=None
[2026-06-01T12:07:04.272+0000] {processor.py:183} INFO - Processing /opt/airflow/dags/dag_1.py took 0.136 seconds
[2026-06-01T12:07:34.614+0000] {processor.py:161} INFO - Started process (PID=3660) to work on /opt/airflow/dags/dag_1.py
[2026-06-01T12:07:34.615+0000] {processor.py:830} INFO - Processing file /opt/airflow/dags/dag_1.py for tasks to queue
[2026-06-01T12:07:34.617+0000] {logging_mixin.py:188} INFO - [2026-06-01T12:07:34.616+0000] {dagbag.py:540} INFO - Filling up the DagBag from /opt/airflow/dags/dag_1.py
[2026-06-01T12:07:34.657+0000] {processor.py:840} INFO - DAG(s) 'my_first_test_dag' retrieved from /opt/airflow/dags/dag_1.py
[2026-06-01T12:07:34.717+0000] {logging_mixin.py:188} INFO - [2026-06-01T12:07:34.717+0000] {dag.py:3047} INFO - Sync 1 DAGs
[2026-06-01T12:07:34.743+0000] {logging_mixin.py:188} INFO - [2026-06-01T12:07:34.742+0000] {dag.py:3834} INFO - Setting next_dagrun for my_first_test_dag to None, run_after=None
[2026-06-01T12:07:34.772+0000] {processor.py:183} INFO - Processing /opt/airflow/dags/dag_1.py took 0.162 seconds
