[2026-06-01T09:10:57.204+0000] {processor.py:161} INFO - Started process (PID=167) to work on /opt/airflow/dags/dag_2.py
[2026-06-01T09:10:57.205+0000] {processor.py:830} INFO - Processing file /opt/airflow/dags/dag_2.py for tasks to queue
[2026-06-01T09:10:57.205+0000] {logging_mixin.py:188} INFO - [2026-06-01T09:10:57.205+0000] {dagbag.py:540} INFO - Filling up the DagBag from /opt/airflow/dags/dag_2.py
[2026-06-01T09:10:57.223+0000] {processor.py:840} INFO - DAG(s) 'my_first_test_dag2' retrieved from /opt/airflow/dags/dag_2.py
[2026-06-01T09:10:57.266+0000] {logging_mixin.py:188} INFO - [2026-06-01T09:10:57.266+0000] {dag.py:3047} INFO - Sync 1 DAGs
[2026-06-01T09:10:57.283+0000] {logging_mixin.py:188} INFO - [2026-06-01T09:10:57.283+0000] {dag.py:3834} INFO - Setting next_dagrun for my_first_test_dag2 to None, run_after=None
[2026-06-01T09:10:57.302+0000] {processor.py:183} INFO - Processing /opt/airflow/dags/dag_2.py took 0.102 seconds
[2026-06-01T09:11:27.505+0000] {processor.py:161} INFO - Started process (PID=177) to work on /opt/airflow/dags/dag_2.py
[2026-06-01T09:11:27.506+0000] {processor.py:830} INFO - Processing file /opt/airflow/dags/dag_2.py for tasks to queue
[2026-06-01T09:11:27.508+0000] {logging_mixin.py:188} INFO - [2026-06-01T09:11:27.507+0000] {dagbag.py:540} INFO - Filling up the DagBag from /opt/airflow/dags/dag_2.py
[2026-06-01T09:11:27.522+0000] {processor.py:840} INFO - DAG(s) 'my_first_test_dag2' retrieved from /opt/airflow/dags/dag_2.py
[2026-06-01T09:11:27.553+0000] {logging_mixin.py:188} INFO - [2026-06-01T09:11:27.553+0000] {dag.py:3047} INFO - Sync 1 DAGs
[2026-06-01T09:11:27.569+0000] {logging_mixin.py:188} INFO - [2026-06-01T09:11:27.568+0000] {dag.py:3834} INFO - Setting next_dagrun for my_first_test_dag2 to None, run_after=None
[2026-06-01T09:11:27.592+0000] {processor.py:183} INFO - Processing /opt/airflow/dags/dag_2.py took 0.091 seconds
[2026-06-01T09:11:57.856+0000] {processor.py:161} INFO - Started process (PID=187) to work on /opt/airflow/dags/dag_2.py
[2026-06-01T09:11:57.857+0000] {processor.py:830} INFO - Processing file /opt/airflow/dags/dag_2.py for tasks to queue
[2026-06-01T09:11:57.858+0000] {logging_mixin.py:188} INFO - [2026-06-01T09:11:57.858+0000] {dagbag.py:540} INFO - Filling up the DagBag from /opt/airflow/dags/dag_2.py
[2026-06-01T09:11:57.869+0000] {processor.py:840} INFO - DAG(s) 'my_first_test_dag2' retrieved from /opt/airflow/dags/dag_2.py
[2026-06-01T09:11:57.890+0000] {logging_mixin.py:188} INFO - [2026-06-01T09:11:57.890+0000] {dag.py:3047} INFO - Sync 1 DAGs
[2026-06-01T09:11:57.902+0000] {logging_mixin.py:188} INFO - [2026-06-01T09:11:57.901+0000] {dag.py:3834} INFO - Setting next_dagrun for my_first_test_dag2 to None, run_after=None
[2026-06-01T09:11:57.928+0000] {processor.py:183} INFO - Processing /opt/airflow/dags/dag_2.py took 0.074 seconds
[2026-06-01T09:12:28.314+0000] {processor.py:161} INFO - Started process (PID=197) to work on /opt/airflow/dags/dag_2.py
[2026-06-01T09:12:28.315+0000] {processor.py:830} INFO - Processing file /opt/airflow/dags/dag_2.py for tasks to queue
[2026-06-01T09:12:28.315+0000] {logging_mixin.py:188} INFO - [2026-06-01T09:12:28.315+0000] {dagbag.py:540} INFO - Filling up the DagBag from /opt/airflow/dags/dag_2.py
[2026-06-01T09:12:28.327+0000] {processor.py:840} INFO - DAG(s) 'my_first_test_dag2' retrieved from /opt/airflow/dags/dag_2.py
[2026-06-01T09:12:28.352+0000] {logging_mixin.py:188} INFO - [2026-06-01T09:12:28.352+0000] {dag.py:3047} INFO - Sync 1 DAGs
[2026-06-01T09:12:28.364+0000] {logging_mixin.py:188} INFO - [2026-06-01T09:12:28.363+0000] {dag.py:3834} INFO - Setting next_dagrun for my_first_test_dag2 to None, run_after=None
[2026-06-01T09:12:28.388+0000] {processor.py:183} INFO - Processing /opt/airflow/dags/dag_2.py took 0.078 seconds
[2026-06-01T09:12:58.692+0000] {processor.py:161} INFO - Started process (PID=207) to work on /opt/airflow/dags/dag_2.py
[2026-06-01T09:12:58.693+0000] {processor.py:830} INFO - Processing file /opt/airflow/dags/dag_2.py for tasks to queue
[2026-06-01T09:12:58.694+0000] {logging_mixin.py:188} INFO - [2026-06-01T09:12:58.694+0000] {dagbag.py:540} INFO - Filling up the DagBag from /opt/airflow/dags/dag_2.py
[2026-06-01T09:12:58.708+0000] {processor.py:840} INFO - DAG(s) 'my_first_test_dag2' retrieved from /opt/airflow/dags/dag_2.py
[2026-06-01T09:12:58.734+0000] {logging_mixin.py:188} INFO - [2026-06-01T09:12:58.734+0000] {dag.py:3047} INFO - Sync 1 DAGs
[2026-06-01T09:12:58.746+0000] {logging_mixin.py:188} INFO - [2026-06-01T09:12:58.746+0000] {dag.py:3834} INFO - Setting next_dagrun for my_first_test_dag2 to None, run_after=None
[2026-06-01T09:12:58.767+0000] {processor.py:183} INFO - Processing /opt/airflow/dags/dag_2.py took 0.077 seconds
[2026-06-01T09:13:29.226+0000] {processor.py:161} INFO - Started process (PID=217) to work on /opt/airflow/dags/dag_2.py
[2026-06-01T09:13:29.226+0000] {processor.py:830} INFO - Processing file /opt/airflow/dags/dag_2.py for tasks to queue
[2026-06-01T09:13:29.227+0000] {logging_mixin.py:188} INFO - [2026-06-01T09:13:29.227+0000] {dagbag.py:540} INFO - Filling up the DagBag from /opt/airflow/dags/dag_2.py
[2026-06-01T09:13:29.238+0000] {processor.py:840} INFO - DAG(s) 'my_first_test_dag2' retrieved from /opt/airflow/dags/dag_2.py
[2026-06-01T09:13:29.258+0000] {logging_mixin.py:188} INFO - [2026-06-01T09:13:29.258+0000] {dag.py:3047} INFO - Sync 1 DAGs
[2026-06-01T09:13:29.269+0000] {logging_mixin.py:188} INFO - [2026-06-01T09:13:29.269+0000] {dag.py:3834} INFO - Setting next_dagrun for my_first_test_dag2 to None, run_after=None
[2026-06-01T09:13:29.293+0000] {processor.py:183} INFO - Processing /opt/airflow/dags/dag_2.py took 0.070 seconds
[2026-06-01T09:13:59.538+0000] {processor.py:161} INFO - Started process (PID=227) to work on /opt/airflow/dags/dag_2.py
[2026-06-01T09:13:59.540+0000] {processor.py:830} INFO - Processing file /opt/airflow/dags/dag_2.py for tasks to queue
[2026-06-01T09:13:59.541+0000] {logging_mixin.py:188} INFO - [2026-06-01T09:13:59.540+0000] {dagbag.py:540} INFO - Filling up the DagBag from /opt/airflow/dags/dag_2.py
[2026-06-01T09:13:59.556+0000] {processor.py:840} INFO - DAG(s) 'my_first_test_dag2' retrieved from /opt/airflow/dags/dag_2.py
[2026-06-01T09:13:59.582+0000] {logging_mixin.py:188} INFO - [2026-06-01T09:13:59.582+0000] {dag.py:3047} INFO - Sync 1 DAGs
[2026-06-01T09:13:59.594+0000] {logging_mixin.py:188} INFO - [2026-06-01T09:13:59.594+0000] {dag.py:3834} INFO - Setting next_dagrun for my_first_test_dag2 to None, run_after=None
[2026-06-01T09:13:59.615+0000] {processor.py:183} INFO - Processing /opt/airflow/dags/dag_2.py took 0.081 seconds
[2026-06-01T09:14:29.781+0000] {processor.py:161} INFO - Started process (PID=237) to work on /opt/airflow/dags/dag_2.py
[2026-06-01T09:14:29.781+0000] {processor.py:830} INFO - Processing file /opt/airflow/dags/dag_2.py for tasks to queue
[2026-06-01T09:14:29.782+0000] {logging_mixin.py:188} INFO - [2026-06-01T09:14:29.782+0000] {dagbag.py:540} INFO - Filling up the DagBag from /opt/airflow/dags/dag_2.py
[2026-06-01T09:14:29.796+0000] {processor.py:840} INFO - DAG(s) 'my_first_test_dag2' retrieved from /opt/airflow/dags/dag_2.py
[2026-06-01T09:14:29.816+0000] {logging_mixin.py:188} INFO - [2026-06-01T09:14:29.816+0000] {dag.py:3047} INFO - Sync 1 DAGs
[2026-06-01T09:14:29.828+0000] {logging_mixin.py:188} INFO - [2026-06-01T09:14:29.827+0000] {dag.py:3834} INFO - Setting next_dagrun for my_first_test_dag2 to None, run_after=None
[2026-06-01T09:14:29.853+0000] {processor.py:183} INFO - Processing /opt/airflow/dags/dag_2.py took 0.076 seconds
[2026-06-01T09:15:00.145+0000] {processor.py:161} INFO - Started process (PID=247) to work on /opt/airflow/dags/dag_2.py
[2026-06-01T09:15:00.146+0000] {processor.py:830} INFO - Processing file /opt/airflow/dags/dag_2.py for tasks to queue
[2026-06-01T09:15:00.147+0000] {logging_mixin.py:188} INFO - [2026-06-01T09:15:00.146+0000] {dagbag.py:540} INFO - Filling up the DagBag from /opt/airflow/dags/dag_2.py
[2026-06-01T09:15:00.159+0000] {processor.py:840} INFO - DAG(s) 'my_first_test_dag2' retrieved from /opt/airflow/dags/dag_2.py
[2026-06-01T09:15:00.180+0000] {logging_mixin.py:188} INFO - [2026-06-01T09:15:00.179+0000] {dag.py:3047} INFO - Sync 1 DAGs
[2026-06-01T09:15:00.192+0000] {logging_mixin.py:188} INFO - [2026-06-01T09:15:00.192+0000] {dag.py:3834} INFO - Setting next_dagrun for my_first_test_dag2 to None, run_after=None
[2026-06-01T09:15:00.211+0000] {processor.py:183} INFO - Processing /opt/airflow/dags/dag_2.py took 0.069 seconds
[2026-06-01T09:15:30.420+0000] {processor.py:161} INFO - Started process (PID=257) to work on /opt/airflow/dags/dag_2.py
[2026-06-01T09:15:30.421+0000] {processor.py:830} INFO - Processing file /opt/airflow/dags/dag_2.py for tasks to queue
[2026-06-01T09:15:30.421+0000] {logging_mixin.py:188} INFO - [2026-06-01T09:15:30.421+0000] {dagbag.py:540} INFO - Filling up the DagBag from /opt/airflow/dags/dag_2.py
[2026-06-01T09:15:30.434+0000] {processor.py:840} INFO - DAG(s) 'my_first_test_dag2' retrieved from /opt/airflow/dags/dag_2.py
[2026-06-01T09:15:30.456+0000] {logging_mixin.py:188} INFO - [2026-06-01T09:15:30.456+0000] {dag.py:3047} INFO - Sync 1 DAGs
[2026-06-01T09:15:30.468+0000] {logging_mixin.py:188} INFO - [2026-06-01T09:15:30.468+0000] {dag.py:3834} INFO - Setting next_dagrun for my_first_test_dag2 to None, run_after=None
[2026-06-01T09:15:30.488+0000] {processor.py:183} INFO - Processing /opt/airflow/dags/dag_2.py took 0.071 seconds
[2026-06-01T09:16:00.764+0000] {processor.py:161} INFO - Started process (PID=267) to work on /opt/airflow/dags/dag_2.py
[2026-06-01T09:16:00.765+0000] {processor.py:830} INFO - Processing file /opt/airflow/dags/dag_2.py for tasks to queue
[2026-06-01T09:16:00.766+0000] {logging_mixin.py:188} INFO - [2026-06-01T09:16:00.766+0000] {dagbag.py:540} INFO - Filling up the DagBag from /opt/airflow/dags/dag_2.py
[2026-06-01T09:16:00.779+0000] {processor.py:840} INFO - DAG(s) 'my_first_test_dag2' retrieved from /opt/airflow/dags/dag_2.py
[2026-06-01T09:16:00.800+0000] {logging_mixin.py:188} INFO - [2026-06-01T09:16:00.800+0000] {dag.py:3047} INFO - Sync 1 DAGs
[2026-06-01T09:16:00.811+0000] {logging_mixin.py:188} INFO - [2026-06-01T09:16:00.810+0000] {dag.py:3834} INFO - Setting next_dagrun for my_first_test_dag2 to None, run_after=None
[2026-06-01T09:16:00.838+0000] {processor.py:183} INFO - Processing /opt/airflow/dags/dag_2.py took 0.076 seconds
[2026-06-01T09:16:31.118+0000] {processor.py:161} INFO - Started process (PID=277) to work on /opt/airflow/dags/dag_2.py
[2026-06-01T09:16:31.118+0000] {processor.py:830} INFO - Processing file /opt/airflow/dags/dag_2.py for tasks to queue
[2026-06-01T09:16:31.119+0000] {logging_mixin.py:188} INFO - [2026-06-01T09:16:31.119+0000] {dagbag.py:540} INFO - Filling up the DagBag from /opt/airflow/dags/dag_2.py
[2026-06-01T09:16:31.130+0000] {processor.py:840} INFO - DAG(s) 'my_first_test_dag2' retrieved from /opt/airflow/dags/dag_2.py
[2026-06-01T09:16:31.152+0000] {logging_mixin.py:188} INFO - [2026-06-01T09:16:31.151+0000] {dag.py:3047} INFO - Sync 1 DAGs
[2026-06-01T09:16:31.163+0000] {logging_mixin.py:188} INFO - [2026-06-01T09:16:31.163+0000] {dag.py:3834} INFO - Setting next_dagrun for my_first_test_dag2 to None, run_after=None
[2026-06-01T09:16:31.189+0000] {processor.py:183} INFO - Processing /opt/airflow/dags/dag_2.py took 0.073 seconds
[2026-06-01T09:17:01.487+0000] {processor.py:161} INFO - Started process (PID=287) to work on /opt/airflow/dags/dag_2.py
[2026-06-01T09:17:01.488+0000] {processor.py:830} INFO - Processing file /opt/airflow/dags/dag_2.py for tasks to queue
[2026-06-01T09:17:01.489+0000] {logging_mixin.py:188} INFO - [2026-06-01T09:17:01.488+0000] {dagbag.py:540} INFO - Filling up the DagBag from /opt/airflow/dags/dag_2.py
[2026-06-01T09:17:01.501+0000] {processor.py:840} INFO - DAG(s) 'my_first_test_dag2' retrieved from /opt/airflow/dags/dag_2.py
[2026-06-01T09:17:01.522+0000] {logging_mixin.py:188} INFO - [2026-06-01T09:17:01.522+0000] {dag.py:3047} INFO - Sync 1 DAGs
[2026-06-01T09:17:01.532+0000] {logging_mixin.py:188} INFO - [2026-06-01T09:17:01.532+0000] {dag.py:3834} INFO - Setting next_dagrun for my_first_test_dag2 to None, run_after=None
[2026-06-01T09:17:01.554+0000] {processor.py:183} INFO - Processing /opt/airflow/dags/dag_2.py took 0.070 seconds
[2026-06-01T09:17:31.803+0000] {processor.py:161} INFO - Started process (PID=297) to work on /opt/airflow/dags/dag_2.py
[2026-06-01T09:17:31.804+0000] {processor.py:830} INFO - Processing file /opt/airflow/dags/dag_2.py for tasks to queue
[2026-06-01T09:17:31.805+0000] {logging_mixin.py:188} INFO - [2026-06-01T09:17:31.804+0000] {dagbag.py:540} INFO - Filling up the DagBag from /opt/airflow/dags/dag_2.py
[2026-06-01T09:17:31.820+0000] {processor.py:840} INFO - DAG(s) 'my_first_test_dag2' retrieved from /opt/airflow/dags/dag_2.py
[2026-06-01T09:17:31.841+0000] {logging_mixin.py:188} INFO - [2026-06-01T09:17:31.841+0000] {dag.py:3047} INFO - Sync 1 DAGs
[2026-06-01T09:17:31.853+0000] {logging_mixin.py:188} INFO - [2026-06-01T09:17:31.853+0000] {dag.py:3834} INFO - Setting next_dagrun for my_first_test_dag2 to None, run_after=None
[2026-06-01T09:17:31.882+0000] {processor.py:183} INFO - Processing /opt/airflow/dags/dag_2.py took 0.082 seconds
[2026-06-01T09:18:02.154+0000] {processor.py:161} INFO - Started process (PID=307) to work on /opt/airflow/dags/dag_2.py
[2026-06-01T09:18:02.155+0000] {processor.py:830} INFO - Processing file /opt/airflow/dags/dag_2.py for tasks to queue
[2026-06-01T09:18:02.156+0000] {logging_mixin.py:188} INFO - [2026-06-01T09:18:02.156+0000] {dagbag.py:540} INFO - Filling up the DagBag from /opt/airflow/dags/dag_2.py
[2026-06-01T09:18:02.169+0000] {processor.py:840} INFO - DAG(s) 'my_first_test_dag2' retrieved from /opt/airflow/dags/dag_2.py
[2026-06-01T09:18:02.190+0000] {logging_mixin.py:188} INFO - [2026-06-01T09:18:02.190+0000] {dag.py:3047} INFO - Sync 1 DAGs
[2026-06-01T09:18:02.200+0000] {logging_mixin.py:188} INFO - [2026-06-01T09:18:02.200+0000] {dag.py:3834} INFO - Setting next_dagrun for my_first_test_dag2 to None, run_after=None
[2026-06-01T09:18:02.226+0000] {processor.py:183} INFO - Processing /opt/airflow/dags/dag_2.py took 0.074 seconds
[2026-06-01T09:18:32.606+0000] {processor.py:161} INFO - Started process (PID=317) to work on /opt/airflow/dags/dag_2.py
[2026-06-01T09:18:32.607+0000] {processor.py:830} INFO - Processing file /opt/airflow/dags/dag_2.py for tasks to queue
[2026-06-01T09:18:32.608+0000] {logging_mixin.py:188} INFO - [2026-06-01T09:18:32.607+0000] {dagbag.py:540} INFO - Filling up the DagBag from /opt/airflow/dags/dag_2.py
[2026-06-01T09:18:32.619+0000] {processor.py:840} INFO - DAG(s) 'my_first_test_dag2' retrieved from /opt/airflow/dags/dag_2.py
[2026-06-01T09:18:32.640+0000] {logging_mixin.py:188} INFO - [2026-06-01T09:18:32.640+0000] {dag.py:3047} INFO - Sync 1 DAGs
[2026-06-01T09:18:32.652+0000] {logging_mixin.py:188} INFO - [2026-06-01T09:18:32.652+0000] {dag.py:3834} INFO - Setting next_dagrun for my_first_test_dag2 to None, run_after=None
[2026-06-01T09:18:32.672+0000] {processor.py:183} INFO - Processing /opt/airflow/dags/dag_2.py took 0.069 seconds
[2026-06-01T09:19:03.061+0000] {processor.py:161} INFO - Started process (PID=327) to work on /opt/airflow/dags/dag_2.py
[2026-06-01T09:19:03.062+0000] {processor.py:830} INFO - Processing file /opt/airflow/dags/dag_2.py for tasks to queue
[2026-06-01T09:19:03.063+0000] {logging_mixin.py:188} INFO - [2026-06-01T09:19:03.063+0000] {dagbag.py:540} INFO - Filling up the DagBag from /opt/airflow/dags/dag_2.py
[2026-06-01T09:19:03.081+0000] {processor.py:840} INFO - DAG(s) 'my_first_test_dag2' retrieved from /opt/airflow/dags/dag_2.py
[2026-06-01T09:19:03.110+0000] {logging_mixin.py:188} INFO - [2026-06-01T09:19:03.110+0000] {dag.py:3047} INFO - Sync 1 DAGs
[2026-06-01T09:19:03.125+0000] {logging_mixin.py:188} INFO - [2026-06-01T09:19:03.124+0000] {dag.py:3834} INFO - Setting next_dagrun for my_first_test_dag2 to None, run_after=None
[2026-06-01T09:19:03.146+0000] {processor.py:183} INFO - Processing /opt/airflow/dags/dag_2.py took 0.089 seconds
[2026-06-01T09:19:33.611+0000] {processor.py:161} INFO - Started process (PID=337) to work on /opt/airflow/dags/dag_2.py
[2026-06-01T09:19:33.612+0000] {processor.py:830} INFO - Processing file /opt/airflow/dags/dag_2.py for tasks to queue
[2026-06-01T09:19:33.613+0000] {logging_mixin.py:188} INFO - [2026-06-01T09:19:33.612+0000] {dagbag.py:540} INFO - Filling up the DagBag from /opt/airflow/dags/dag_2.py
[2026-06-01T09:19:33.624+0000] {processor.py:840} INFO - DAG(s) 'my_first_test_dag2' retrieved from /opt/airflow/dags/dag_2.py
[2026-06-01T09:19:33.647+0000] {logging_mixin.py:188} INFO - [2026-06-01T09:19:33.647+0000] {dag.py:3047} INFO - Sync 1 DAGs
[2026-06-01T09:19:33.658+0000] {logging_mixin.py:188} INFO - [2026-06-01T09:19:33.658+0000] {dag.py:3834} INFO - Setting next_dagrun for my_first_test_dag2 to None, run_after=None
[2026-06-01T09:19:33.685+0000] {processor.py:183} INFO - Processing /opt/airflow/dags/dag_2.py took 0.081 seconds
[2026-06-01T09:20:04.180+0000] {processor.py:161} INFO - Started process (PID=347) to work on /opt/airflow/dags/dag_2.py
[2026-06-01T09:20:04.181+0000] {processor.py:830} INFO - Processing file /opt/airflow/dags/dag_2.py for tasks to queue
[2026-06-01T09:20:04.182+0000] {logging_mixin.py:188} INFO - [2026-06-01T09:20:04.182+0000] {dagbag.py:540} INFO - Filling up the DagBag from /opt/airflow/dags/dag_2.py
[2026-06-01T09:20:04.195+0000] {processor.py:840} INFO - DAG(s) 'my_first_test_dag2' retrieved from /opt/airflow/dags/dag_2.py
[2026-06-01T09:20:04.217+0000] {logging_mixin.py:188} INFO - [2026-06-01T09:20:04.217+0000] {dag.py:3047} INFO - Sync 1 DAGs
[2026-06-01T09:20:04.229+0000] {logging_mixin.py:188} INFO - [2026-06-01T09:20:04.228+0000] {dag.py:3834} INFO - Setting next_dagrun for my_first_test_dag2 to None, run_after=None
[2026-06-01T09:20:04.248+0000] {processor.py:183} INFO - Processing /opt/airflow/dags/dag_2.py took 0.070 seconds
[2026-06-01T09:20:34.806+0000] {processor.py:161} INFO - Started process (PID=357) to work on /opt/airflow/dags/dag_2.py
[2026-06-01T09:20:34.807+0000] {processor.py:830} INFO - Processing file /opt/airflow/dags/dag_2.py for tasks to queue
[2026-06-01T09:20:34.808+0000] {logging_mixin.py:188} INFO - [2026-06-01T09:20:34.808+0000] {dagbag.py:540} INFO - Filling up the DagBag from /opt/airflow/dags/dag_2.py
[2026-06-01T09:20:34.823+0000] {processor.py:840} INFO - DAG(s) 'my_first_test_dag2' retrieved from /opt/airflow/dags/dag_2.py
[2026-06-01T09:20:34.845+0000] {logging_mixin.py:188} INFO - [2026-06-01T09:20:34.845+0000] {dag.py:3047} INFO - Sync 1 DAGs
[2026-06-01T09:20:34.856+0000] {logging_mixin.py:188} INFO - [2026-06-01T09:20:34.856+0000] {dag.py:3834} INFO - Setting next_dagrun for my_first_test_dag2 to None, run_after=None
[2026-06-01T09:20:34.882+0000] {processor.py:183} INFO - Processing /opt/airflow/dags/dag_2.py took 0.079 seconds
[2026-06-01T09:21:05.208+0000] {processor.py:161} INFO - Started process (PID=367) to work on /opt/airflow/dags/dag_2.py
[2026-06-01T09:21:05.209+0000] {processor.py:830} INFO - Processing file /opt/airflow/dags/dag_2.py for tasks to queue
[2026-06-01T09:21:05.210+0000] {logging_mixin.py:188} INFO - [2026-06-01T09:21:05.210+0000] {dagbag.py:540} INFO - Filling up the DagBag from /opt/airflow/dags/dag_2.py
[2026-06-01T09:21:05.222+0000] {processor.py:840} INFO - DAG(s) 'my_first_test_dag2' retrieved from /opt/airflow/dags/dag_2.py
[2026-06-01T09:21:05.244+0000] {logging_mixin.py:188} INFO - [2026-06-01T09:21:05.244+0000] {dag.py:3047} INFO - Sync 1 DAGs
[2026-06-01T09:21:05.257+0000] {logging_mixin.py:188} INFO - [2026-06-01T09:21:05.257+0000] {dag.py:3834} INFO - Setting next_dagrun for my_first_test_dag2 to None, run_after=None
[2026-06-01T09:21:05.278+0000] {processor.py:183} INFO - Processing /opt/airflow/dags/dag_2.py took 0.073 seconds
[2026-06-01T09:21:35.524+0000] {processor.py:161} INFO - Started process (PID=377) to work on /opt/airflow/dags/dag_2.py
[2026-06-01T09:21:35.525+0000] {processor.py:830} INFO - Processing file /opt/airflow/dags/dag_2.py for tasks to queue
[2026-06-01T09:21:35.526+0000] {logging_mixin.py:188} INFO - [2026-06-01T09:21:35.526+0000] {dagbag.py:540} INFO - Filling up the DagBag from /opt/airflow/dags/dag_2.py
[2026-06-01T09:21:35.543+0000] {processor.py:840} INFO - DAG(s) 'my_first_test_dag2' retrieved from /opt/airflow/dags/dag_2.py
[2026-06-01T09:21:35.569+0000] {logging_mixin.py:188} INFO - [2026-06-01T09:21:35.569+0000] {dag.py:3047} INFO - Sync 1 DAGs
[2026-06-01T09:21:35.584+0000] {logging_mixin.py:188} INFO - [2026-06-01T09:21:35.584+0000] {dag.py:3834} INFO - Setting next_dagrun for my_first_test_dag2 to None, run_after=None
[2026-06-01T09:21:35.611+0000] {processor.py:183} INFO - Processing /opt/airflow/dags/dag_2.py took 0.090 seconds
[2026-06-01T09:22:05.812+0000] {processor.py:161} INFO - Started process (PID=387) to work on /opt/airflow/dags/dag_2.py
[2026-06-01T09:22:05.813+0000] {processor.py:830} INFO - Processing file /opt/airflow/dags/dag_2.py for tasks to queue
[2026-06-01T09:22:05.814+0000] {logging_mixin.py:188} INFO - [2026-06-01T09:22:05.814+0000] {dagbag.py:540} INFO - Filling up the DagBag from /opt/airflow/dags/dag_2.py
[2026-06-01T09:22:05.825+0000] {processor.py:840} INFO - DAG(s) 'my_first_test_dag2' retrieved from /opt/airflow/dags/dag_2.py
[2026-06-01T09:22:05.846+0000] {logging_mixin.py:188} INFO - [2026-06-01T09:22:05.846+0000] {dag.py:3047} INFO - Sync 1 DAGs
[2026-06-01T09:22:05.857+0000] {logging_mixin.py:188} INFO - [2026-06-01T09:22:05.857+0000] {dag.py:3834} INFO - Setting next_dagrun for my_first_test_dag2 to None, run_after=None
[2026-06-01T09:22:05.876+0000] {processor.py:183} INFO - Processing /opt/airflow/dags/dag_2.py took 0.067 seconds
[2026-06-01T09:22:36.274+0000] {processor.py:161} INFO - Started process (PID=397) to work on /opt/airflow/dags/dag_2.py
[2026-06-01T09:22:36.276+0000] {processor.py:830} INFO - Processing file /opt/airflow/dags/dag_2.py for tasks to queue
[2026-06-01T09:22:36.277+0000] {logging_mixin.py:188} INFO - [2026-06-01T09:22:36.276+0000] {dagbag.py:540} INFO - Filling up the DagBag from /opt/airflow/dags/dag_2.py
[2026-06-01T09:22:36.292+0000] {processor.py:840} INFO - DAG(s) 'my_first_test_dag2' retrieved from /opt/airflow/dags/dag_2.py
[2026-06-01T09:22:36.318+0000] {logging_mixin.py:188} INFO - [2026-06-01T09:22:36.317+0000] {dag.py:3047} INFO - Sync 1 DAGs
[2026-06-01T09:22:36.329+0000] {logging_mixin.py:188} INFO - [2026-06-01T09:22:36.329+0000] {dag.py:3834} INFO - Setting next_dagrun for my_first_test_dag2 to None, run_after=None
[2026-06-01T09:22:36.352+0000] {processor.py:183} INFO - Processing /opt/airflow/dags/dag_2.py took 0.082 seconds
[2026-06-01T09:23:06.680+0000] {processor.py:161} INFO - Started process (PID=407) to work on /opt/airflow/dags/dag_2.py
[2026-06-01T09:23:06.681+0000] {processor.py:830} INFO - Processing file /opt/airflow/dags/dag_2.py for tasks to queue
[2026-06-01T09:23:06.682+0000] {logging_mixin.py:188} INFO - [2026-06-01T09:23:06.681+0000] {dagbag.py:540} INFO - Filling up the DagBag from /opt/airflow/dags/dag_2.py
[2026-06-01T09:23:06.694+0000] {processor.py:840} INFO - DAG(s) 'my_first_test_dag2' retrieved from /opt/airflow/dags/dag_2.py
[2026-06-01T09:23:06.715+0000] {logging_mixin.py:188} INFO - [2026-06-01T09:23:06.715+0000] {dag.py:3047} INFO - Sync 1 DAGs
[2026-06-01T09:23:06.726+0000] {logging_mixin.py:188} INFO - [2026-06-01T09:23:06.726+0000] {dag.py:3834} INFO - Setting next_dagrun for my_first_test_dag2 to None, run_after=None
[2026-06-01T09:23:06.753+0000] {processor.py:183} INFO - Processing /opt/airflow/dags/dag_2.py took 0.075 seconds
[2026-06-01T09:23:37.051+0000] {processor.py:161} INFO - Started process (PID=417) to work on /opt/airflow/dags/dag_2.py
[2026-06-01T09:23:37.052+0000] {processor.py:830} INFO - Processing file /opt/airflow/dags/dag_2.py for tasks to queue
[2026-06-01T09:23:37.053+0000] {logging_mixin.py:188} INFO - [2026-06-01T09:23:37.053+0000] {dagbag.py:540} INFO - Filling up the DagBag from /opt/airflow/dags/dag_2.py
[2026-06-01T09:23:37.066+0000] {processor.py:840} INFO - DAG(s) 'my_first_test_dag2' retrieved from /opt/airflow/dags/dag_2.py
[2026-06-01T09:23:37.087+0000] {logging_mixin.py:188} INFO - [2026-06-01T09:23:37.087+0000] {dag.py:3047} INFO - Sync 1 DAGs
[2026-06-01T09:23:37.098+0000] {logging_mixin.py:188} INFO - [2026-06-01T09:23:37.098+0000] {dag.py:3834} INFO - Setting next_dagrun for my_first_test_dag2 to None, run_after=None
[2026-06-01T09:23:37.126+0000] {processor.py:183} INFO - Processing /opt/airflow/dags/dag_2.py took 0.078 seconds
[2026-06-01T09:24:07.292+0000] {processor.py:161} INFO - Started process (PID=427) to work on /opt/airflow/dags/dag_2.py
[2026-06-01T09:24:07.293+0000] {processor.py:830} INFO - Processing file /opt/airflow/dags/dag_2.py for tasks to queue
[2026-06-01T09:24:07.294+0000] {logging_mixin.py:188} INFO - [2026-06-01T09:24:07.293+0000] {dagbag.py:540} INFO - Filling up the DagBag from /opt/airflow/dags/dag_2.py
[2026-06-01T09:24:07.305+0000] {processor.py:840} INFO - DAG(s) 'my_first_test_dag2' retrieved from /opt/airflow/dags/dag_2.py
[2026-06-01T09:24:07.328+0000] {logging_mixin.py:188} INFO - [2026-06-01T09:24:07.328+0000] {dag.py:3047} INFO - Sync 1 DAGs
[2026-06-01T09:24:07.342+0000] {logging_mixin.py:188} INFO - [2026-06-01T09:24:07.342+0000] {dag.py:3834} INFO - Setting next_dagrun for my_first_test_dag2 to None, run_after=None
[2026-06-01T09:24:07.361+0000] {processor.py:183} INFO - Processing /opt/airflow/dags/dag_2.py took 0.072 seconds
[2026-06-01T09:24:37.588+0000] {processor.py:161} INFO - Started process (PID=437) to work on /opt/airflow/dags/dag_2.py
[2026-06-01T09:24:37.589+0000] {processor.py:830} INFO - Processing file /opt/airflow/dags/dag_2.py for tasks to queue
[2026-06-01T09:24:37.590+0000] {logging_mixin.py:188} INFO - [2026-06-01T09:24:37.590+0000] {dagbag.py:540} INFO - Filling up the DagBag from /opt/airflow/dags/dag_2.py
[2026-06-01T09:24:37.602+0000] {processor.py:840} INFO - DAG(s) 'my_first_test_dag2' retrieved from /opt/airflow/dags/dag_2.py
[2026-06-01T09:24:37.623+0000] {logging_mixin.py:188} INFO - [2026-06-01T09:24:37.622+0000] {dag.py:3047} INFO - Sync 1 DAGs
[2026-06-01T09:24:37.634+0000] {logging_mixin.py:188} INFO - [2026-06-01T09:24:37.633+0000] {dag.py:3834} INFO - Setting next_dagrun for my_first_test_dag2 to None, run_after=None
[2026-06-01T09:24:37.659+0000] {processor.py:183} INFO - Processing /opt/airflow/dags/dag_2.py took 0.073 seconds
[2026-06-01T09:25:08.083+0000] {processor.py:161} INFO - Started process (PID=447) to work on /opt/airflow/dags/dag_2.py
[2026-06-01T09:25:08.084+0000] {processor.py:830} INFO - Processing file /opt/airflow/dags/dag_2.py for tasks to queue
[2026-06-01T09:25:08.085+0000] {logging_mixin.py:188} INFO - [2026-06-01T09:25:08.085+0000] {dagbag.py:540} INFO - Filling up the DagBag from /opt/airflow/dags/dag_2.py
[2026-06-01T09:25:08.098+0000] {processor.py:840} INFO - DAG(s) 'my_first_test_dag2' retrieved from /opt/airflow/dags/dag_2.py
[2026-06-01T09:25:08.120+0000] {logging_mixin.py:188} INFO - [2026-06-01T09:25:08.120+0000] {dag.py:3047} INFO - Sync 1 DAGs
[2026-06-01T09:25:08.132+0000] {logging_mixin.py:188} INFO - [2026-06-01T09:25:08.132+0000] {dag.py:3834} INFO - Setting next_dagrun for my_first_test_dag2 to None, run_after=None
[2026-06-01T09:25:08.154+0000] {processor.py:183} INFO - Processing /opt/airflow/dags/dag_2.py took 0.074 seconds
[2026-06-01T09:25:38.637+0000] {processor.py:161} INFO - Started process (PID=457) to work on /opt/airflow/dags/dag_2.py
[2026-06-01T09:25:38.638+0000] {processor.py:830} INFO - Processing file /opt/airflow/dags/dag_2.py for tasks to queue
[2026-06-01T09:25:38.639+0000] {logging_mixin.py:188} INFO - [2026-06-01T09:25:38.639+0000] {dagbag.py:540} INFO - Filling up the DagBag from /opt/airflow/dags/dag_2.py
[2026-06-01T09:25:38.650+0000] {processor.py:840} INFO - DAG(s) 'my_first_test_dag2' retrieved from /opt/airflow/dags/dag_2.py
[2026-06-01T09:25:38.672+0000] {logging_mixin.py:188} INFO - [2026-06-01T09:25:38.672+0000] {dag.py:3047} INFO - Sync 1 DAGs
[2026-06-01T09:25:38.684+0000] {logging_mixin.py:188} INFO - [2026-06-01T09:25:38.683+0000] {dag.py:3834} INFO - Setting next_dagrun for my_first_test_dag2 to None, run_after=None
[2026-06-01T09:25:38.702+0000] {processor.py:183} INFO - Processing /opt/airflow/dags/dag_2.py took 0.067 seconds
[2026-06-01T09:26:09.330+0000] {processor.py:161} INFO - Started process (PID=467) to work on /opt/airflow/dags/dag_2.py
[2026-06-01T09:26:09.331+0000] {processor.py:830} INFO - Processing file /opt/airflow/dags/dag_2.py for tasks to queue
[2026-06-01T09:26:09.332+0000] {logging_mixin.py:188} INFO - [2026-06-01T09:26:09.332+0000] {dagbag.py:540} INFO - Filling up the DagBag from /opt/airflow/dags/dag_2.py
[2026-06-01T09:26:09.344+0000] {processor.py:840} INFO - DAG(s) 'my_first_test_dag2' retrieved from /opt/airflow/dags/dag_2.py
[2026-06-01T09:26:09.365+0000] {logging_mixin.py:188} INFO - [2026-06-01T09:26:09.364+0000] {dag.py:3047} INFO - Sync 1 DAGs
[2026-06-01T09:26:09.375+0000] {logging_mixin.py:188} INFO - [2026-06-01T09:26:09.375+0000] {dag.py:3834} INFO - Setting next_dagrun for my_first_test_dag2 to None, run_after=None
[2026-06-01T09:26:09.395+0000] {processor.py:183} INFO - Processing /opt/airflow/dags/dag_2.py took 0.068 seconds
[2026-06-01T09:26:39.920+0000] {processor.py:161} INFO - Started process (PID=477) to work on /opt/airflow/dags/dag_2.py
[2026-06-01T09:26:39.921+0000] {processor.py:830} INFO - Processing file /opt/airflow/dags/dag_2.py for tasks to queue
[2026-06-01T09:26:39.922+0000] {logging_mixin.py:188} INFO - [2026-06-01T09:26:39.922+0000] {dagbag.py:540} INFO - Filling up the DagBag from /opt/airflow/dags/dag_2.py
[2026-06-01T09:26:39.933+0000] {processor.py:840} INFO - DAG(s) 'my_first_test_dag2' retrieved from /opt/airflow/dags/dag_2.py
[2026-06-01T09:26:39.954+0000] {logging_mixin.py:188} INFO - [2026-06-01T09:26:39.954+0000] {dag.py:3047} INFO - Sync 1 DAGs
[2026-06-01T09:26:39.964+0000] {logging_mixin.py:188} INFO - [2026-06-01T09:26:39.964+0000] {dag.py:3834} INFO - Setting next_dagrun for my_first_test_dag2 to None, run_after=None
[2026-06-01T09:26:39.984+0000] {processor.py:183} INFO - Processing /opt/airflow/dags/dag_2.py took 0.067 seconds
[2026-06-01T09:27:10.434+0000] {processor.py:161} INFO - Started process (PID=487) to work on /opt/airflow/dags/dag_2.py
[2026-06-01T09:27:10.435+0000] {processor.py:830} INFO - Processing file /opt/airflow/dags/dag_2.py for tasks to queue
[2026-06-01T09:27:10.437+0000] {logging_mixin.py:188} INFO - [2026-06-01T09:27:10.436+0000] {dagbag.py:540} INFO - Filling up the DagBag from /opt/airflow/dags/dag_2.py
[2026-06-01T09:27:10.452+0000] {processor.py:840} INFO - DAG(s) 'my_first_test_dag2' retrieved from /opt/airflow/dags/dag_2.py
[2026-06-01T09:27:10.473+0000] {logging_mixin.py:188} INFO - [2026-06-01T09:27:10.473+0000] {dag.py:3047} INFO - Sync 1 DAGs
[2026-06-01T09:27:10.483+0000] {logging_mixin.py:188} INFO - [2026-06-01T09:27:10.483+0000] {dag.py:3834} INFO - Setting next_dagrun for my_first_test_dag2 to None, run_after=None
[2026-06-01T09:27:10.504+0000] {processor.py:183} INFO - Processing /opt/airflow/dags/dag_2.py took 0.073 seconds
[2026-06-01T09:27:41.003+0000] {processor.py:161} INFO - Started process (PID=497) to work on /opt/airflow/dags/dag_2.py
[2026-06-01T09:27:41.004+0000] {processor.py:830} INFO - Processing file /opt/airflow/dags/dag_2.py for tasks to queue
[2026-06-01T09:27:41.005+0000] {logging_mixin.py:188} INFO - [2026-06-01T09:27:41.004+0000] {dagbag.py:540} INFO - Filling up the DagBag from /opt/airflow/dags/dag_2.py
[2026-06-01T09:27:41.016+0000] {processor.py:840} INFO - DAG(s) 'my_first_test_dag2' retrieved from /opt/airflow/dags/dag_2.py
[2026-06-01T09:27:41.038+0000] {logging_mixin.py:188} INFO - [2026-06-01T09:27:41.038+0000] {dag.py:3047} INFO - Sync 1 DAGs
[2026-06-01T09:27:41.048+0000] {logging_mixin.py:188} INFO - [2026-06-01T09:27:41.048+0000] {dag.py:3834} INFO - Setting next_dagrun for my_first_test_dag2 to None, run_after=None
[2026-06-01T09:27:41.069+0000] {processor.py:183} INFO - Processing /opt/airflow/dags/dag_2.py took 0.069 seconds
[2026-06-01T09:28:11.537+0000] {processor.py:161} INFO - Started process (PID=507) to work on /opt/airflow/dags/dag_2.py
[2026-06-01T09:28:11.537+0000] {processor.py:830} INFO - Processing file /opt/airflow/dags/dag_2.py for tasks to queue
[2026-06-01T09:28:11.538+0000] {logging_mixin.py:188} INFO - [2026-06-01T09:28:11.538+0000] {dagbag.py:540} INFO - Filling up the DagBag from /opt/airflow/dags/dag_2.py
[2026-06-01T09:28:11.550+0000] {processor.py:840} INFO - DAG(s) 'my_first_test_dag2' retrieved from /opt/airflow/dags/dag_2.py
[2026-06-01T09:28:11.571+0000] {logging_mixin.py:188} INFO - [2026-06-01T09:28:11.571+0000] {dag.py:3047} INFO - Sync 1 DAGs
[2026-06-01T09:28:11.582+0000] {logging_mixin.py:188} INFO - [2026-06-01T09:28:11.582+0000] {dag.py:3834} INFO - Setting next_dagrun for my_first_test_dag2 to None, run_after=None
[2026-06-01T09:28:11.608+0000] {processor.py:183} INFO - Processing /opt/airflow/dags/dag_2.py took 0.074 seconds
[2026-06-01T09:28:42.102+0000] {processor.py:161} INFO - Started process (PID=517) to work on /opt/airflow/dags/dag_2.py
[2026-06-01T09:28:42.103+0000] {processor.py:830} INFO - Processing file /opt/airflow/dags/dag_2.py for tasks to queue
[2026-06-01T09:28:42.104+0000] {logging_mixin.py:188} INFO - [2026-06-01T09:28:42.104+0000] {dagbag.py:540} INFO - Filling up the DagBag from /opt/airflow/dags/dag_2.py
[2026-06-01T09:28:42.117+0000] {processor.py:840} INFO - DAG(s) 'my_first_test_dag2' retrieved from /opt/airflow/dags/dag_2.py
[2026-06-01T09:28:42.139+0000] {logging_mixin.py:188} INFO - [2026-06-01T09:28:42.139+0000] {dag.py:3047} INFO - Sync 1 DAGs
[2026-06-01T09:28:42.150+0000] {logging_mixin.py:188} INFO - [2026-06-01T09:28:42.150+0000] {dag.py:3834} INFO - Setting next_dagrun for my_first_test_dag2 to None, run_after=None
[2026-06-01T09:28:42.168+0000] {processor.py:183} INFO - Processing /opt/airflow/dags/dag_2.py took 0.068 seconds
[2026-06-01T09:29:12.721+0000] {processor.py:161} INFO - Started process (PID=527) to work on /opt/airflow/dags/dag_2.py
[2026-06-01T09:29:12.722+0000] {processor.py:830} INFO - Processing file /opt/airflow/dags/dag_2.py for tasks to queue
[2026-06-01T09:29:12.722+0000] {logging_mixin.py:188} INFO - [2026-06-01T09:29:12.722+0000] {dagbag.py:540} INFO - Filling up the DagBag from /opt/airflow/dags/dag_2.py
[2026-06-01T09:29:12.733+0000] {processor.py:840} INFO - DAG(s) 'my_first_test_dag2' retrieved from /opt/airflow/dags/dag_2.py
[2026-06-01T09:29:12.758+0000] {logging_mixin.py:188} INFO - [2026-06-01T09:29:12.758+0000] {dag.py:3047} INFO - Sync 1 DAGs
[2026-06-01T09:29:12.768+0000] {logging_mixin.py:188} INFO - [2026-06-01T09:29:12.768+0000] {dag.py:3834} INFO - Setting next_dagrun for my_first_test_dag2 to None, run_after=None
[2026-06-01T09:29:12.787+0000] {processor.py:183} INFO - Processing /opt/airflow/dags/dag_2.py took 0.069 seconds
[2026-06-01T09:29:43.254+0000] {processor.py:161} INFO - Started process (PID=537) to work on /opt/airflow/dags/dag_2.py
[2026-06-01T09:29:43.255+0000] {processor.py:830} INFO - Processing file /opt/airflow/dags/dag_2.py for tasks to queue
[2026-06-01T09:29:43.256+0000] {logging_mixin.py:188} INFO - [2026-06-01T09:29:43.256+0000] {dagbag.py:540} INFO - Filling up the DagBag from /opt/airflow/dags/dag_2.py
[2026-06-01T09:29:43.268+0000] {processor.py:840} INFO - DAG(s) 'my_first_test_dag2' retrieved from /opt/airflow/dags/dag_2.py
[2026-06-01T09:29:43.292+0000] {logging_mixin.py:188} INFO - [2026-06-01T09:29:43.292+0000] {dag.py:3047} INFO - Sync 1 DAGs
[2026-06-01T09:29:43.302+0000] {logging_mixin.py:188} INFO - [2026-06-01T09:29:43.302+0000] {dag.py:3834} INFO - Setting next_dagrun for my_first_test_dag2 to None, run_after=None
[2026-06-01T09:29:43.321+0000] {processor.py:183} INFO - Processing /opt/airflow/dags/dag_2.py took 0.070 seconds
[2026-06-01T09:30:13.867+0000] {processor.py:161} INFO - Started process (PID=547) to work on /opt/airflow/dags/dag_2.py
[2026-06-01T09:30:13.868+0000] {processor.py:830} INFO - Processing file /opt/airflow/dags/dag_2.py for tasks to queue
[2026-06-01T09:30:13.869+0000] {logging_mixin.py:188} INFO - [2026-06-01T09:30:13.869+0000] {dagbag.py:540} INFO - Filling up the DagBag from /opt/airflow/dags/dag_2.py
[2026-06-01T09:30:13.883+0000] {processor.py:840} INFO - DAG(s) 'my_first_test_dag2' retrieved from /opt/airflow/dags/dag_2.py
[2026-06-01T09:30:13.903+0000] {logging_mixin.py:188} INFO - [2026-06-01T09:30:13.903+0000] {dag.py:3047} INFO - Sync 1 DAGs
[2026-06-01T09:30:13.914+0000] {logging_mixin.py:188} INFO - [2026-06-01T09:30:13.914+0000] {dag.py:3834} INFO - Setting next_dagrun for my_first_test_dag2 to None, run_after=None
[2026-06-01T09:30:13.940+0000] {processor.py:183} INFO - Processing /opt/airflow/dags/dag_2.py took 0.076 seconds
[2026-06-01T09:30:44.502+0000] {processor.py:161} INFO - Started process (PID=557) to work on /opt/airflow/dags/dag_2.py
[2026-06-01T09:30:44.503+0000] {processor.py:830} INFO - Processing file /opt/airflow/dags/dag_2.py for tasks to queue
[2026-06-01T09:30:44.503+0000] {logging_mixin.py:188} INFO - [2026-06-01T09:30:44.503+0000] {dagbag.py:540} INFO - Filling up the DagBag from /opt/airflow/dags/dag_2.py
[2026-06-01T09:30:44.516+0000] {processor.py:840} INFO - DAG(s) 'my_first_test_dag2' retrieved from /opt/airflow/dags/dag_2.py
[2026-06-01T09:30:44.539+0000] {logging_mixin.py:188} INFO - [2026-06-01T09:30:44.539+0000] {dag.py:3047} INFO - Sync 1 DAGs
[2026-06-01T09:30:44.552+0000] {logging_mixin.py:188} INFO - [2026-06-01T09:30:44.551+0000] {dag.py:3834} INFO - Setting next_dagrun for my_first_test_dag2 to None, run_after=None
[2026-06-01T09:30:44.572+0000] {processor.py:183} INFO - Processing /opt/airflow/dags/dag_2.py took 0.073 seconds
[2026-06-01T09:31:15.163+0000] {processor.py:161} INFO - Started process (PID=567) to work on /opt/airflow/dags/dag_2.py
[2026-06-01T09:31:15.165+0000] {processor.py:830} INFO - Processing file /opt/airflow/dags/dag_2.py for tasks to queue
[2026-06-01T09:31:15.167+0000] {logging_mixin.py:188} INFO - [2026-06-01T09:31:15.166+0000] {dagbag.py:540} INFO - Filling up the DagBag from /opt/airflow/dags/dag_2.py
[2026-06-01T09:31:15.179+0000] {processor.py:840} INFO - DAG(s) 'my_first_test_dag2' retrieved from /opt/airflow/dags/dag_2.py
[2026-06-01T09:31:15.201+0000] {logging_mixin.py:188} INFO - [2026-06-01T09:31:15.201+0000] {dag.py:3047} INFO - Sync 1 DAGs
[2026-06-01T09:31:15.212+0000] {logging_mixin.py:188} INFO - [2026-06-01T09:31:15.211+0000] {dag.py:3834} INFO - Setting next_dagrun for my_first_test_dag2 to None, run_after=None
[2026-06-01T09:31:15.238+0000] {processor.py:183} INFO - Processing /opt/airflow/dags/dag_2.py took 0.078 seconds
[2026-06-01T09:31:45.787+0000] {processor.py:161} INFO - Started process (PID=577) to work on /opt/airflow/dags/dag_2.py
[2026-06-01T09:31:45.788+0000] {processor.py:830} INFO - Processing file /opt/airflow/dags/dag_2.py for tasks to queue
[2026-06-01T09:31:45.789+0000] {logging_mixin.py:188} INFO - [2026-06-01T09:31:45.788+0000] {dagbag.py:540} INFO - Filling up the DagBag from /opt/airflow/dags/dag_2.py
[2026-06-01T09:31:45.802+0000] {processor.py:840} INFO - DAG(s) 'my_first_test_dag2' retrieved from /opt/airflow/dags/dag_2.py
[2026-06-01T09:31:45.824+0000] {logging_mixin.py:188} INFO - [2026-06-01T09:31:45.824+0000] {dag.py:3047} INFO - Sync 1 DAGs
[2026-06-01T09:31:45.835+0000] {logging_mixin.py:188} INFO - [2026-06-01T09:31:45.835+0000] {dag.py:3834} INFO - Setting next_dagrun for my_first_test_dag2 to None, run_after=None
[2026-06-01T09:31:45.854+0000] {processor.py:183} INFO - Processing /opt/airflow/dags/dag_2.py took 0.070 seconds
[2026-06-01T09:32:16.336+0000] {processor.py:161} INFO - Started process (PID=587) to work on /opt/airflow/dags/dag_2.py
[2026-06-01T09:32:16.337+0000] {processor.py:830} INFO - Processing file /opt/airflow/dags/dag_2.py for tasks to queue
[2026-06-01T09:32:16.337+0000] {logging_mixin.py:188} INFO - [2026-06-01T09:32:16.337+0000] {dagbag.py:540} INFO - Filling up the DagBag from /opt/airflow/dags/dag_2.py
[2026-06-01T09:32:16.349+0000] {processor.py:840} INFO - DAG(s) 'my_first_test_dag2' retrieved from /opt/airflow/dags/dag_2.py
[2026-06-01T09:32:16.370+0000] {logging_mixin.py:188} INFO - [2026-06-01T09:32:16.370+0000] {dag.py:3047} INFO - Sync 1 DAGs
[2026-06-01T09:32:16.381+0000] {logging_mixin.py:188} INFO - [2026-06-01T09:32:16.381+0000] {dag.py:3834} INFO - Setting next_dagrun for my_first_test_dag2 to None, run_after=None
[2026-06-01T09:32:16.405+0000] {processor.py:183} INFO - Processing /opt/airflow/dags/dag_2.py took 0.073 seconds
[2026-06-01T09:32:46.860+0000] {processor.py:161} INFO - Started process (PID=597) to work on /opt/airflow/dags/dag_2.py
[2026-06-01T09:32:46.861+0000] {processor.py:830} INFO - Processing file /opt/airflow/dags/dag_2.py for tasks to queue
[2026-06-01T09:32:46.862+0000] {logging_mixin.py:188} INFO - [2026-06-01T09:32:46.862+0000] {dagbag.py:540} INFO - Filling up the DagBag from /opt/airflow/dags/dag_2.py
[2026-06-01T09:32:46.876+0000] {processor.py:840} INFO - DAG(s) 'my_first_test_dag2' retrieved from /opt/airflow/dags/dag_2.py
[2026-06-01T09:32:46.898+0000] {logging_mixin.py:188} INFO - [2026-06-01T09:32:46.898+0000] {dag.py:3047} INFO - Sync 1 DAGs
[2026-06-01T09:32:46.910+0000] {logging_mixin.py:188} INFO - [2026-06-01T09:32:46.909+0000] {dag.py:3834} INFO - Setting next_dagrun for my_first_test_dag2 to None, run_after=None
[2026-06-01T09:32:46.933+0000] {processor.py:183} INFO - Processing /opt/airflow/dags/dag_2.py took 0.076 seconds
[2026-06-01T09:33:17.358+0000] {processor.py:161} INFO - Started process (PID=607) to work on /opt/airflow/dags/dag_2.py
[2026-06-01T09:33:17.359+0000] {processor.py:830} INFO - Processing file /opt/airflow/dags/dag_2.py for tasks to queue
[2026-06-01T09:33:17.360+0000] {logging_mixin.py:188} INFO - [2026-06-01T09:33:17.359+0000] {dagbag.py:540} INFO - Filling up the DagBag from /opt/airflow/dags/dag_2.py
[2026-06-01T09:33:17.371+0000] {processor.py:840} INFO - DAG(s) 'my_first_test_dag2' retrieved from /opt/airflow/dags/dag_2.py
[2026-06-01T09:33:17.392+0000] {logging_mixin.py:188} INFO - [2026-06-01T09:33:17.392+0000] {dag.py:3047} INFO - Sync 1 DAGs
[2026-06-01T09:33:17.403+0000] {logging_mixin.py:188} INFO - [2026-06-01T09:33:17.402+0000] {dag.py:3834} INFO - Setting next_dagrun for my_first_test_dag2 to None, run_after=None
[2026-06-01T09:33:17.422+0000] {processor.py:183} INFO - Processing /opt/airflow/dags/dag_2.py took 0.067 seconds
[2026-06-01T09:33:47.946+0000] {processor.py:161} INFO - Started process (PID=617) to work on /opt/airflow/dags/dag_2.py
[2026-06-01T09:33:47.947+0000] {processor.py:830} INFO - Processing file /opt/airflow/dags/dag_2.py for tasks to queue
[2026-06-01T09:33:47.948+0000] {logging_mixin.py:188} INFO - [2026-06-01T09:33:47.948+0000] {dagbag.py:540} INFO - Filling up the DagBag from /opt/airflow/dags/dag_2.py
[2026-06-01T09:33:47.963+0000] {processor.py:840} INFO - DAG(s) 'my_first_test_dag2' retrieved from /opt/airflow/dags/dag_2.py
[2026-06-01T09:33:47.985+0000] {logging_mixin.py:188} INFO - [2026-06-01T09:33:47.985+0000] {dag.py:3047} INFO - Sync 1 DAGs
[2026-06-01T09:33:47.997+0000] {logging_mixin.py:188} INFO - [2026-06-01T09:33:47.997+0000] {dag.py:3834} INFO - Setting next_dagrun for my_first_test_dag2 to None, run_after=None
[2026-06-01T09:33:48.016+0000] {processor.py:183} INFO - Processing /opt/airflow/dags/dag_2.py took 0.073 seconds
[2026-06-01T09:34:18.442+0000] {processor.py:161} INFO - Started process (PID=627) to work on /opt/airflow/dags/dag_2.py
[2026-06-01T09:34:18.443+0000] {processor.py:830} INFO - Processing file /opt/airflow/dags/dag_2.py for tasks to queue
[2026-06-01T09:34:18.444+0000] {logging_mixin.py:188} INFO - [2026-06-01T09:34:18.443+0000] {dagbag.py:540} INFO - Filling up the DagBag from /opt/airflow/dags/dag_2.py
[2026-06-01T09:34:18.456+0000] {processor.py:840} INFO - DAG(s) 'my_first_test_dag2' retrieved from /opt/airflow/dags/dag_2.py
[2026-06-01T09:34:18.480+0000] {logging_mixin.py:188} INFO - [2026-06-01T09:34:18.480+0000] {dag.py:3047} INFO - Sync 1 DAGs
[2026-06-01T09:34:18.490+0000] {logging_mixin.py:188} INFO - [2026-06-01T09:34:18.490+0000] {dag.py:3834} INFO - Setting next_dagrun for my_first_test_dag2 to None, run_after=None
[2026-06-01T09:34:18.516+0000] {processor.py:183} INFO - Processing /opt/airflow/dags/dag_2.py took 0.081 seconds
[2026-06-01T09:34:49.035+0000] {processor.py:161} INFO - Started process (PID=637) to work on /opt/airflow/dags/dag_2.py
[2026-06-01T09:34:49.036+0000] {processor.py:830} INFO - Processing file /opt/airflow/dags/dag_2.py for tasks to queue
[2026-06-01T09:34:49.038+0000] {logging_mixin.py:188} INFO - [2026-06-01T09:34:49.038+0000] {dagbag.py:540} INFO - Filling up the DagBag from /opt/airflow/dags/dag_2.py
[2026-06-01T09:34:49.055+0000] {processor.py:840} INFO - DAG(s) 'my_first_test_dag2' retrieved from /opt/airflow/dags/dag_2.py
[2026-06-01T09:34:49.081+0000] {logging_mixin.py:188} INFO - [2026-06-01T09:34:49.080+0000] {dag.py:3047} INFO - Sync 1 DAGs
[2026-06-01T09:34:49.092+0000] {logging_mixin.py:188} INFO - [2026-06-01T09:34:49.092+0000] {dag.py:3834} INFO - Setting next_dagrun for my_first_test_dag2 to None, run_after=None
[2026-06-01T09:34:49.110+0000] {processor.py:183} INFO - Processing /opt/airflow/dags/dag_2.py took 0.079 seconds
[2026-06-01T09:35:19.571+0000] {processor.py:161} INFO - Started process (PID=647) to work on /opt/airflow/dags/dag_2.py
[2026-06-01T09:35:19.571+0000] {processor.py:830} INFO - Processing file /opt/airflow/dags/dag_2.py for tasks to queue
[2026-06-01T09:35:19.572+0000] {logging_mixin.py:188} INFO - [2026-06-01T09:35:19.572+0000] {dagbag.py:540} INFO - Filling up the DagBag from /opt/airflow/dags/dag_2.py
[2026-06-01T09:35:19.585+0000] {processor.py:840} INFO - DAG(s) 'my_first_test_dag2' retrieved from /opt/airflow/dags/dag_2.py
[2026-06-01T09:35:19.607+0000] {logging_mixin.py:188} INFO - [2026-06-01T09:35:19.607+0000] {dag.py:3047} INFO - Sync 1 DAGs
[2026-06-01T09:35:19.618+0000] {logging_mixin.py:188} INFO - [2026-06-01T09:35:19.618+0000] {dag.py:3834} INFO - Setting next_dagrun for my_first_test_dag2 to None, run_after=None
[2026-06-01T09:35:19.636+0000] {processor.py:183} INFO - Processing /opt/airflow/dags/dag_2.py took 0.068 seconds
[2026-06-01T09:35:50.219+0000] {processor.py:161} INFO - Started process (PID=657) to work on /opt/airflow/dags/dag_2.py
[2026-06-01T09:35:50.220+0000] {processor.py:830} INFO - Processing file /opt/airflow/dags/dag_2.py for tasks to queue
[2026-06-01T09:35:50.220+0000] {logging_mixin.py:188} INFO - [2026-06-01T09:35:50.220+0000] {dagbag.py:540} INFO - Filling up the DagBag from /opt/airflow/dags/dag_2.py
[2026-06-01T09:35:50.232+0000] {processor.py:840} INFO - DAG(s) 'my_first_test_dag2' retrieved from /opt/airflow/dags/dag_2.py
[2026-06-01T09:35:50.253+0000] {logging_mixin.py:188} INFO - [2026-06-01T09:35:50.252+0000] {dag.py:3047} INFO - Sync 1 DAGs
[2026-06-01T09:35:50.264+0000] {logging_mixin.py:188} INFO - [2026-06-01T09:35:50.264+0000] {dag.py:3834} INFO - Setting next_dagrun for my_first_test_dag2 to None, run_after=None
[2026-06-01T09:35:50.288+0000] {processor.py:183} INFO - Processing /opt/airflow/dags/dag_2.py took 0.073 seconds
[2026-06-01T09:36:20.807+0000] {processor.py:161} INFO - Started process (PID=667) to work on /opt/airflow/dags/dag_2.py
[2026-06-01T09:36:20.808+0000] {processor.py:830} INFO - Processing file /opt/airflow/dags/dag_2.py for tasks to queue
[2026-06-01T09:36:20.809+0000] {logging_mixin.py:188} INFO - [2026-06-01T09:36:20.809+0000] {dagbag.py:540} INFO - Filling up the DagBag from /opt/airflow/dags/dag_2.py
[2026-06-01T09:36:20.822+0000] {processor.py:840} INFO - DAG(s) 'my_first_test_dag2' retrieved from /opt/airflow/dags/dag_2.py
[2026-06-01T09:36:20.844+0000] {logging_mixin.py:188} INFO - [2026-06-01T09:36:20.844+0000] {dag.py:3047} INFO - Sync 1 DAGs
[2026-06-01T09:36:20.854+0000] {logging_mixin.py:188} INFO - [2026-06-01T09:36:20.854+0000] {dag.py:3834} INFO - Setting next_dagrun for my_first_test_dag2 to None, run_after=None
[2026-06-01T09:36:20.875+0000] {processor.py:183} INFO - Processing /opt/airflow/dags/dag_2.py took 0.073 seconds
[2026-06-01T09:36:51.305+0000] {processor.py:161} INFO - Started process (PID=677) to work on /opt/airflow/dags/dag_2.py
[2026-06-01T09:36:51.306+0000] {processor.py:830} INFO - Processing file /opt/airflow/dags/dag_2.py for tasks to queue
[2026-06-01T09:36:51.307+0000] {logging_mixin.py:188} INFO - [2026-06-01T09:36:51.307+0000] {dagbag.py:540} INFO - Filling up the DagBag from /opt/airflow/dags/dag_2.py
[2026-06-01T09:36:51.318+0000] {processor.py:840} INFO - DAG(s) 'my_first_test_dag2' retrieved from /opt/airflow/dags/dag_2.py
[2026-06-01T09:36:51.340+0000] {logging_mixin.py:188} INFO - [2026-06-01T09:36:51.340+0000] {dag.py:3047} INFO - Sync 1 DAGs
[2026-06-01T09:36:51.350+0000] {logging_mixin.py:188} INFO - [2026-06-01T09:36:51.350+0000] {dag.py:3834} INFO - Setting next_dagrun for my_first_test_dag2 to None, run_after=None
[2026-06-01T09:36:51.369+0000] {processor.py:183} INFO - Processing /opt/airflow/dags/dag_2.py took 0.066 seconds
[2026-06-01T09:37:21.842+0000] {processor.py:161} INFO - Started process (PID=687) to work on /opt/airflow/dags/dag_2.py
[2026-06-01T09:37:21.843+0000] {processor.py:830} INFO - Processing file /opt/airflow/dags/dag_2.py for tasks to queue
[2026-06-01T09:37:21.844+0000] {logging_mixin.py:188} INFO - [2026-06-01T09:37:21.843+0000] {dagbag.py:540} INFO - Filling up the DagBag from /opt/airflow/dags/dag_2.py
[2026-06-01T09:37:21.858+0000] {processor.py:840} INFO - DAG(s) 'my_first_test_dag2' retrieved from /opt/airflow/dags/dag_2.py
[2026-06-01T09:37:21.883+0000] {logging_mixin.py:188} INFO - [2026-06-01T09:37:21.882+0000] {dag.py:3047} INFO - Sync 1 DAGs
[2026-06-01T09:37:21.895+0000] {logging_mixin.py:188} INFO - [2026-06-01T09:37:21.894+0000] {dag.py:3834} INFO - Setting next_dagrun for my_first_test_dag2 to None, run_after=None
[2026-06-01T09:37:21.922+0000] {processor.py:183} INFO - Processing /opt/airflow/dags/dag_2.py took 0.084 seconds
[2026-06-01T09:37:52.492+0000] {processor.py:161} INFO - Started process (PID=697) to work on /opt/airflow/dags/dag_2.py
[2026-06-01T09:37:52.493+0000] {processor.py:830} INFO - Processing file /opt/airflow/dags/dag_2.py for tasks to queue
[2026-06-01T09:37:52.494+0000] {logging_mixin.py:188} INFO - [2026-06-01T09:37:52.493+0000] {dagbag.py:540} INFO - Filling up the DagBag from /opt/airflow/dags/dag_2.py
[2026-06-01T09:37:52.504+0000] {processor.py:840} INFO - DAG(s) 'my_first_test_dag2' retrieved from /opt/airflow/dags/dag_2.py
[2026-06-01T09:37:52.525+0000] {logging_mixin.py:188} INFO - [2026-06-01T09:37:52.524+0000] {dag.py:3047} INFO - Sync 1 DAGs
[2026-06-01T09:37:52.535+0000] {logging_mixin.py:188} INFO - [2026-06-01T09:37:52.535+0000] {dag.py:3834} INFO - Setting next_dagrun for my_first_test_dag2 to None, run_after=None
[2026-06-01T09:37:52.555+0000] {processor.py:183} INFO - Processing /opt/airflow/dags/dag_2.py took 0.066 seconds
[2026-06-01T09:38:23.004+0000] {processor.py:161} INFO - Started process (PID=707) to work on /opt/airflow/dags/dag_2.py
[2026-06-01T09:38:23.005+0000] {processor.py:830} INFO - Processing file /opt/airflow/dags/dag_2.py for tasks to queue
[2026-06-01T09:38:23.006+0000] {logging_mixin.py:188} INFO - [2026-06-01T09:38:23.006+0000] {dagbag.py:540} INFO - Filling up the DagBag from /opt/airflow/dags/dag_2.py
[2026-06-01T09:38:23.022+0000] {processor.py:840} INFO - DAG(s) 'my_first_test_dag2' retrieved from /opt/airflow/dags/dag_2.py
[2026-06-01T09:38:23.048+0000] {logging_mixin.py:188} INFO - [2026-06-01T09:38:23.047+0000] {dag.py:3047} INFO - Sync 1 DAGs
[2026-06-01T09:38:23.060+0000] {logging_mixin.py:188} INFO - [2026-06-01T09:38:23.060+0000] {dag.py:3834} INFO - Setting next_dagrun for my_first_test_dag2 to None, run_after=None
[2026-06-01T09:38:23.078+0000] {processor.py:183} INFO - Processing /opt/airflow/dags/dag_2.py took 0.078 seconds
[2026-06-01T09:38:53.495+0000] {processor.py:161} INFO - Started process (PID=717) to work on /opt/airflow/dags/dag_2.py
[2026-06-01T09:38:53.496+0000] {processor.py:830} INFO - Processing file /opt/airflow/dags/dag_2.py for tasks to queue
[2026-06-01T09:38:53.496+0000] {logging_mixin.py:188} INFO - [2026-06-01T09:38:53.496+0000] {dagbag.py:540} INFO - Filling up the DagBag from /opt/airflow/dags/dag_2.py
[2026-06-01T09:38:53.507+0000] {processor.py:840} INFO - DAG(s) 'my_first_test_dag2' retrieved from /opt/airflow/dags/dag_2.py
[2026-06-01T09:38:53.534+0000] {logging_mixin.py:188} INFO - [2026-06-01T09:38:53.533+0000] {dag.py:3047} INFO - Sync 1 DAGs
[2026-06-01T09:38:53.545+0000] {logging_mixin.py:188} INFO - [2026-06-01T09:38:53.545+0000] {dag.py:3834} INFO - Setting next_dagrun for my_first_test_dag2 to None, run_after=None
[2026-06-01T09:38:53.574+0000] {processor.py:183} INFO - Processing /opt/airflow/dags/dag_2.py took 0.082 seconds
[2026-06-01T09:39:24.033+0000] {processor.py:161} INFO - Started process (PID=727) to work on /opt/airflow/dags/dag_2.py
[2026-06-01T09:39:24.034+0000] {processor.py:830} INFO - Processing file /opt/airflow/dags/dag_2.py for tasks to queue
[2026-06-01T09:39:24.035+0000] {logging_mixin.py:188} INFO - [2026-06-01T09:39:24.034+0000] {dagbag.py:540} INFO - Filling up the DagBag from /opt/airflow/dags/dag_2.py
[2026-06-01T09:39:24.046+0000] {processor.py:840} INFO - DAG(s) 'my_first_test_dag2' retrieved from /opt/airflow/dags/dag_2.py
[2026-06-01T09:39:24.067+0000] {logging_mixin.py:188} INFO - [2026-06-01T09:39:24.067+0000] {dag.py:3047} INFO - Sync 1 DAGs
[2026-06-01T09:39:24.078+0000] {logging_mixin.py:188} INFO - [2026-06-01T09:39:24.078+0000] {dag.py:3834} INFO - Setting next_dagrun for my_first_test_dag2 to None, run_after=None
[2026-06-01T09:39:24.098+0000] {processor.py:183} INFO - Processing /opt/airflow/dags/dag_2.py took 0.068 seconds
[2026-06-01T09:39:54.578+0000] {processor.py:161} INFO - Started process (PID=737) to work on /opt/airflow/dags/dag_2.py
[2026-06-01T09:39:54.579+0000] {processor.py:830} INFO - Processing file /opt/airflow/dags/dag_2.py for tasks to queue
[2026-06-01T09:39:54.580+0000] {logging_mixin.py:188} INFO - [2026-06-01T09:39:54.580+0000] {dagbag.py:540} INFO - Filling up the DagBag from /opt/airflow/dags/dag_2.py
[2026-06-01T09:39:54.592+0000] {processor.py:840} INFO - DAG(s) 'my_first_test_dag2' retrieved from /opt/airflow/dags/dag_2.py
[2026-06-01T09:39:54.612+0000] {logging_mixin.py:188} INFO - [2026-06-01T09:39:54.612+0000] {dag.py:3047} INFO - Sync 1 DAGs
[2026-06-01T09:39:54.623+0000] {logging_mixin.py:188} INFO - [2026-06-01T09:39:54.623+0000] {dag.py:3834} INFO - Setting next_dagrun for my_first_test_dag2 to None, run_after=None
[2026-06-01T09:39:54.648+0000] {processor.py:183} INFO - Processing /opt/airflow/dags/dag_2.py took 0.072 seconds
[2026-06-01T09:40:25.126+0000] {processor.py:161} INFO - Started process (PID=747) to work on /opt/airflow/dags/dag_2.py
[2026-06-01T09:40:25.127+0000] {processor.py:830} INFO - Processing file /opt/airflow/dags/dag_2.py for tasks to queue
[2026-06-01T09:40:25.128+0000] {logging_mixin.py:188} INFO - [2026-06-01T09:40:25.128+0000] {dagbag.py:540} INFO - Filling up the DagBag from /opt/airflow/dags/dag_2.py
[2026-06-01T09:40:25.139+0000] {processor.py:840} INFO - DAG(s) 'my_first_test_dag2' retrieved from /opt/airflow/dags/dag_2.py
[2026-06-01T09:40:25.161+0000] {logging_mixin.py:188} INFO - [2026-06-01T09:40:25.161+0000] {dag.py:3047} INFO - Sync 1 DAGs
[2026-06-01T09:40:25.172+0000] {logging_mixin.py:188} INFO - [2026-06-01T09:40:25.171+0000] {dag.py:3834} INFO - Setting next_dagrun for my_first_test_dag2 to None, run_after=None
[2026-06-01T09:40:25.190+0000] {processor.py:183} INFO - Processing /opt/airflow/dags/dag_2.py took 0.067 seconds
[2026-06-01T09:40:55.624+0000] {processor.py:161} INFO - Started process (PID=757) to work on /opt/airflow/dags/dag_2.py
[2026-06-01T09:40:55.624+0000] {processor.py:830} INFO - Processing file /opt/airflow/dags/dag_2.py for tasks to queue
[2026-06-01T09:40:55.625+0000] {logging_mixin.py:188} INFO - [2026-06-01T09:40:55.625+0000] {dagbag.py:540} INFO - Filling up the DagBag from /opt/airflow/dags/dag_2.py
[2026-06-01T09:40:55.638+0000] {processor.py:840} INFO - DAG(s) 'my_first_test_dag2' retrieved from /opt/airflow/dags/dag_2.py
[2026-06-01T09:40:55.660+0000] {logging_mixin.py:188} INFO - [2026-06-01T09:40:55.660+0000] {dag.py:3047} INFO - Sync 1 DAGs
[2026-06-01T09:40:55.671+0000] {logging_mixin.py:188} INFO - [2026-06-01T09:40:55.671+0000] {dag.py:3834} INFO - Setting next_dagrun for my_first_test_dag2 to None, run_after=None
[2026-06-01T09:40:55.690+0000] {processor.py:183} INFO - Processing /opt/airflow/dags/dag_2.py took 0.070 seconds
[2026-06-01T09:41:26.241+0000] {processor.py:161} INFO - Started process (PID=767) to work on /opt/airflow/dags/dag_2.py
[2026-06-01T09:41:26.242+0000] {processor.py:830} INFO - Processing file /opt/airflow/dags/dag_2.py for tasks to queue
[2026-06-01T09:41:26.243+0000] {logging_mixin.py:188} INFO - [2026-06-01T09:41:26.243+0000] {dagbag.py:540} INFO - Filling up the DagBag from /opt/airflow/dags/dag_2.py
[2026-06-01T09:41:26.255+0000] {processor.py:840} INFO - DAG(s) 'my_first_test_dag2' retrieved from /opt/airflow/dags/dag_2.py
[2026-06-01T09:41:26.276+0000] {logging_mixin.py:188} INFO - [2026-06-01T09:41:26.275+0000] {dag.py:3047} INFO - Sync 1 DAGs
[2026-06-01T09:41:26.286+0000] {logging_mixin.py:188} INFO - [2026-06-01T09:41:26.286+0000] {dag.py:3834} INFO - Setting next_dagrun for my_first_test_dag2 to None, run_after=None
[2026-06-01T09:41:26.312+0000] {processor.py:183} INFO - Processing /opt/airflow/dags/dag_2.py took 0.074 seconds
[2026-06-01T09:41:56.825+0000] {processor.py:161} INFO - Started process (PID=777) to work on /opt/airflow/dags/dag_2.py
[2026-06-01T09:41:56.827+0000] {processor.py:830} INFO - Processing file /opt/airflow/dags/dag_2.py for tasks to queue
[2026-06-01T09:41:56.828+0000] {logging_mixin.py:188} INFO - [2026-06-01T09:41:56.827+0000] {dagbag.py:540} INFO - Filling up the DagBag from /opt/airflow/dags/dag_2.py
[2026-06-01T09:41:56.839+0000] {processor.py:840} INFO - DAG(s) 'my_first_test_dag2' retrieved from /opt/airflow/dags/dag_2.py
[2026-06-01T09:41:56.860+0000] {logging_mixin.py:188} INFO - [2026-06-01T09:41:56.860+0000] {dag.py:3047} INFO - Sync 1 DAGs
[2026-06-01T09:41:56.870+0000] {logging_mixin.py:188} INFO - [2026-06-01T09:41:56.870+0000] {dag.py:3834} INFO - Setting next_dagrun for my_first_test_dag2 to None, run_after=None
[2026-06-01T09:41:56.889+0000] {processor.py:183} INFO - Processing /opt/airflow/dags/dag_2.py took 0.066 seconds
[2026-06-01T09:42:27.420+0000] {processor.py:161} INFO - Started process (PID=787) to work on /opt/airflow/dags/dag_2.py
[2026-06-01T09:42:27.421+0000] {processor.py:830} INFO - Processing file /opt/airflow/dags/dag_2.py for tasks to queue
[2026-06-01T09:42:27.422+0000] {logging_mixin.py:188} INFO - [2026-06-01T09:42:27.422+0000] {dagbag.py:540} INFO - Filling up the DagBag from /opt/airflow/dags/dag_2.py
[2026-06-01T09:42:27.433+0000] {processor.py:840} INFO - DAG(s) 'my_first_test_dag2' retrieved from /opt/airflow/dags/dag_2.py
[2026-06-01T09:42:27.455+0000] {logging_mixin.py:188} INFO - [2026-06-01T09:42:27.454+0000] {dag.py:3047} INFO - Sync 1 DAGs
[2026-06-01T09:42:27.466+0000] {logging_mixin.py:188} INFO - [2026-06-01T09:42:27.466+0000] {dag.py:3834} INFO - Setting next_dagrun for my_first_test_dag2 to None, run_after=None
[2026-06-01T09:42:27.492+0000] {processor.py:183} INFO - Processing /opt/airflow/dags/dag_2.py took 0.075 seconds
[2026-06-01T09:42:57.869+0000] {processor.py:161} INFO - Started process (PID=797) to work on /opt/airflow/dags/dag_2.py
[2026-06-01T09:42:57.870+0000] {processor.py:830} INFO - Processing file /opt/airflow/dags/dag_2.py for tasks to queue
[2026-06-01T09:42:57.871+0000] {logging_mixin.py:188} INFO - [2026-06-01T09:42:57.870+0000] {dagbag.py:540} INFO - Filling up the DagBag from /opt/airflow/dags/dag_2.py
[2026-06-01T09:42:57.881+0000] {processor.py:840} INFO - DAG(s) 'my_first_test_dag2' retrieved from /opt/airflow/dags/dag_2.py
[2026-06-01T09:42:57.903+0000] {logging_mixin.py:188} INFO - [2026-06-01T09:42:57.902+0000] {dag.py:3047} INFO - Sync 1 DAGs
[2026-06-01T09:42:57.913+0000] {logging_mixin.py:188} INFO - [2026-06-01T09:42:57.913+0000] {dag.py:3834} INFO - Setting next_dagrun for my_first_test_dag2 to None, run_after=None
[2026-06-01T09:42:57.940+0000] {processor.py:183} INFO - Processing /opt/airflow/dags/dag_2.py took 0.074 seconds
[2026-06-01T09:43:28.431+0000] {processor.py:161} INFO - Started process (PID=807) to work on /opt/airflow/dags/dag_2.py
[2026-06-01T09:43:28.432+0000] {processor.py:830} INFO - Processing file /opt/airflow/dags/dag_2.py for tasks to queue
[2026-06-01T09:43:28.433+0000] {logging_mixin.py:188} INFO - [2026-06-01T09:43:28.433+0000] {dagbag.py:540} INFO - Filling up the DagBag from /opt/airflow/dags/dag_2.py
[2026-06-01T09:43:28.446+0000] {processor.py:840} INFO - DAG(s) 'my_first_test_dag2' retrieved from /opt/airflow/dags/dag_2.py
[2026-06-01T09:43:28.468+0000] {logging_mixin.py:188} INFO - [2026-06-01T09:43:28.467+0000] {dag.py:3047} INFO - Sync 1 DAGs
[2026-06-01T09:43:28.479+0000] {logging_mixin.py:188} INFO - [2026-06-01T09:43:28.479+0000] {dag.py:3834} INFO - Setting next_dagrun for my_first_test_dag2 to None, run_after=None
[2026-06-01T09:43:28.499+0000] {processor.py:183} INFO - Processing /opt/airflow/dags/dag_2.py took 0.070 seconds
[2026-06-01T09:43:58.760+0000] {processor.py:161} INFO - Started process (PID=817) to work on /opt/airflow/dags/dag_2.py
[2026-06-01T09:43:58.761+0000] {processor.py:830} INFO - Processing file /opt/airflow/dags/dag_2.py for tasks to queue
[2026-06-01T09:43:58.762+0000] {logging_mixin.py:188} INFO - [2026-06-01T09:43:58.761+0000] {dagbag.py:540} INFO - Filling up the DagBag from /opt/airflow/dags/dag_2.py
[2026-06-01T09:43:58.781+0000] {processor.py:840} INFO - DAG(s) 'my_first_test_dag2' retrieved from /opt/airflow/dags/dag_2.py
[2026-06-01T09:43:58.806+0000] {logging_mixin.py:188} INFO - [2026-06-01T09:43:58.805+0000] {dag.py:3047} INFO - Sync 1 DAGs
[2026-06-01T09:43:58.821+0000] {logging_mixin.py:188} INFO - [2026-06-01T09:43:58.821+0000] {dag.py:3834} INFO - Setting next_dagrun for my_first_test_dag2 to None, run_after=None
[2026-06-01T09:43:58.842+0000] {processor.py:183} INFO - Processing /opt/airflow/dags/dag_2.py took 0.085 seconds
[2026-06-01T09:44:29.147+0000] {processor.py:161} INFO - Started process (PID=827) to work on /opt/airflow/dags/dag_2.py
[2026-06-01T09:44:29.149+0000] {processor.py:830} INFO - Processing file /opt/airflow/dags/dag_2.py for tasks to queue
[2026-06-01T09:44:29.149+0000] {logging_mixin.py:188} INFO - [2026-06-01T09:44:29.149+0000] {dagbag.py:540} INFO - Filling up the DagBag from /opt/airflow/dags/dag_2.py
[2026-06-01T09:44:29.163+0000] {processor.py:840} INFO - DAG(s) 'my_first_test_dag2' retrieved from /opt/airflow/dags/dag_2.py
[2026-06-01T09:44:29.185+0000] {logging_mixin.py:188} INFO - [2026-06-01T09:44:29.185+0000] {dag.py:3047} INFO - Sync 1 DAGs
[2026-06-01T09:44:29.196+0000] {logging_mixin.py:188} INFO - [2026-06-01T09:44:29.196+0000] {dag.py:3834} INFO - Setting next_dagrun for my_first_test_dag2 to None, run_after=None
[2026-06-01T09:44:29.222+0000] {processor.py:183} INFO - Processing /opt/airflow/dags/dag_2.py took 0.078 seconds
[2026-06-01T09:44:59.687+0000] {processor.py:161} INFO - Started process (PID=837) to work on /opt/airflow/dags/dag_2.py
[2026-06-01T09:44:59.688+0000] {processor.py:830} INFO - Processing file /opt/airflow/dags/dag_2.py for tasks to queue
[2026-06-01T09:44:59.689+0000] {logging_mixin.py:188} INFO - [2026-06-01T09:44:59.689+0000] {dagbag.py:540} INFO - Filling up the DagBag from /opt/airflow/dags/dag_2.py
[2026-06-01T09:44:59.701+0000] {processor.py:840} INFO - DAG(s) 'my_first_test_dag2' retrieved from /opt/airflow/dags/dag_2.py
[2026-06-01T09:44:59.722+0000] {logging_mixin.py:188} INFO - [2026-06-01T09:44:59.722+0000] {dag.py:3047} INFO - Sync 1 DAGs
[2026-06-01T09:44:59.733+0000] {logging_mixin.py:188} INFO - [2026-06-01T09:44:59.733+0000] {dag.py:3834} INFO - Setting next_dagrun for my_first_test_dag2 to None, run_after=None
[2026-06-01T09:44:59.759+0000] {processor.py:183} INFO - Processing /opt/airflow/dags/dag_2.py took 0.074 seconds
[2026-06-01T09:45:30.248+0000] {processor.py:161} INFO - Started process (PID=847) to work on /opt/airflow/dags/dag_2.py
[2026-06-01T09:45:30.249+0000] {processor.py:830} INFO - Processing file /opt/airflow/dags/dag_2.py for tasks to queue
[2026-06-01T09:45:30.250+0000] {logging_mixin.py:188} INFO - [2026-06-01T09:45:30.250+0000] {dagbag.py:540} INFO - Filling up the DagBag from /opt/airflow/dags/dag_2.py
[2026-06-01T09:45:30.264+0000] {processor.py:840} INFO - DAG(s) 'my_first_test_dag2' retrieved from /opt/airflow/dags/dag_2.py
[2026-06-01T09:45:30.286+0000] {logging_mixin.py:188} INFO - [2026-06-01T09:45:30.285+0000] {dag.py:3047} INFO - Sync 1 DAGs
[2026-06-01T09:45:30.297+0000] {logging_mixin.py:188} INFO - [2026-06-01T09:45:30.297+0000] {dag.py:3834} INFO - Setting next_dagrun for my_first_test_dag2 to None, run_after=None
[2026-06-01T09:45:30.315+0000] {processor.py:183} INFO - Processing /opt/airflow/dags/dag_2.py took 0.070 seconds
[2026-06-01T09:46:00.816+0000] {processor.py:161} INFO - Started process (PID=857) to work on /opt/airflow/dags/dag_2.py
[2026-06-01T09:46:00.817+0000] {processor.py:830} INFO - Processing file /opt/airflow/dags/dag_2.py for tasks to queue
[2026-06-01T09:46:00.818+0000] {logging_mixin.py:188} INFO - [2026-06-01T09:46:00.818+0000] {dagbag.py:540} INFO - Filling up the DagBag from /opt/airflow/dags/dag_2.py
[2026-06-01T09:46:00.831+0000] {processor.py:840} INFO - DAG(s) 'my_first_test_dag2' retrieved from /opt/airflow/dags/dag_2.py
[2026-06-01T09:46:00.853+0000] {logging_mixin.py:188} INFO - [2026-06-01T09:46:00.852+0000] {dag.py:3047} INFO - Sync 1 DAGs
[2026-06-01T09:46:00.864+0000] {logging_mixin.py:188} INFO - [2026-06-01T09:46:00.864+0000] {dag.py:3834} INFO - Setting next_dagrun for my_first_test_dag2 to None, run_after=None
[2026-06-01T09:46:00.883+0000] {processor.py:183} INFO - Processing /opt/airflow/dags/dag_2.py took 0.069 seconds
[2026-06-01T09:46:31.333+0000] {processor.py:161} INFO - Started process (PID=867) to work on /opt/airflow/dags/dag_2.py
[2026-06-01T09:46:31.334+0000] {processor.py:830} INFO - Processing file /opt/airflow/dags/dag_2.py for tasks to queue
[2026-06-01T09:46:31.335+0000] {logging_mixin.py:188} INFO - [2026-06-01T09:46:31.335+0000] {dagbag.py:540} INFO - Filling up the DagBag from /opt/airflow/dags/dag_2.py
[2026-06-01T09:46:31.348+0000] {processor.py:840} INFO - DAG(s) 'my_first_test_dag2' retrieved from /opt/airflow/dags/dag_2.py
[2026-06-01T09:46:31.371+0000] {logging_mixin.py:188} INFO - [2026-06-01T09:46:31.371+0000] {dag.py:3047} INFO - Sync 1 DAGs
[2026-06-01T09:46:31.383+0000] {logging_mixin.py:188} INFO - [2026-06-01T09:46:31.382+0000] {dag.py:3834} INFO - Setting next_dagrun for my_first_test_dag2 to None, run_after=None
[2026-06-01T09:46:31.407+0000] {processor.py:183} INFO - Processing /opt/airflow/dags/dag_2.py took 0.077 seconds
[2026-06-01T09:47:01.884+0000] {processor.py:161} INFO - Started process (PID=877) to work on /opt/airflow/dags/dag_2.py
[2026-06-01T09:47:01.885+0000] {processor.py:830} INFO - Processing file /opt/airflow/dags/dag_2.py for tasks to queue
[2026-06-01T09:47:01.886+0000] {logging_mixin.py:188} INFO - [2026-06-01T09:47:01.886+0000] {dagbag.py:540} INFO - Filling up the DagBag from /opt/airflow/dags/dag_2.py
[2026-06-01T09:47:01.897+0000] {processor.py:840} INFO - DAG(s) 'my_first_test_dag2' retrieved from /opt/airflow/dags/dag_2.py
[2026-06-01T09:47:01.918+0000] {logging_mixin.py:188} INFO - [2026-06-01T09:47:01.918+0000] {dag.py:3047} INFO - Sync 1 DAGs
[2026-06-01T09:47:01.929+0000] {logging_mixin.py:188} INFO - [2026-06-01T09:47:01.929+0000] {dag.py:3834} INFO - Setting next_dagrun for my_first_test_dag2 to None, run_after=None
[2026-06-01T09:47:01.948+0000] {processor.py:183} INFO - Processing /opt/airflow/dags/dag_2.py took 0.067 seconds
[2026-06-01T09:47:32.456+0000] {processor.py:161} INFO - Started process (PID=887) to work on /opt/airflow/dags/dag_2.py
[2026-06-01T09:47:32.457+0000] {processor.py:830} INFO - Processing file /opt/airflow/dags/dag_2.py for tasks to queue
[2026-06-01T09:47:32.457+0000] {logging_mixin.py:188} INFO - [2026-06-01T09:47:32.457+0000] {dagbag.py:540} INFO - Filling up the DagBag from /opt/airflow/dags/dag_2.py
[2026-06-01T09:47:32.469+0000] {processor.py:840} INFO - DAG(s) 'my_first_test_dag2' retrieved from /opt/airflow/dags/dag_2.py
[2026-06-01T09:47:32.491+0000] {logging_mixin.py:188} INFO - [2026-06-01T09:47:32.491+0000] {dag.py:3047} INFO - Sync 1 DAGs
[2026-06-01T09:47:32.501+0000] {logging_mixin.py:188} INFO - [2026-06-01T09:47:32.501+0000] {dag.py:3834} INFO - Setting next_dagrun for my_first_test_dag2 to None, run_after=None
[2026-06-01T09:47:32.521+0000] {processor.py:183} INFO - Processing /opt/airflow/dags/dag_2.py took 0.067 seconds
[2026-06-01T09:48:02.986+0000] {processor.py:161} INFO - Started process (PID=897) to work on /opt/airflow/dags/dag_2.py
[2026-06-01T09:48:02.988+0000] {processor.py:830} INFO - Processing file /opt/airflow/dags/dag_2.py for tasks to queue
[2026-06-01T09:48:02.988+0000] {logging_mixin.py:188} INFO - [2026-06-01T09:48:02.988+0000] {dagbag.py:540} INFO - Filling up the DagBag from /opt/airflow/dags/dag_2.py
[2026-06-01T09:48:03.003+0000] {processor.py:840} INFO - DAG(s) 'my_first_test_dag2' retrieved from /opt/airflow/dags/dag_2.py
[2026-06-01T09:48:03.027+0000] {logging_mixin.py:188} INFO - [2026-06-01T09:48:03.027+0000] {dag.py:3047} INFO - Sync 1 DAGs
[2026-06-01T09:48:03.039+0000] {logging_mixin.py:188} INFO - [2026-06-01T09:48:03.039+0000] {dag.py:3834} INFO - Setting next_dagrun for my_first_test_dag2 to None, run_after=None
[2026-06-01T09:48:03.064+0000] {processor.py:183} INFO - Processing /opt/airflow/dags/dag_2.py took 0.081 seconds
[2026-06-01T09:48:33.462+0000] {processor.py:161} INFO - Started process (PID=907) to work on /opt/airflow/dags/dag_2.py
[2026-06-01T09:48:33.463+0000] {processor.py:830} INFO - Processing file /opt/airflow/dags/dag_2.py for tasks to queue
[2026-06-01T09:48:33.464+0000] {logging_mixin.py:188} INFO - [2026-06-01T09:48:33.463+0000] {dagbag.py:540} INFO - Filling up the DagBag from /opt/airflow/dags/dag_2.py
[2026-06-01T09:48:33.476+0000] {processor.py:840} INFO - DAG(s) 'my_first_test_dag2' retrieved from /opt/airflow/dags/dag_2.py
[2026-06-01T09:48:33.498+0000] {logging_mixin.py:188} INFO - [2026-06-01T09:48:33.497+0000] {dag.py:3047} INFO - Sync 1 DAGs
[2026-06-01T09:48:33.510+0000] {logging_mixin.py:188} INFO - [2026-06-01T09:48:33.510+0000] {dag.py:3834} INFO - Setting next_dagrun for my_first_test_dag2 to None, run_after=None
[2026-06-01T09:48:33.528+0000] {processor.py:183} INFO - Processing /opt/airflow/dags/dag_2.py took 0.069 seconds
[2026-06-01T09:49:04.069+0000] {processor.py:161} INFO - Started process (PID=917) to work on /opt/airflow/dags/dag_2.py
[2026-06-01T09:49:04.070+0000] {processor.py:830} INFO - Processing file /opt/airflow/dags/dag_2.py for tasks to queue
[2026-06-01T09:49:04.071+0000] {logging_mixin.py:188} INFO - [2026-06-01T09:49:04.071+0000] {dagbag.py:540} INFO - Filling up the DagBag from /opt/airflow/dags/dag_2.py
[2026-06-01T09:49:04.096+0000] {processor.py:840} INFO - DAG(s) 'my_first_test_dag2' retrieved from /opt/airflow/dags/dag_2.py
[2026-06-01T09:49:04.117+0000] {logging_mixin.py:188} INFO - [2026-06-01T09:49:04.117+0000] {dag.py:3047} INFO - Sync 1 DAGs
[2026-06-01T09:49:04.128+0000] {logging_mixin.py:188} INFO - [2026-06-01T09:49:04.127+0000] {dag.py:3834} INFO - Setting next_dagrun for my_first_test_dag2 to None, run_after=None
[2026-06-01T09:49:04.146+0000] {processor.py:183} INFO - Processing /opt/airflow/dags/dag_2.py took 0.081 seconds
[2026-06-01T09:49:34.574+0000] {processor.py:161} INFO - Started process (PID=927) to work on /opt/airflow/dags/dag_2.py
[2026-06-01T09:49:34.575+0000] {processor.py:830} INFO - Processing file /opt/airflow/dags/dag_2.py for tasks to queue
[2026-06-01T09:49:34.576+0000] {logging_mixin.py:188} INFO - [2026-06-01T09:49:34.576+0000] {dagbag.py:540} INFO - Filling up the DagBag from /opt/airflow/dags/dag_2.py
[2026-06-01T09:49:34.589+0000] {processor.py:840} INFO - DAG(s) 'my_first_test_dag2' retrieved from /opt/airflow/dags/dag_2.py
[2026-06-01T09:49:34.612+0000] {logging_mixin.py:188} INFO - [2026-06-01T09:49:34.611+0000] {dag.py:3047} INFO - Sync 1 DAGs
[2026-06-01T09:49:34.622+0000] {logging_mixin.py:188} INFO - [2026-06-01T09:49:34.622+0000] {dag.py:3834} INFO - Setting next_dagrun for my_first_test_dag2 to None, run_after=None
[2026-06-01T09:49:34.641+0000] {processor.py:183} INFO - Processing /opt/airflow/dags/dag_2.py took 0.069 seconds
[2026-06-01T09:50:05.114+0000] {processor.py:161} INFO - Started process (PID=937) to work on /opt/airflow/dags/dag_2.py
[2026-06-01T09:50:05.115+0000] {processor.py:830} INFO - Processing file /opt/airflow/dags/dag_2.py for tasks to queue
[2026-06-01T09:50:05.116+0000] {logging_mixin.py:188} INFO - [2026-06-01T09:50:05.115+0000] {dagbag.py:540} INFO - Filling up the DagBag from /opt/airflow/dags/dag_2.py
[2026-06-01T09:50:05.127+0000] {processor.py:840} INFO - DAG(s) 'my_first_test_dag2' retrieved from /opt/airflow/dags/dag_2.py
[2026-06-01T09:50:05.148+0000] {logging_mixin.py:188} INFO - [2026-06-01T09:50:05.148+0000] {dag.py:3047} INFO - Sync 1 DAGs
[2026-06-01T09:50:05.159+0000] {logging_mixin.py:188} INFO - [2026-06-01T09:50:05.158+0000] {dag.py:3834} INFO - Setting next_dagrun for my_first_test_dag2 to None, run_after=None
[2026-06-01T09:50:05.185+0000] {processor.py:183} INFO - Processing /opt/airflow/dags/dag_2.py took 0.074 seconds
[2026-06-01T09:50:35.448+0000] {processor.py:161} INFO - Started process (PID=947) to work on /opt/airflow/dags/dag_2.py
[2026-06-01T09:50:35.449+0000] {processor.py:830} INFO - Processing file /opt/airflow/dags/dag_2.py for tasks to queue
[2026-06-01T09:50:35.450+0000] {logging_mixin.py:188} INFO - [2026-06-01T09:50:35.450+0000] {dagbag.py:540} INFO - Filling up the DagBag from /opt/airflow/dags/dag_2.py
[2026-06-01T09:50:35.465+0000] {processor.py:840} INFO - DAG(s) 'my_first_test_dag2' retrieved from /opt/airflow/dags/dag_2.py
[2026-06-01T09:50:35.487+0000] {logging_mixin.py:188} INFO - [2026-06-01T09:50:35.487+0000] {dag.py:3047} INFO - Sync 1 DAGs
[2026-06-01T09:50:35.497+0000] {logging_mixin.py:188} INFO - [2026-06-01T09:50:35.497+0000] {dag.py:3834} INFO - Setting next_dagrun for my_first_test_dag2 to None, run_after=None
[2026-06-01T09:50:35.524+0000] {processor.py:183} INFO - Processing /opt/airflow/dags/dag_2.py took 0.079 seconds
[2026-06-01T09:51:05.748+0000] {processor.py:161} INFO - Started process (PID=957) to work on /opt/airflow/dags/dag_2.py
[2026-06-01T09:51:05.749+0000] {processor.py:830} INFO - Processing file /opt/airflow/dags/dag_2.py for tasks to queue
[2026-06-01T09:51:05.750+0000] {logging_mixin.py:188} INFO - [2026-06-01T09:51:05.750+0000] {dagbag.py:540} INFO - Filling up the DagBag from /opt/airflow/dags/dag_2.py
[2026-06-01T09:51:05.767+0000] {processor.py:840} INFO - DAG(s) 'my_first_test_dag2' retrieved from /opt/airflow/dags/dag_2.py
[2026-06-01T09:51:05.794+0000] {logging_mixin.py:188} INFO - [2026-06-01T09:51:05.794+0000] {dag.py:3047} INFO - Sync 1 DAGs
[2026-06-01T09:51:05.808+0000] {logging_mixin.py:188} INFO - [2026-06-01T09:51:05.808+0000] {dag.py:3834} INFO - Setting next_dagrun for my_first_test_dag2 to None, run_after=None
[2026-06-01T09:51:05.831+0000] {processor.py:183} INFO - Processing /opt/airflow/dags/dag_2.py took 0.086 seconds
[2026-06-01T09:51:36.094+0000] {processor.py:161} INFO - Started process (PID=967) to work on /opt/airflow/dags/dag_2.py
[2026-06-01T09:51:36.095+0000] {processor.py:830} INFO - Processing file /opt/airflow/dags/dag_2.py for tasks to queue
[2026-06-01T09:51:36.096+0000] {logging_mixin.py:188} INFO - [2026-06-01T09:51:36.096+0000] {dagbag.py:540} INFO - Filling up the DagBag from /opt/airflow/dags/dag_2.py
[2026-06-01T09:51:36.108+0000] {processor.py:840} INFO - DAG(s) 'my_first_test_dag2' retrieved from /opt/airflow/dags/dag_2.py
[2026-06-01T09:51:36.130+0000] {logging_mixin.py:188} INFO - [2026-06-01T09:51:36.130+0000] {dag.py:3047} INFO - Sync 1 DAGs
[2026-06-01T09:51:36.142+0000] {logging_mixin.py:188} INFO - [2026-06-01T09:51:36.142+0000] {dag.py:3834} INFO - Setting next_dagrun for my_first_test_dag2 to None, run_after=None
[2026-06-01T09:51:36.163+0000] {processor.py:183} INFO - Processing /opt/airflow/dags/dag_2.py took 0.072 seconds
[2026-06-01T09:52:06.342+0000] {processor.py:161} INFO - Started process (PID=977) to work on /opt/airflow/dags/dag_2.py
[2026-06-01T09:52:06.343+0000] {processor.py:830} INFO - Processing file /opt/airflow/dags/dag_2.py for tasks to queue
[2026-06-01T09:52:06.344+0000] {logging_mixin.py:188} INFO - [2026-06-01T09:52:06.344+0000] {dagbag.py:540} INFO - Filling up the DagBag from /opt/airflow/dags/dag_2.py
[2026-06-01T09:52:06.357+0000] {processor.py:840} INFO - DAG(s) 'my_first_test_dag2' retrieved from /opt/airflow/dags/dag_2.py
[2026-06-01T09:52:06.380+0000] {logging_mixin.py:188} INFO - [2026-06-01T09:52:06.380+0000] {dag.py:3047} INFO - Sync 1 DAGs
[2026-06-01T09:52:06.392+0000] {logging_mixin.py:188} INFO - [2026-06-01T09:52:06.392+0000] {dag.py:3834} INFO - Setting next_dagrun for my_first_test_dag2 to None, run_after=None
[2026-06-01T09:52:06.420+0000] {processor.py:183} INFO - Processing /opt/airflow/dags/dag_2.py took 0.080 seconds
[2026-06-01T09:52:36.590+0000] {processor.py:161} INFO - Started process (PID=987) to work on /opt/airflow/dags/dag_2.py
[2026-06-01T09:52:36.591+0000] {processor.py:830} INFO - Processing file /opt/airflow/dags/dag_2.py for tasks to queue
[2026-06-01T09:52:36.592+0000] {logging_mixin.py:188} INFO - [2026-06-01T09:52:36.592+0000] {dagbag.py:540} INFO - Filling up the DagBag from /opt/airflow/dags/dag_2.py
[2026-06-01T09:52:36.609+0000] {processor.py:840} INFO - DAG(s) 'my_first_test_dag2' retrieved from /opt/airflow/dags/dag_2.py
[2026-06-01T09:52:36.635+0000] {logging_mixin.py:188} INFO - [2026-06-01T09:52:36.634+0000] {dag.py:3047} INFO - Sync 1 DAGs
[2026-06-01T09:52:36.645+0000] {logging_mixin.py:188} INFO - [2026-06-01T09:52:36.645+0000] {dag.py:3834} INFO - Setting next_dagrun for my_first_test_dag2 to None, run_after=None
[2026-06-01T09:52:36.678+0000] {processor.py:183} INFO - Processing /opt/airflow/dags/dag_2.py took 0.091 seconds
[2026-06-01T09:53:06.859+0000] {processor.py:161} INFO - Started process (PID=997) to work on /opt/airflow/dags/dag_2.py
[2026-06-01T09:53:06.860+0000] {processor.py:830} INFO - Processing file /opt/airflow/dags/dag_2.py for tasks to queue
[2026-06-01T09:53:06.861+0000] {logging_mixin.py:188} INFO - [2026-06-01T09:53:06.860+0000] {dagbag.py:540} INFO - Filling up the DagBag from /opt/airflow/dags/dag_2.py
[2026-06-01T09:53:06.877+0000] {processor.py:840} INFO - DAG(s) 'my_first_test_dag2' retrieved from /opt/airflow/dags/dag_2.py
[2026-06-01T09:53:06.907+0000] {logging_mixin.py:188} INFO - [2026-06-01T09:53:06.907+0000] {dag.py:3047} INFO - Sync 1 DAGs
[2026-06-01T09:53:06.920+0000] {logging_mixin.py:188} INFO - [2026-06-01T09:53:06.919+0000] {dag.py:3834} INFO - Setting next_dagrun for my_first_test_dag2 to None, run_after=None
[2026-06-01T09:53:06.945+0000] {processor.py:183} INFO - Processing /opt/airflow/dags/dag_2.py took 0.089 seconds
[2026-06-01T09:53:37.106+0000] {processor.py:161} INFO - Started process (PID=1007) to work on /opt/airflow/dags/dag_2.py
[2026-06-01T09:53:37.107+0000] {processor.py:830} INFO - Processing file /opt/airflow/dags/dag_2.py for tasks to queue
[2026-06-01T09:53:37.108+0000] {logging_mixin.py:188} INFO - [2026-06-01T09:53:37.108+0000] {dagbag.py:540} INFO - Filling up the DagBag from /opt/airflow/dags/dag_2.py
[2026-06-01T09:53:37.124+0000] {processor.py:840} INFO - DAG(s) 'my_first_test_dag2' retrieved from /opt/airflow/dags/dag_2.py
[2026-06-01T09:53:37.150+0000] {logging_mixin.py:188} INFO - [2026-06-01T09:53:37.150+0000] {dag.py:3047} INFO - Sync 1 DAGs
[2026-06-01T09:53:37.168+0000] {logging_mixin.py:188} INFO - [2026-06-01T09:53:37.167+0000] {dag.py:3834} INFO - Setting next_dagrun for my_first_test_dag2 to None, run_after=None
[2026-06-01T09:53:37.194+0000] {processor.py:183} INFO - Processing /opt/airflow/dags/dag_2.py took 0.092 seconds
[2026-06-01T09:54:07.412+0000] {processor.py:161} INFO - Started process (PID=1017) to work on /opt/airflow/dags/dag_2.py
[2026-06-01T09:54:07.413+0000] {processor.py:830} INFO - Processing file /opt/airflow/dags/dag_2.py for tasks to queue
[2026-06-01T09:54:07.414+0000] {logging_mixin.py:188} INFO - [2026-06-01T09:54:07.414+0000] {dagbag.py:540} INFO - Filling up the DagBag from /opt/airflow/dags/dag_2.py
[2026-06-01T09:54:07.425+0000] {processor.py:840} INFO - DAG(s) 'my_first_test_dag2' retrieved from /opt/airflow/dags/dag_2.py
[2026-06-01T09:54:07.447+0000] {logging_mixin.py:188} INFO - [2026-06-01T09:54:07.447+0000] {dag.py:3047} INFO - Sync 1 DAGs
[2026-06-01T09:54:07.458+0000] {logging_mixin.py:188} INFO - [2026-06-01T09:54:07.458+0000] {dag.py:3834} INFO - Setting next_dagrun for my_first_test_dag2 to None, run_after=None
[2026-06-01T09:54:07.478+0000] {processor.py:183} INFO - Processing /opt/airflow/dags/dag_2.py took 0.068 seconds
[2026-06-01T09:54:37.710+0000] {processor.py:161} INFO - Started process (PID=1027) to work on /opt/airflow/dags/dag_2.py
[2026-06-01T09:54:37.710+0000] {processor.py:830} INFO - Processing file /opt/airflow/dags/dag_2.py for tasks to queue
[2026-06-01T09:54:37.711+0000] {logging_mixin.py:188} INFO - [2026-06-01T09:54:37.711+0000] {dagbag.py:540} INFO - Filling up the DagBag from /opt/airflow/dags/dag_2.py
[2026-06-01T09:54:37.723+0000] {processor.py:840} INFO - DAG(s) 'my_first_test_dag2' retrieved from /opt/airflow/dags/dag_2.py
[2026-06-01T09:54:37.744+0000] {logging_mixin.py:188} INFO - [2026-06-01T09:54:37.744+0000] {dag.py:3047} INFO - Sync 1 DAGs
[2026-06-01T09:54:37.757+0000] {logging_mixin.py:188} INFO - [2026-06-01T09:54:37.757+0000] {dag.py:3834} INFO - Setting next_dagrun for my_first_test_dag2 to None, run_after=None
[2026-06-01T09:54:37.778+0000] {processor.py:183} INFO - Processing /opt/airflow/dags/dag_2.py took 0.071 seconds
[2026-06-01T09:55:08.043+0000] {processor.py:161} INFO - Started process (PID=1037) to work on /opt/airflow/dags/dag_2.py
[2026-06-01T09:55:08.044+0000] {processor.py:830} INFO - Processing file /opt/airflow/dags/dag_2.py for tasks to queue
[2026-06-01T09:55:08.045+0000] {logging_mixin.py:188} INFO - [2026-06-01T09:55:08.044+0000] {dagbag.py:540} INFO - Filling up the DagBag from /opt/airflow/dags/dag_2.py
[2026-06-01T09:55:08.055+0000] {processor.py:840} INFO - DAG(s) 'my_first_test_dag2' retrieved from /opt/airflow/dags/dag_2.py
[2026-06-01T09:55:08.077+0000] {logging_mixin.py:188} INFO - [2026-06-01T09:55:08.077+0000] {dag.py:3047} INFO - Sync 1 DAGs
[2026-06-01T09:55:08.088+0000] {logging_mixin.py:188} INFO - [2026-06-01T09:55:08.088+0000] {dag.py:3834} INFO - Setting next_dagrun for my_first_test_dag2 to None, run_after=None
[2026-06-01T09:55:08.108+0000] {processor.py:183} INFO - Processing /opt/airflow/dags/dag_2.py took 0.068 seconds
[2026-06-01T09:55:38.497+0000] {processor.py:161} INFO - Started process (PID=1047) to work on /opt/airflow/dags/dag_2.py
[2026-06-01T09:55:38.498+0000] {processor.py:830} INFO - Processing file /opt/airflow/dags/dag_2.py for tasks to queue
[2026-06-01T09:55:38.499+0000] {logging_mixin.py:188} INFO - [2026-06-01T09:55:38.498+0000] {dagbag.py:540} INFO - Filling up the DagBag from /opt/airflow/dags/dag_2.py
[2026-06-01T09:55:38.511+0000] {processor.py:840} INFO - DAG(s) 'my_first_test_dag2' retrieved from /opt/airflow/dags/dag_2.py
[2026-06-01T09:55:38.532+0000] {logging_mixin.py:188} INFO - [2026-06-01T09:55:38.532+0000] {dag.py:3047} INFO - Sync 1 DAGs
[2026-06-01T09:55:38.543+0000] {logging_mixin.py:188} INFO - [2026-06-01T09:55:38.543+0000] {dag.py:3834} INFO - Setting next_dagrun for my_first_test_dag2 to None, run_after=None
[2026-06-01T09:55:38.571+0000] {processor.py:183} INFO - Processing /opt/airflow/dags/dag_2.py took 0.076 seconds
[2026-06-01T09:56:08.822+0000] {processor.py:161} INFO - Started process (PID=1057) to work on /opt/airflow/dags/dag_2.py
[2026-06-01T09:56:08.823+0000] {processor.py:830} INFO - Processing file /opt/airflow/dags/dag_2.py for tasks to queue
[2026-06-01T09:56:08.824+0000] {logging_mixin.py:188} INFO - [2026-06-01T09:56:08.824+0000] {dagbag.py:540} INFO - Filling up the DagBag from /opt/airflow/dags/dag_2.py
[2026-06-01T09:56:08.836+0000] {processor.py:840} INFO - DAG(s) 'my_first_test_dag2' retrieved from /opt/airflow/dags/dag_2.py
[2026-06-01T09:56:08.860+0000] {logging_mixin.py:188} INFO - [2026-06-01T09:56:08.860+0000] {dag.py:3047} INFO - Sync 1 DAGs
[2026-06-01T09:56:08.871+0000] {logging_mixin.py:188} INFO - [2026-06-01T09:56:08.871+0000] {dag.py:3834} INFO - Setting next_dagrun for my_first_test_dag2 to None, run_after=None
[2026-06-01T09:56:08.895+0000] {processor.py:183} INFO - Processing /opt/airflow/dags/dag_2.py took 0.076 seconds
[2026-06-01T09:56:39.140+0000] {processor.py:161} INFO - Started process (PID=1067) to work on /opt/airflow/dags/dag_2.py
[2026-06-01T09:56:39.141+0000] {processor.py:830} INFO - Processing file /opt/airflow/dags/dag_2.py for tasks to queue
[2026-06-01T09:56:39.142+0000] {logging_mixin.py:188} INFO - [2026-06-01T09:56:39.141+0000] {dagbag.py:540} INFO - Filling up the DagBag from /opt/airflow/dags/dag_2.py
[2026-06-01T09:56:39.154+0000] {processor.py:840} INFO - DAG(s) 'my_first_test_dag2' retrieved from /opt/airflow/dags/dag_2.py
[2026-06-01T09:56:39.176+0000] {logging_mixin.py:188} INFO - [2026-06-01T09:56:39.175+0000] {dag.py:3047} INFO - Sync 1 DAGs
[2026-06-01T09:56:39.189+0000] {logging_mixin.py:188} INFO - [2026-06-01T09:56:39.189+0000] {dag.py:3834} INFO - Setting next_dagrun for my_first_test_dag2 to None, run_after=None
[2026-06-01T09:56:39.216+0000] {processor.py:183} INFO - Processing /opt/airflow/dags/dag_2.py took 0.079 seconds
[2026-06-01T09:57:09.403+0000] {processor.py:161} INFO - Started process (PID=1077) to work on /opt/airflow/dags/dag_2.py
[2026-06-01T09:57:09.404+0000] {processor.py:830} INFO - Processing file /opt/airflow/dags/dag_2.py for tasks to queue
[2026-06-01T09:57:09.405+0000] {logging_mixin.py:188} INFO - [2026-06-01T09:57:09.404+0000] {dagbag.py:540} INFO - Filling up the DagBag from /opt/airflow/dags/dag_2.py
[2026-06-01T09:57:09.419+0000] {processor.py:840} INFO - DAG(s) 'my_first_test_dag2' retrieved from /opt/airflow/dags/dag_2.py
[2026-06-01T09:57:09.450+0000] {logging_mixin.py:188} INFO - [2026-06-01T09:57:09.450+0000] {dag.py:3047} INFO - Sync 1 DAGs
[2026-06-01T09:57:09.465+0000] {logging_mixin.py:188} INFO - [2026-06-01T09:57:09.464+0000] {dag.py:3834} INFO - Setting next_dagrun for my_first_test_dag2 to None, run_after=None
[2026-06-01T09:57:09.488+0000] {processor.py:183} INFO - Processing /opt/airflow/dags/dag_2.py took 0.089 seconds
[2026-06-01T09:57:39.787+0000] {processor.py:161} INFO - Started process (PID=1087) to work on /opt/airflow/dags/dag_2.py
[2026-06-01T09:57:39.788+0000] {processor.py:830} INFO - Processing file /opt/airflow/dags/dag_2.py for tasks to queue
[2026-06-01T09:57:39.788+0000] {logging_mixin.py:188} INFO - [2026-06-01T09:57:39.788+0000] {dagbag.py:540} INFO - Filling up the DagBag from /opt/airflow/dags/dag_2.py
[2026-06-01T09:57:39.802+0000] {processor.py:840} INFO - DAG(s) 'my_first_test_dag2' retrieved from /opt/airflow/dags/dag_2.py
[2026-06-01T09:57:39.826+0000] {logging_mixin.py:188} INFO - [2026-06-01T09:57:39.825+0000] {dag.py:3047} INFO - Sync 1 DAGs
[2026-06-01T09:57:39.837+0000] {logging_mixin.py:188} INFO - [2026-06-01T09:57:39.837+0000] {dag.py:3834} INFO - Setting next_dagrun for my_first_test_dag2 to None, run_after=None
[2026-06-01T09:57:39.861+0000] {processor.py:183} INFO - Processing /opt/airflow/dags/dag_2.py took 0.077 seconds
[2026-06-01T09:58:10.055+0000] {processor.py:161} INFO - Started process (PID=1097) to work on /opt/airflow/dags/dag_2.py
[2026-06-01T09:58:10.056+0000] {processor.py:830} INFO - Processing file /opt/airflow/dags/dag_2.py for tasks to queue
[2026-06-01T09:58:10.057+0000] {logging_mixin.py:188} INFO - [2026-06-01T09:58:10.057+0000] {dagbag.py:540} INFO - Filling up the DagBag from /opt/airflow/dags/dag_2.py
[2026-06-01T09:58:10.070+0000] {processor.py:840} INFO - DAG(s) 'my_first_test_dag2' retrieved from /opt/airflow/dags/dag_2.py
[2026-06-01T09:58:10.091+0000] {logging_mixin.py:188} INFO - [2026-06-01T09:58:10.091+0000] {dag.py:3047} INFO - Sync 1 DAGs
[2026-06-01T09:58:10.104+0000] {logging_mixin.py:188} INFO - [2026-06-01T09:58:10.103+0000] {dag.py:3834} INFO - Setting next_dagrun for my_first_test_dag2 to None, run_after=None
[2026-06-01T09:58:10.123+0000] {processor.py:183} INFO - Processing /opt/airflow/dags/dag_2.py took 0.071 seconds
[2026-06-01T09:58:40.331+0000] {processor.py:161} INFO - Started process (PID=1107) to work on /opt/airflow/dags/dag_2.py
[2026-06-01T09:58:40.332+0000] {processor.py:830} INFO - Processing file /opt/airflow/dags/dag_2.py for tasks to queue
[2026-06-01T09:58:40.333+0000] {logging_mixin.py:188} INFO - [2026-06-01T09:58:40.333+0000] {dagbag.py:540} INFO - Filling up the DagBag from /opt/airflow/dags/dag_2.py
[2026-06-01T09:58:40.345+0000] {processor.py:840} INFO - DAG(s) 'my_first_test_dag2' retrieved from /opt/airflow/dags/dag_2.py
[2026-06-01T09:58:40.369+0000] {logging_mixin.py:188} INFO - [2026-06-01T09:58:40.369+0000] {dag.py:3047} INFO - Sync 1 DAGs
[2026-06-01T09:58:40.383+0000] {logging_mixin.py:188} INFO - [2026-06-01T09:58:40.382+0000] {dag.py:3834} INFO - Setting next_dagrun for my_first_test_dag2 to None, run_after=None
[2026-06-01T09:58:40.410+0000] {processor.py:183} INFO - Processing /opt/airflow/dags/dag_2.py took 0.082 seconds
[2026-06-01T09:59:10.614+0000] {processor.py:161} INFO - Started process (PID=1117) to work on /opt/airflow/dags/dag_2.py
[2026-06-01T09:59:10.615+0000] {processor.py:830} INFO - Processing file /opt/airflow/dags/dag_2.py for tasks to queue
[2026-06-01T09:59:10.616+0000] {logging_mixin.py:188} INFO - [2026-06-01T09:59:10.616+0000] {dagbag.py:540} INFO - Filling up the DagBag from /opt/airflow/dags/dag_2.py
[2026-06-01T09:59:10.629+0000] {processor.py:840} INFO - DAG(s) 'my_first_test_dag2' retrieved from /opt/airflow/dags/dag_2.py
[2026-06-01T09:59:10.652+0000] {logging_mixin.py:188} INFO - [2026-06-01T09:59:10.652+0000] {dag.py:3047} INFO - Sync 1 DAGs
[2026-06-01T09:59:10.663+0000] {logging_mixin.py:188} INFO - [2026-06-01T09:59:10.663+0000] {dag.py:3834} INFO - Setting next_dagrun for my_first_test_dag2 to None, run_after=None
[2026-06-01T09:59:10.681+0000] {processor.py:183} INFO - Processing /opt/airflow/dags/dag_2.py took 0.071 seconds
[2026-06-01T09:59:40.911+0000] {processor.py:161} INFO - Started process (PID=1127) to work on /opt/airflow/dags/dag_2.py
[2026-06-01T09:59:40.912+0000] {processor.py:830} INFO - Processing file /opt/airflow/dags/dag_2.py for tasks to queue
[2026-06-01T09:59:40.914+0000] {logging_mixin.py:188} INFO - [2026-06-01T09:59:40.913+0000] {dagbag.py:540} INFO - Filling up the DagBag from /opt/airflow/dags/dag_2.py
[2026-06-01T09:59:40.928+0000] {processor.py:840} INFO - DAG(s) 'my_first_test_dag2' retrieved from /opt/airflow/dags/dag_2.py
[2026-06-01T09:59:40.951+0000] {logging_mixin.py:188} INFO - [2026-06-01T09:59:40.951+0000] {dag.py:3047} INFO - Sync 1 DAGs
[2026-06-01T09:59:40.963+0000] {logging_mixin.py:188} INFO - [2026-06-01T09:59:40.963+0000] {dag.py:3834} INFO - Setting next_dagrun for my_first_test_dag2 to None, run_after=None
[2026-06-01T09:59:40.987+0000] {processor.py:183} INFO - Processing /opt/airflow/dags/dag_2.py took 0.079 seconds
[2026-06-01T10:00:11.142+0000] {processor.py:161} INFO - Started process (PID=1137) to work on /opt/airflow/dags/dag_2.py
[2026-06-01T10:00:11.143+0000] {processor.py:830} INFO - Processing file /opt/airflow/dags/dag_2.py for tasks to queue
[2026-06-01T10:00:11.144+0000] {logging_mixin.py:188} INFO - [2026-06-01T10:00:11.144+0000] {dagbag.py:540} INFO - Filling up the DagBag from /opt/airflow/dags/dag_2.py
[2026-06-01T10:00:11.157+0000] {processor.py:840} INFO - DAG(s) 'my_first_test_dag2' retrieved from /opt/airflow/dags/dag_2.py
[2026-06-01T10:00:11.179+0000] {logging_mixin.py:188} INFO - [2026-06-01T10:00:11.179+0000] {dag.py:3047} INFO - Sync 1 DAGs
[2026-06-01T10:00:11.191+0000] {logging_mixin.py:188} INFO - [2026-06-01T10:00:11.191+0000] {dag.py:3834} INFO - Setting next_dagrun for my_first_test_dag2 to None, run_after=None
[2026-06-01T10:00:11.211+0000] {processor.py:183} INFO - Processing /opt/airflow/dags/dag_2.py took 0.072 seconds
[2026-06-01T10:00:41.441+0000] {processor.py:161} INFO - Started process (PID=1147) to work on /opt/airflow/dags/dag_2.py
[2026-06-01T10:00:41.442+0000] {processor.py:830} INFO - Processing file /opt/airflow/dags/dag_2.py for tasks to queue
[2026-06-01T10:00:41.443+0000] {logging_mixin.py:188} INFO - [2026-06-01T10:00:41.443+0000] {dagbag.py:540} INFO - Filling up the DagBag from /opt/airflow/dags/dag_2.py
[2026-06-01T10:00:41.456+0000] {processor.py:840} INFO - DAG(s) 'my_first_test_dag2' retrieved from /opt/airflow/dags/dag_2.py
[2026-06-01T10:00:41.479+0000] {logging_mixin.py:188} INFO - [2026-06-01T10:00:41.478+0000] {dag.py:3047} INFO - Sync 1 DAGs
[2026-06-01T10:00:41.491+0000] {logging_mixin.py:188} INFO - [2026-06-01T10:00:41.491+0000] {dag.py:3834} INFO - Setting next_dagrun for my_first_test_dag2 to None, run_after=None
[2026-06-01T10:00:41.513+0000] {processor.py:183} INFO - Processing /opt/airflow/dags/dag_2.py took 0.075 seconds
[2026-06-01T10:01:11.779+0000] {processor.py:161} INFO - Started process (PID=1157) to work on /opt/airflow/dags/dag_2.py
[2026-06-01T10:01:11.780+0000] {processor.py:830} INFO - Processing file /opt/airflow/dags/dag_2.py for tasks to queue
[2026-06-01T10:01:11.782+0000] {logging_mixin.py:188} INFO - [2026-06-01T10:01:11.781+0000] {dagbag.py:540} INFO - Filling up the DagBag from /opt/airflow/dags/dag_2.py
[2026-06-01T10:01:11.796+0000] {processor.py:840} INFO - DAG(s) 'my_first_test_dag2' retrieved from /opt/airflow/dags/dag_2.py
[2026-06-01T10:01:11.824+0000] {logging_mixin.py:188} INFO - [2026-06-01T10:01:11.824+0000] {dag.py:3047} INFO - Sync 1 DAGs
[2026-06-01T10:01:11.841+0000] {logging_mixin.py:188} INFO - [2026-06-01T10:01:11.840+0000] {dag.py:3834} INFO - Setting next_dagrun for my_first_test_dag2 to None, run_after=None
[2026-06-01T10:01:11.873+0000] {processor.py:183} INFO - Processing /opt/airflow/dags/dag_2.py took 0.097 seconds
[2026-06-01T10:01:41.996+0000] {processor.py:161} INFO - Started process (PID=1167) to work on /opt/airflow/dags/dag_2.py
[2026-06-01T10:01:41.997+0000] {processor.py:830} INFO - Processing file /opt/airflow/dags/dag_2.py for tasks to queue
[2026-06-01T10:01:41.998+0000] {logging_mixin.py:188} INFO - [2026-06-01T10:01:41.998+0000] {dagbag.py:540} INFO - Filling up the DagBag from /opt/airflow/dags/dag_2.py
[2026-06-01T10:01:42.012+0000] {processor.py:840} INFO - DAG(s) 'my_first_test_dag2' retrieved from /opt/airflow/dags/dag_2.py
[2026-06-01T10:01:42.036+0000] {logging_mixin.py:188} INFO - [2026-06-01T10:01:42.035+0000] {dag.py:3047} INFO - Sync 1 DAGs
[2026-06-01T10:01:42.050+0000] {logging_mixin.py:188} INFO - [2026-06-01T10:01:42.050+0000] {dag.py:3834} INFO - Setting next_dagrun for my_first_test_dag2 to None, run_after=None
[2026-06-01T10:01:42.080+0000] {processor.py:183} INFO - Processing /opt/airflow/dags/dag_2.py took 0.086 seconds
[2026-06-01T10:02:12.293+0000] {processor.py:161} INFO - Started process (PID=1177) to work on /opt/airflow/dags/dag_2.py
[2026-06-01T10:02:12.294+0000] {processor.py:830} INFO - Processing file /opt/airflow/dags/dag_2.py for tasks to queue
[2026-06-01T10:02:12.295+0000] {logging_mixin.py:188} INFO - [2026-06-01T10:02:12.295+0000] {dagbag.py:540} INFO - Filling up the DagBag from /opt/airflow/dags/dag_2.py
[2026-06-01T10:02:12.307+0000] {processor.py:840} INFO - DAG(s) 'my_first_test_dag2' retrieved from /opt/airflow/dags/dag_2.py
[2026-06-01T10:02:12.330+0000] {logging_mixin.py:188} INFO - [2026-06-01T10:02:12.330+0000] {dag.py:3047} INFO - Sync 1 DAGs
[2026-06-01T10:02:12.343+0000] {logging_mixin.py:188} INFO - [2026-06-01T10:02:12.343+0000] {dag.py:3834} INFO - Setting next_dagrun for my_first_test_dag2 to None, run_after=None
[2026-06-01T10:02:12.369+0000] {processor.py:183} INFO - Processing /opt/airflow/dags/dag_2.py took 0.079 seconds
[2026-06-01T10:02:42.531+0000] {processor.py:161} INFO - Started process (PID=1187) to work on /opt/airflow/dags/dag_2.py
[2026-06-01T10:02:42.532+0000] {processor.py:830} INFO - Processing file /opt/airflow/dags/dag_2.py for tasks to queue
[2026-06-01T10:02:42.533+0000] {logging_mixin.py:188} INFO - [2026-06-01T10:02:42.532+0000] {dagbag.py:540} INFO - Filling up the DagBag from /opt/airflow/dags/dag_2.py
[2026-06-01T10:02:42.545+0000] {processor.py:840} INFO - DAG(s) 'my_first_test_dag2' retrieved from /opt/airflow/dags/dag_2.py
[2026-06-01T10:02:42.567+0000] {logging_mixin.py:188} INFO - [2026-06-01T10:02:42.567+0000] {dag.py:3047} INFO - Sync 1 DAGs
[2026-06-01T10:02:42.580+0000] {logging_mixin.py:188} INFO - [2026-06-01T10:02:42.579+0000] {dag.py:3834} INFO - Setting next_dagrun for my_first_test_dag2 to None, run_after=None
[2026-06-01T10:02:42.606+0000] {processor.py:183} INFO - Processing /opt/airflow/dags/dag_2.py took 0.078 seconds
[2026-06-01T10:03:12.757+0000] {processor.py:161} INFO - Started process (PID=1197) to work on /opt/airflow/dags/dag_2.py
[2026-06-01T10:03:12.758+0000] {processor.py:830} INFO - Processing file /opt/airflow/dags/dag_2.py for tasks to queue
[2026-06-01T10:03:12.759+0000] {logging_mixin.py:188} INFO - [2026-06-01T10:03:12.759+0000] {dagbag.py:540} INFO - Filling up the DagBag from /opt/airflow/dags/dag_2.py
[2026-06-01T10:03:12.770+0000] {processor.py:840} INFO - DAG(s) 'my_first_test_dag2' retrieved from /opt/airflow/dags/dag_2.py
[2026-06-01T10:03:12.796+0000] {logging_mixin.py:188} INFO - [2026-06-01T10:03:12.795+0000] {dag.py:3047} INFO - Sync 1 DAGs
[2026-06-01T10:03:12.808+0000] {logging_mixin.py:188} INFO - [2026-06-01T10:03:12.807+0000] {dag.py:3834} INFO - Setting next_dagrun for my_first_test_dag2 to None, run_after=None
[2026-06-01T10:03:12.828+0000] {processor.py:183} INFO - Processing /opt/airflow/dags/dag_2.py took 0.073 seconds
[2026-06-01T10:03:43.061+0000] {processor.py:161} INFO - Started process (PID=1207) to work on /opt/airflow/dags/dag_2.py
[2026-06-01T10:03:43.062+0000] {processor.py:830} INFO - Processing file /opt/airflow/dags/dag_2.py for tasks to queue
[2026-06-01T10:03:43.063+0000] {logging_mixin.py:188} INFO - [2026-06-01T10:03:43.063+0000] {dagbag.py:540} INFO - Filling up the DagBag from /opt/airflow/dags/dag_2.py
[2026-06-01T10:03:43.076+0000] {processor.py:840} INFO - DAG(s) 'my_first_test_dag2' retrieved from /opt/airflow/dags/dag_2.py
[2026-06-01T10:03:43.099+0000] {logging_mixin.py:188} INFO - [2026-06-01T10:03:43.099+0000] {dag.py:3047} INFO - Sync 1 DAGs
[2026-06-01T10:03:43.111+0000] {logging_mixin.py:188} INFO - [2026-06-01T10:03:43.110+0000] {dag.py:3834} INFO - Setting next_dagrun for my_first_test_dag2 to None, run_after=None
[2026-06-01T10:03:43.139+0000] {processor.py:183} INFO - Processing /opt/airflow/dags/dag_2.py took 0.081 seconds
[2026-06-01T10:04:13.293+0000] {processor.py:161} INFO - Started process (PID=1217) to work on /opt/airflow/dags/dag_2.py
[2026-06-01T10:04:13.294+0000] {processor.py:830} INFO - Processing file /opt/airflow/dags/dag_2.py for tasks to queue
[2026-06-01T10:04:13.295+0000] {logging_mixin.py:188} INFO - [2026-06-01T10:04:13.295+0000] {dagbag.py:540} INFO - Filling up the DagBag from /opt/airflow/dags/dag_2.py
[2026-06-01T10:04:13.315+0000] {processor.py:840} INFO - DAG(s) 'my_first_test_dag2' retrieved from /opt/airflow/dags/dag_2.py
[2026-06-01T10:04:13.351+0000] {logging_mixin.py:188} INFO - [2026-06-01T10:04:13.351+0000] {dag.py:3047} INFO - Sync 1 DAGs
[2026-06-01T10:04:13.365+0000] {logging_mixin.py:188} INFO - [2026-06-01T10:04:13.365+0000] {dag.py:3834} INFO - Setting next_dagrun for my_first_test_dag2 to None, run_after=None
[2026-06-01T10:04:13.387+0000] {processor.py:183} INFO - Processing /opt/airflow/dags/dag_2.py took 0.097 seconds
[2026-06-01T10:04:43.540+0000] {processor.py:161} INFO - Started process (PID=1227) to work on /opt/airflow/dags/dag_2.py
[2026-06-01T10:04:43.541+0000] {processor.py:830} INFO - Processing file /opt/airflow/dags/dag_2.py for tasks to queue
[2026-06-01T10:04:43.542+0000] {logging_mixin.py:188} INFO - [2026-06-01T10:04:43.542+0000] {dagbag.py:540} INFO - Filling up the DagBag from /opt/airflow/dags/dag_2.py
[2026-06-01T10:04:43.554+0000] {processor.py:840} INFO - DAG(s) 'my_first_test_dag2' retrieved from /opt/airflow/dags/dag_2.py
[2026-06-01T10:04:43.583+0000] {logging_mixin.py:188} INFO - [2026-06-01T10:04:43.583+0000] {dag.py:3047} INFO - Sync 1 DAGs
[2026-06-01T10:04:43.598+0000] {logging_mixin.py:188} INFO - [2026-06-01T10:04:43.598+0000] {dag.py:3834} INFO - Setting next_dagrun for my_first_test_dag2 to None, run_after=None
[2026-06-01T10:04:43.627+0000] {processor.py:183} INFO - Processing /opt/airflow/dags/dag_2.py took 0.089 seconds
[2026-06-01T10:05:13.860+0000] {processor.py:161} INFO - Started process (PID=1237) to work on /opt/airflow/dags/dag_2.py
[2026-06-01T10:05:13.861+0000] {processor.py:830} INFO - Processing file /opt/airflow/dags/dag_2.py for tasks to queue
[2026-06-01T10:05:13.862+0000] {logging_mixin.py:188} INFO - [2026-06-01T10:05:13.862+0000] {dagbag.py:540} INFO - Filling up the DagBag from /opt/airflow/dags/dag_2.py
[2026-06-01T10:05:13.874+0000] {processor.py:840} INFO - DAG(s) 'my_first_test_dag2' retrieved from /opt/airflow/dags/dag_2.py
[2026-06-01T10:05:13.898+0000] {logging_mixin.py:188} INFO - [2026-06-01T10:05:13.898+0000] {dag.py:3047} INFO - Sync 1 DAGs
[2026-06-01T10:05:13.912+0000] {logging_mixin.py:188} INFO - [2026-06-01T10:05:13.911+0000] {dag.py:3834} INFO - Setting next_dagrun for my_first_test_dag2 to None, run_after=None
[2026-06-01T10:05:13.939+0000] {processor.py:183} INFO - Processing /opt/airflow/dags/dag_2.py took 0.083 seconds
[2026-06-01T10:05:44.139+0000] {processor.py:161} INFO - Started process (PID=1247) to work on /opt/airflow/dags/dag_2.py
[2026-06-01T10:05:44.140+0000] {processor.py:830} INFO - Processing file /opt/airflow/dags/dag_2.py for tasks to queue
[2026-06-01T10:05:44.141+0000] {logging_mixin.py:188} INFO - [2026-06-01T10:05:44.141+0000] {dagbag.py:540} INFO - Filling up the DagBag from /opt/airflow/dags/dag_2.py
[2026-06-01T10:05:44.153+0000] {processor.py:840} INFO - DAG(s) 'my_first_test_dag2' retrieved from /opt/airflow/dags/dag_2.py
[2026-06-01T10:05:44.181+0000] {logging_mixin.py:188} INFO - [2026-06-01T10:05:44.181+0000] {dag.py:3047} INFO - Sync 1 DAGs
[2026-06-01T10:05:44.193+0000] {logging_mixin.py:188} INFO - [2026-06-01T10:05:44.192+0000] {dag.py:3834} INFO - Setting next_dagrun for my_first_test_dag2 to None, run_after=None
[2026-06-01T10:05:44.219+0000] {processor.py:183} INFO - Processing /opt/airflow/dags/dag_2.py took 0.083 seconds
[2026-06-01T10:06:14.458+0000] {processor.py:161} INFO - Started process (PID=1257) to work on /opt/airflow/dags/dag_2.py
[2026-06-01T10:06:14.458+0000] {processor.py:830} INFO - Processing file /opt/airflow/dags/dag_2.py for tasks to queue
[2026-06-01T10:06:14.459+0000] {logging_mixin.py:188} INFO - [2026-06-01T10:06:14.459+0000] {dagbag.py:540} INFO - Filling up the DagBag from /opt/airflow/dags/dag_2.py
[2026-06-01T10:06:14.476+0000] {processor.py:840} INFO - DAG(s) 'my_first_test_dag2' retrieved from /opt/airflow/dags/dag_2.py
[2026-06-01T10:06:14.499+0000] {logging_mixin.py:188} INFO - [2026-06-01T10:06:14.499+0000] {dag.py:3047} INFO - Sync 1 DAGs
[2026-06-01T10:06:14.510+0000] {logging_mixin.py:188} INFO - [2026-06-01T10:06:14.510+0000] {dag.py:3834} INFO - Setting next_dagrun for my_first_test_dag2 to None, run_after=None
[2026-06-01T10:06:14.536+0000] {processor.py:183} INFO - Processing /opt/airflow/dags/dag_2.py took 0.081 seconds
[2026-06-01T10:06:44.717+0000] {processor.py:161} INFO - Started process (PID=1267) to work on /opt/airflow/dags/dag_2.py
[2026-06-01T10:06:44.718+0000] {processor.py:830} INFO - Processing file /opt/airflow/dags/dag_2.py for tasks to queue
[2026-06-01T10:06:44.719+0000] {logging_mixin.py:188} INFO - [2026-06-01T10:06:44.718+0000] {dagbag.py:540} INFO - Filling up the DagBag from /opt/airflow/dags/dag_2.py
[2026-06-01T10:06:44.732+0000] {processor.py:840} INFO - DAG(s) 'my_first_test_dag2' retrieved from /opt/airflow/dags/dag_2.py
[2026-06-01T10:06:44.758+0000] {logging_mixin.py:188} INFO - [2026-06-01T10:06:44.758+0000] {dag.py:3047} INFO - Sync 1 DAGs
[2026-06-01T10:06:44.774+0000] {logging_mixin.py:188} INFO - [2026-06-01T10:06:44.773+0000] {dag.py:3834} INFO - Setting next_dagrun for my_first_test_dag2 to None, run_after=None
[2026-06-01T10:06:44.794+0000] {processor.py:183} INFO - Processing /opt/airflow/dags/dag_2.py took 0.080 seconds
[2026-06-01T10:07:15.007+0000] {processor.py:161} INFO - Started process (PID=1277) to work on /opt/airflow/dags/dag_2.py
[2026-06-01T10:07:15.008+0000] {processor.py:830} INFO - Processing file /opt/airflow/dags/dag_2.py for tasks to queue
[2026-06-01T10:07:15.009+0000] {logging_mixin.py:188} INFO - [2026-06-01T10:07:15.008+0000] {dagbag.py:540} INFO - Filling up the DagBag from /opt/airflow/dags/dag_2.py
[2026-06-01T10:07:15.022+0000] {processor.py:840} INFO - DAG(s) 'my_first_test_dag2' retrieved from /opt/airflow/dags/dag_2.py
[2026-06-01T10:07:15.044+0000] {logging_mixin.py:188} INFO - [2026-06-01T10:07:15.044+0000] {dag.py:3047} INFO - Sync 1 DAGs
[2026-06-01T10:07:15.055+0000] {logging_mixin.py:188} INFO - [2026-06-01T10:07:15.055+0000] {dag.py:3834} INFO - Setting next_dagrun for my_first_test_dag2 to None, run_after=None
[2026-06-01T10:07:15.084+0000] {processor.py:183} INFO - Processing /opt/airflow/dags/dag_2.py took 0.080 seconds
[2026-06-01T10:07:45.256+0000] {processor.py:161} INFO - Started process (PID=1287) to work on /opt/airflow/dags/dag_2.py
[2026-06-01T10:07:45.257+0000] {processor.py:830} INFO - Processing file /opt/airflow/dags/dag_2.py for tasks to queue
[2026-06-01T10:07:45.258+0000] {logging_mixin.py:188} INFO - [2026-06-01T10:07:45.258+0000] {dagbag.py:540} INFO - Filling up the DagBag from /opt/airflow/dags/dag_2.py
[2026-06-01T10:07:45.271+0000] {processor.py:840} INFO - DAG(s) 'my_first_test_dag2' retrieved from /opt/airflow/dags/dag_2.py
[2026-06-01T10:07:45.294+0000] {logging_mixin.py:188} INFO - [2026-06-01T10:07:45.294+0000] {dag.py:3047} INFO - Sync 1 DAGs
[2026-06-01T10:07:45.306+0000] {logging_mixin.py:188} INFO - [2026-06-01T10:07:45.306+0000] {dag.py:3834} INFO - Setting next_dagrun for my_first_test_dag2 to None, run_after=None
[2026-06-01T10:07:45.327+0000] {processor.py:183} INFO - Processing /opt/airflow/dags/dag_2.py took 0.074 seconds
[2026-06-01T10:08:15.583+0000] {processor.py:161} INFO - Started process (PID=1297) to work on /opt/airflow/dags/dag_2.py
[2026-06-01T10:08:15.584+0000] {processor.py:830} INFO - Processing file /opt/airflow/dags/dag_2.py for tasks to queue
[2026-06-01T10:08:15.585+0000] {logging_mixin.py:188} INFO - [2026-06-01T10:08:15.584+0000] {dagbag.py:540} INFO - Filling up the DagBag from /opt/airflow/dags/dag_2.py
[2026-06-01T10:08:15.598+0000] {processor.py:840} INFO - DAG(s) 'my_first_test_dag2' retrieved from /opt/airflow/dags/dag_2.py
[2026-06-01T10:08:15.621+0000] {logging_mixin.py:188} INFO - [2026-06-01T10:08:15.621+0000] {dag.py:3047} INFO - Sync 1 DAGs
[2026-06-01T10:08:15.633+0000] {logging_mixin.py:188} INFO - [2026-06-01T10:08:15.632+0000] {dag.py:3834} INFO - Setting next_dagrun for my_first_test_dag2 to None, run_after=None
[2026-06-01T10:08:15.660+0000] {processor.py:183} INFO - Processing /opt/airflow/dags/dag_2.py took 0.080 seconds
[2026-06-01T10:08:45.820+0000] {processor.py:161} INFO - Started process (PID=1307) to work on /opt/airflow/dags/dag_2.py
[2026-06-01T10:08:45.826+0000] {processor.py:830} INFO - Processing file /opt/airflow/dags/dag_2.py for tasks to queue
[2026-06-01T10:08:45.830+0000] {logging_mixin.py:188} INFO - [2026-06-01T10:08:45.828+0000] {dagbag.py:540} INFO - Filling up the DagBag from /opt/airflow/dags/dag_2.py
[2026-06-01T10:08:45.862+0000] {processor.py:840} INFO - DAG(s) 'my_first_test_dag2' retrieved from /opt/airflow/dags/dag_2.py
[2026-06-01T10:08:45.937+0000] {logging_mixin.py:188} INFO - [2026-06-01T10:08:45.937+0000] {dag.py:3047} INFO - Sync 1 DAGs
[2026-06-01T10:08:45.955+0000] {logging_mixin.py:188} INFO - [2026-06-01T10:08:45.955+0000] {dag.py:3834} INFO - Setting next_dagrun for my_first_test_dag2 to None, run_after=None
[2026-06-01T10:08:45.979+0000] {processor.py:183} INFO - Processing /opt/airflow/dags/dag_2.py took 0.168 seconds
[2026-06-01T10:09:16.107+0000] {processor.py:161} INFO - Started process (PID=1317) to work on /opt/airflow/dags/dag_2.py
[2026-06-01T10:09:16.108+0000] {processor.py:830} INFO - Processing file /opt/airflow/dags/dag_2.py for tasks to queue
[2026-06-01T10:09:16.110+0000] {logging_mixin.py:188} INFO - [2026-06-01T10:09:16.109+0000] {dagbag.py:540} INFO - Filling up the DagBag from /opt/airflow/dags/dag_2.py
[2026-06-01T10:09:16.133+0000] {processor.py:840} INFO - DAG(s) 'my_first_test_dag2' retrieved from /opt/airflow/dags/dag_2.py
[2026-06-01T10:09:16.183+0000] {logging_mixin.py:188} INFO - [2026-06-01T10:09:16.183+0000] {dag.py:3047} INFO - Sync 1 DAGs
[2026-06-01T10:09:16.199+0000] {logging_mixin.py:188} INFO - [2026-06-01T10:09:16.199+0000] {dag.py:3834} INFO - Setting next_dagrun for my_first_test_dag2 to None, run_after=None
[2026-06-01T10:09:16.232+0000] {processor.py:183} INFO - Processing /opt/airflow/dags/dag_2.py took 0.129 seconds
[2026-06-01T10:09:46.483+0000] {processor.py:161} INFO - Started process (PID=1327) to work on /opt/airflow/dags/dag_2.py
[2026-06-01T10:09:46.484+0000] {processor.py:830} INFO - Processing file /opt/airflow/dags/dag_2.py for tasks to queue
[2026-06-01T10:09:46.485+0000] {logging_mixin.py:188} INFO - [2026-06-01T10:09:46.485+0000] {dagbag.py:540} INFO - Filling up the DagBag from /opt/airflow/dags/dag_2.py
[2026-06-01T10:09:46.509+0000] {processor.py:840} INFO - DAG(s) 'my_first_test_dag2' retrieved from /opt/airflow/dags/dag_2.py
[2026-06-01T10:09:46.538+0000] {logging_mixin.py:188} INFO - [2026-06-01T10:09:46.538+0000] {dag.py:3047} INFO - Sync 1 DAGs
[2026-06-01T10:09:46.550+0000] {logging_mixin.py:188} INFO - [2026-06-01T10:09:46.549+0000] {dag.py:3834} INFO - Setting next_dagrun for my_first_test_dag2 to None, run_after=None
[2026-06-01T10:09:46.571+0000] {processor.py:183} INFO - Processing /opt/airflow/dags/dag_2.py took 0.092 seconds
[2026-06-01T10:10:16.753+0000] {processor.py:161} INFO - Started process (PID=1337) to work on /opt/airflow/dags/dag_2.py
[2026-06-01T10:10:16.756+0000] {processor.py:830} INFO - Processing file /opt/airflow/dags/dag_2.py for tasks to queue
[2026-06-01T10:10:16.757+0000] {logging_mixin.py:188} INFO - [2026-06-01T10:10:16.757+0000] {dagbag.py:540} INFO - Filling up the DagBag from /opt/airflow/dags/dag_2.py
[2026-06-01T10:10:16.771+0000] {processor.py:840} INFO - DAG(s) 'my_first_test_dag2' retrieved from /opt/airflow/dags/dag_2.py
[2026-06-01T10:10:16.797+0000] {logging_mixin.py:188} INFO - [2026-06-01T10:10:16.796+0000] {dag.py:3047} INFO - Sync 1 DAGs
[2026-06-01T10:10:16.810+0000] {logging_mixin.py:188} INFO - [2026-06-01T10:10:16.810+0000] {dag.py:3834} INFO - Setting next_dagrun for my_first_test_dag2 to None, run_after=None
[2026-06-01T10:10:16.835+0000] {processor.py:183} INFO - Processing /opt/airflow/dags/dag_2.py took 0.084 seconds
[2026-06-01T10:10:47.017+0000] {processor.py:161} INFO - Started process (PID=1347) to work on /opt/airflow/dags/dag_2.py
[2026-06-01T10:10:47.018+0000] {processor.py:830} INFO - Processing file /opt/airflow/dags/dag_2.py for tasks to queue
[2026-06-01T10:10:47.019+0000] {logging_mixin.py:188} INFO - [2026-06-01T10:10:47.018+0000] {dagbag.py:540} INFO - Filling up the DagBag from /opt/airflow/dags/dag_2.py
[2026-06-01T10:10:47.043+0000] {processor.py:840} INFO - DAG(s) 'my_first_test_dag2' retrieved from /opt/airflow/dags/dag_2.py
[2026-06-01T10:10:47.086+0000] {logging_mixin.py:188} INFO - [2026-06-01T10:10:47.086+0000] {dag.py:3047} INFO - Sync 1 DAGs
[2026-06-01T10:10:47.108+0000] {logging_mixin.py:188} INFO - [2026-06-01T10:10:47.108+0000] {dag.py:3834} INFO - Setting next_dagrun for my_first_test_dag2 to None, run_after=None
[2026-06-01T10:10:47.139+0000] {processor.py:183} INFO - Processing /opt/airflow/dags/dag_2.py took 0.125 seconds
[2026-06-01T10:11:17.283+0000] {processor.py:161} INFO - Started process (PID=1357) to work on /opt/airflow/dags/dag_2.py
[2026-06-01T10:11:17.284+0000] {processor.py:830} INFO - Processing file /opt/airflow/dags/dag_2.py for tasks to queue
[2026-06-01T10:11:17.285+0000] {logging_mixin.py:188} INFO - [2026-06-01T10:11:17.284+0000] {dagbag.py:540} INFO - Filling up the DagBag from /opt/airflow/dags/dag_2.py
[2026-06-01T10:11:17.297+0000] {processor.py:840} INFO - DAG(s) 'my_first_test_dag2' retrieved from /opt/airflow/dags/dag_2.py
[2026-06-01T10:11:17.320+0000] {logging_mixin.py:188} INFO - [2026-06-01T10:11:17.320+0000] {dag.py:3047} INFO - Sync 1 DAGs
[2026-06-01T10:11:17.334+0000] {logging_mixin.py:188} INFO - [2026-06-01T10:11:17.334+0000] {dag.py:3834} INFO - Setting next_dagrun for my_first_test_dag2 to None, run_after=None
[2026-06-01T10:11:17.368+0000] {processor.py:183} INFO - Processing /opt/airflow/dags/dag_2.py took 0.087 seconds
[2026-06-01T10:11:47.592+0000] {processor.py:161} INFO - Started process (PID=1367) to work on /opt/airflow/dags/dag_2.py
[2026-06-01T10:11:47.593+0000] {processor.py:830} INFO - Processing file /opt/airflow/dags/dag_2.py for tasks to queue
[2026-06-01T10:11:47.593+0000] {logging_mixin.py:188} INFO - [2026-06-01T10:11:47.593+0000] {dagbag.py:540} INFO - Filling up the DagBag from /opt/airflow/dags/dag_2.py
[2026-06-01T10:11:47.616+0000] {processor.py:840} INFO - DAG(s) 'my_first_test_dag2' retrieved from /opt/airflow/dags/dag_2.py
[2026-06-01T10:11:47.644+0000] {logging_mixin.py:188} INFO - [2026-06-01T10:11:47.643+0000] {dag.py:3047} INFO - Sync 1 DAGs
[2026-06-01T10:11:47.659+0000] {logging_mixin.py:188} INFO - [2026-06-01T10:11:47.659+0000] {dag.py:3834} INFO - Setting next_dagrun for my_first_test_dag2 to None, run_after=None
[2026-06-01T10:11:47.680+0000] {processor.py:183} INFO - Processing /opt/airflow/dags/dag_2.py took 0.091 seconds
[2026-06-01T10:12:17.800+0000] {processor.py:161} INFO - Started process (PID=1377) to work on /opt/airflow/dags/dag_2.py
[2026-06-01T10:12:17.800+0000] {processor.py:830} INFO - Processing file /opt/airflow/dags/dag_2.py for tasks to queue
[2026-06-01T10:12:17.801+0000] {logging_mixin.py:188} INFO - [2026-06-01T10:12:17.801+0000] {dagbag.py:540} INFO - Filling up the DagBag from /opt/airflow/dags/dag_2.py
[2026-06-01T10:12:17.814+0000] {processor.py:840} INFO - DAG(s) 'my_first_test_dag2' retrieved from /opt/airflow/dags/dag_2.py
[2026-06-01T10:12:17.837+0000] {logging_mixin.py:188} INFO - [2026-06-01T10:12:17.837+0000] {dag.py:3047} INFO - Sync 1 DAGs
[2026-06-01T10:12:17.849+0000] {logging_mixin.py:188} INFO - [2026-06-01T10:12:17.849+0000] {dag.py:3834} INFO - Setting next_dagrun for my_first_test_dag2 to None, run_after=None
[2026-06-01T10:12:17.877+0000] {processor.py:183} INFO - Processing /opt/airflow/dags/dag_2.py took 0.081 seconds
[2026-06-01T10:12:48.099+0000] {processor.py:161} INFO - Started process (PID=1387) to work on /opt/airflow/dags/dag_2.py
[2026-06-01T10:12:48.100+0000] {processor.py:830} INFO - Processing file /opt/airflow/dags/dag_2.py for tasks to queue
[2026-06-01T10:12:48.101+0000] {logging_mixin.py:188} INFO - [2026-06-01T10:12:48.100+0000] {dagbag.py:540} INFO - Filling up the DagBag from /opt/airflow/dags/dag_2.py
[2026-06-01T10:12:48.127+0000] {processor.py:840} INFO - DAG(s) 'my_first_test_dag2' retrieved from /opt/airflow/dags/dag_2.py
[2026-06-01T10:12:48.154+0000] {logging_mixin.py:188} INFO - [2026-06-01T10:12:48.154+0000] {dag.py:3047} INFO - Sync 1 DAGs
[2026-06-01T10:12:48.166+0000] {logging_mixin.py:188} INFO - [2026-06-01T10:12:48.165+0000] {dag.py:3834} INFO - Setting next_dagrun for my_first_test_dag2 to None, run_after=None
[2026-06-01T10:12:48.191+0000] {processor.py:183} INFO - Processing /opt/airflow/dags/dag_2.py took 0.095 seconds
[2026-06-01T10:13:18.304+0000] {processor.py:161} INFO - Started process (PID=1397) to work on /opt/airflow/dags/dag_2.py
[2026-06-01T10:13:18.305+0000] {processor.py:830} INFO - Processing file /opt/airflow/dags/dag_2.py for tasks to queue
[2026-06-01T10:13:18.305+0000] {logging_mixin.py:188} INFO - [2026-06-01T10:13:18.305+0000] {dagbag.py:540} INFO - Filling up the DagBag from /opt/airflow/dags/dag_2.py
[2026-06-01T10:13:18.324+0000] {processor.py:840} INFO - DAG(s) 'my_first_test_dag2' retrieved from /opt/airflow/dags/dag_2.py
[2026-06-01T10:13:18.350+0000] {logging_mixin.py:188} INFO - [2026-06-01T10:13:18.350+0000] {dag.py:3047} INFO - Sync 1 DAGs
[2026-06-01T10:13:18.362+0000] {logging_mixin.py:188} INFO - [2026-06-01T10:13:18.362+0000] {dag.py:3834} INFO - Setting next_dagrun for my_first_test_dag2 to None, run_after=None
[2026-06-01T10:13:18.390+0000] {processor.py:183} INFO - Processing /opt/airflow/dags/dag_2.py took 0.090 seconds
[2026-06-01T10:13:48.554+0000] {processor.py:161} INFO - Started process (PID=1407) to work on /opt/airflow/dags/dag_2.py
[2026-06-01T10:13:48.555+0000] {processor.py:830} INFO - Processing file /opt/airflow/dags/dag_2.py for tasks to queue
[2026-06-01T10:13:48.556+0000] {logging_mixin.py:188} INFO - [2026-06-01T10:13:48.556+0000] {dagbag.py:540} INFO - Filling up the DagBag from /opt/airflow/dags/dag_2.py
[2026-06-01T10:13:48.578+0000] {processor.py:840} INFO - DAG(s) 'my_first_test_dag2' retrieved from /opt/airflow/dags/dag_2.py
[2026-06-01T10:13:48.605+0000] {logging_mixin.py:188} INFO - [2026-06-01T10:13:48.605+0000] {dag.py:3047} INFO - Sync 1 DAGs
[2026-06-01T10:13:48.616+0000] {logging_mixin.py:188} INFO - [2026-06-01T10:13:48.616+0000] {dag.py:3834} INFO - Setting next_dagrun for my_first_test_dag2 to None, run_after=None
[2026-06-01T10:13:48.639+0000] {processor.py:183} INFO - Processing /opt/airflow/dags/dag_2.py took 0.088 seconds
[2026-06-01T10:14:18.782+0000] {processor.py:161} INFO - Started process (PID=1417) to work on /opt/airflow/dags/dag_2.py
[2026-06-01T10:14:18.783+0000] {processor.py:830} INFO - Processing file /opt/airflow/dags/dag_2.py for tasks to queue
[2026-06-01T10:14:18.784+0000] {logging_mixin.py:188} INFO - [2026-06-01T10:14:18.783+0000] {dagbag.py:540} INFO - Filling up the DagBag from /opt/airflow/dags/dag_2.py
[2026-06-01T10:14:18.796+0000] {processor.py:840} INFO - DAG(s) 'my_first_test_dag2' retrieved from /opt/airflow/dags/dag_2.py
[2026-06-01T10:14:18.819+0000] {logging_mixin.py:188} INFO - [2026-06-01T10:14:18.818+0000] {dag.py:3047} INFO - Sync 1 DAGs
[2026-06-01T10:14:18.831+0000] {logging_mixin.py:188} INFO - [2026-06-01T10:14:18.831+0000] {dag.py:3834} INFO - Setting next_dagrun for my_first_test_dag2 to None, run_after=None
[2026-06-01T10:14:18.856+0000] {processor.py:183} INFO - Processing /opt/airflow/dags/dag_2.py took 0.077 seconds
[2026-06-01T10:14:49.052+0000] {processor.py:161} INFO - Started process (PID=1427) to work on /opt/airflow/dags/dag_2.py
[2026-06-01T10:14:49.053+0000] {processor.py:830} INFO - Processing file /opt/airflow/dags/dag_2.py for tasks to queue
[2026-06-01T10:14:49.054+0000] {logging_mixin.py:188} INFO - [2026-06-01T10:14:49.054+0000] {dagbag.py:540} INFO - Filling up the DagBag from /opt/airflow/dags/dag_2.py
[2026-06-01T10:14:49.068+0000] {processor.py:840} INFO - DAG(s) 'my_first_test_dag2' retrieved from /opt/airflow/dags/dag_2.py
[2026-06-01T10:14:49.093+0000] {logging_mixin.py:188} INFO - [2026-06-01T10:14:49.092+0000] {dag.py:3047} INFO - Sync 1 DAGs
[2026-06-01T10:14:49.107+0000] {logging_mixin.py:188} INFO - [2026-06-01T10:14:49.107+0000] {dag.py:3834} INFO - Setting next_dagrun for my_first_test_dag2 to None, run_after=None
[2026-06-01T10:14:49.126+0000] {processor.py:183} INFO - Processing /opt/airflow/dags/dag_2.py took 0.078 seconds
[2026-06-01T10:15:19.272+0000] {processor.py:161} INFO - Started process (PID=1437) to work on /opt/airflow/dags/dag_2.py
[2026-06-01T10:15:19.273+0000] {processor.py:830} INFO - Processing file /opt/airflow/dags/dag_2.py for tasks to queue
[2026-06-01T10:15:19.274+0000] {logging_mixin.py:188} INFO - [2026-06-01T10:15:19.274+0000] {dagbag.py:540} INFO - Filling up the DagBag from /opt/airflow/dags/dag_2.py
[2026-06-01T10:15:19.289+0000] {processor.py:840} INFO - DAG(s) 'my_first_test_dag2' retrieved from /opt/airflow/dags/dag_2.py
[2026-06-01T10:15:19.316+0000] {logging_mixin.py:188} INFO - [2026-06-01T10:15:19.315+0000] {dag.py:3047} INFO - Sync 1 DAGs
[2026-06-01T10:15:19.328+0000] {logging_mixin.py:188} INFO - [2026-06-01T10:15:19.328+0000] {dag.py:3834} INFO - Setting next_dagrun for my_first_test_dag2 to None, run_after=None
[2026-06-01T10:15:19.424+0000] {processor.py:183} INFO - Processing /opt/airflow/dags/dag_2.py took 0.155 seconds
[2026-06-01T10:15:49.802+0000] {processor.py:161} INFO - Started process (PID=1447) to work on /opt/airflow/dags/dag_2.py
[2026-06-01T10:15:49.803+0000] {processor.py:830} INFO - Processing file /opt/airflow/dags/dag_2.py for tasks to queue
[2026-06-01T10:15:49.803+0000] {logging_mixin.py:188} INFO - [2026-06-01T10:15:49.803+0000] {dagbag.py:540} INFO - Filling up the DagBag from /opt/airflow/dags/dag_2.py
[2026-06-01T10:15:49.817+0000] {processor.py:840} INFO - DAG(s) 'my_first_test_dag2' retrieved from /opt/airflow/dags/dag_2.py
[2026-06-01T10:15:49.842+0000] {logging_mixin.py:188} INFO - [2026-06-01T10:15:49.842+0000] {dag.py:3047} INFO - Sync 1 DAGs
[2026-06-01T10:15:49.855+0000] {logging_mixin.py:188} INFO - [2026-06-01T10:15:49.855+0000] {dag.py:3834} INFO - Setting next_dagrun for my_first_test_dag2 to None, run_after=None
[2026-06-01T10:15:49.877+0000] {processor.py:183} INFO - Processing /opt/airflow/dags/dag_2.py took 0.078 seconds
[2026-06-01T10:16:20.046+0000] {processor.py:161} INFO - Started process (PID=1457) to work on /opt/airflow/dags/dag_2.py
[2026-06-01T10:16:20.047+0000] {processor.py:830} INFO - Processing file /opt/airflow/dags/dag_2.py for tasks to queue
[2026-06-01T10:16:20.048+0000] {logging_mixin.py:188} INFO - [2026-06-01T10:16:20.048+0000] {dagbag.py:540} INFO - Filling up the DagBag from /opt/airflow/dags/dag_2.py
[2026-06-01T10:16:20.061+0000] {processor.py:840} INFO - DAG(s) 'my_first_test_dag2' retrieved from /opt/airflow/dags/dag_2.py
[2026-06-01T10:16:20.091+0000] {logging_mixin.py:188} INFO - [2026-06-01T10:16:20.090+0000] {dag.py:3047} INFO - Sync 1 DAGs
[2026-06-01T10:16:20.105+0000] {logging_mixin.py:188} INFO - [2026-06-01T10:16:20.104+0000] {dag.py:3834} INFO - Setting next_dagrun for my_first_test_dag2 to None, run_after=None
[2026-06-01T10:16:20.141+0000] {processor.py:183} INFO - Processing /opt/airflow/dags/dag_2.py took 0.099 seconds
[2026-06-01T10:16:50.281+0000] {processor.py:161} INFO - Started process (PID=1467) to work on /opt/airflow/dags/dag_2.py
[2026-06-01T10:16:50.282+0000] {processor.py:830} INFO - Processing file /opt/airflow/dags/dag_2.py for tasks to queue
[2026-06-01T10:16:50.283+0000] {logging_mixin.py:188} INFO - [2026-06-01T10:16:50.283+0000] {dagbag.py:540} INFO - Filling up the DagBag from /opt/airflow/dags/dag_2.py
[2026-06-01T10:16:50.369+0000] {processor.py:840} INFO - DAG(s) 'my_first_test_dag2' retrieved from /opt/airflow/dags/dag_2.py
[2026-06-01T10:16:50.406+0000] {logging_mixin.py:188} INFO - [2026-06-01T10:16:50.405+0000] {dag.py:3047} INFO - Sync 1 DAGs
[2026-06-01T10:16:50.422+0000] {logging_mixin.py:188} INFO - [2026-06-01T10:16:50.422+0000] {dag.py:3834} INFO - Setting next_dagrun for my_first_test_dag2 to None, run_after=None
[2026-06-01T10:16:50.444+0000] {processor.py:183} INFO - Processing /opt/airflow/dags/dag_2.py took 0.167 seconds
[2026-06-01T10:17:20.665+0000] {processor.py:161} INFO - Started process (PID=1477) to work on /opt/airflow/dags/dag_2.py
[2026-06-01T10:17:20.666+0000] {processor.py:830} INFO - Processing file /opt/airflow/dags/dag_2.py for tasks to queue
[2026-06-01T10:17:20.667+0000] {logging_mixin.py:188} INFO - [2026-06-01T10:17:20.667+0000] {dagbag.py:540} INFO - Filling up the DagBag from /opt/airflow/dags/dag_2.py
[2026-06-01T10:17:20.686+0000] {processor.py:840} INFO - DAG(s) 'my_first_test_dag2' retrieved from /opt/airflow/dags/dag_2.py
[2026-06-01T10:17:20.715+0000] {logging_mixin.py:188} INFO - [2026-06-01T10:17:20.715+0000] {dag.py:3047} INFO - Sync 1 DAGs
[2026-06-01T10:17:20.732+0000] {logging_mixin.py:188} INFO - [2026-06-01T10:17:20.731+0000] {dag.py:3834} INFO - Setting next_dagrun for my_first_test_dag2 to None, run_after=None
[2026-06-01T10:17:20.760+0000] {processor.py:183} INFO - Processing /opt/airflow/dags/dag_2.py took 0.098 seconds
[2026-06-01T10:17:50.904+0000] {processor.py:161} INFO - Started process (PID=1487) to work on /opt/airflow/dags/dag_2.py
[2026-06-01T10:17:50.905+0000] {processor.py:830} INFO - Processing file /opt/airflow/dags/dag_2.py for tasks to queue
[2026-06-01T10:17:50.906+0000] {logging_mixin.py:188} INFO - [2026-06-01T10:17:50.906+0000] {dagbag.py:540} INFO - Filling up the DagBag from /opt/airflow/dags/dag_2.py
[2026-06-01T10:17:50.921+0000] {processor.py:840} INFO - DAG(s) 'my_first_test_dag2' retrieved from /opt/airflow/dags/dag_2.py
[2026-06-01T10:17:50.948+0000] {logging_mixin.py:188} INFO - [2026-06-01T10:17:50.947+0000] {dag.py:3047} INFO - Sync 1 DAGs
[2026-06-01T10:17:50.962+0000] {logging_mixin.py:188} INFO - [2026-06-01T10:17:50.961+0000] {dag.py:3834} INFO - Setting next_dagrun for my_first_test_dag2 to None, run_after=None
[2026-06-01T10:17:50.986+0000] {processor.py:183} INFO - Processing /opt/airflow/dags/dag_2.py took 0.084 seconds
[2026-06-01T10:18:21.271+0000] {processor.py:161} INFO - Started process (PID=1497) to work on /opt/airflow/dags/dag_2.py
[2026-06-01T10:18:21.272+0000] {processor.py:830} INFO - Processing file /opt/airflow/dags/dag_2.py for tasks to queue
[2026-06-01T10:18:21.273+0000] {logging_mixin.py:188} INFO - [2026-06-01T10:18:21.272+0000] {dagbag.py:540} INFO - Filling up the DagBag from /opt/airflow/dags/dag_2.py
[2026-06-01T10:18:21.288+0000] {processor.py:840} INFO - DAG(s) 'my_first_test_dag2' retrieved from /opt/airflow/dags/dag_2.py
[2026-06-01T10:18:21.317+0000] {logging_mixin.py:188} INFO - [2026-06-01T10:18:21.317+0000] {dag.py:3047} INFO - Sync 1 DAGs
[2026-06-01T10:18:21.333+0000] {logging_mixin.py:188} INFO - [2026-06-01T10:18:21.333+0000] {dag.py:3834} INFO - Setting next_dagrun for my_first_test_dag2 to None, run_after=None
[2026-06-01T10:18:21.358+0000] {processor.py:183} INFO - Processing /opt/airflow/dags/dag_2.py took 0.091 seconds
[2026-06-01T10:18:51.717+0000] {processor.py:161} INFO - Started process (PID=1507) to work on /opt/airflow/dags/dag_2.py
[2026-06-01T10:18:51.719+0000] {processor.py:830} INFO - Processing file /opt/airflow/dags/dag_2.py for tasks to queue
[2026-06-01T10:18:51.719+0000] {logging_mixin.py:188} INFO - [2026-06-01T10:18:51.719+0000] {dagbag.py:540} INFO - Filling up the DagBag from /opt/airflow/dags/dag_2.py
[2026-06-01T10:18:51.735+0000] {processor.py:840} INFO - DAG(s) 'my_first_test_dag2' retrieved from /opt/airflow/dags/dag_2.py
[2026-06-01T10:18:51.765+0000] {logging_mixin.py:188} INFO - [2026-06-01T10:18:51.765+0000] {dag.py:3047} INFO - Sync 1 DAGs
[2026-06-01T10:18:51.781+0000] {logging_mixin.py:188} INFO - [2026-06-01T10:18:51.781+0000] {dag.py:3834} INFO - Setting next_dagrun for my_first_test_dag2 to None, run_after=None
[2026-06-01T10:18:51.808+0000] {processor.py:183} INFO - Processing /opt/airflow/dags/dag_2.py took 0.095 seconds
[2026-06-01T10:19:22.032+0000] {processor.py:161} INFO - Started process (PID=1517) to work on /opt/airflow/dags/dag_2.py
[2026-06-01T10:19:22.033+0000] {processor.py:830} INFO - Processing file /opt/airflow/dags/dag_2.py for tasks to queue
[2026-06-01T10:19:22.035+0000] {logging_mixin.py:188} INFO - [2026-06-01T10:19:22.034+0000] {dagbag.py:540} INFO - Filling up the DagBag from /opt/airflow/dags/dag_2.py
[2026-06-01T10:19:22.053+0000] {processor.py:840} INFO - DAG(s) 'my_first_test_dag2' retrieved from /opt/airflow/dags/dag_2.py
[2026-06-01T10:19:22.086+0000] {logging_mixin.py:188} INFO - [2026-06-01T10:19:22.085+0000] {dag.py:3047} INFO - Sync 1 DAGs
[2026-06-01T10:19:22.102+0000] {logging_mixin.py:188} INFO - [2026-06-01T10:19:22.102+0000] {dag.py:3834} INFO - Setting next_dagrun for my_first_test_dag2 to None, run_after=None
[2026-06-01T10:19:22.135+0000] {processor.py:183} INFO - Processing /opt/airflow/dags/dag_2.py took 0.107 seconds
[2026-06-01T10:19:52.314+0000] {processor.py:161} INFO - Started process (PID=1527) to work on /opt/airflow/dags/dag_2.py
[2026-06-01T10:19:52.315+0000] {processor.py:830} INFO - Processing file /opt/airflow/dags/dag_2.py for tasks to queue
[2026-06-01T10:19:52.316+0000] {logging_mixin.py:188} INFO - [2026-06-01T10:19:52.315+0000] {dagbag.py:540} INFO - Filling up the DagBag from /opt/airflow/dags/dag_2.py
[2026-06-01T10:19:52.333+0000] {processor.py:840} INFO - DAG(s) 'my_first_test_dag2' retrieved from /opt/airflow/dags/dag_2.py
[2026-06-01T10:19:52.360+0000] {logging_mixin.py:188} INFO - [2026-06-01T10:19:52.359+0000] {dag.py:3047} INFO - Sync 1 DAGs
[2026-06-01T10:19:52.373+0000] {logging_mixin.py:188} INFO - [2026-06-01T10:19:52.373+0000] {dag.py:3834} INFO - Setting next_dagrun for my_first_test_dag2 to None, run_after=None
[2026-06-01T10:19:52.404+0000] {processor.py:183} INFO - Processing /opt/airflow/dags/dag_2.py took 0.094 seconds
[2026-06-01T10:20:22.578+0000] {processor.py:161} INFO - Started process (PID=1537) to work on /opt/airflow/dags/dag_2.py
[2026-06-01T10:20:22.580+0000] {processor.py:830} INFO - Processing file /opt/airflow/dags/dag_2.py for tasks to queue
[2026-06-01T10:20:22.581+0000] {logging_mixin.py:188} INFO - [2026-06-01T10:20:22.580+0000] {dagbag.py:540} INFO - Filling up the DagBag from /opt/airflow/dags/dag_2.py
[2026-06-01T10:20:22.602+0000] {processor.py:840} INFO - DAG(s) 'my_first_test_dag2' retrieved from /opt/airflow/dags/dag_2.py
[2026-06-01T10:20:22.631+0000] {logging_mixin.py:188} INFO - [2026-06-01T10:20:22.630+0000] {dag.py:3047} INFO - Sync 1 DAGs
[2026-06-01T10:20:22.645+0000] {logging_mixin.py:188} INFO - [2026-06-01T10:20:22.645+0000] {dag.py:3834} INFO - Setting next_dagrun for my_first_test_dag2 to None, run_after=None
[2026-06-01T10:20:22.671+0000] {processor.py:183} INFO - Processing /opt/airflow/dags/dag_2.py took 0.096 seconds
[2026-06-01T10:20:52.822+0000] {processor.py:161} INFO - Started process (PID=1547) to work on /opt/airflow/dags/dag_2.py
[2026-06-01T10:20:52.823+0000] {processor.py:830} INFO - Processing file /opt/airflow/dags/dag_2.py for tasks to queue
[2026-06-01T10:20:52.825+0000] {logging_mixin.py:188} INFO - [2026-06-01T10:20:52.824+0000] {dagbag.py:540} INFO - Filling up the DagBag from /opt/airflow/dags/dag_2.py
[2026-06-01T10:20:52.852+0000] {processor.py:840} INFO - DAG(s) 'my_first_test_dag2' retrieved from /opt/airflow/dags/dag_2.py
[2026-06-01T10:20:52.898+0000] {logging_mixin.py:188} INFO - [2026-06-01T10:20:52.898+0000] {dag.py:3047} INFO - Sync 1 DAGs
[2026-06-01T10:20:52.920+0000] {logging_mixin.py:188} INFO - [2026-06-01T10:20:52.920+0000] {dag.py:3834} INFO - Setting next_dagrun for my_first_test_dag2 to None, run_after=None
[2026-06-01T10:20:52.956+0000] {processor.py:183} INFO - Processing /opt/airflow/dags/dag_2.py took 0.138 seconds
[2026-06-01T10:21:23.249+0000] {processor.py:161} INFO - Started process (PID=1557) to work on /opt/airflow/dags/dag_2.py
[2026-06-01T10:21:23.250+0000] {processor.py:830} INFO - Processing file /opt/airflow/dags/dag_2.py for tasks to queue
[2026-06-01T10:21:23.252+0000] {logging_mixin.py:188} INFO - [2026-06-01T10:21:23.252+0000] {dagbag.py:540} INFO - Filling up the DagBag from /opt/airflow/dags/dag_2.py
[2026-06-01T10:21:23.277+0000] {processor.py:840} INFO - DAG(s) 'my_first_test_dag2' retrieved from /opt/airflow/dags/dag_2.py
[2026-06-01T10:21:23.310+0000] {logging_mixin.py:188} INFO - [2026-06-01T10:21:23.309+0000] {dag.py:3047} INFO - Sync 1 DAGs
[2026-06-01T10:21:23.332+0000] {logging_mixin.py:188} INFO - [2026-06-01T10:21:23.331+0000] {dag.py:3834} INFO - Setting next_dagrun for my_first_test_dag2 to None, run_after=None
[2026-06-01T10:21:23.354+0000] {processor.py:183} INFO - Processing /opt/airflow/dags/dag_2.py took 0.109 seconds
[2026-06-01T10:21:53.474+0000] {processor.py:161} INFO - Started process (PID=1567) to work on /opt/airflow/dags/dag_2.py
[2026-06-01T10:21:53.475+0000] {processor.py:830} INFO - Processing file /opt/airflow/dags/dag_2.py for tasks to queue
[2026-06-01T10:21:53.476+0000] {logging_mixin.py:188} INFO - [2026-06-01T10:21:53.476+0000] {dagbag.py:540} INFO - Filling up the DagBag from /opt/airflow/dags/dag_2.py
[2026-06-01T10:21:53.497+0000] {processor.py:840} INFO - DAG(s) 'my_first_test_dag2' retrieved from /opt/airflow/dags/dag_2.py
[2026-06-01T10:21:53.527+0000] {logging_mixin.py:188} INFO - [2026-06-01T10:21:53.526+0000] {dag.py:3047} INFO - Sync 1 DAGs
[2026-06-01T10:21:53.543+0000] {logging_mixin.py:188} INFO - [2026-06-01T10:21:53.542+0000] {dag.py:3834} INFO - Setting next_dagrun for my_first_test_dag2 to None, run_after=None
[2026-06-01T10:21:53.568+0000] {processor.py:183} INFO - Processing /opt/airflow/dags/dag_2.py took 0.097 seconds
[2026-06-01T10:22:23.693+0000] {processor.py:161} INFO - Started process (PID=1577) to work on /opt/airflow/dags/dag_2.py
[2026-06-01T10:22:23.694+0000] {processor.py:830} INFO - Processing file /opt/airflow/dags/dag_2.py for tasks to queue
[2026-06-01T10:22:23.696+0000] {logging_mixin.py:188} INFO - [2026-06-01T10:22:23.695+0000] {dagbag.py:540} INFO - Filling up the DagBag from /opt/airflow/dags/dag_2.py
[2026-06-01T10:22:23.717+0000] {processor.py:840} INFO - DAG(s) 'my_first_test_dag2' retrieved from /opt/airflow/dags/dag_2.py
[2026-06-01T10:22:23.748+0000] {logging_mixin.py:188} INFO - [2026-06-01T10:22:23.748+0000] {dag.py:3047} INFO - Sync 1 DAGs
[2026-06-01T10:22:23.764+0000] {logging_mixin.py:188} INFO - [2026-06-01T10:22:23.763+0000] {dag.py:3834} INFO - Setting next_dagrun for my_first_test_dag2 to None, run_after=None
[2026-06-01T10:22:23.789+0000] {processor.py:183} INFO - Processing /opt/airflow/dags/dag_2.py took 0.099 seconds
[2026-06-01T10:22:54.024+0000] {processor.py:161} INFO - Started process (PID=1587) to work on /opt/airflow/dags/dag_2.py
[2026-06-01T10:22:54.025+0000] {processor.py:830} INFO - Processing file /opt/airflow/dags/dag_2.py for tasks to queue
[2026-06-01T10:22:54.026+0000] {logging_mixin.py:188} INFO - [2026-06-01T10:22:54.026+0000] {dagbag.py:540} INFO - Filling up the DagBag from /opt/airflow/dags/dag_2.py
[2026-06-01T10:22:54.040+0000] {processor.py:840} INFO - DAG(s) 'my_first_test_dag2' retrieved from /opt/airflow/dags/dag_2.py
[2026-06-01T10:22:54.067+0000] {logging_mixin.py:188} INFO - [2026-06-01T10:22:54.067+0000] {dag.py:3047} INFO - Sync 1 DAGs
[2026-06-01T10:22:54.087+0000] {logging_mixin.py:188} INFO - [2026-06-01T10:22:54.087+0000] {dag.py:3834} INFO - Setting next_dagrun for my_first_test_dag2 to None, run_after=None
[2026-06-01T10:22:54.110+0000] {processor.py:183} INFO - Processing /opt/airflow/dags/dag_2.py took 0.090 seconds
[2026-06-01T10:23:24.247+0000] {processor.py:161} INFO - Started process (PID=1597) to work on /opt/airflow/dags/dag_2.py
[2026-06-01T10:23:24.248+0000] {processor.py:830} INFO - Processing file /opt/airflow/dags/dag_2.py for tasks to queue
[2026-06-01T10:23:24.249+0000] {logging_mixin.py:188} INFO - [2026-06-01T10:23:24.249+0000] {dagbag.py:540} INFO - Filling up the DagBag from /opt/airflow/dags/dag_2.py
[2026-06-01T10:23:24.261+0000] {processor.py:840} INFO - DAG(s) 'my_first_test_dag2' retrieved from /opt/airflow/dags/dag_2.py
[2026-06-01T10:23:24.287+0000] {logging_mixin.py:188} INFO - [2026-06-01T10:23:24.286+0000] {dag.py:3047} INFO - Sync 1 DAGs
[2026-06-01T10:23:24.301+0000] {logging_mixin.py:188} INFO - [2026-06-01T10:23:24.301+0000] {dag.py:3834} INFO - Setting next_dagrun for my_first_test_dag2 to None, run_after=None
[2026-06-01T10:23:24.323+0000] {processor.py:183} INFO - Processing /opt/airflow/dags/dag_2.py took 0.080 seconds
[2026-06-01T10:23:54.494+0000] {processor.py:161} INFO - Started process (PID=1607) to work on /opt/airflow/dags/dag_2.py
[2026-06-01T10:23:54.495+0000] {processor.py:830} INFO - Processing file /opt/airflow/dags/dag_2.py for tasks to queue
[2026-06-01T10:23:54.495+0000] {logging_mixin.py:188} INFO - [2026-06-01T10:23:54.495+0000] {dagbag.py:540} INFO - Filling up the DagBag from /opt/airflow/dags/dag_2.py
[2026-06-01T10:23:54.507+0000] {processor.py:840} INFO - DAG(s) 'my_first_test_dag2' retrieved from /opt/airflow/dags/dag_2.py
[2026-06-01T10:23:54.529+0000] {logging_mixin.py:188} INFO - [2026-06-01T10:23:54.529+0000] {dag.py:3047} INFO - Sync 1 DAGs
[2026-06-01T10:23:54.541+0000] {logging_mixin.py:188} INFO - [2026-06-01T10:23:54.541+0000] {dag.py:3834} INFO - Setting next_dagrun for my_first_test_dag2 to None, run_after=None
[2026-06-01T10:23:54.563+0000] {processor.py:183} INFO - Processing /opt/airflow/dags/dag_2.py took 0.072 seconds
[2026-06-01T10:24:24.811+0000] {processor.py:161} INFO - Started process (PID=1617) to work on /opt/airflow/dags/dag_2.py
[2026-06-01T10:24:24.812+0000] {processor.py:830} INFO - Processing file /opt/airflow/dags/dag_2.py for tasks to queue
[2026-06-01T10:24:24.813+0000] {logging_mixin.py:188} INFO - [2026-06-01T10:24:24.812+0000] {dagbag.py:540} INFO - Filling up the DagBag from /opt/airflow/dags/dag_2.py
[2026-06-01T10:24:24.826+0000] {processor.py:840} INFO - DAG(s) 'my_first_test_dag2' retrieved from /opt/airflow/dags/dag_2.py
[2026-06-01T10:24:24.852+0000] {logging_mixin.py:188} INFO - [2026-06-01T10:24:24.851+0000] {dag.py:3047} INFO - Sync 1 DAGs
[2026-06-01T10:24:24.865+0000] {logging_mixin.py:188} INFO - [2026-06-01T10:24:24.865+0000] {dag.py:3834} INFO - Setting next_dagrun for my_first_test_dag2 to None, run_after=None
[2026-06-01T10:24:24.886+0000] {processor.py:183} INFO - Processing /opt/airflow/dags/dag_2.py took 0.078 seconds
[2026-06-01T10:24:55.197+0000] {processor.py:161} INFO - Started process (PID=1627) to work on /opt/airflow/dags/dag_2.py
[2026-06-01T10:24:55.198+0000] {processor.py:830} INFO - Processing file /opt/airflow/dags/dag_2.py for tasks to queue
[2026-06-01T10:24:55.200+0000] {logging_mixin.py:188} INFO - [2026-06-01T10:24:55.199+0000] {dagbag.py:540} INFO - Filling up the DagBag from /opt/airflow/dags/dag_2.py
[2026-06-01T10:24:55.216+0000] {processor.py:840} INFO - DAG(s) 'my_first_test_dag2' retrieved from /opt/airflow/dags/dag_2.py
[2026-06-01T10:24:55.241+0000] {logging_mixin.py:188} INFO - [2026-06-01T10:24:55.241+0000] {dag.py:3047} INFO - Sync 1 DAGs
[2026-06-01T10:24:55.254+0000] {logging_mixin.py:188} INFO - [2026-06-01T10:24:55.254+0000] {dag.py:3834} INFO - Setting next_dagrun for my_first_test_dag2 to None, run_after=None
[2026-06-01T10:24:55.284+0000] {processor.py:183} INFO - Processing /opt/airflow/dags/dag_2.py took 0.090 seconds
[2026-06-01T10:25:25.474+0000] {processor.py:161} INFO - Started process (PID=1637) to work on /opt/airflow/dags/dag_2.py
[2026-06-01T10:25:25.475+0000] {processor.py:830} INFO - Processing file /opt/airflow/dags/dag_2.py for tasks to queue
[2026-06-01T10:25:25.476+0000] {logging_mixin.py:188} INFO - [2026-06-01T10:25:25.476+0000] {dagbag.py:540} INFO - Filling up the DagBag from /opt/airflow/dags/dag_2.py
[2026-06-01T10:25:25.499+0000] {processor.py:840} INFO - DAG(s) 'my_first_test_dag2' retrieved from /opt/airflow/dags/dag_2.py
[2026-06-01T10:25:25.528+0000] {logging_mixin.py:188} INFO - [2026-06-01T10:25:25.528+0000] {dag.py:3047} INFO - Sync 1 DAGs
[2026-06-01T10:25:25.548+0000] {logging_mixin.py:188} INFO - [2026-06-01T10:25:25.548+0000] {dag.py:3834} INFO - Setting next_dagrun for my_first_test_dag2 to None, run_after=None
[2026-06-01T10:25:25.577+0000] {processor.py:183} INFO - Processing /opt/airflow/dags/dag_2.py took 0.106 seconds
[2026-06-01T10:25:55.803+0000] {processor.py:161} INFO - Started process (PID=1647) to work on /opt/airflow/dags/dag_2.py
[2026-06-01T10:25:55.805+0000] {processor.py:830} INFO - Processing file /opt/airflow/dags/dag_2.py for tasks to queue
[2026-06-01T10:25:55.806+0000] {logging_mixin.py:188} INFO - [2026-06-01T10:25:55.806+0000] {dagbag.py:540} INFO - Filling up the DagBag from /opt/airflow/dags/dag_2.py
[2026-06-01T10:25:55.829+0000] {processor.py:840} INFO - DAG(s) 'my_first_test_dag2' retrieved from /opt/airflow/dags/dag_2.py
[2026-06-01T10:25:55.879+0000] {logging_mixin.py:188} INFO - [2026-06-01T10:25:55.879+0000] {dag.py:3047} INFO - Sync 1 DAGs
[2026-06-01T10:25:55.898+0000] {logging_mixin.py:188} INFO - [2026-06-01T10:25:55.898+0000] {dag.py:3834} INFO - Setting next_dagrun for my_first_test_dag2 to None, run_after=None
[2026-06-01T10:25:55.925+0000] {processor.py:183} INFO - Processing /opt/airflow/dags/dag_2.py took 0.127 seconds
[2026-06-01T10:26:25.997+0000] {processor.py:161} INFO - Started process (PID=1657) to work on /opt/airflow/dags/dag_2.py
[2026-06-01T10:26:25.999+0000] {processor.py:830} INFO - Processing file /opt/airflow/dags/dag_2.py for tasks to queue
[2026-06-01T10:26:26.001+0000] {logging_mixin.py:188} INFO - [2026-06-01T10:26:26.000+0000] {dagbag.py:540} INFO - Filling up the DagBag from /opt/airflow/dags/dag_2.py
[2026-06-01T10:26:26.035+0000] {processor.py:840} INFO - DAG(s) 'my_first_test_dag2' retrieved from /opt/airflow/dags/dag_2.py
[2026-06-01T10:26:26.075+0000] {logging_mixin.py:188} INFO - [2026-06-01T10:26:26.075+0000] {dag.py:3047} INFO - Sync 1 DAGs
[2026-06-01T10:26:26.094+0000] {logging_mixin.py:188} INFO - [2026-06-01T10:26:26.093+0000] {dag.py:3834} INFO - Setting next_dagrun for my_first_test_dag2 to None, run_after=None
[2026-06-01T10:26:26.114+0000] {processor.py:183} INFO - Processing /opt/airflow/dags/dag_2.py took 0.121 seconds
[2026-06-01T10:26:56.338+0000] {processor.py:161} INFO - Started process (PID=1667) to work on /opt/airflow/dags/dag_2.py
[2026-06-01T10:26:56.339+0000] {processor.py:830} INFO - Processing file /opt/airflow/dags/dag_2.py for tasks to queue
[2026-06-01T10:26:56.340+0000] {logging_mixin.py:188} INFO - [2026-06-01T10:26:56.340+0000] {dagbag.py:540} INFO - Filling up the DagBag from /opt/airflow/dags/dag_2.py
[2026-06-01T10:26:56.354+0000] {processor.py:840} INFO - DAG(s) 'my_first_test_dag2' retrieved from /opt/airflow/dags/dag_2.py
[2026-06-01T10:26:56.391+0000] {logging_mixin.py:188} INFO - [2026-06-01T10:26:56.391+0000] {dag.py:3047} INFO - Sync 1 DAGs
[2026-06-01T10:26:56.408+0000] {logging_mixin.py:188} INFO - [2026-06-01T10:26:56.407+0000] {dag.py:3834} INFO - Setting next_dagrun for my_first_test_dag2 to None, run_after=None
[2026-06-01T10:26:56.441+0000] {processor.py:183} INFO - Processing /opt/airflow/dags/dag_2.py took 0.106 seconds
[2026-06-01T10:27:26.546+0000] {processor.py:161} INFO - Started process (PID=1677) to work on /opt/airflow/dags/dag_2.py
[2026-06-01T10:27:26.547+0000] {processor.py:830} INFO - Processing file /opt/airflow/dags/dag_2.py for tasks to queue
[2026-06-01T10:27:26.548+0000] {logging_mixin.py:188} INFO - [2026-06-01T10:27:26.548+0000] {dagbag.py:540} INFO - Filling up the DagBag from /opt/airflow/dags/dag_2.py
[2026-06-01T10:27:26.563+0000] {processor.py:840} INFO - DAG(s) 'my_first_test_dag2' retrieved from /opt/airflow/dags/dag_2.py
[2026-06-01T10:27:26.595+0000] {logging_mixin.py:188} INFO - [2026-06-01T10:27:26.594+0000] {dag.py:3047} INFO - Sync 1 DAGs
[2026-06-01T10:27:26.609+0000] {logging_mixin.py:188} INFO - [2026-06-01T10:27:26.608+0000] {dag.py:3834} INFO - Setting next_dagrun for my_first_test_dag2 to None, run_after=None
[2026-06-01T10:27:26.631+0000] {processor.py:183} INFO - Processing /opt/airflow/dags/dag_2.py took 0.087 seconds
[2026-06-01T10:27:56.906+0000] {processor.py:161} INFO - Started process (PID=1687) to work on /opt/airflow/dags/dag_2.py
[2026-06-01T10:27:56.908+0000] {processor.py:830} INFO - Processing file /opt/airflow/dags/dag_2.py for tasks to queue
[2026-06-01T10:27:56.909+0000] {logging_mixin.py:188} INFO - [2026-06-01T10:27:56.908+0000] {dagbag.py:540} INFO - Filling up the DagBag from /opt/airflow/dags/dag_2.py
[2026-06-01T10:27:56.930+0000] {processor.py:840} INFO - DAG(s) 'my_first_test_dag2' retrieved from /opt/airflow/dags/dag_2.py
[2026-06-01T10:27:56.963+0000] {logging_mixin.py:188} INFO - [2026-06-01T10:27:56.963+0000] {dag.py:3047} INFO - Sync 1 DAGs
[2026-06-01T10:27:56.981+0000] {logging_mixin.py:188} INFO - [2026-06-01T10:27:56.981+0000] {dag.py:3834} INFO - Setting next_dagrun for my_first_test_dag2 to None, run_after=None
[2026-06-01T10:27:57.004+0000] {processor.py:183} INFO - Processing /opt/airflow/dags/dag_2.py took 0.106 seconds
[2026-06-01T10:28:27.157+0000] {processor.py:161} INFO - Started process (PID=1697) to work on /opt/airflow/dags/dag_2.py
[2026-06-01T10:28:27.158+0000] {processor.py:830} INFO - Processing file /opt/airflow/dags/dag_2.py for tasks to queue
[2026-06-01T10:28:27.159+0000] {logging_mixin.py:188} INFO - [2026-06-01T10:28:27.159+0000] {dagbag.py:540} INFO - Filling up the DagBag from /opt/airflow/dags/dag_2.py
[2026-06-01T10:28:27.174+0000] {processor.py:840} INFO - DAG(s) 'my_first_test_dag2' retrieved from /opt/airflow/dags/dag_2.py
[2026-06-01T10:28:27.206+0000] {logging_mixin.py:188} INFO - [2026-06-01T10:28:27.206+0000] {dag.py:3047} INFO - Sync 1 DAGs
[2026-06-01T10:28:27.223+0000] {logging_mixin.py:188} INFO - [2026-06-01T10:28:27.223+0000] {dag.py:3834} INFO - Setting next_dagrun for my_first_test_dag2 to None, run_after=None
[2026-06-01T10:28:27.249+0000] {processor.py:183} INFO - Processing /opt/airflow/dags/dag_2.py took 0.095 seconds
[2026-06-01T10:28:57.488+0000] {processor.py:161} INFO - Started process (PID=1707) to work on /opt/airflow/dags/dag_2.py
[2026-06-01T10:28:57.490+0000] {processor.py:830} INFO - Processing file /opt/airflow/dags/dag_2.py for tasks to queue
[2026-06-01T10:28:57.491+0000] {logging_mixin.py:188} INFO - [2026-06-01T10:28:57.491+0000] {dagbag.py:540} INFO - Filling up the DagBag from /opt/airflow/dags/dag_2.py
[2026-06-01T10:28:57.509+0000] {processor.py:840} INFO - DAG(s) 'my_first_test_dag2' retrieved from /opt/airflow/dags/dag_2.py
[2026-06-01T10:28:57.541+0000] {logging_mixin.py:188} INFO - [2026-06-01T10:28:57.541+0000] {dag.py:3047} INFO - Sync 1 DAGs
[2026-06-01T10:28:57.557+0000] {logging_mixin.py:188} INFO - [2026-06-01T10:28:57.556+0000] {dag.py:3834} INFO - Setting next_dagrun for my_first_test_dag2 to None, run_after=None
[2026-06-01T10:28:57.580+0000] {processor.py:183} INFO - Processing /opt/airflow/dags/dag_2.py took 0.095 seconds
[2026-06-01T10:29:27.706+0000] {processor.py:161} INFO - Started process (PID=1717) to work on /opt/airflow/dags/dag_2.py
[2026-06-01T10:29:27.708+0000] {processor.py:830} INFO - Processing file /opt/airflow/dags/dag_2.py for tasks to queue
[2026-06-01T10:29:27.709+0000] {logging_mixin.py:188} INFO - [2026-06-01T10:29:27.709+0000] {dagbag.py:540} INFO - Filling up the DagBag from /opt/airflow/dags/dag_2.py
[2026-06-01T10:29:27.724+0000] {processor.py:840} INFO - DAG(s) 'my_first_test_dag2' retrieved from /opt/airflow/dags/dag_2.py
[2026-06-01T10:29:27.759+0000] {logging_mixin.py:188} INFO - [2026-06-01T10:29:27.758+0000] {dag.py:3047} INFO - Sync 1 DAGs
[2026-06-01T10:29:27.779+0000] {logging_mixin.py:188} INFO - [2026-06-01T10:29:27.778+0000] {dag.py:3834} INFO - Setting next_dagrun for my_first_test_dag2 to None, run_after=None
[2026-06-01T10:29:27.815+0000] {processor.py:183} INFO - Processing /opt/airflow/dags/dag_2.py took 0.113 seconds
[2026-06-01T10:29:58.096+0000] {processor.py:161} INFO - Started process (PID=1727) to work on /opt/airflow/dags/dag_2.py
[2026-06-01T10:29:58.097+0000] {processor.py:830} INFO - Processing file /opt/airflow/dags/dag_2.py for tasks to queue
[2026-06-01T10:29:58.099+0000] {logging_mixin.py:188} INFO - [2026-06-01T10:29:58.098+0000] {dagbag.py:540} INFO - Filling up the DagBag from /opt/airflow/dags/dag_2.py
[2026-06-01T10:29:58.118+0000] {processor.py:840} INFO - DAG(s) 'my_first_test_dag2' retrieved from /opt/airflow/dags/dag_2.py
[2026-06-01T10:29:58.150+0000] {logging_mixin.py:188} INFO - [2026-06-01T10:29:58.150+0000] {dag.py:3047} INFO - Sync 1 DAGs
[2026-06-01T10:29:58.165+0000] {logging_mixin.py:188} INFO - [2026-06-01T10:29:58.165+0000] {dag.py:3834} INFO - Setting next_dagrun for my_first_test_dag2 to None, run_after=None
[2026-06-01T10:29:58.197+0000] {processor.py:183} INFO - Processing /opt/airflow/dags/dag_2.py took 0.104 seconds
[2026-06-01T10:30:28.676+0000] {processor.py:161} INFO - Started process (PID=1737) to work on /opt/airflow/dags/dag_2.py
[2026-06-01T10:30:28.687+0000] {processor.py:830} INFO - Processing file /opt/airflow/dags/dag_2.py for tasks to queue
[2026-06-01T10:30:28.705+0000] {logging_mixin.py:188} INFO - [2026-06-01T10:30:28.704+0000] {dagbag.py:540} INFO - Filling up the DagBag from /opt/airflow/dags/dag_2.py
[2026-06-01T10:30:29.033+0000] {processor.py:840} INFO - DAG(s) 'my_first_test_dag2' retrieved from /opt/airflow/dags/dag_2.py
[2026-06-01T10:30:29.101+0000] {logging_mixin.py:188} INFO - [2026-06-01T10:30:29.100+0000] {dag.py:3047} INFO - Sync 1 DAGs
[2026-06-01T10:30:29.162+0000] {logging_mixin.py:188} INFO - [2026-06-01T10:30:29.162+0000] {dag.py:3834} INFO - Setting next_dagrun for my_first_test_dag2 to None, run_after=None
[2026-06-01T10:30:29.206+0000] {processor.py:183} INFO - Processing /opt/airflow/dags/dag_2.py took 0.534 seconds
[2026-06-01T10:30:59.428+0000] {processor.py:161} INFO - Started process (PID=1747) to work on /opt/airflow/dags/dag_2.py
[2026-06-01T10:30:59.429+0000] {processor.py:830} INFO - Processing file /opt/airflow/dags/dag_2.py for tasks to queue
[2026-06-01T10:30:59.430+0000] {logging_mixin.py:188} INFO - [2026-06-01T10:30:59.430+0000] {dagbag.py:540} INFO - Filling up the DagBag from /opt/airflow/dags/dag_2.py
[2026-06-01T10:30:59.450+0000] {processor.py:840} INFO - DAG(s) 'my_first_test_dag2' retrieved from /opt/airflow/dags/dag_2.py
[2026-06-01T10:30:59.482+0000] {logging_mixin.py:188} INFO - [2026-06-01T10:30:59.482+0000] {dag.py:3047} INFO - Sync 1 DAGs
[2026-06-01T10:30:59.500+0000] {logging_mixin.py:188} INFO - [2026-06-01T10:30:59.500+0000] {dag.py:3834} INFO - Setting next_dagrun for my_first_test_dag2 to None, run_after=None
[2026-06-01T10:30:59.529+0000] {processor.py:183} INFO - Processing /opt/airflow/dags/dag_2.py took 0.106 seconds
[2026-06-01T10:31:29.821+0000] {processor.py:161} INFO - Started process (PID=1757) to work on /opt/airflow/dags/dag_2.py
[2026-06-01T10:31:29.822+0000] {processor.py:830} INFO - Processing file /opt/airflow/dags/dag_2.py for tasks to queue
[2026-06-01T10:31:29.824+0000] {logging_mixin.py:188} INFO - [2026-06-01T10:31:29.823+0000] {dagbag.py:540} INFO - Filling up the DagBag from /opt/airflow/dags/dag_2.py
[2026-06-01T10:31:29.841+0000] {processor.py:840} INFO - DAG(s) 'my_first_test_dag2' retrieved from /opt/airflow/dags/dag_2.py
[2026-06-01T10:31:29.872+0000] {logging_mixin.py:188} INFO - [2026-06-01T10:31:29.872+0000] {dag.py:3047} INFO - Sync 1 DAGs
[2026-06-01T10:31:29.886+0000] {logging_mixin.py:188} INFO - [2026-06-01T10:31:29.886+0000] {dag.py:3834} INFO - Setting next_dagrun for my_first_test_dag2 to None, run_after=None
[2026-06-01T10:31:29.912+0000] {processor.py:183} INFO - Processing /opt/airflow/dags/dag_2.py took 0.095 seconds
[2026-06-01T10:32:00.176+0000] {processor.py:161} INFO - Started process (PID=1767) to work on /opt/airflow/dags/dag_2.py
[2026-06-01T10:32:00.177+0000] {processor.py:830} INFO - Processing file /opt/airflow/dags/dag_2.py for tasks to queue
[2026-06-01T10:32:00.178+0000] {logging_mixin.py:188} INFO - [2026-06-01T10:32:00.178+0000] {dagbag.py:540} INFO - Filling up the DagBag from /opt/airflow/dags/dag_2.py
[2026-06-01T10:32:00.209+0000] {processor.py:840} INFO - DAG(s) 'my_first_test_dag2' retrieved from /opt/airflow/dags/dag_2.py
[2026-06-01T10:32:00.254+0000] {logging_mixin.py:188} INFO - [2026-06-01T10:32:00.254+0000] {dag.py:3047} INFO - Sync 1 DAGs
[2026-06-01T10:32:00.277+0000] {logging_mixin.py:188} INFO - [2026-06-01T10:32:00.276+0000] {dag.py:3834} INFO - Setting next_dagrun for my_first_test_dag2 to None, run_after=None
[2026-06-01T10:32:00.314+0000] {processor.py:183} INFO - Processing /opt/airflow/dags/dag_2.py took 0.142 seconds
[2026-06-01T10:32:30.403+0000] {processor.py:161} INFO - Started process (PID=1777) to work on /opt/airflow/dags/dag_2.py
[2026-06-01T10:32:30.405+0000] {processor.py:830} INFO - Processing file /opt/airflow/dags/dag_2.py for tasks to queue
[2026-06-01T10:32:30.406+0000] {logging_mixin.py:188} INFO - [2026-06-01T10:32:30.406+0000] {dagbag.py:540} INFO - Filling up the DagBag from /opt/airflow/dags/dag_2.py
[2026-06-01T10:32:30.430+0000] {processor.py:840} INFO - DAG(s) 'my_first_test_dag2' retrieved from /opt/airflow/dags/dag_2.py
[2026-06-01T10:32:30.458+0000] {logging_mixin.py:188} INFO - [2026-06-01T10:32:30.458+0000] {dag.py:3047} INFO - Sync 1 DAGs
[2026-06-01T10:32:30.472+0000] {logging_mixin.py:188} INFO - [2026-06-01T10:32:30.472+0000] {dag.py:3834} INFO - Setting next_dagrun for my_first_test_dag2 to None, run_after=None
[2026-06-01T10:32:30.498+0000] {processor.py:183} INFO - Processing /opt/airflow/dags/dag_2.py took 0.098 seconds
[2026-06-01T10:33:00.740+0000] {processor.py:161} INFO - Started process (PID=1787) to work on /opt/airflow/dags/dag_2.py
[2026-06-01T10:33:00.741+0000] {processor.py:830} INFO - Processing file /opt/airflow/dags/dag_2.py for tasks to queue
[2026-06-01T10:33:00.743+0000] {logging_mixin.py:188} INFO - [2026-06-01T10:33:00.742+0000] {dagbag.py:540} INFO - Filling up the DagBag from /opt/airflow/dags/dag_2.py
[2026-06-01T10:33:00.787+0000] {processor.py:840} INFO - DAG(s) 'my_first_test_dag2' retrieved from /opt/airflow/dags/dag_2.py
[2026-06-01T10:33:00.827+0000] {logging_mixin.py:188} INFO - [2026-06-01T10:33:00.827+0000] {dag.py:3047} INFO - Sync 1 DAGs
[2026-06-01T10:33:00.846+0000] {logging_mixin.py:188} INFO - [2026-06-01T10:33:00.846+0000] {dag.py:3834} INFO - Setting next_dagrun for my_first_test_dag2 to None, run_after=None
[2026-06-01T10:33:00.868+0000] {processor.py:183} INFO - Processing /opt/airflow/dags/dag_2.py took 0.133 seconds
[2026-06-01T10:33:31.137+0000] {processor.py:161} INFO - Started process (PID=1797) to work on /opt/airflow/dags/dag_2.py
[2026-06-01T10:33:31.138+0000] {processor.py:830} INFO - Processing file /opt/airflow/dags/dag_2.py for tasks to queue
[2026-06-01T10:33:31.139+0000] {logging_mixin.py:188} INFO - [2026-06-01T10:33:31.139+0000] {dagbag.py:540} INFO - Filling up the DagBag from /opt/airflow/dags/dag_2.py
[2026-06-01T10:33:31.154+0000] {processor.py:840} INFO - DAG(s) 'my_first_test_dag2' retrieved from /opt/airflow/dags/dag_2.py
[2026-06-01T10:33:31.179+0000] {logging_mixin.py:188} INFO - [2026-06-01T10:33:31.179+0000] {dag.py:3047} INFO - Sync 1 DAGs
[2026-06-01T10:33:31.193+0000] {logging_mixin.py:188} INFO - [2026-06-01T10:33:31.193+0000] {dag.py:3834} INFO - Setting next_dagrun for my_first_test_dag2 to None, run_after=None
[2026-06-01T10:33:31.215+0000] {processor.py:183} INFO - Processing /opt/airflow/dags/dag_2.py took 0.081 seconds
[2026-06-01T10:34:01.373+0000] {processor.py:161} INFO - Started process (PID=1807) to work on /opt/airflow/dags/dag_2.py
[2026-06-01T10:34:01.374+0000] {processor.py:830} INFO - Processing file /opt/airflow/dags/dag_2.py for tasks to queue
[2026-06-01T10:34:01.375+0000] {logging_mixin.py:188} INFO - [2026-06-01T10:34:01.375+0000] {dagbag.py:540} INFO - Filling up the DagBag from /opt/airflow/dags/dag_2.py
[2026-06-01T10:34:01.387+0000] {processor.py:840} INFO - DAG(s) 'my_first_test_dag2' retrieved from /opt/airflow/dags/dag_2.py
[2026-06-01T10:34:01.413+0000] {logging_mixin.py:188} INFO - [2026-06-01T10:34:01.413+0000] {dag.py:3047} INFO - Sync 1 DAGs
[2026-06-01T10:34:01.428+0000] {logging_mixin.py:188} INFO - [2026-06-01T10:34:01.428+0000] {dag.py:3834} INFO - Setting next_dagrun for my_first_test_dag2 to None, run_after=None
[2026-06-01T10:34:01.460+0000] {processor.py:183} INFO - Processing /opt/airflow/dags/dag_2.py took 0.090 seconds
[2026-06-01T10:34:31.790+0000] {processor.py:161} INFO - Started process (PID=1817) to work on /opt/airflow/dags/dag_2.py
[2026-06-01T10:34:31.791+0000] {processor.py:830} INFO - Processing file /opt/airflow/dags/dag_2.py for tasks to queue
[2026-06-01T10:34:31.792+0000] {logging_mixin.py:188} INFO - [2026-06-01T10:34:31.792+0000] {dagbag.py:540} INFO - Filling up the DagBag from /opt/airflow/dags/dag_2.py
[2026-06-01T10:34:31.810+0000] {processor.py:840} INFO - DAG(s) 'my_first_test_dag2' retrieved from /opt/airflow/dags/dag_2.py
[2026-06-01T10:34:31.844+0000] {logging_mixin.py:188} INFO - [2026-06-01T10:34:31.843+0000] {dag.py:3047} INFO - Sync 1 DAGs
[2026-06-01T10:34:31.858+0000] {logging_mixin.py:188} INFO - [2026-06-01T10:34:31.858+0000] {dag.py:3834} INFO - Setting next_dagrun for my_first_test_dag2 to None, run_after=None
[2026-06-01T10:34:31.886+0000] {processor.py:183} INFO - Processing /opt/airflow/dags/dag_2.py took 0.101 seconds
[2026-06-01T10:35:02.115+0000] {processor.py:161} INFO - Started process (PID=1827) to work on /opt/airflow/dags/dag_2.py
[2026-06-01T10:35:02.117+0000] {processor.py:830} INFO - Processing file /opt/airflow/dags/dag_2.py for tasks to queue
[2026-06-01T10:35:02.118+0000] {logging_mixin.py:188} INFO - [2026-06-01T10:35:02.118+0000] {dagbag.py:540} INFO - Filling up the DagBag from /opt/airflow/dags/dag_2.py
[2026-06-01T10:35:02.142+0000] {processor.py:840} INFO - DAG(s) 'my_first_test_dag2' retrieved from /opt/airflow/dags/dag_2.py
[2026-06-01T10:35:02.179+0000] {logging_mixin.py:188} INFO - [2026-06-01T10:35:02.178+0000] {dag.py:3047} INFO - Sync 1 DAGs
[2026-06-01T10:35:02.253+0000] {logging_mixin.py:188} INFO - [2026-06-01T10:35:02.252+0000] {dag.py:3834} INFO - Setting next_dagrun for my_first_test_dag2 to None, run_after=None
[2026-06-01T10:35:02.386+0000] {processor.py:183} INFO - Processing /opt/airflow/dags/dag_2.py took 0.276 seconds
[2026-06-01T10:35:32.686+0000] {processor.py:161} INFO - Started process (PID=1837) to work on /opt/airflow/dags/dag_2.py
[2026-06-01T10:35:32.687+0000] {processor.py:830} INFO - Processing file /opt/airflow/dags/dag_2.py for tasks to queue
[2026-06-01T10:35:32.688+0000] {logging_mixin.py:188} INFO - [2026-06-01T10:35:32.688+0000] {dagbag.py:540} INFO - Filling up the DagBag from /opt/airflow/dags/dag_2.py
[2026-06-01T10:35:32.707+0000] {processor.py:840} INFO - DAG(s) 'my_first_test_dag2' retrieved from /opt/airflow/dags/dag_2.py
[2026-06-01T10:35:32.742+0000] {logging_mixin.py:188} INFO - [2026-06-01T10:35:32.741+0000] {dag.py:3047} INFO - Sync 1 DAGs
[2026-06-01T10:35:32.764+0000] {logging_mixin.py:188} INFO - [2026-06-01T10:35:32.763+0000] {dag.py:3834} INFO - Setting next_dagrun for my_first_test_dag2 to None, run_after=None
[2026-06-01T10:35:32.789+0000] {processor.py:183} INFO - Processing /opt/airflow/dags/dag_2.py took 0.106 seconds
[2026-06-01T10:36:02.997+0000] {processor.py:161} INFO - Started process (PID=1847) to work on /opt/airflow/dags/dag_2.py
[2026-06-01T10:36:02.999+0000] {processor.py:830} INFO - Processing file /opt/airflow/dags/dag_2.py for tasks to queue
[2026-06-01T10:36:03.001+0000] {logging_mixin.py:188} INFO - [2026-06-01T10:36:03.000+0000] {dagbag.py:540} INFO - Filling up the DagBag from /opt/airflow/dags/dag_2.py
[2026-06-01T10:36:03.042+0000] {processor.py:840} INFO - DAG(s) 'my_first_test_dag2' retrieved from /opt/airflow/dags/dag_2.py
[2026-06-01T10:36:03.089+0000] {logging_mixin.py:188} INFO - [2026-06-01T10:36:03.089+0000] {dag.py:3047} INFO - Sync 1 DAGs
[2026-06-01T10:36:03.119+0000] {logging_mixin.py:188} INFO - [2026-06-01T10:36:03.119+0000] {dag.py:3834} INFO - Setting next_dagrun for my_first_test_dag2 to None, run_after=None
[2026-06-01T10:36:03.188+0000] {processor.py:183} INFO - Processing /opt/airflow/dags/dag_2.py took 0.196 seconds
[2026-06-01T10:36:33.237+0000] {processor.py:161} INFO - Started process (PID=1857) to work on /opt/airflow/dags/dag_2.py
[2026-06-01T10:36:33.238+0000] {processor.py:830} INFO - Processing file /opt/airflow/dags/dag_2.py for tasks to queue
[2026-06-01T10:36:33.239+0000] {logging_mixin.py:188} INFO - [2026-06-01T10:36:33.239+0000] {dagbag.py:540} INFO - Filling up the DagBag from /opt/airflow/dags/dag_2.py
[2026-06-01T10:36:33.255+0000] {processor.py:840} INFO - DAG(s) 'my_first_test_dag2' retrieved from /opt/airflow/dags/dag_2.py
[2026-06-01T10:36:33.284+0000] {logging_mixin.py:188} INFO - [2026-06-01T10:36:33.283+0000] {dag.py:3047} INFO - Sync 1 DAGs
[2026-06-01T10:36:33.299+0000] {logging_mixin.py:188} INFO - [2026-06-01T10:36:33.298+0000] {dag.py:3834} INFO - Setting next_dagrun for my_first_test_dag2 to None, run_after=None
[2026-06-01T10:36:33.329+0000] {processor.py:183} INFO - Processing /opt/airflow/dags/dag_2.py took 0.096 seconds
[2026-06-01T10:37:03.563+0000] {processor.py:161} INFO - Started process (PID=1867) to work on /opt/airflow/dags/dag_2.py
[2026-06-01T10:37:03.564+0000] {processor.py:830} INFO - Processing file /opt/airflow/dags/dag_2.py for tasks to queue
[2026-06-01T10:37:03.565+0000] {logging_mixin.py:188} INFO - [2026-06-01T10:37:03.565+0000] {dagbag.py:540} INFO - Filling up the DagBag from /opt/airflow/dags/dag_2.py
[2026-06-01T10:37:03.582+0000] {processor.py:840} INFO - DAG(s) 'my_first_test_dag2' retrieved from /opt/airflow/dags/dag_2.py
[2026-06-01T10:37:03.617+0000] {logging_mixin.py:188} INFO - [2026-06-01T10:37:03.617+0000] {dag.py:3047} INFO - Sync 1 DAGs
[2026-06-01T10:37:03.635+0000] {logging_mixin.py:188} INFO - [2026-06-01T10:37:03.635+0000] {dag.py:3834} INFO - Setting next_dagrun for my_first_test_dag2 to None, run_after=None
[2026-06-01T10:37:03.669+0000] {processor.py:183} INFO - Processing /opt/airflow/dags/dag_2.py took 0.109 seconds
[2026-06-01T10:37:33.859+0000] {processor.py:161} INFO - Started process (PID=1877) to work on /opt/airflow/dags/dag_2.py
[2026-06-01T10:37:33.860+0000] {processor.py:830} INFO - Processing file /opt/airflow/dags/dag_2.py for tasks to queue
[2026-06-01T10:37:33.861+0000] {logging_mixin.py:188} INFO - [2026-06-01T10:37:33.861+0000] {dagbag.py:540} INFO - Filling up the DagBag from /opt/airflow/dags/dag_2.py
[2026-06-01T10:37:33.886+0000] {processor.py:840} INFO - DAG(s) 'my_first_test_dag2' retrieved from /opt/airflow/dags/dag_2.py
[2026-06-01T10:37:33.929+0000] {logging_mixin.py:188} INFO - [2026-06-01T10:37:33.928+0000] {dag.py:3047} INFO - Sync 1 DAGs
[2026-06-01T10:37:33.960+0000] {logging_mixin.py:188} INFO - [2026-06-01T10:37:33.960+0000] {dag.py:3834} INFO - Setting next_dagrun for my_first_test_dag2 to None, run_after=None
[2026-06-01T10:37:34.001+0000] {processor.py:183} INFO - Processing /opt/airflow/dags/dag_2.py took 0.146 seconds
[2026-06-01T10:38:04.257+0000] {processor.py:161} INFO - Started process (PID=1887) to work on /opt/airflow/dags/dag_2.py
[2026-06-01T10:38:04.258+0000] {processor.py:830} INFO - Processing file /opt/airflow/dags/dag_2.py for tasks to queue
[2026-06-01T10:38:04.259+0000] {logging_mixin.py:188} INFO - [2026-06-01T10:38:04.259+0000] {dagbag.py:540} INFO - Filling up the DagBag from /opt/airflow/dags/dag_2.py
[2026-06-01T10:38:04.277+0000] {processor.py:840} INFO - DAG(s) 'my_first_test_dag2' retrieved from /opt/airflow/dags/dag_2.py
[2026-06-01T10:38:04.310+0000] {logging_mixin.py:188} INFO - [2026-06-01T10:38:04.309+0000] {dag.py:3047} INFO - Sync 1 DAGs
[2026-06-01T10:38:04.327+0000] {logging_mixin.py:188} INFO - [2026-06-01T10:38:04.326+0000] {dag.py:3834} INFO - Setting next_dagrun for my_first_test_dag2 to None, run_after=None
[2026-06-01T10:38:04.357+0000] {processor.py:183} INFO - Processing /opt/airflow/dags/dag_2.py took 0.103 seconds
[2026-06-01T10:38:34.499+0000] {processor.py:161} INFO - Started process (PID=1897) to work on /opt/airflow/dags/dag_2.py
[2026-06-01T10:38:34.501+0000] {processor.py:830} INFO - Processing file /opt/airflow/dags/dag_2.py for tasks to queue
[2026-06-01T10:38:34.504+0000] {logging_mixin.py:188} INFO - [2026-06-01T10:38:34.503+0000] {dagbag.py:540} INFO - Filling up the DagBag from /opt/airflow/dags/dag_2.py
[2026-06-01T10:38:34.531+0000] {processor.py:840} INFO - DAG(s) 'my_first_test_dag2' retrieved from /opt/airflow/dags/dag_2.py
[2026-06-01T10:38:34.570+0000] {logging_mixin.py:188} INFO - [2026-06-01T10:38:34.569+0000] {dag.py:3047} INFO - Sync 1 DAGs
[2026-06-01T10:38:34.594+0000] {logging_mixin.py:188} INFO - [2026-06-01T10:38:34.593+0000] {dag.py:3834} INFO - Setting next_dagrun for my_first_test_dag2 to None, run_after=None
[2026-06-01T10:38:34.624+0000] {processor.py:183} INFO - Processing /opt/airflow/dags/dag_2.py took 0.130 seconds
[2026-06-01T10:39:04.947+0000] {processor.py:161} INFO - Started process (PID=1907) to work on /opt/airflow/dags/dag_2.py
[2026-06-01T10:39:04.948+0000] {processor.py:830} INFO - Processing file /opt/airflow/dags/dag_2.py for tasks to queue
[2026-06-01T10:39:04.949+0000] {logging_mixin.py:188} INFO - [2026-06-01T10:39:04.949+0000] {dagbag.py:540} INFO - Filling up the DagBag from /opt/airflow/dags/dag_2.py
[2026-06-01T10:39:04.965+0000] {processor.py:840} INFO - DAG(s) 'my_first_test_dag2' retrieved from /opt/airflow/dags/dag_2.py
[2026-06-01T10:39:04.997+0000] {logging_mixin.py:188} INFO - [2026-06-01T10:39:04.997+0000] {dag.py:3047} INFO - Sync 1 DAGs
[2026-06-01T10:39:05.012+0000] {logging_mixin.py:188} INFO - [2026-06-01T10:39:05.012+0000] {dag.py:3834} INFO - Setting next_dagrun for my_first_test_dag2 to None, run_after=None
[2026-06-01T10:39:05.036+0000] {processor.py:183} INFO - Processing /opt/airflow/dags/dag_2.py took 0.093 seconds
[2026-06-01T10:39:35.317+0000] {processor.py:161} INFO - Started process (PID=1917) to work on /opt/airflow/dags/dag_2.py
[2026-06-01T10:39:35.319+0000] {processor.py:830} INFO - Processing file /opt/airflow/dags/dag_2.py for tasks to queue
[2026-06-01T10:39:35.321+0000] {logging_mixin.py:188} INFO - [2026-06-01T10:39:35.320+0000] {dagbag.py:540} INFO - Filling up the DagBag from /opt/airflow/dags/dag_2.py
[2026-06-01T10:39:35.352+0000] {processor.py:840} INFO - DAG(s) 'my_first_test_dag2' retrieved from /opt/airflow/dags/dag_2.py
[2026-06-01T10:39:35.402+0000] {logging_mixin.py:188} INFO - [2026-06-01T10:39:35.401+0000] {dag.py:3047} INFO - Sync 1 DAGs
[2026-06-01T10:39:35.426+0000] {logging_mixin.py:188} INFO - [2026-06-01T10:39:35.425+0000] {dag.py:3834} INFO - Setting next_dagrun for my_first_test_dag2 to None, run_after=None
[2026-06-01T10:39:35.463+0000] {processor.py:183} INFO - Processing /opt/airflow/dags/dag_2.py took 0.151 seconds
[2026-06-01T10:40:05.578+0000] {processor.py:161} INFO - Started process (PID=1927) to work on /opt/airflow/dags/dag_2.py
[2026-06-01T10:40:05.579+0000] {processor.py:830} INFO - Processing file /opt/airflow/dags/dag_2.py for tasks to queue
[2026-06-01T10:40:05.580+0000] {logging_mixin.py:188} INFO - [2026-06-01T10:40:05.580+0000] {dagbag.py:540} INFO - Filling up the DagBag from /opt/airflow/dags/dag_2.py
[2026-06-01T10:40:05.596+0000] {processor.py:840} INFO - DAG(s) 'my_first_test_dag2' retrieved from /opt/airflow/dags/dag_2.py
[2026-06-01T10:40:05.622+0000] {logging_mixin.py:188} INFO - [2026-06-01T10:40:05.622+0000] {dag.py:3047} INFO - Sync 1 DAGs
[2026-06-01T10:40:05.638+0000] {logging_mixin.py:188} INFO - [2026-06-01T10:40:05.638+0000] {dag.py:3834} INFO - Setting next_dagrun for my_first_test_dag2 to None, run_after=None
[2026-06-01T10:40:05.669+0000] {processor.py:183} INFO - Processing /opt/airflow/dags/dag_2.py took 0.096 seconds
[2026-06-01T10:40:35.797+0000] {processor.py:161} INFO - Started process (PID=1937) to work on /opt/airflow/dags/dag_2.py
[2026-06-01T10:40:35.798+0000] {processor.py:830} INFO - Processing file /opt/airflow/dags/dag_2.py for tasks to queue
[2026-06-01T10:40:35.800+0000] {logging_mixin.py:188} INFO - [2026-06-01T10:40:35.799+0000] {dagbag.py:540} INFO - Filling up the DagBag from /opt/airflow/dags/dag_2.py
[2026-06-01T10:40:35.826+0000] {processor.py:840} INFO - DAG(s) 'my_first_test_dag2' retrieved from /opt/airflow/dags/dag_2.py
[2026-06-01T10:40:35.864+0000] {logging_mixin.py:188} INFO - [2026-06-01T10:40:35.863+0000] {dag.py:3047} INFO - Sync 1 DAGs
[2026-06-01T10:40:35.883+0000] {logging_mixin.py:188} INFO - [2026-06-01T10:40:35.883+0000] {dag.py:3834} INFO - Setting next_dagrun for my_first_test_dag2 to None, run_after=None
[2026-06-01T10:40:35.914+0000] {processor.py:183} INFO - Processing /opt/airflow/dags/dag_2.py took 0.122 seconds
[2026-06-01T10:41:06.136+0000] {processor.py:161} INFO - Started process (PID=1947) to work on /opt/airflow/dags/dag_2.py
[2026-06-01T10:41:06.137+0000] {processor.py:830} INFO - Processing file /opt/airflow/dags/dag_2.py for tasks to queue
[2026-06-01T10:41:06.138+0000] {logging_mixin.py:188} INFO - [2026-06-01T10:41:06.138+0000] {dagbag.py:540} INFO - Filling up the DagBag from /opt/airflow/dags/dag_2.py
[2026-06-01T10:41:06.159+0000] {processor.py:840} INFO - DAG(s) 'my_first_test_dag2' retrieved from /opt/airflow/dags/dag_2.py
[2026-06-01T10:41:06.199+0000] {logging_mixin.py:188} INFO - [2026-06-01T10:41:06.198+0000] {dag.py:3047} INFO - Sync 1 DAGs
[2026-06-01T10:41:06.215+0000] {logging_mixin.py:188} INFO - [2026-06-01T10:41:06.215+0000] {dag.py:3834} INFO - Setting next_dagrun for my_first_test_dag2 to None, run_after=None
[2026-06-01T10:41:06.240+0000] {processor.py:183} INFO - Processing /opt/airflow/dags/dag_2.py took 0.108 seconds
[2026-06-01T10:41:36.472+0000] {processor.py:161} INFO - Started process (PID=1957) to work on /opt/airflow/dags/dag_2.py
[2026-06-01T10:41:36.473+0000] {processor.py:830} INFO - Processing file /opt/airflow/dags/dag_2.py for tasks to queue
[2026-06-01T10:41:36.475+0000] {logging_mixin.py:188} INFO - [2026-06-01T10:41:36.474+0000] {dagbag.py:540} INFO - Filling up the DagBag from /opt/airflow/dags/dag_2.py
[2026-06-01T10:41:36.488+0000] {processor.py:840} INFO - DAG(s) 'my_first_test_dag2' retrieved from /opt/airflow/dags/dag_2.py
[2026-06-01T10:41:36.515+0000] {logging_mixin.py:188} INFO - [2026-06-01T10:41:36.515+0000] {dag.py:3047} INFO - Sync 1 DAGs
[2026-06-01T10:41:36.530+0000] {logging_mixin.py:188} INFO - [2026-06-01T10:41:36.529+0000] {dag.py:3834} INFO - Setting next_dagrun for my_first_test_dag2 to None, run_after=None
[2026-06-01T10:41:36.554+0000] {processor.py:183} INFO - Processing /opt/airflow/dags/dag_2.py took 0.085 seconds
[2026-06-01T10:42:06.802+0000] {processor.py:161} INFO - Started process (PID=1967) to work on /opt/airflow/dags/dag_2.py
[2026-06-01T10:42:06.803+0000] {processor.py:830} INFO - Processing file /opt/airflow/dags/dag_2.py for tasks to queue
[2026-06-01T10:42:06.804+0000] {logging_mixin.py:188} INFO - [2026-06-01T10:42:06.804+0000] {dagbag.py:540} INFO - Filling up the DagBag from /opt/airflow/dags/dag_2.py
[2026-06-01T10:42:06.824+0000] {processor.py:840} INFO - DAG(s) 'my_first_test_dag2' retrieved from /opt/airflow/dags/dag_2.py
[2026-06-01T10:42:06.856+0000] {logging_mixin.py:188} INFO - [2026-06-01T10:42:06.855+0000] {dag.py:3047} INFO - Sync 1 DAGs
[2026-06-01T10:42:06.872+0000] {logging_mixin.py:188} INFO - [2026-06-01T10:42:06.872+0000] {dag.py:3834} INFO - Setting next_dagrun for my_first_test_dag2 to None, run_after=None
[2026-06-01T10:42:06.899+0000] {processor.py:183} INFO - Processing /opt/airflow/dags/dag_2.py took 0.101 seconds
[2026-06-01T10:42:37.145+0000] {processor.py:161} INFO - Started process (PID=1977) to work on /opt/airflow/dags/dag_2.py
[2026-06-01T10:42:37.147+0000] {processor.py:830} INFO - Processing file /opt/airflow/dags/dag_2.py for tasks to queue
[2026-06-01T10:42:37.149+0000] {logging_mixin.py:188} INFO - [2026-06-01T10:42:37.148+0000] {dagbag.py:540} INFO - Filling up the DagBag from /opt/airflow/dags/dag_2.py
[2026-06-01T10:42:37.176+0000] {processor.py:840} INFO - DAG(s) 'my_first_test_dag2' retrieved from /opt/airflow/dags/dag_2.py
[2026-06-01T10:42:37.211+0000] {logging_mixin.py:188} INFO - [2026-06-01T10:42:37.210+0000] {dag.py:3047} INFO - Sync 1 DAGs
[2026-06-01T10:42:37.304+0000] {logging_mixin.py:188} INFO - [2026-06-01T10:42:37.304+0000] {dag.py:3834} INFO - Setting next_dagrun for my_first_test_dag2 to None, run_after=None
[2026-06-01T10:42:37.342+0000] {processor.py:183} INFO - Processing /opt/airflow/dags/dag_2.py took 0.201 seconds
[2026-06-01T10:43:07.401+0000] {processor.py:161} INFO - Started process (PID=1987) to work on /opt/airflow/dags/dag_2.py
[2026-06-01T10:43:07.403+0000] {processor.py:830} INFO - Processing file /opt/airflow/dags/dag_2.py for tasks to queue
[2026-06-01T10:43:07.404+0000] {logging_mixin.py:188} INFO - [2026-06-01T10:43:07.404+0000] {dagbag.py:540} INFO - Filling up the DagBag from /opt/airflow/dags/dag_2.py
[2026-06-01T10:43:07.433+0000] {processor.py:840} INFO - DAG(s) 'my_first_test_dag2' retrieved from /opt/airflow/dags/dag_2.py
[2026-06-01T10:43:07.474+0000] {logging_mixin.py:188} INFO - [2026-06-01T10:43:07.473+0000] {dag.py:3047} INFO - Sync 1 DAGs
[2026-06-01T10:43:07.496+0000] {logging_mixin.py:188} INFO - [2026-06-01T10:43:07.496+0000] {dag.py:3834} INFO - Setting next_dagrun for my_first_test_dag2 to None, run_after=None
[2026-06-01T10:43:07.524+0000] {processor.py:183} INFO - Processing /opt/airflow/dags/dag_2.py took 0.129 seconds
[2026-06-01T10:43:37.613+0000] {processor.py:161} INFO - Started process (PID=1997) to work on /opt/airflow/dags/dag_2.py
[2026-06-01T10:43:37.614+0000] {processor.py:830} INFO - Processing file /opt/airflow/dags/dag_2.py for tasks to queue
[2026-06-01T10:43:37.616+0000] {logging_mixin.py:188} INFO - [2026-06-01T10:43:37.615+0000] {dagbag.py:540} INFO - Filling up the DagBag from /opt/airflow/dags/dag_2.py
[2026-06-01T10:43:37.633+0000] {processor.py:840} INFO - DAG(s) 'my_first_test_dag2' retrieved from /opt/airflow/dags/dag_2.py
[2026-06-01T10:43:37.670+0000] {logging_mixin.py:188} INFO - [2026-06-01T10:43:37.670+0000] {dag.py:3047} INFO - Sync 1 DAGs
[2026-06-01T10:43:37.688+0000] {logging_mixin.py:188} INFO - [2026-06-01T10:43:37.688+0000] {dag.py:3834} INFO - Setting next_dagrun for my_first_test_dag2 to None, run_after=None
[2026-06-01T10:43:37.714+0000] {processor.py:183} INFO - Processing /opt/airflow/dags/dag_2.py took 0.104 seconds
[2026-06-01T10:44:07.964+0000] {processor.py:161} INFO - Started process (PID=2007) to work on /opt/airflow/dags/dag_2.py
[2026-06-01T10:44:07.965+0000] {processor.py:830} INFO - Processing file /opt/airflow/dags/dag_2.py for tasks to queue
[2026-06-01T10:44:07.967+0000] {logging_mixin.py:188} INFO - [2026-06-01T10:44:07.966+0000] {dagbag.py:540} INFO - Filling up the DagBag from /opt/airflow/dags/dag_2.py
[2026-06-01T10:44:07.991+0000] {processor.py:840} INFO - DAG(s) 'my_first_test_dag2' retrieved from /opt/airflow/dags/dag_2.py
[2026-06-01T10:44:08.030+0000] {logging_mixin.py:188} INFO - [2026-06-01T10:44:08.030+0000] {dag.py:3047} INFO - Sync 1 DAGs
[2026-06-01T10:44:08.051+0000] {logging_mixin.py:188} INFO - [2026-06-01T10:44:08.050+0000] {dag.py:3834} INFO - Setting next_dagrun for my_first_test_dag2 to None, run_after=None
[2026-06-01T10:44:08.076+0000] {processor.py:183} INFO - Processing /opt/airflow/dags/dag_2.py took 0.116 seconds
[2026-06-01T10:44:38.343+0000] {processor.py:161} INFO - Started process (PID=2017) to work on /opt/airflow/dags/dag_2.py
[2026-06-01T10:44:38.346+0000] {processor.py:830} INFO - Processing file /opt/airflow/dags/dag_2.py for tasks to queue
[2026-06-01T10:44:38.347+0000] {logging_mixin.py:188} INFO - [2026-06-01T10:44:38.347+0000] {dagbag.py:540} INFO - Filling up the DagBag from /opt/airflow/dags/dag_2.py
[2026-06-01T10:44:38.367+0000] {processor.py:840} INFO - DAG(s) 'my_first_test_dag2' retrieved from /opt/airflow/dags/dag_2.py
[2026-06-01T10:44:38.398+0000] {logging_mixin.py:188} INFO - [2026-06-01T10:44:38.398+0000] {dag.py:3047} INFO - Sync 1 DAGs
[2026-06-01T10:44:38.414+0000] {logging_mixin.py:188} INFO - [2026-06-01T10:44:38.414+0000] {dag.py:3834} INFO - Setting next_dagrun for my_first_test_dag2 to None, run_after=None
[2026-06-01T10:44:38.439+0000] {processor.py:183} INFO - Processing /opt/airflow/dags/dag_2.py took 0.101 seconds
[2026-06-01T10:45:08.575+0000] {processor.py:161} INFO - Started process (PID=2027) to work on /opt/airflow/dags/dag_2.py
[2026-06-01T10:45:08.576+0000] {processor.py:830} INFO - Processing file /opt/airflow/dags/dag_2.py for tasks to queue
[2026-06-01T10:45:08.577+0000] {logging_mixin.py:188} INFO - [2026-06-01T10:45:08.577+0000] {dagbag.py:540} INFO - Filling up the DagBag from /opt/airflow/dags/dag_2.py
[2026-06-01T10:45:08.591+0000] {processor.py:840} INFO - DAG(s) 'my_first_test_dag2' retrieved from /opt/airflow/dags/dag_2.py
[2026-06-01T10:45:08.621+0000] {logging_mixin.py:188} INFO - [2026-06-01T10:45:08.620+0000] {dag.py:3047} INFO - Sync 1 DAGs
[2026-06-01T10:45:08.635+0000] {logging_mixin.py:188} INFO - [2026-06-01T10:45:08.635+0000] {dag.py:3834} INFO - Setting next_dagrun for my_first_test_dag2 to None, run_after=None
[2026-06-01T10:45:08.659+0000] {processor.py:183} INFO - Processing /opt/airflow/dags/dag_2.py took 0.088 seconds
[2026-06-01T10:45:38.989+0000] {processor.py:161} INFO - Started process (PID=2037) to work on /opt/airflow/dags/dag_2.py
[2026-06-01T10:45:38.989+0000] {processor.py:830} INFO - Processing file /opt/airflow/dags/dag_2.py for tasks to queue
[2026-06-01T10:45:38.990+0000] {logging_mixin.py:188} INFO - [2026-06-01T10:45:38.990+0000] {dagbag.py:540} INFO - Filling up the DagBag from /opt/airflow/dags/dag_2.py
[2026-06-01T10:45:39.007+0000] {processor.py:840} INFO - DAG(s) 'my_first_test_dag2' retrieved from /opt/airflow/dags/dag_2.py
[2026-06-01T10:45:39.043+0000] {logging_mixin.py:188} INFO - [2026-06-01T10:45:39.043+0000] {dag.py:3047} INFO - Sync 1 DAGs
[2026-06-01T10:45:39.059+0000] {logging_mixin.py:188} INFO - [2026-06-01T10:45:39.059+0000] {dag.py:3834} INFO - Setting next_dagrun for my_first_test_dag2 to None, run_after=None
[2026-06-01T10:45:39.088+0000] {processor.py:183} INFO - Processing /opt/airflow/dags/dag_2.py took 0.103 seconds
[2026-06-01T10:46:09.372+0000] {processor.py:161} INFO - Started process (PID=2047) to work on /opt/airflow/dags/dag_2.py
[2026-06-01T10:46:09.373+0000] {processor.py:830} INFO - Processing file /opt/airflow/dags/dag_2.py for tasks to queue
[2026-06-01T10:46:09.374+0000] {logging_mixin.py:188} INFO - [2026-06-01T10:46:09.374+0000] {dagbag.py:540} INFO - Filling up the DagBag from /opt/airflow/dags/dag_2.py
[2026-06-01T10:46:09.389+0000] {processor.py:840} INFO - DAG(s) 'my_first_test_dag2' retrieved from /opt/airflow/dags/dag_2.py
[2026-06-01T10:46:09.423+0000] {logging_mixin.py:188} INFO - [2026-06-01T10:46:09.423+0000] {dag.py:3047} INFO - Sync 1 DAGs
[2026-06-01T10:46:09.442+0000] {logging_mixin.py:188} INFO - [2026-06-01T10:46:09.442+0000] {dag.py:3834} INFO - Setting next_dagrun for my_first_test_dag2 to None, run_after=None
[2026-06-01T10:46:09.466+0000] {processor.py:183} INFO - Processing /opt/airflow/dags/dag_2.py took 0.097 seconds
[2026-06-01T10:46:39.700+0000] {processor.py:161} INFO - Started process (PID=2057) to work on /opt/airflow/dags/dag_2.py
[2026-06-01T10:46:39.701+0000] {processor.py:830} INFO - Processing file /opt/airflow/dags/dag_2.py for tasks to queue
[2026-06-01T10:46:39.702+0000] {logging_mixin.py:188} INFO - [2026-06-01T10:46:39.701+0000] {dagbag.py:540} INFO - Filling up the DagBag from /opt/airflow/dags/dag_2.py
[2026-06-01T10:46:39.718+0000] {processor.py:840} INFO - DAG(s) 'my_first_test_dag2' retrieved from /opt/airflow/dags/dag_2.py
[2026-06-01T10:46:39.746+0000] {logging_mixin.py:188} INFO - [2026-06-01T10:46:39.745+0000] {dag.py:3047} INFO - Sync 1 DAGs
[2026-06-01T10:46:39.762+0000] {logging_mixin.py:188} INFO - [2026-06-01T10:46:39.762+0000] {dag.py:3834} INFO - Setting next_dagrun for my_first_test_dag2 to None, run_after=None
[2026-06-01T10:46:39.794+0000] {processor.py:183} INFO - Processing /opt/airflow/dags/dag_2.py took 0.098 seconds
[2026-06-01T10:47:09.908+0000] {processor.py:161} INFO - Started process (PID=2067) to work on /opt/airflow/dags/dag_2.py
[2026-06-01T10:47:09.909+0000] {processor.py:830} INFO - Processing file /opt/airflow/dags/dag_2.py for tasks to queue
[2026-06-01T10:47:09.910+0000] {logging_mixin.py:188} INFO - [2026-06-01T10:47:09.909+0000] {dagbag.py:540} INFO - Filling up the DagBag from /opt/airflow/dags/dag_2.py
[2026-06-01T10:47:09.924+0000] {processor.py:840} INFO - DAG(s) 'my_first_test_dag2' retrieved from /opt/airflow/dags/dag_2.py
[2026-06-01T10:47:09.960+0000] {logging_mixin.py:188} INFO - [2026-06-01T10:47:09.960+0000] {dag.py:3047} INFO - Sync 1 DAGs
[2026-06-01T10:47:09.979+0000] {logging_mixin.py:188} INFO - [2026-06-01T10:47:09.978+0000] {dag.py:3834} INFO - Setting next_dagrun for my_first_test_dag2 to None, run_after=None
[2026-06-01T10:47:10.014+0000] {processor.py:183} INFO - Processing /opt/airflow/dags/dag_2.py took 0.109 seconds
[2026-06-01T10:47:40.254+0000] {processor.py:161} INFO - Started process (PID=2077) to work on /opt/airflow/dags/dag_2.py
[2026-06-01T10:47:40.255+0000] {processor.py:830} INFO - Processing file /opt/airflow/dags/dag_2.py for tasks to queue
[2026-06-01T10:47:40.257+0000] {logging_mixin.py:188} INFO - [2026-06-01T10:47:40.256+0000] {dagbag.py:540} INFO - Filling up the DagBag from /opt/airflow/dags/dag_2.py
[2026-06-01T10:47:40.276+0000] {processor.py:840} INFO - DAG(s) 'my_first_test_dag2' retrieved from /opt/airflow/dags/dag_2.py
[2026-06-01T10:47:40.311+0000] {logging_mixin.py:188} INFO - [2026-06-01T10:47:40.311+0000] {dag.py:3047} INFO - Sync 1 DAGs
[2026-06-01T10:47:40.329+0000] {logging_mixin.py:188} INFO - [2026-06-01T10:47:40.329+0000] {dag.py:3834} INFO - Setting next_dagrun for my_first_test_dag2 to None, run_after=None
[2026-06-01T10:47:40.353+0000] {processor.py:183} INFO - Processing /opt/airflow/dags/dag_2.py took 0.103 seconds
[2026-06-01T10:48:10.716+0000] {processor.py:161} INFO - Started process (PID=2087) to work on /opt/airflow/dags/dag_2.py
[2026-06-01T10:48:10.718+0000] {processor.py:830} INFO - Processing file /opt/airflow/dags/dag_2.py for tasks to queue
[2026-06-01T10:48:10.719+0000] {logging_mixin.py:188} INFO - [2026-06-01T10:48:10.718+0000] {dagbag.py:540} INFO - Filling up the DagBag from /opt/airflow/dags/dag_2.py
[2026-06-01T10:48:10.733+0000] {processor.py:840} INFO - DAG(s) 'my_first_test_dag2' retrieved from /opt/airflow/dags/dag_2.py
[2026-06-01T10:48:10.767+0000] {logging_mixin.py:188} INFO - [2026-06-01T10:48:10.767+0000] {dag.py:3047} INFO - Sync 1 DAGs
[2026-06-01T10:48:10.783+0000] {logging_mixin.py:188} INFO - [2026-06-01T10:48:10.783+0000] {dag.py:3834} INFO - Setting next_dagrun for my_first_test_dag2 to None, run_after=None
[2026-06-01T10:48:10.807+0000] {processor.py:183} INFO - Processing /opt/airflow/dags/dag_2.py took 0.095 seconds
[2026-06-01T10:48:40.970+0000] {processor.py:161} INFO - Started process (PID=2097) to work on /opt/airflow/dags/dag_2.py
[2026-06-01T10:48:40.971+0000] {processor.py:830} INFO - Processing file /opt/airflow/dags/dag_2.py for tasks to queue
[2026-06-01T10:48:40.972+0000] {logging_mixin.py:188} INFO - [2026-06-01T10:48:40.972+0000] {dagbag.py:540} INFO - Filling up the DagBag from /opt/airflow/dags/dag_2.py
[2026-06-01T10:48:40.988+0000] {processor.py:840} INFO - DAG(s) 'my_first_test_dag2' retrieved from /opt/airflow/dags/dag_2.py
[2026-06-01T10:48:41.023+0000] {logging_mixin.py:188} INFO - [2026-06-01T10:48:41.022+0000] {dag.py:3047} INFO - Sync 1 DAGs
[2026-06-01T10:48:41.043+0000] {logging_mixin.py:188} INFO - [2026-06-01T10:48:41.043+0000] {dag.py:3834} INFO - Setting next_dagrun for my_first_test_dag2 to None, run_after=None
[2026-06-01T10:48:41.071+0000] {processor.py:183} INFO - Processing /opt/airflow/dags/dag_2.py took 0.103 seconds
[2026-06-01T10:49:11.321+0000] {processor.py:161} INFO - Started process (PID=2107) to work on /opt/airflow/dags/dag_2.py
[2026-06-01T10:49:11.322+0000] {processor.py:830} INFO - Processing file /opt/airflow/dags/dag_2.py for tasks to queue
[2026-06-01T10:49:11.323+0000] {logging_mixin.py:188} INFO - [2026-06-01T10:49:11.323+0000] {dagbag.py:540} INFO - Filling up the DagBag from /opt/airflow/dags/dag_2.py
[2026-06-01T10:49:11.342+0000] {processor.py:840} INFO - DAG(s) 'my_first_test_dag2' retrieved from /opt/airflow/dags/dag_2.py
[2026-06-01T10:49:11.375+0000] {logging_mixin.py:188} INFO - [2026-06-01T10:49:11.374+0000] {dag.py:3047} INFO - Sync 1 DAGs
[2026-06-01T10:49:11.393+0000] {logging_mixin.py:188} INFO - [2026-06-01T10:49:11.393+0000] {dag.py:3834} INFO - Setting next_dagrun for my_first_test_dag2 to None, run_after=None
[2026-06-01T10:49:11.418+0000] {processor.py:183} INFO - Processing /opt/airflow/dags/dag_2.py took 0.100 seconds
[2026-06-01T10:49:41.554+0000] {processor.py:161} INFO - Started process (PID=2117) to work on /opt/airflow/dags/dag_2.py
[2026-06-01T10:49:41.555+0000] {processor.py:830} INFO - Processing file /opt/airflow/dags/dag_2.py for tasks to queue
[2026-06-01T10:49:41.556+0000] {logging_mixin.py:188} INFO - [2026-06-01T10:49:41.556+0000] {dagbag.py:540} INFO - Filling up the DagBag from /opt/airflow/dags/dag_2.py
[2026-06-01T10:49:41.572+0000] {processor.py:840} INFO - DAG(s) 'my_first_test_dag2' retrieved from /opt/airflow/dags/dag_2.py
[2026-06-01T10:49:41.603+0000] {logging_mixin.py:188} INFO - [2026-06-01T10:49:41.602+0000] {dag.py:3047} INFO - Sync 1 DAGs
[2026-06-01T10:49:41.621+0000] {logging_mixin.py:188} INFO - [2026-06-01T10:49:41.621+0000] {dag.py:3834} INFO - Setting next_dagrun for my_first_test_dag2 to None, run_after=None
[2026-06-01T10:49:41.645+0000] {processor.py:183} INFO - Processing /opt/airflow/dags/dag_2.py took 0.095 seconds
[2026-06-01T10:50:11.914+0000] {processor.py:161} INFO - Started process (PID=2127) to work on /opt/airflow/dags/dag_2.py
[2026-06-01T10:50:11.916+0000] {processor.py:830} INFO - Processing file /opt/airflow/dags/dag_2.py for tasks to queue
[2026-06-01T10:50:11.917+0000] {logging_mixin.py:188} INFO - [2026-06-01T10:50:11.916+0000] {dagbag.py:540} INFO - Filling up the DagBag from /opt/airflow/dags/dag_2.py
[2026-06-01T10:50:11.934+0000] {processor.py:840} INFO - DAG(s) 'my_first_test_dag2' retrieved from /opt/airflow/dags/dag_2.py
[2026-06-01T10:50:11.969+0000] {logging_mixin.py:188} INFO - [2026-06-01T10:50:11.969+0000] {dag.py:3047} INFO - Sync 1 DAGs
[2026-06-01T10:50:11.987+0000] {logging_mixin.py:188} INFO - [2026-06-01T10:50:11.987+0000] {dag.py:3834} INFO - Setting next_dagrun for my_first_test_dag2 to None, run_after=None
[2026-06-01T10:50:12.020+0000] {processor.py:183} INFO - Processing /opt/airflow/dags/dag_2.py took 0.110 seconds
[2026-06-01T10:50:42.120+0000] {processor.py:161} INFO - Started process (PID=2137) to work on /opt/airflow/dags/dag_2.py
[2026-06-01T10:50:42.121+0000] {processor.py:830} INFO - Processing file /opt/airflow/dags/dag_2.py for tasks to queue
[2026-06-01T10:50:42.122+0000] {logging_mixin.py:188} INFO - [2026-06-01T10:50:42.121+0000] {dagbag.py:540} INFO - Filling up the DagBag from /opt/airflow/dags/dag_2.py
[2026-06-01T10:50:42.136+0000] {processor.py:840} INFO - DAG(s) 'my_first_test_dag2' retrieved from /opt/airflow/dags/dag_2.py
[2026-06-01T10:50:42.163+0000] {logging_mixin.py:188} INFO - [2026-06-01T10:50:42.162+0000] {dag.py:3047} INFO - Sync 1 DAGs
[2026-06-01T10:50:42.179+0000] {logging_mixin.py:188} INFO - [2026-06-01T10:50:42.179+0000] {dag.py:3834} INFO - Setting next_dagrun for my_first_test_dag2 to None, run_after=None
[2026-06-01T10:50:42.215+0000] {processor.py:183} INFO - Processing /opt/airflow/dags/dag_2.py took 0.098 seconds
[2026-06-01T10:51:12.476+0000] {processor.py:161} INFO - Started process (PID=2147) to work on /opt/airflow/dags/dag_2.py
[2026-06-01T10:51:12.478+0000] {processor.py:830} INFO - Processing file /opt/airflow/dags/dag_2.py for tasks to queue
[2026-06-01T10:51:12.479+0000] {logging_mixin.py:188} INFO - [2026-06-01T10:51:12.479+0000] {dagbag.py:540} INFO - Filling up the DagBag from /opt/airflow/dags/dag_2.py
[2026-06-01T10:51:12.503+0000] {processor.py:840} INFO - DAG(s) 'my_first_test_dag2' retrieved from /opt/airflow/dags/dag_2.py
[2026-06-01T10:51:12.544+0000] {logging_mixin.py:188} INFO - [2026-06-01T10:51:12.543+0000] {dag.py:3047} INFO - Sync 1 DAGs
[2026-06-01T10:51:12.559+0000] {logging_mixin.py:188} INFO - [2026-06-01T10:51:12.559+0000] {dag.py:3834} INFO - Setting next_dagrun for my_first_test_dag2 to None, run_after=None
[2026-06-01T10:51:12.595+0000] {processor.py:183} INFO - Processing /opt/airflow/dags/dag_2.py took 0.126 seconds
[2026-06-01T10:51:42.725+0000] {processor.py:161} INFO - Started process (PID=2157) to work on /opt/airflow/dags/dag_2.py
[2026-06-01T10:51:42.727+0000] {processor.py:830} INFO - Processing file /opt/airflow/dags/dag_2.py for tasks to queue
[2026-06-01T10:51:42.728+0000] {logging_mixin.py:188} INFO - [2026-06-01T10:51:42.727+0000] {dagbag.py:540} INFO - Filling up the DagBag from /opt/airflow/dags/dag_2.py
[2026-06-01T10:51:42.747+0000] {processor.py:840} INFO - DAG(s) 'my_first_test_dag2' retrieved from /opt/airflow/dags/dag_2.py
[2026-06-01T10:51:42.788+0000] {logging_mixin.py:188} INFO - [2026-06-01T10:51:42.788+0000] {dag.py:3047} INFO - Sync 1 DAGs
[2026-06-01T10:51:42.815+0000] {logging_mixin.py:188} INFO - [2026-06-01T10:51:42.814+0000] {dag.py:3834} INFO - Setting next_dagrun for my_first_test_dag2 to None, run_after=None
[2026-06-01T10:51:42.839+0000] {processor.py:183} INFO - Processing /opt/airflow/dags/dag_2.py took 0.118 seconds
[2026-06-01T10:52:13.117+0000] {processor.py:161} INFO - Started process (PID=2167) to work on /opt/airflow/dags/dag_2.py
[2026-06-01T10:52:13.119+0000] {processor.py:830} INFO - Processing file /opt/airflow/dags/dag_2.py for tasks to queue
[2026-06-01T10:52:13.120+0000] {logging_mixin.py:188} INFO - [2026-06-01T10:52:13.120+0000] {dagbag.py:540} INFO - Filling up the DagBag from /opt/airflow/dags/dag_2.py
[2026-06-01T10:52:13.163+0000] {processor.py:840} INFO - DAG(s) 'my_first_test_dag2' retrieved from /opt/airflow/dags/dag_2.py
[2026-06-01T10:52:13.219+0000] {logging_mixin.py:188} INFO - [2026-06-01T10:52:13.219+0000] {dag.py:3047} INFO - Sync 1 DAGs
[2026-06-01T10:52:13.246+0000] {logging_mixin.py:188} INFO - [2026-06-01T10:52:13.246+0000] {dag.py:3834} INFO - Setting next_dagrun for my_first_test_dag2 to None, run_after=None
[2026-06-01T10:52:13.283+0000] {processor.py:183} INFO - Processing /opt/airflow/dags/dag_2.py took 0.171 seconds
[2026-06-01T10:52:43.350+0000] {processor.py:161} INFO - Started process (PID=2177) to work on /opt/airflow/dags/dag_2.py
[2026-06-01T10:52:43.351+0000] {processor.py:830} INFO - Processing file /opt/airflow/dags/dag_2.py for tasks to queue
[2026-06-01T10:52:43.353+0000] {logging_mixin.py:188} INFO - [2026-06-01T10:52:43.353+0000] {dagbag.py:540} INFO - Filling up the DagBag from /opt/airflow/dags/dag_2.py
[2026-06-01T10:52:43.377+0000] {processor.py:840} INFO - DAG(s) 'my_first_test_dag2' retrieved from /opt/airflow/dags/dag_2.py
[2026-06-01T10:52:43.418+0000] {logging_mixin.py:188} INFO - [2026-06-01T10:52:43.417+0000] {dag.py:3047} INFO - Sync 1 DAGs
[2026-06-01T10:52:43.436+0000] {logging_mixin.py:188} INFO - [2026-06-01T10:52:43.436+0000] {dag.py:3834} INFO - Setting next_dagrun for my_first_test_dag2 to None, run_after=None
[2026-06-01T10:52:43.468+0000] {processor.py:183} INFO - Processing /opt/airflow/dags/dag_2.py took 0.121 seconds
[2026-06-01T10:53:13.580+0000] {processor.py:161} INFO - Started process (PID=2187) to work on /opt/airflow/dags/dag_2.py
[2026-06-01T10:53:13.581+0000] {processor.py:830} INFO - Processing file /opt/airflow/dags/dag_2.py for tasks to queue
[2026-06-01T10:53:13.582+0000] {logging_mixin.py:188} INFO - [2026-06-01T10:53:13.582+0000] {dagbag.py:540} INFO - Filling up the DagBag from /opt/airflow/dags/dag_2.py
[2026-06-01T10:53:13.611+0000] {processor.py:840} INFO - DAG(s) 'my_first_test_dag2' retrieved from /opt/airflow/dags/dag_2.py
[2026-06-01T10:53:13.652+0000] {logging_mixin.py:188} INFO - [2026-06-01T10:53:13.652+0000] {dag.py:3047} INFO - Sync 1 DAGs
[2026-06-01T10:53:13.672+0000] {logging_mixin.py:188} INFO - [2026-06-01T10:53:13.672+0000] {dag.py:3834} INFO - Setting next_dagrun for my_first_test_dag2 to None, run_after=None
[2026-06-01T10:53:13.704+0000] {processor.py:183} INFO - Processing /opt/airflow/dags/dag_2.py took 0.128 seconds
[2026-06-01T10:53:43.996+0000] {processor.py:161} INFO - Started process (PID=2197) to work on /opt/airflow/dags/dag_2.py
[2026-06-01T10:53:43.998+0000] {processor.py:830} INFO - Processing file /opt/airflow/dags/dag_2.py for tasks to queue
[2026-06-01T10:53:44.001+0000] {logging_mixin.py:188} INFO - [2026-06-01T10:53:44.000+0000] {dagbag.py:540} INFO - Filling up the DagBag from /opt/airflow/dags/dag_2.py
[2026-06-01T10:53:44.031+0000] {processor.py:840} INFO - DAG(s) 'my_first_test_dag2' retrieved from /opt/airflow/dags/dag_2.py
[2026-06-01T10:53:44.084+0000] {logging_mixin.py:188} INFO - [2026-06-01T10:53:44.083+0000] {dag.py:3047} INFO - Sync 1 DAGs
[2026-06-01T10:53:44.106+0000] {logging_mixin.py:188} INFO - [2026-06-01T10:53:44.106+0000] {dag.py:3834} INFO - Setting next_dagrun for my_first_test_dag2 to None, run_after=None
[2026-06-01T10:53:44.141+0000] {processor.py:183} INFO - Processing /opt/airflow/dags/dag_2.py took 0.150 seconds
[2026-06-01T10:54:14.421+0000] {processor.py:161} INFO - Started process (PID=2207) to work on /opt/airflow/dags/dag_2.py
[2026-06-01T10:54:14.422+0000] {processor.py:830} INFO - Processing file /opt/airflow/dags/dag_2.py for tasks to queue
[2026-06-01T10:54:14.424+0000] {logging_mixin.py:188} INFO - [2026-06-01T10:54:14.423+0000] {dagbag.py:540} INFO - Filling up the DagBag from /opt/airflow/dags/dag_2.py
[2026-06-01T10:54:14.443+0000] {processor.py:840} INFO - DAG(s) 'my_first_test_dag2' retrieved from /opt/airflow/dags/dag_2.py
[2026-06-01T10:54:14.473+0000] {logging_mixin.py:188} INFO - [2026-06-01T10:54:14.473+0000] {dag.py:3047} INFO - Sync 1 DAGs
[2026-06-01T10:54:14.490+0000] {logging_mixin.py:188} INFO - [2026-06-01T10:54:14.490+0000] {dag.py:3834} INFO - Setting next_dagrun for my_first_test_dag2 to None, run_after=None
[2026-06-01T10:54:14.517+0000] {processor.py:183} INFO - Processing /opt/airflow/dags/dag_2.py took 0.100 seconds
[2026-06-01T10:54:44.843+0000] {processor.py:161} INFO - Started process (PID=2217) to work on /opt/airflow/dags/dag_2.py
[2026-06-01T10:54:44.845+0000] {processor.py:830} INFO - Processing file /opt/airflow/dags/dag_2.py for tasks to queue
[2026-06-01T10:54:44.847+0000] {logging_mixin.py:188} INFO - [2026-06-01T10:54:44.847+0000] {dagbag.py:540} INFO - Filling up the DagBag from /opt/airflow/dags/dag_2.py
[2026-06-01T10:54:44.879+0000] {processor.py:840} INFO - DAG(s) 'my_first_test_dag2' retrieved from /opt/airflow/dags/dag_2.py
[2026-06-01T10:54:44.922+0000] {logging_mixin.py:188} INFO - [2026-06-01T10:54:44.922+0000] {dag.py:3047} INFO - Sync 1 DAGs
[2026-06-01T10:54:44.941+0000] {logging_mixin.py:188} INFO - [2026-06-01T10:54:44.940+0000] {dag.py:3834} INFO - Setting next_dagrun for my_first_test_dag2 to None, run_after=None
[2026-06-01T10:54:44.967+0000] {processor.py:183} INFO - Processing /opt/airflow/dags/dag_2.py took 0.129 seconds
[2026-06-01T10:55:15.143+0000] {processor.py:161} INFO - Started process (PID=2227) to work on /opt/airflow/dags/dag_2.py
[2026-06-01T10:55:15.144+0000] {processor.py:830} INFO - Processing file /opt/airflow/dags/dag_2.py for tasks to queue
[2026-06-01T10:55:15.147+0000] {logging_mixin.py:188} INFO - [2026-06-01T10:55:15.146+0000] {dagbag.py:540} INFO - Filling up the DagBag from /opt/airflow/dags/dag_2.py
[2026-06-01T10:55:15.186+0000] {processor.py:840} INFO - DAG(s) 'my_first_test_dag2' retrieved from /opt/airflow/dags/dag_2.py
[2026-06-01T10:55:15.225+0000] {logging_mixin.py:188} INFO - [2026-06-01T10:55:15.225+0000] {dag.py:3047} INFO - Sync 1 DAGs
[2026-06-01T10:55:15.244+0000] {logging_mixin.py:188} INFO - [2026-06-01T10:55:15.243+0000] {dag.py:3834} INFO - Setting next_dagrun for my_first_test_dag2 to None, run_after=None
[2026-06-01T10:55:15.276+0000] {processor.py:183} INFO - Processing /opt/airflow/dags/dag_2.py took 0.137 seconds
[2026-06-01T10:55:45.453+0000] {processor.py:161} INFO - Started process (PID=2237) to work on /opt/airflow/dags/dag_2.py
[2026-06-01T10:55:45.454+0000] {processor.py:830} INFO - Processing file /opt/airflow/dags/dag_2.py for tasks to queue
[2026-06-01T10:55:45.456+0000] {logging_mixin.py:188} INFO - [2026-06-01T10:55:45.456+0000] {dagbag.py:540} INFO - Filling up the DagBag from /opt/airflow/dags/dag_2.py
[2026-06-01T10:55:45.476+0000] {processor.py:840} INFO - DAG(s) 'my_first_test_dag2' retrieved from /opt/airflow/dags/dag_2.py
[2026-06-01T10:55:45.506+0000] {logging_mixin.py:188} INFO - [2026-06-01T10:55:45.505+0000] {dag.py:3047} INFO - Sync 1 DAGs
[2026-06-01T10:55:45.520+0000] {logging_mixin.py:188} INFO - [2026-06-01T10:55:45.520+0000] {dag.py:3834} INFO - Setting next_dagrun for my_first_test_dag2 to None, run_after=None
[2026-06-01T10:55:45.554+0000] {processor.py:183} INFO - Processing /opt/airflow/dags/dag_2.py took 0.106 seconds
[2026-06-01T10:56:15.720+0000] {processor.py:161} INFO - Started process (PID=2247) to work on /opt/airflow/dags/dag_2.py
[2026-06-01T10:56:15.721+0000] {processor.py:830} INFO - Processing file /opt/airflow/dags/dag_2.py for tasks to queue
[2026-06-01T10:56:15.723+0000] {logging_mixin.py:188} INFO - [2026-06-01T10:56:15.722+0000] {dagbag.py:540} INFO - Filling up the DagBag from /opt/airflow/dags/dag_2.py
[2026-06-01T10:56:15.755+0000] {processor.py:840} INFO - DAG(s) 'my_first_test_dag2' retrieved from /opt/airflow/dags/dag_2.py
[2026-06-01T10:56:15.790+0000] {logging_mixin.py:188} INFO - [2026-06-01T10:56:15.790+0000] {dag.py:3047} INFO - Sync 1 DAGs
[2026-06-01T10:56:15.817+0000] {logging_mixin.py:188} INFO - [2026-06-01T10:56:15.816+0000] {dag.py:3834} INFO - Setting next_dagrun for my_first_test_dag2 to None, run_after=None
[2026-06-01T10:56:15.846+0000] {processor.py:183} INFO - Processing /opt/airflow/dags/dag_2.py took 0.131 seconds
[2026-06-01T10:56:45.972+0000] {processor.py:161} INFO - Started process (PID=2257) to work on /opt/airflow/dags/dag_2.py
[2026-06-01T10:56:45.973+0000] {processor.py:830} INFO - Processing file /opt/airflow/dags/dag_2.py for tasks to queue
[2026-06-01T10:56:45.975+0000] {logging_mixin.py:188} INFO - [2026-06-01T10:56:45.975+0000] {dagbag.py:540} INFO - Filling up the DagBag from /opt/airflow/dags/dag_2.py
[2026-06-01T10:56:45.994+0000] {processor.py:840} INFO - DAG(s) 'my_first_test_dag2' retrieved from /opt/airflow/dags/dag_2.py
[2026-06-01T10:56:46.027+0000] {logging_mixin.py:188} INFO - [2026-06-01T10:56:46.027+0000] {dag.py:3047} INFO - Sync 1 DAGs
[2026-06-01T10:56:46.043+0000] {logging_mixin.py:188} INFO - [2026-06-01T10:56:46.042+0000] {dag.py:3834} INFO - Setting next_dagrun for my_first_test_dag2 to None, run_after=None
[2026-06-01T10:56:46.074+0000] {processor.py:183} INFO - Processing /opt/airflow/dags/dag_2.py took 0.108 seconds
[2026-06-01T10:57:16.322+0000] {processor.py:161} INFO - Started process (PID=2267) to work on /opt/airflow/dags/dag_2.py
[2026-06-01T10:57:16.323+0000] {processor.py:830} INFO - Processing file /opt/airflow/dags/dag_2.py for tasks to queue
[2026-06-01T10:57:16.324+0000] {logging_mixin.py:188} INFO - [2026-06-01T10:57:16.324+0000] {dagbag.py:540} INFO - Filling up the DagBag from /opt/airflow/dags/dag_2.py
[2026-06-01T10:57:16.349+0000] {processor.py:840} INFO - DAG(s) 'my_first_test_dag2' retrieved from /opt/airflow/dags/dag_2.py
[2026-06-01T10:57:16.386+0000] {logging_mixin.py:188} INFO - [2026-06-01T10:57:16.386+0000] {dag.py:3047} INFO - Sync 1 DAGs
[2026-06-01T10:57:16.405+0000] {logging_mixin.py:188} INFO - [2026-06-01T10:57:16.405+0000] {dag.py:3834} INFO - Setting next_dagrun for my_first_test_dag2 to None, run_after=None
[2026-06-01T10:57:16.427+0000] {processor.py:183} INFO - Processing /opt/airflow/dags/dag_2.py took 0.109 seconds
[2026-06-01T10:57:46.539+0000] {processor.py:161} INFO - Started process (PID=2277) to work on /opt/airflow/dags/dag_2.py
[2026-06-01T10:57:46.540+0000] {processor.py:830} INFO - Processing file /opt/airflow/dags/dag_2.py for tasks to queue
[2026-06-01T10:57:46.542+0000] {logging_mixin.py:188} INFO - [2026-06-01T10:57:46.541+0000] {dagbag.py:540} INFO - Filling up the DagBag from /opt/airflow/dags/dag_2.py
[2026-06-01T10:57:46.564+0000] {processor.py:840} INFO - DAG(s) 'my_first_test_dag2' retrieved from /opt/airflow/dags/dag_2.py
[2026-06-01T10:57:46.612+0000] {logging_mixin.py:188} INFO - [2026-06-01T10:57:46.612+0000] {dag.py:3047} INFO - Sync 1 DAGs
[2026-06-01T10:57:46.631+0000] {logging_mixin.py:188} INFO - [2026-06-01T10:57:46.630+0000] {dag.py:3834} INFO - Setting next_dagrun for my_first_test_dag2 to None, run_after=None
[2026-06-01T10:57:46.657+0000] {processor.py:183} INFO - Processing /opt/airflow/dags/dag_2.py took 0.121 seconds
[2026-06-01T10:58:16.928+0000] {processor.py:161} INFO - Started process (PID=2287) to work on /opt/airflow/dags/dag_2.py
[2026-06-01T10:58:16.930+0000] {processor.py:830} INFO - Processing file /opt/airflow/dags/dag_2.py for tasks to queue
[2026-06-01T10:58:16.931+0000] {logging_mixin.py:188} INFO - [2026-06-01T10:58:16.931+0000] {dagbag.py:540} INFO - Filling up the DagBag from /opt/airflow/dags/dag_2.py
[2026-06-01T10:58:16.972+0000] {processor.py:840} INFO - DAG(s) 'my_first_test_dag2' retrieved from /opt/airflow/dags/dag_2.py
[2026-06-01T10:58:17.024+0000] {logging_mixin.py:188} INFO - [2026-06-01T10:58:17.024+0000] {dag.py:3047} INFO - Sync 1 DAGs
[2026-06-01T10:58:17.049+0000] {logging_mixin.py:188} INFO - [2026-06-01T10:58:17.048+0000] {dag.py:3834} INFO - Setting next_dagrun for my_first_test_dag2 to None, run_after=None
[2026-06-01T10:58:17.089+0000] {processor.py:183} INFO - Processing /opt/airflow/dags/dag_2.py took 0.166 seconds
[2026-06-01T10:58:47.181+0000] {processor.py:161} INFO - Started process (PID=2297) to work on /opt/airflow/dags/dag_2.py
[2026-06-01T10:58:47.182+0000] {processor.py:830} INFO - Processing file /opt/airflow/dags/dag_2.py for tasks to queue
[2026-06-01T10:58:47.183+0000] {logging_mixin.py:188} INFO - [2026-06-01T10:58:47.182+0000] {dagbag.py:540} INFO - Filling up the DagBag from /opt/airflow/dags/dag_2.py
[2026-06-01T10:58:47.202+0000] {processor.py:840} INFO - DAG(s) 'my_first_test_dag2' retrieved from /opt/airflow/dags/dag_2.py
[2026-06-01T10:58:47.240+0000] {logging_mixin.py:188} INFO - [2026-06-01T10:58:47.239+0000] {dag.py:3047} INFO - Sync 1 DAGs
[2026-06-01T10:58:47.257+0000] {logging_mixin.py:188} INFO - [2026-06-01T10:58:47.257+0000] {dag.py:3834} INFO - Setting next_dagrun for my_first_test_dag2 to None, run_after=None
[2026-06-01T10:58:47.282+0000] {processor.py:183} INFO - Processing /opt/airflow/dags/dag_2.py took 0.106 seconds
[2026-06-01T10:59:17.542+0000] {processor.py:161} INFO - Started process (PID=2307) to work on /opt/airflow/dags/dag_2.py
[2026-06-01T10:59:17.544+0000] {processor.py:830} INFO - Processing file /opt/airflow/dags/dag_2.py for tasks to queue
[2026-06-01T10:59:17.546+0000] {logging_mixin.py:188} INFO - [2026-06-01T10:59:17.545+0000] {dagbag.py:540} INFO - Filling up the DagBag from /opt/airflow/dags/dag_2.py
[2026-06-01T10:59:17.566+0000] {processor.py:840} INFO - DAG(s) 'my_first_test_dag2' retrieved from /opt/airflow/dags/dag_2.py
[2026-06-01T10:59:17.602+0000] {logging_mixin.py:188} INFO - [2026-06-01T10:59:17.601+0000] {dag.py:3047} INFO - Sync 1 DAGs
[2026-06-01T10:59:17.616+0000] {logging_mixin.py:188} INFO - [2026-06-01T10:59:17.616+0000] {dag.py:3834} INFO - Setting next_dagrun for my_first_test_dag2 to None, run_after=None
[2026-06-01T10:59:17.638+0000] {processor.py:183} INFO - Processing /opt/airflow/dags/dag_2.py took 0.100 seconds
[2026-06-01T10:59:47.759+0000] {processor.py:161} INFO - Started process (PID=2317) to work on /opt/airflow/dags/dag_2.py
[2026-06-01T10:59:47.761+0000] {processor.py:830} INFO - Processing file /opt/airflow/dags/dag_2.py for tasks to queue
[2026-06-01T10:59:47.762+0000] {logging_mixin.py:188} INFO - [2026-06-01T10:59:47.762+0000] {dagbag.py:540} INFO - Filling up the DagBag from /opt/airflow/dags/dag_2.py
[2026-06-01T10:59:47.785+0000] {processor.py:840} INFO - DAG(s) 'my_first_test_dag2' retrieved from /opt/airflow/dags/dag_2.py
[2026-06-01T10:59:47.818+0000] {logging_mixin.py:188} INFO - [2026-06-01T10:59:47.818+0000] {dag.py:3047} INFO - Sync 1 DAGs
[2026-06-01T10:59:47.834+0000] {logging_mixin.py:188} INFO - [2026-06-01T10:59:47.834+0000] {dag.py:3834} INFO - Setting next_dagrun for my_first_test_dag2 to None, run_after=None
[2026-06-01T10:59:47.865+0000] {processor.py:183} INFO - Processing /opt/airflow/dags/dag_2.py took 0.111 seconds
[2026-06-01T11:00:18.074+0000] {processor.py:161} INFO - Started process (PID=2327) to work on /opt/airflow/dags/dag_2.py
[2026-06-01T11:00:18.075+0000] {processor.py:830} INFO - Processing file /opt/airflow/dags/dag_2.py for tasks to queue
[2026-06-01T11:00:18.076+0000] {logging_mixin.py:188} INFO - [2026-06-01T11:00:18.076+0000] {dagbag.py:540} INFO - Filling up the DagBag from /opt/airflow/dags/dag_2.py
[2026-06-01T11:00:18.094+0000] {processor.py:840} INFO - DAG(s) 'my_first_test_dag2' retrieved from /opt/airflow/dags/dag_2.py
[2026-06-01T11:00:18.153+0000] {logging_mixin.py:188} INFO - [2026-06-01T11:00:18.152+0000] {dag.py:3047} INFO - Sync 1 DAGs
[2026-06-01T11:00:18.180+0000] {logging_mixin.py:188} INFO - [2026-06-01T11:00:18.179+0000] {dag.py:3834} INFO - Setting next_dagrun for my_first_test_dag2 to None, run_after=None
[2026-06-01T11:00:18.210+0000] {processor.py:183} INFO - Processing /opt/airflow/dags/dag_2.py took 0.142 seconds
[2026-06-01T11:00:48.522+0000] {processor.py:161} INFO - Started process (PID=2337) to work on /opt/airflow/dags/dag_2.py
[2026-06-01T11:00:48.524+0000] {processor.py:830} INFO - Processing file /opt/airflow/dags/dag_2.py for tasks to queue
[2026-06-01T11:00:48.525+0000] {logging_mixin.py:188} INFO - [2026-06-01T11:00:48.524+0000] {dagbag.py:540} INFO - Filling up the DagBag from /opt/airflow/dags/dag_2.py
[2026-06-01T11:00:48.545+0000] {processor.py:840} INFO - DAG(s) 'my_first_test_dag2' retrieved from /opt/airflow/dags/dag_2.py
[2026-06-01T11:00:48.576+0000] {logging_mixin.py:188} INFO - [2026-06-01T11:00:48.575+0000] {dag.py:3047} INFO - Sync 1 DAGs
[2026-06-01T11:00:48.590+0000] {logging_mixin.py:188} INFO - [2026-06-01T11:00:48.590+0000] {dag.py:3834} INFO - Setting next_dagrun for my_first_test_dag2 to None, run_after=None
[2026-06-01T11:00:48.614+0000] {processor.py:183} INFO - Processing /opt/airflow/dags/dag_2.py took 0.095 seconds
[2026-06-01T11:01:18.769+0000] {processor.py:161} INFO - Started process (PID=2347) to work on /opt/airflow/dags/dag_2.py
[2026-06-01T11:01:18.770+0000] {processor.py:830} INFO - Processing file /opt/airflow/dags/dag_2.py for tasks to queue
[2026-06-01T11:01:18.772+0000] {logging_mixin.py:188} INFO - [2026-06-01T11:01:18.771+0000] {dagbag.py:540} INFO - Filling up the DagBag from /opt/airflow/dags/dag_2.py
[2026-06-01T11:01:18.790+0000] {processor.py:840} INFO - DAG(s) 'my_first_test_dag2' retrieved from /opt/airflow/dags/dag_2.py
[2026-06-01T11:01:18.821+0000] {logging_mixin.py:188} INFO - [2026-06-01T11:01:18.820+0000] {dag.py:3047} INFO - Sync 1 DAGs
[2026-06-01T11:01:18.836+0000] {logging_mixin.py:188} INFO - [2026-06-01T11:01:18.836+0000] {dag.py:3834} INFO - Setting next_dagrun for my_first_test_dag2 to None, run_after=None
[2026-06-01T11:01:18.869+0000] {processor.py:183} INFO - Processing /opt/airflow/dags/dag_2.py took 0.103 seconds
[2026-06-01T11:01:49.076+0000] {processor.py:161} INFO - Started process (PID=2357) to work on /opt/airflow/dags/dag_2.py
[2026-06-01T11:01:49.077+0000] {processor.py:830} INFO - Processing file /opt/airflow/dags/dag_2.py for tasks to queue
[2026-06-01T11:01:49.078+0000] {logging_mixin.py:188} INFO - [2026-06-01T11:01:49.078+0000] {dagbag.py:540} INFO - Filling up the DagBag from /opt/airflow/dags/dag_2.py
[2026-06-01T11:01:49.093+0000] {processor.py:840} INFO - DAG(s) 'my_first_test_dag2' retrieved from /opt/airflow/dags/dag_2.py
[2026-06-01T11:01:49.126+0000] {logging_mixin.py:188} INFO - [2026-06-01T11:01:49.125+0000] {dag.py:3047} INFO - Sync 1 DAGs
[2026-06-01T11:01:49.144+0000] {logging_mixin.py:188} INFO - [2026-06-01T11:01:49.143+0000] {dag.py:3834} INFO - Setting next_dagrun for my_first_test_dag2 to None, run_after=None
[2026-06-01T11:01:49.179+0000] {processor.py:183} INFO - Processing /opt/airflow/dags/dag_2.py took 0.106 seconds
[2026-06-01T11:02:19.304+0000] {processor.py:161} INFO - Started process (PID=2367) to work on /opt/airflow/dags/dag_2.py
[2026-06-01T11:02:19.305+0000] {processor.py:830} INFO - Processing file /opt/airflow/dags/dag_2.py for tasks to queue
[2026-06-01T11:02:19.306+0000] {logging_mixin.py:188} INFO - [2026-06-01T11:02:19.306+0000] {dagbag.py:540} INFO - Filling up the DagBag from /opt/airflow/dags/dag_2.py
[2026-06-01T11:02:19.327+0000] {processor.py:840} INFO - DAG(s) 'my_first_test_dag2' retrieved from /opt/airflow/dags/dag_2.py
[2026-06-01T11:02:19.372+0000] {logging_mixin.py:188} INFO - [2026-06-01T11:02:19.371+0000] {dag.py:3047} INFO - Sync 1 DAGs
[2026-06-01T11:02:19.388+0000] {logging_mixin.py:188} INFO - [2026-06-01T11:02:19.388+0000] {dag.py:3834} INFO - Setting next_dagrun for my_first_test_dag2 to None, run_after=None
[2026-06-01T11:02:19.419+0000] {processor.py:183} INFO - Processing /opt/airflow/dags/dag_2.py took 0.118 seconds
[2026-06-01T11:02:49.624+0000] {processor.py:161} INFO - Started process (PID=2377) to work on /opt/airflow/dags/dag_2.py
[2026-06-01T11:02:49.625+0000] {processor.py:830} INFO - Processing file /opt/airflow/dags/dag_2.py for tasks to queue
[2026-06-01T11:02:49.626+0000] {logging_mixin.py:188} INFO - [2026-06-01T11:02:49.626+0000] {dagbag.py:540} INFO - Filling up the DagBag from /opt/airflow/dags/dag_2.py
[2026-06-01T11:02:49.648+0000] {processor.py:840} INFO - DAG(s) 'my_first_test_dag2' retrieved from /opt/airflow/dags/dag_2.py
[2026-06-01T11:02:49.687+0000] {logging_mixin.py:188} INFO - [2026-06-01T11:02:49.687+0000] {dag.py:3047} INFO - Sync 1 DAGs
[2026-06-01T11:02:49.709+0000] {logging_mixin.py:188} INFO - [2026-06-01T11:02:49.708+0000] {dag.py:3834} INFO - Setting next_dagrun for my_first_test_dag2 to None, run_after=None
[2026-06-01T11:02:49.743+0000] {processor.py:183} INFO - Processing /opt/airflow/dags/dag_2.py took 0.124 seconds
[2026-06-01T11:03:19.994+0000] {processor.py:161} INFO - Started process (PID=2387) to work on /opt/airflow/dags/dag_2.py
[2026-06-01T11:03:19.995+0000] {processor.py:830} INFO - Processing file /opt/airflow/dags/dag_2.py for tasks to queue
[2026-06-01T11:03:19.996+0000] {logging_mixin.py:188} INFO - [2026-06-01T11:03:19.996+0000] {dagbag.py:540} INFO - Filling up the DagBag from /opt/airflow/dags/dag_2.py
[2026-06-01T11:03:20.013+0000] {processor.py:840} INFO - DAG(s) 'my_first_test_dag2' retrieved from /opt/airflow/dags/dag_2.py
[2026-06-01T11:03:20.039+0000] {logging_mixin.py:188} INFO - [2026-06-01T11:03:20.039+0000] {dag.py:3047} INFO - Sync 1 DAGs
[2026-06-01T11:03:20.054+0000] {logging_mixin.py:188} INFO - [2026-06-01T11:03:20.054+0000] {dag.py:3834} INFO - Setting next_dagrun for my_first_test_dag2 to None, run_after=None
[2026-06-01T11:03:20.080+0000] {processor.py:183} INFO - Processing /opt/airflow/dags/dag_2.py took 0.089 seconds
[2026-06-01T11:03:50.228+0000] {processor.py:161} INFO - Started process (PID=2397) to work on /opt/airflow/dags/dag_2.py
[2026-06-01T11:03:50.229+0000] {processor.py:830} INFO - Processing file /opt/airflow/dags/dag_2.py for tasks to queue
[2026-06-01T11:03:50.230+0000] {logging_mixin.py:188} INFO - [2026-06-01T11:03:50.230+0000] {dagbag.py:540} INFO - Filling up the DagBag from /opt/airflow/dags/dag_2.py
[2026-06-01T11:03:50.251+0000] {processor.py:840} INFO - DAG(s) 'my_first_test_dag2' retrieved from /opt/airflow/dags/dag_2.py
[2026-06-01T11:03:50.290+0000] {logging_mixin.py:188} INFO - [2026-06-01T11:03:50.290+0000] {dag.py:3047} INFO - Sync 1 DAGs
[2026-06-01T11:03:50.309+0000] {logging_mixin.py:188} INFO - [2026-06-01T11:03:50.308+0000] {dag.py:3834} INFO - Setting next_dagrun for my_first_test_dag2 to None, run_after=None
[2026-06-01T11:03:50.334+0000] {processor.py:183} INFO - Processing /opt/airflow/dags/dag_2.py took 0.109 seconds
[2026-06-01T11:04:20.550+0000] {processor.py:161} INFO - Started process (PID=2407) to work on /opt/airflow/dags/dag_2.py
[2026-06-01T11:04:20.552+0000] {processor.py:830} INFO - Processing file /opt/airflow/dags/dag_2.py for tasks to queue
[2026-06-01T11:04:20.554+0000] {logging_mixin.py:188} INFO - [2026-06-01T11:04:20.553+0000] {dagbag.py:540} INFO - Filling up the DagBag from /opt/airflow/dags/dag_2.py
[2026-06-01T11:04:20.572+0000] {processor.py:840} INFO - DAG(s) 'my_first_test_dag2' retrieved from /opt/airflow/dags/dag_2.py
[2026-06-01T11:04:20.605+0000] {logging_mixin.py:188} INFO - [2026-06-01T11:04:20.605+0000] {dag.py:3047} INFO - Sync 1 DAGs
[2026-06-01T11:04:20.622+0000] {logging_mixin.py:188} INFO - [2026-06-01T11:04:20.621+0000] {dag.py:3834} INFO - Setting next_dagrun for my_first_test_dag2 to None, run_after=None
[2026-06-01T11:04:20.648+0000] {processor.py:183} INFO - Processing /opt/airflow/dags/dag_2.py took 0.103 seconds
[2026-06-01T11:04:50.959+0000] {processor.py:161} INFO - Started process (PID=2417) to work on /opt/airflow/dags/dag_2.py
[2026-06-01T11:04:50.960+0000] {processor.py:830} INFO - Processing file /opt/airflow/dags/dag_2.py for tasks to queue
[2026-06-01T11:04:50.962+0000] {logging_mixin.py:188} INFO - [2026-06-01T11:04:50.961+0000] {dagbag.py:540} INFO - Filling up the DagBag from /opt/airflow/dags/dag_2.py
[2026-06-01T11:04:50.989+0000] {processor.py:840} INFO - DAG(s) 'my_first_test_dag2' retrieved from /opt/airflow/dags/dag_2.py
[2026-06-01T11:04:51.034+0000] {logging_mixin.py:188} INFO - [2026-06-01T11:04:51.034+0000] {dag.py:3047} INFO - Sync 1 DAGs
[2026-06-01T11:04:51.066+0000] {logging_mixin.py:188} INFO - [2026-06-01T11:04:51.066+0000] {dag.py:3834} INFO - Setting next_dagrun for my_first_test_dag2 to None, run_after=None
[2026-06-01T11:04:51.119+0000] {processor.py:183} INFO - Processing /opt/airflow/dags/dag_2.py took 0.170 seconds
[2026-06-01T11:05:21.369+0000] {processor.py:161} INFO - Started process (PID=2427) to work on /opt/airflow/dags/dag_2.py
[2026-06-01T11:05:21.371+0000] {processor.py:830} INFO - Processing file /opt/airflow/dags/dag_2.py for tasks to queue
[2026-06-01T11:05:21.372+0000] {logging_mixin.py:188} INFO - [2026-06-01T11:05:21.372+0000] {dagbag.py:540} INFO - Filling up the DagBag from /opt/airflow/dags/dag_2.py
[2026-06-01T11:05:21.392+0000] {processor.py:840} INFO - DAG(s) 'my_first_test_dag2' retrieved from /opt/airflow/dags/dag_2.py
[2026-06-01T11:05:21.427+0000] {logging_mixin.py:188} INFO - [2026-06-01T11:05:21.427+0000] {dag.py:3047} INFO - Sync 1 DAGs
[2026-06-01T11:05:21.444+0000] {logging_mixin.py:188} INFO - [2026-06-01T11:05:21.443+0000] {dag.py:3834} INFO - Setting next_dagrun for my_first_test_dag2 to None, run_after=None
[2026-06-01T11:05:21.471+0000] {processor.py:183} INFO - Processing /opt/airflow/dags/dag_2.py took 0.106 seconds
[2026-06-01T11:05:51.734+0000] {processor.py:161} INFO - Started process (PID=2437) to work on /opt/airflow/dags/dag_2.py
[2026-06-01T11:05:51.735+0000] {processor.py:830} INFO - Processing file /opt/airflow/dags/dag_2.py for tasks to queue
[2026-06-01T11:05:51.737+0000] {logging_mixin.py:188} INFO - [2026-06-01T11:05:51.736+0000] {dagbag.py:540} INFO - Filling up the DagBag from /opt/airflow/dags/dag_2.py
[2026-06-01T11:05:51.749+0000] {processor.py:840} INFO - DAG(s) 'my_first_test_dag2' retrieved from /opt/airflow/dags/dag_2.py
[2026-06-01T11:05:51.777+0000] {logging_mixin.py:188} INFO - [2026-06-01T11:05:51.777+0000] {dag.py:3047} INFO - Sync 1 DAGs
[2026-06-01T11:05:51.791+0000] {logging_mixin.py:188} INFO - [2026-06-01T11:05:51.790+0000] {dag.py:3834} INFO - Setting next_dagrun for my_first_test_dag2 to None, run_after=None
[2026-06-01T11:05:51.815+0000] {processor.py:183} INFO - Processing /opt/airflow/dags/dag_2.py took 0.084 seconds
[2026-06-01T11:06:22.094+0000] {processor.py:161} INFO - Started process (PID=2447) to work on /opt/airflow/dags/dag_2.py
[2026-06-01T11:06:22.095+0000] {processor.py:830} INFO - Processing file /opt/airflow/dags/dag_2.py for tasks to queue
[2026-06-01T11:06:22.096+0000] {logging_mixin.py:188} INFO - [2026-06-01T11:06:22.095+0000] {dagbag.py:540} INFO - Filling up the DagBag from /opt/airflow/dags/dag_2.py
[2026-06-01T11:06:22.109+0000] {processor.py:840} INFO - DAG(s) 'my_first_test_dag2' retrieved from /opt/airflow/dags/dag_2.py
[2026-06-01T11:06:22.134+0000] {logging_mixin.py:188} INFO - [2026-06-01T11:06:22.134+0000] {dag.py:3047} INFO - Sync 1 DAGs
[2026-06-01T11:06:22.148+0000] {logging_mixin.py:188} INFO - [2026-06-01T11:06:22.148+0000] {dag.py:3834} INFO - Setting next_dagrun for my_first_test_dag2 to None, run_after=None
[2026-06-01T11:06:22.178+0000] {processor.py:183} INFO - Processing /opt/airflow/dags/dag_2.py took 0.087 seconds
[2026-06-01T11:06:52.314+0000] {processor.py:161} INFO - Started process (PID=2457) to work on /opt/airflow/dags/dag_2.py
[2026-06-01T11:06:52.316+0000] {processor.py:830} INFO - Processing file /opt/airflow/dags/dag_2.py for tasks to queue
[2026-06-01T11:06:52.317+0000] {logging_mixin.py:188} INFO - [2026-06-01T11:06:52.317+0000] {dagbag.py:540} INFO - Filling up the DagBag from /opt/airflow/dags/dag_2.py
[2026-06-01T11:06:52.339+0000] {processor.py:840} INFO - DAG(s) 'my_first_test_dag2' retrieved from /opt/airflow/dags/dag_2.py
[2026-06-01T11:06:52.368+0000] {logging_mixin.py:188} INFO - [2026-06-01T11:06:52.368+0000] {dag.py:3047} INFO - Sync 1 DAGs
[2026-06-01T11:06:52.382+0000] {logging_mixin.py:188} INFO - [2026-06-01T11:06:52.382+0000] {dag.py:3834} INFO - Setting next_dagrun for my_first_test_dag2 to None, run_after=None
[2026-06-01T11:06:52.403+0000] {processor.py:183} INFO - Processing /opt/airflow/dags/dag_2.py took 0.092 seconds
[2026-06-01T11:07:22.709+0000] {processor.py:161} INFO - Started process (PID=2467) to work on /opt/airflow/dags/dag_2.py
[2026-06-01T11:07:22.711+0000] {processor.py:830} INFO - Processing file /opt/airflow/dags/dag_2.py for tasks to queue
[2026-06-01T11:07:22.712+0000] {logging_mixin.py:188} INFO - [2026-06-01T11:07:22.711+0000] {dagbag.py:540} INFO - Filling up the DagBag from /opt/airflow/dags/dag_2.py
[2026-06-01T11:07:22.729+0000] {processor.py:840} INFO - DAG(s) 'my_first_test_dag2' retrieved from /opt/airflow/dags/dag_2.py
[2026-06-01T11:07:22.768+0000] {logging_mixin.py:188} INFO - [2026-06-01T11:07:22.767+0000] {dag.py:3047} INFO - Sync 1 DAGs
[2026-06-01T11:07:22.796+0000] {logging_mixin.py:188} INFO - [2026-06-01T11:07:22.796+0000] {dag.py:3834} INFO - Setting next_dagrun for my_first_test_dag2 to None, run_after=None
[2026-06-01T11:07:22.826+0000] {processor.py:183} INFO - Processing /opt/airflow/dags/dag_2.py took 0.121 seconds
[2026-06-01T11:07:53.062+0000] {processor.py:161} INFO - Started process (PID=2477) to work on /opt/airflow/dags/dag_2.py
[2026-06-01T11:07:53.064+0000] {processor.py:830} INFO - Processing file /opt/airflow/dags/dag_2.py for tasks to queue
[2026-06-01T11:07:53.065+0000] {logging_mixin.py:188} INFO - [2026-06-01T11:07:53.065+0000] {dagbag.py:540} INFO - Filling up the DagBag from /opt/airflow/dags/dag_2.py
[2026-06-01T11:07:53.087+0000] {processor.py:840} INFO - DAG(s) 'my_first_test_dag2' retrieved from /opt/airflow/dags/dag_2.py
[2026-06-01T11:07:53.116+0000] {logging_mixin.py:188} INFO - [2026-06-01T11:07:53.115+0000] {dag.py:3047} INFO - Sync 1 DAGs
[2026-06-01T11:07:53.133+0000] {logging_mixin.py:188} INFO - [2026-06-01T11:07:53.133+0000] {dag.py:3834} INFO - Setting next_dagrun for my_first_test_dag2 to None, run_after=None
[2026-06-01T11:07:53.168+0000] {processor.py:183} INFO - Processing /opt/airflow/dags/dag_2.py took 0.109 seconds
[2026-06-01T11:08:23.380+0000] {processor.py:161} INFO - Started process (PID=2487) to work on /opt/airflow/dags/dag_2.py
[2026-06-01T11:08:23.381+0000] {processor.py:830} INFO - Processing file /opt/airflow/dags/dag_2.py for tasks to queue
[2026-06-01T11:08:23.382+0000] {logging_mixin.py:188} INFO - [2026-06-01T11:08:23.382+0000] {dagbag.py:540} INFO - Filling up the DagBag from /opt/airflow/dags/dag_2.py
[2026-06-01T11:08:23.413+0000] {processor.py:840} INFO - DAG(s) 'my_first_test_dag2' retrieved from /opt/airflow/dags/dag_2.py
[2026-06-01T11:08:23.459+0000] {logging_mixin.py:188} INFO - [2026-06-01T11:08:23.459+0000] {dag.py:3047} INFO - Sync 1 DAGs
[2026-06-01T11:08:23.482+0000] {logging_mixin.py:188} INFO - [2026-06-01T11:08:23.482+0000] {dag.py:3834} INFO - Setting next_dagrun for my_first_test_dag2 to None, run_after=None
[2026-06-01T11:08:23.525+0000] {processor.py:183} INFO - Processing /opt/airflow/dags/dag_2.py took 0.149 seconds
[2026-06-01T11:08:53.641+0000] {processor.py:161} INFO - Started process (PID=2497) to work on /opt/airflow/dags/dag_2.py
[2026-06-01T11:08:53.642+0000] {processor.py:830} INFO - Processing file /opt/airflow/dags/dag_2.py for tasks to queue
[2026-06-01T11:08:53.643+0000] {logging_mixin.py:188} INFO - [2026-06-01T11:08:53.643+0000] {dagbag.py:540} INFO - Filling up the DagBag from /opt/airflow/dags/dag_2.py
[2026-06-01T11:08:53.658+0000] {processor.py:840} INFO - DAG(s) 'my_first_test_dag2' retrieved from /opt/airflow/dags/dag_2.py
[2026-06-01T11:08:53.683+0000] {logging_mixin.py:188} INFO - [2026-06-01T11:08:53.683+0000] {dag.py:3047} INFO - Sync 1 DAGs
[2026-06-01T11:08:53.699+0000] {logging_mixin.py:188} INFO - [2026-06-01T11:08:53.699+0000] {dag.py:3834} INFO - Setting next_dagrun for my_first_test_dag2 to None, run_after=None
[2026-06-01T11:08:53.724+0000] {processor.py:183} INFO - Processing /opt/airflow/dags/dag_2.py took 0.086 seconds
[2026-06-01T11:09:23.975+0000] {processor.py:161} INFO - Started process (PID=2507) to work on /opt/airflow/dags/dag_2.py
[2026-06-01T11:09:23.976+0000] {processor.py:830} INFO - Processing file /opt/airflow/dags/dag_2.py for tasks to queue
[2026-06-01T11:09:23.977+0000] {logging_mixin.py:188} INFO - [2026-06-01T11:09:23.977+0000] {dagbag.py:540} INFO - Filling up the DagBag from /opt/airflow/dags/dag_2.py
[2026-06-01T11:09:23.991+0000] {processor.py:840} INFO - DAG(s) 'my_first_test_dag2' retrieved from /opt/airflow/dags/dag_2.py
[2026-06-01T11:09:24.024+0000] {logging_mixin.py:188} INFO - [2026-06-01T11:09:24.024+0000] {dag.py:3047} INFO - Sync 1 DAGs
[2026-06-01T11:09:24.043+0000] {logging_mixin.py:188} INFO - [2026-06-01T11:09:24.042+0000] {dag.py:3834} INFO - Setting next_dagrun for my_first_test_dag2 to None, run_after=None
[2026-06-01T11:09:24.066+0000] {processor.py:183} INFO - Processing /opt/airflow/dags/dag_2.py took 0.094 seconds
[2026-06-01T11:09:54.189+0000] {processor.py:161} INFO - Started process (PID=2517) to work on /opt/airflow/dags/dag_2.py
[2026-06-01T11:09:54.189+0000] {processor.py:830} INFO - Processing file /opt/airflow/dags/dag_2.py for tasks to queue
[2026-06-01T11:09:54.191+0000] {logging_mixin.py:188} INFO - [2026-06-01T11:09:54.190+0000] {dagbag.py:540} INFO - Filling up the DagBag from /opt/airflow/dags/dag_2.py
[2026-06-01T11:09:54.203+0000] {processor.py:840} INFO - DAG(s) 'my_first_test_dag2' retrieved from /opt/airflow/dags/dag_2.py
[2026-06-01T11:09:54.228+0000] {logging_mixin.py:188} INFO - [2026-06-01T11:09:54.228+0000] {dag.py:3047} INFO - Sync 1 DAGs
[2026-06-01T11:09:54.241+0000] {logging_mixin.py:188} INFO - [2026-06-01T11:09:54.241+0000] {dag.py:3834} INFO - Setting next_dagrun for my_first_test_dag2 to None, run_after=None
[2026-06-01T11:09:54.269+0000] {processor.py:183} INFO - Processing /opt/airflow/dags/dag_2.py took 0.083 seconds
[2026-06-01T11:10:24.499+0000] {processor.py:161} INFO - Started process (PID=2527) to work on /opt/airflow/dags/dag_2.py
[2026-06-01T11:10:24.500+0000] {processor.py:830} INFO - Processing file /opt/airflow/dags/dag_2.py for tasks to queue
[2026-06-01T11:10:24.501+0000] {logging_mixin.py:188} INFO - [2026-06-01T11:10:24.501+0000] {dagbag.py:540} INFO - Filling up the DagBag from /opt/airflow/dags/dag_2.py
[2026-06-01T11:10:24.519+0000] {processor.py:840} INFO - DAG(s) 'my_first_test_dag2' retrieved from /opt/airflow/dags/dag_2.py
[2026-06-01T11:10:24.545+0000] {logging_mixin.py:188} INFO - [2026-06-01T11:10:24.545+0000] {dag.py:3047} INFO - Sync 1 DAGs
[2026-06-01T11:10:24.560+0000] {logging_mixin.py:188} INFO - [2026-06-01T11:10:24.560+0000] {dag.py:3834} INFO - Setting next_dagrun for my_first_test_dag2 to None, run_after=None
[2026-06-01T11:10:24.596+0000] {processor.py:183} INFO - Processing /opt/airflow/dags/dag_2.py took 0.099 seconds
[2026-06-01T11:10:54.755+0000] {processor.py:161} INFO - Started process (PID=2537) to work on /opt/airflow/dags/dag_2.py
[2026-06-01T11:10:54.757+0000] {processor.py:830} INFO - Processing file /opt/airflow/dags/dag_2.py for tasks to queue
[2026-06-01T11:10:54.758+0000] {logging_mixin.py:188} INFO - [2026-06-01T11:10:54.758+0000] {dagbag.py:540} INFO - Filling up the DagBag from /opt/airflow/dags/dag_2.py
[2026-06-01T11:10:54.771+0000] {processor.py:840} INFO - DAG(s) 'my_first_test_dag2' retrieved from /opt/airflow/dags/dag_2.py
[2026-06-01T11:10:54.798+0000] {logging_mixin.py:188} INFO - [2026-06-01T11:10:54.798+0000] {dag.py:3047} INFO - Sync 1 DAGs
[2026-06-01T11:10:54.812+0000] {logging_mixin.py:188} INFO - [2026-06-01T11:10:54.812+0000] {dag.py:3834} INFO - Setting next_dagrun for my_first_test_dag2 to None, run_after=None
[2026-06-01T11:10:54.843+0000] {processor.py:183} INFO - Processing /opt/airflow/dags/dag_2.py took 0.091 seconds
[2026-06-01T11:11:24.995+0000] {processor.py:161} INFO - Started process (PID=2547) to work on /opt/airflow/dags/dag_2.py
[2026-06-01T11:11:24.996+0000] {processor.py:830} INFO - Processing file /opt/airflow/dags/dag_2.py for tasks to queue
[2026-06-01T11:11:24.997+0000] {logging_mixin.py:188} INFO - [2026-06-01T11:11:24.997+0000] {dagbag.py:540} INFO - Filling up the DagBag from /opt/airflow/dags/dag_2.py
[2026-06-01T11:11:25.011+0000] {processor.py:840} INFO - DAG(s) 'my_first_test_dag2' retrieved from /opt/airflow/dags/dag_2.py
[2026-06-01T11:11:25.041+0000] {logging_mixin.py:188} INFO - [2026-06-01T11:11:25.041+0000] {dag.py:3047} INFO - Sync 1 DAGs
[2026-06-01T11:11:25.056+0000] {logging_mixin.py:188} INFO - [2026-06-01T11:11:25.056+0000] {dag.py:3834} INFO - Setting next_dagrun for my_first_test_dag2 to None, run_after=None
[2026-06-01T11:11:25.077+0000] {processor.py:183} INFO - Processing /opt/airflow/dags/dag_2.py took 0.086 seconds
[2026-06-01T11:11:55.283+0000] {processor.py:161} INFO - Started process (PID=2557) to work on /opt/airflow/dags/dag_2.py
[2026-06-01T11:11:55.285+0000] {processor.py:830} INFO - Processing file /opt/airflow/dags/dag_2.py for tasks to queue
[2026-06-01T11:11:55.286+0000] {logging_mixin.py:188} INFO - [2026-06-01T11:11:55.286+0000] {dagbag.py:540} INFO - Filling up the DagBag from /opt/airflow/dags/dag_2.py
[2026-06-01T11:11:55.309+0000] {processor.py:840} INFO - DAG(s) 'my_first_test_dag2' retrieved from /opt/airflow/dags/dag_2.py
[2026-06-01T11:11:55.340+0000] {logging_mixin.py:188} INFO - [2026-06-01T11:11:55.340+0000] {dag.py:3047} INFO - Sync 1 DAGs
[2026-06-01T11:11:55.362+0000] {logging_mixin.py:188} INFO - [2026-06-01T11:11:55.362+0000] {dag.py:3834} INFO - Setting next_dagrun for my_first_test_dag2 to None, run_after=None
[2026-06-01T11:11:55.389+0000] {processor.py:183} INFO - Processing /opt/airflow/dags/dag_2.py took 0.110 seconds
[2026-06-01T11:12:25.522+0000] {processor.py:161} INFO - Started process (PID=2567) to work on /opt/airflow/dags/dag_2.py
[2026-06-01T11:12:25.524+0000] {processor.py:830} INFO - Processing file /opt/airflow/dags/dag_2.py for tasks to queue
[2026-06-01T11:12:25.526+0000] {logging_mixin.py:188} INFO - [2026-06-01T11:12:25.525+0000] {dagbag.py:540} INFO - Filling up the DagBag from /opt/airflow/dags/dag_2.py
[2026-06-01T11:12:25.553+0000] {processor.py:840} INFO - DAG(s) 'my_first_test_dag2' retrieved from /opt/airflow/dags/dag_2.py
[2026-06-01T11:12:25.589+0000] {logging_mixin.py:188} INFO - [2026-06-01T11:12:25.588+0000] {dag.py:3047} INFO - Sync 1 DAGs
[2026-06-01T11:12:25.625+0000] {logging_mixin.py:188} INFO - [2026-06-01T11:12:25.624+0000] {dag.py:3834} INFO - Setting next_dagrun for my_first_test_dag2 to None, run_after=None
[2026-06-01T11:12:25.695+0000] {processor.py:183} INFO - Processing /opt/airflow/dags/dag_2.py took 0.177 seconds
[2026-06-01T11:12:55.948+0000] {processor.py:161} INFO - Started process (PID=2577) to work on /opt/airflow/dags/dag_2.py
[2026-06-01T11:12:55.950+0000] {processor.py:830} INFO - Processing file /opt/airflow/dags/dag_2.py for tasks to queue
[2026-06-01T11:12:55.951+0000] {logging_mixin.py:188} INFO - [2026-06-01T11:12:55.951+0000] {dagbag.py:540} INFO - Filling up the DagBag from /opt/airflow/dags/dag_2.py
[2026-06-01T11:12:55.970+0000] {processor.py:840} INFO - DAG(s) 'my_first_test_dag2' retrieved from /opt/airflow/dags/dag_2.py
[2026-06-01T11:12:56.011+0000] {logging_mixin.py:188} INFO - [2026-06-01T11:12:56.010+0000] {dag.py:3047} INFO - Sync 1 DAGs
[2026-06-01T11:12:56.029+0000] {logging_mixin.py:188} INFO - [2026-06-01T11:12:56.029+0000] {dag.py:3834} INFO - Setting next_dagrun for my_first_test_dag2 to None, run_after=None
[2026-06-01T11:12:56.061+0000] {processor.py:183} INFO - Processing /opt/airflow/dags/dag_2.py took 0.119 seconds
[2026-06-01T11:13:26.195+0000] {processor.py:161} INFO - Started process (PID=2587) to work on /opt/airflow/dags/dag_2.py
[2026-06-01T11:13:26.197+0000] {processor.py:830} INFO - Processing file /opt/airflow/dags/dag_2.py for tasks to queue
[2026-06-01T11:13:26.198+0000] {logging_mixin.py:188} INFO - [2026-06-01T11:13:26.198+0000] {dagbag.py:540} INFO - Filling up the DagBag from /opt/airflow/dags/dag_2.py
[2026-06-01T11:13:26.232+0000] {processor.py:840} INFO - DAG(s) 'my_first_test_dag2' retrieved from /opt/airflow/dags/dag_2.py
[2026-06-01T11:13:26.282+0000] {logging_mixin.py:188} INFO - [2026-06-01T11:13:26.281+0000] {dag.py:3047} INFO - Sync 1 DAGs
[2026-06-01T11:13:26.304+0000] {logging_mixin.py:188} INFO - [2026-06-01T11:13:26.303+0000] {dag.py:3834} INFO - Setting next_dagrun for my_first_test_dag2 to None, run_after=None
[2026-06-01T11:13:26.337+0000] {processor.py:183} INFO - Processing /opt/airflow/dags/dag_2.py took 0.147 seconds
[2026-06-01T11:13:56.553+0000] {processor.py:161} INFO - Started process (PID=2597) to work on /opt/airflow/dags/dag_2.py
[2026-06-01T11:13:56.554+0000] {processor.py:830} INFO - Processing file /opt/airflow/dags/dag_2.py for tasks to queue
[2026-06-01T11:13:56.556+0000] {logging_mixin.py:188} INFO - [2026-06-01T11:13:56.555+0000] {dagbag.py:540} INFO - Filling up the DagBag from /opt/airflow/dags/dag_2.py
[2026-06-01T11:13:56.572+0000] {processor.py:840} INFO - DAG(s) 'my_first_test_dag2' retrieved from /opt/airflow/dags/dag_2.py
[2026-06-01T11:13:56.604+0000] {logging_mixin.py:188} INFO - [2026-06-01T11:13:56.603+0000] {dag.py:3047} INFO - Sync 1 DAGs
[2026-06-01T11:13:56.621+0000] {logging_mixin.py:188} INFO - [2026-06-01T11:13:56.620+0000] {dag.py:3834} INFO - Setting next_dagrun for my_first_test_dag2 to None, run_after=None
[2026-06-01T11:13:56.647+0000] {processor.py:183} INFO - Processing /opt/airflow/dags/dag_2.py took 0.098 seconds
[2026-06-01T11:14:26.982+0000] {processor.py:161} INFO - Started process (PID=2607) to work on /opt/airflow/dags/dag_2.py
[2026-06-01T11:14:26.983+0000] {processor.py:830} INFO - Processing file /opt/airflow/dags/dag_2.py for tasks to queue
[2026-06-01T11:14:26.984+0000] {logging_mixin.py:188} INFO - [2026-06-01T11:14:26.983+0000] {dagbag.py:540} INFO - Filling up the DagBag from /opt/airflow/dags/dag_2.py
[2026-06-01T11:14:26.999+0000] {processor.py:840} INFO - DAG(s) 'my_first_test_dag2' retrieved from /opt/airflow/dags/dag_2.py
[2026-06-01T11:14:27.025+0000] {logging_mixin.py:188} INFO - [2026-06-01T11:14:27.025+0000] {dag.py:3047} INFO - Sync 1 DAGs
[2026-06-01T11:14:27.039+0000] {logging_mixin.py:188} INFO - [2026-06-01T11:14:27.039+0000] {dag.py:3834} INFO - Setting next_dagrun for my_first_test_dag2 to None, run_after=None
[2026-06-01T11:14:27.067+0000] {processor.py:183} INFO - Processing /opt/airflow/dags/dag_2.py took 0.089 seconds
[2026-06-01T11:14:57.218+0000] {processor.py:161} INFO - Started process (PID=2617) to work on /opt/airflow/dags/dag_2.py
[2026-06-01T11:14:57.219+0000] {processor.py:830} INFO - Processing file /opt/airflow/dags/dag_2.py for tasks to queue
[2026-06-01T11:14:57.221+0000] {logging_mixin.py:188} INFO - [2026-06-01T11:14:57.220+0000] {dagbag.py:540} INFO - Filling up the DagBag from /opt/airflow/dags/dag_2.py
[2026-06-01T11:14:57.246+0000] {processor.py:840} INFO - DAG(s) 'my_first_test_dag2' retrieved from /opt/airflow/dags/dag_2.py
[2026-06-01T11:14:57.274+0000] {logging_mixin.py:188} INFO - [2026-06-01T11:14:57.274+0000] {dag.py:3047} INFO - Sync 1 DAGs
[2026-06-01T11:14:57.290+0000] {logging_mixin.py:188} INFO - [2026-06-01T11:14:57.290+0000] {dag.py:3834} INFO - Setting next_dagrun for my_first_test_dag2 to None, run_after=None
[2026-06-01T11:14:57.326+0000] {processor.py:183} INFO - Processing /opt/airflow/dags/dag_2.py took 0.113 seconds
[2026-06-01T11:15:27.476+0000] {processor.py:161} INFO - Started process (PID=2627) to work on /opt/airflow/dags/dag_2.py
[2026-06-01T11:15:27.477+0000] {processor.py:830} INFO - Processing file /opt/airflow/dags/dag_2.py for tasks to queue
[2026-06-01T11:15:27.479+0000] {logging_mixin.py:188} INFO - [2026-06-01T11:15:27.478+0000] {dagbag.py:540} INFO - Filling up the DagBag from /opt/airflow/dags/dag_2.py
[2026-06-01T11:15:27.492+0000] {processor.py:840} INFO - DAG(s) 'my_first_test_dag2' retrieved from /opt/airflow/dags/dag_2.py
[2026-06-01T11:15:27.519+0000] {logging_mixin.py:188} INFO - [2026-06-01T11:15:27.519+0000] {dag.py:3047} INFO - Sync 1 DAGs
[2026-06-01T11:15:27.532+0000] {logging_mixin.py:188} INFO - [2026-06-01T11:15:27.532+0000] {dag.py:3834} INFO - Setting next_dagrun for my_first_test_dag2 to None, run_after=None
[2026-06-01T11:15:27.563+0000] {processor.py:183} INFO - Processing /opt/airflow/dags/dag_2.py took 0.091 seconds
[2026-06-01T11:15:57.743+0000] {processor.py:161} INFO - Started process (PID=2637) to work on /opt/airflow/dags/dag_2.py
[2026-06-01T11:15:57.744+0000] {processor.py:830} INFO - Processing file /opt/airflow/dags/dag_2.py for tasks to queue
[2026-06-01T11:15:57.745+0000] {logging_mixin.py:188} INFO - [2026-06-01T11:15:57.745+0000] {dagbag.py:540} INFO - Filling up the DagBag from /opt/airflow/dags/dag_2.py
[2026-06-01T11:15:57.759+0000] {processor.py:840} INFO - DAG(s) 'my_first_test_dag2' retrieved from /opt/airflow/dags/dag_2.py
[2026-06-01T11:15:57.788+0000] {logging_mixin.py:188} INFO - [2026-06-01T11:15:57.788+0000] {dag.py:3047} INFO - Sync 1 DAGs
[2026-06-01T11:15:57.802+0000] {logging_mixin.py:188} INFO - [2026-06-01T11:15:57.801+0000] {dag.py:3834} INFO - Setting next_dagrun for my_first_test_dag2 to None, run_after=None
[2026-06-01T11:15:57.829+0000] {processor.py:183} INFO - Processing /opt/airflow/dags/dag_2.py took 0.089 seconds
[2026-06-01T11:16:28.077+0000] {processor.py:161} INFO - Started process (PID=2647) to work on /opt/airflow/dags/dag_2.py
[2026-06-01T11:16:28.078+0000] {processor.py:830} INFO - Processing file /opt/airflow/dags/dag_2.py for tasks to queue
[2026-06-01T11:16:28.079+0000] {logging_mixin.py:188} INFO - [2026-06-01T11:16:28.078+0000] {dagbag.py:540} INFO - Filling up the DagBag from /opt/airflow/dags/dag_2.py
[2026-06-01T11:16:28.094+0000] {processor.py:840} INFO - DAG(s) 'my_first_test_dag2' retrieved from /opt/airflow/dags/dag_2.py
[2026-06-01T11:16:28.122+0000] {logging_mixin.py:188} INFO - [2026-06-01T11:16:28.121+0000] {dag.py:3047} INFO - Sync 1 DAGs
[2026-06-01T11:16:28.140+0000] {logging_mixin.py:188} INFO - [2026-06-01T11:16:28.140+0000] {dag.py:3834} INFO - Setting next_dagrun for my_first_test_dag2 to None, run_after=None
[2026-06-01T11:16:28.163+0000] {processor.py:183} INFO - Processing /opt/airflow/dags/dag_2.py took 0.090 seconds
[2026-06-01T11:16:58.338+0000] {processor.py:161} INFO - Started process (PID=2657) to work on /opt/airflow/dags/dag_2.py
[2026-06-01T11:16:58.339+0000] {processor.py:830} INFO - Processing file /opt/airflow/dags/dag_2.py for tasks to queue
[2026-06-01T11:16:58.340+0000] {logging_mixin.py:188} INFO - [2026-06-01T11:16:58.340+0000] {dagbag.py:540} INFO - Filling up the DagBag from /opt/airflow/dags/dag_2.py
[2026-06-01T11:16:58.358+0000] {processor.py:840} INFO - DAG(s) 'my_first_test_dag2' retrieved from /opt/airflow/dags/dag_2.py
[2026-06-01T11:16:58.392+0000] {logging_mixin.py:188} INFO - [2026-06-01T11:16:58.392+0000] {dag.py:3047} INFO - Sync 1 DAGs
[2026-06-01T11:16:58.410+0000] {logging_mixin.py:188} INFO - [2026-06-01T11:16:58.410+0000] {dag.py:3834} INFO - Setting next_dagrun for my_first_test_dag2 to None, run_after=None
[2026-06-01T11:16:58.440+0000] {processor.py:183} INFO - Processing /opt/airflow/dags/dag_2.py took 0.106 seconds
[2026-06-01T11:17:28.589+0000] {processor.py:161} INFO - Started process (PID=2667) to work on /opt/airflow/dags/dag_2.py
[2026-06-01T11:17:28.590+0000] {processor.py:830} INFO - Processing file /opt/airflow/dags/dag_2.py for tasks to queue
[2026-06-01T11:17:28.591+0000] {logging_mixin.py:188} INFO - [2026-06-01T11:17:28.590+0000] {dagbag.py:540} INFO - Filling up the DagBag from /opt/airflow/dags/dag_2.py
[2026-06-01T11:17:28.605+0000] {processor.py:840} INFO - DAG(s) 'my_first_test_dag2' retrieved from /opt/airflow/dags/dag_2.py
[2026-06-01T11:17:28.632+0000] {logging_mixin.py:188} INFO - [2026-06-01T11:17:28.632+0000] {dag.py:3047} INFO - Sync 1 DAGs
[2026-06-01T11:17:28.651+0000] {logging_mixin.py:188} INFO - [2026-06-01T11:17:28.651+0000] {dag.py:3834} INFO - Setting next_dagrun for my_first_test_dag2 to None, run_after=None
[2026-06-01T11:17:28.682+0000] {processor.py:183} INFO - Processing /opt/airflow/dags/dag_2.py took 0.097 seconds
[2026-06-01T11:17:58.865+0000] {processor.py:161} INFO - Started process (PID=2677) to work on /opt/airflow/dags/dag_2.py
[2026-06-01T11:17:58.866+0000] {processor.py:830} INFO - Processing file /opt/airflow/dags/dag_2.py for tasks to queue
[2026-06-01T11:17:58.867+0000] {logging_mixin.py:188} INFO - [2026-06-01T11:17:58.867+0000] {dagbag.py:540} INFO - Filling up the DagBag from /opt/airflow/dags/dag_2.py
[2026-06-01T11:17:58.885+0000] {processor.py:840} INFO - DAG(s) 'my_first_test_dag2' retrieved from /opt/airflow/dags/dag_2.py
[2026-06-01T11:17:58.922+0000] {logging_mixin.py:188} INFO - [2026-06-01T11:17:58.922+0000] {dag.py:3047} INFO - Sync 1 DAGs
[2026-06-01T11:17:58.940+0000] {logging_mixin.py:188} INFO - [2026-06-01T11:17:58.939+0000] {dag.py:3834} INFO - Setting next_dagrun for my_first_test_dag2 to None, run_after=None
[2026-06-01T11:17:58.969+0000] {processor.py:183} INFO - Processing /opt/airflow/dags/dag_2.py took 0.107 seconds
[2026-06-01T11:18:29.240+0000] {processor.py:161} INFO - Started process (PID=2687) to work on /opt/airflow/dags/dag_2.py
[2026-06-01T11:18:29.241+0000] {processor.py:830} INFO - Processing file /opt/airflow/dags/dag_2.py for tasks to queue
[2026-06-01T11:18:29.243+0000] {logging_mixin.py:188} INFO - [2026-06-01T11:18:29.242+0000] {dagbag.py:540} INFO - Filling up the DagBag from /opt/airflow/dags/dag_2.py
[2026-06-01T11:18:29.265+0000] {processor.py:840} INFO - DAG(s) 'my_first_test_dag2' retrieved from /opt/airflow/dags/dag_2.py
[2026-06-01T11:18:29.302+0000] {logging_mixin.py:188} INFO - [2026-06-01T11:18:29.302+0000] {dag.py:3047} INFO - Sync 1 DAGs
[2026-06-01T11:18:29.323+0000] {logging_mixin.py:188} INFO - [2026-06-01T11:18:29.322+0000] {dag.py:3834} INFO - Setting next_dagrun for my_first_test_dag2 to None, run_after=None
[2026-06-01T11:18:29.359+0000] {processor.py:183} INFO - Processing /opt/airflow/dags/dag_2.py took 0.123 seconds
[2026-06-01T11:18:59.647+0000] {processor.py:161} INFO - Started process (PID=2697) to work on /opt/airflow/dags/dag_2.py
[2026-06-01T11:18:59.649+0000] {processor.py:830} INFO - Processing file /opt/airflow/dags/dag_2.py for tasks to queue
[2026-06-01T11:18:59.651+0000] {logging_mixin.py:188} INFO - [2026-06-01T11:18:59.650+0000] {dagbag.py:540} INFO - Filling up the DagBag from /opt/airflow/dags/dag_2.py
[2026-06-01T11:18:59.679+0000] {processor.py:840} INFO - DAG(s) 'my_first_test_dag2' retrieved from /opt/airflow/dags/dag_2.py
[2026-06-01T11:18:59.723+0000] {logging_mixin.py:188} INFO - [2026-06-01T11:18:59.722+0000] {dag.py:3047} INFO - Sync 1 DAGs
[2026-06-01T11:18:59.748+0000] {logging_mixin.py:188} INFO - [2026-06-01T11:18:59.747+0000] {dag.py:3834} INFO - Setting next_dagrun for my_first_test_dag2 to None, run_after=None
[2026-06-01T11:18:59.776+0000] {processor.py:183} INFO - Processing /opt/airflow/dags/dag_2.py took 0.132 seconds
[2026-06-01T11:19:29.955+0000] {processor.py:161} INFO - Started process (PID=2707) to work on /opt/airflow/dags/dag_2.py
[2026-06-01T11:19:29.956+0000] {processor.py:830} INFO - Processing file /opt/airflow/dags/dag_2.py for tasks to queue
[2026-06-01T11:19:29.957+0000] {logging_mixin.py:188} INFO - [2026-06-01T11:19:29.957+0000] {dagbag.py:540} INFO - Filling up the DagBag from /opt/airflow/dags/dag_2.py
[2026-06-01T11:19:29.973+0000] {processor.py:840} INFO - DAG(s) 'my_first_test_dag2' retrieved from /opt/airflow/dags/dag_2.py
[2026-06-01T11:19:30.004+0000] {logging_mixin.py:188} INFO - [2026-06-01T11:19:30.003+0000] {dag.py:3047} INFO - Sync 1 DAGs
[2026-06-01T11:19:30.019+0000] {logging_mixin.py:188} INFO - [2026-06-01T11:19:30.019+0000] {dag.py:3834} INFO - Setting next_dagrun for my_first_test_dag2 to None, run_after=None
[2026-06-01T11:19:30.051+0000] {processor.py:183} INFO - Processing /opt/airflow/dags/dag_2.py took 0.099 seconds
[2026-06-01T11:20:00.183+0000] {processor.py:161} INFO - Started process (PID=2717) to work on /opt/airflow/dags/dag_2.py
[2026-06-01T11:20:00.184+0000] {processor.py:830} INFO - Processing file /opt/airflow/dags/dag_2.py for tasks to queue
[2026-06-01T11:20:00.185+0000] {logging_mixin.py:188} INFO - [2026-06-01T11:20:00.185+0000] {dagbag.py:540} INFO - Filling up the DagBag from /opt/airflow/dags/dag_2.py
[2026-06-01T11:20:00.202+0000] {processor.py:840} INFO - DAG(s) 'my_first_test_dag2' retrieved from /opt/airflow/dags/dag_2.py
[2026-06-01T11:20:00.231+0000] {logging_mixin.py:188} INFO - [2026-06-01T11:20:00.231+0000] {dag.py:3047} INFO - Sync 1 DAGs
[2026-06-01T11:20:00.247+0000] {logging_mixin.py:188} INFO - [2026-06-01T11:20:00.246+0000] {dag.py:3834} INFO - Setting next_dagrun for my_first_test_dag2 to None, run_after=None
[2026-06-01T11:20:00.279+0000] {processor.py:183} INFO - Processing /opt/airflow/dags/dag_2.py took 0.099 seconds
[2026-06-01T11:20:30.791+0000] {processor.py:161} INFO - Started process (PID=2727) to work on /opt/airflow/dags/dag_2.py
[2026-06-01T11:20:30.795+0000] {processor.py:830} INFO - Processing file /opt/airflow/dags/dag_2.py for tasks to queue
[2026-06-01T11:20:30.797+0000] {logging_mixin.py:188} INFO - [2026-06-01T11:20:30.796+0000] {dagbag.py:540} INFO - Filling up the DagBag from /opt/airflow/dags/dag_2.py
[2026-06-01T11:20:30.827+0000] {processor.py:840} INFO - DAG(s) 'my_first_test_dag2' retrieved from /opt/airflow/dags/dag_2.py
[2026-06-01T11:20:30.864+0000] {logging_mixin.py:188} INFO - [2026-06-01T11:20:30.863+0000] {dag.py:3047} INFO - Sync 1 DAGs
[2026-06-01T11:20:30.883+0000] {logging_mixin.py:188} INFO - [2026-06-01T11:20:30.883+0000] {dag.py:3834} INFO - Setting next_dagrun for my_first_test_dag2 to None, run_after=None
[2026-06-01T11:20:30.914+0000] {processor.py:183} INFO - Processing /opt/airflow/dags/dag_2.py took 0.131 seconds
[2026-06-01T11:21:01.059+0000] {processor.py:161} INFO - Started process (PID=2737) to work on /opt/airflow/dags/dag_2.py
[2026-06-01T11:21:01.060+0000] {processor.py:830} INFO - Processing file /opt/airflow/dags/dag_2.py for tasks to queue
[2026-06-01T11:21:01.062+0000] {logging_mixin.py:188} INFO - [2026-06-01T11:21:01.061+0000] {dagbag.py:540} INFO - Filling up the DagBag from /opt/airflow/dags/dag_2.py
[2026-06-01T11:21:01.090+0000] {processor.py:840} INFO - DAG(s) 'my_first_test_dag2' retrieved from /opt/airflow/dags/dag_2.py
[2026-06-01T11:21:01.131+0000] {logging_mixin.py:188} INFO - [2026-06-01T11:21:01.131+0000] {dag.py:3047} INFO - Sync 1 DAGs
[2026-06-01T11:21:01.153+0000] {logging_mixin.py:188} INFO - [2026-06-01T11:21:01.152+0000] {dag.py:3834} INFO - Setting next_dagrun for my_first_test_dag2 to None, run_after=None
[2026-06-01T11:21:01.178+0000] {processor.py:183} INFO - Processing /opt/airflow/dags/dag_2.py took 0.125 seconds
[2026-06-01T11:21:31.453+0000] {processor.py:161} INFO - Started process (PID=2747) to work on /opt/airflow/dags/dag_2.py
[2026-06-01T11:21:31.455+0000] {processor.py:830} INFO - Processing file /opt/airflow/dags/dag_2.py for tasks to queue
[2026-06-01T11:21:31.456+0000] {logging_mixin.py:188} INFO - [2026-06-01T11:21:31.455+0000] {dagbag.py:540} INFO - Filling up the DagBag from /opt/airflow/dags/dag_2.py
[2026-06-01T11:21:31.472+0000] {processor.py:840} INFO - DAG(s) 'my_first_test_dag2' retrieved from /opt/airflow/dags/dag_2.py
[2026-06-01T11:21:31.512+0000] {logging_mixin.py:188} INFO - [2026-06-01T11:21:31.511+0000] {dag.py:3047} INFO - Sync 1 DAGs
[2026-06-01T11:21:31.528+0000] {logging_mixin.py:188} INFO - [2026-06-01T11:21:31.528+0000] {dag.py:3834} INFO - Setting next_dagrun for my_first_test_dag2 to None, run_after=None
[2026-06-01T11:21:31.559+0000] {processor.py:183} INFO - Processing /opt/airflow/dags/dag_2.py took 0.109 seconds
[2026-06-01T11:22:01.674+0000] {processor.py:161} INFO - Started process (PID=2757) to work on /opt/airflow/dags/dag_2.py
[2026-06-01T11:22:01.675+0000] {processor.py:830} INFO - Processing file /opt/airflow/dags/dag_2.py for tasks to queue
[2026-06-01T11:22:01.676+0000] {logging_mixin.py:188} INFO - [2026-06-01T11:22:01.676+0000] {dagbag.py:540} INFO - Filling up the DagBag from /opt/airflow/dags/dag_2.py
[2026-06-01T11:22:01.694+0000] {processor.py:840} INFO - DAG(s) 'my_first_test_dag2' retrieved from /opt/airflow/dags/dag_2.py
[2026-06-01T11:22:01.735+0000] {logging_mixin.py:188} INFO - [2026-06-01T11:22:01.735+0000] {dag.py:3047} INFO - Sync 1 DAGs
[2026-06-01T11:22:01.755+0000] {logging_mixin.py:188} INFO - [2026-06-01T11:22:01.755+0000] {dag.py:3834} INFO - Setting next_dagrun for my_first_test_dag2 to None, run_after=None
[2026-06-01T11:22:01.781+0000] {processor.py:183} INFO - Processing /opt/airflow/dags/dag_2.py took 0.111 seconds
[2026-06-01T11:22:32.024+0000] {processor.py:161} INFO - Started process (PID=2767) to work on /opt/airflow/dags/dag_2.py
[2026-06-01T11:22:32.026+0000] {processor.py:830} INFO - Processing file /opt/airflow/dags/dag_2.py for tasks to queue
[2026-06-01T11:22:32.027+0000] {logging_mixin.py:188} INFO - [2026-06-01T11:22:32.026+0000] {dagbag.py:540} INFO - Filling up the DagBag from /opt/airflow/dags/dag_2.py
[2026-06-01T11:22:32.050+0000] {processor.py:840} INFO - DAG(s) 'my_first_test_dag2' retrieved from /opt/airflow/dags/dag_2.py
[2026-06-01T11:22:32.086+0000] {logging_mixin.py:188} INFO - [2026-06-01T11:22:32.085+0000] {dag.py:3047} INFO - Sync 1 DAGs
[2026-06-01T11:22:32.110+0000] {logging_mixin.py:188} INFO - [2026-06-01T11:22:32.110+0000] {dag.py:3834} INFO - Setting next_dagrun for my_first_test_dag2 to None, run_after=None
[2026-06-01T11:22:32.135+0000] {processor.py:183} INFO - Processing /opt/airflow/dags/dag_2.py took 0.115 seconds
[2026-06-01T11:23:02.360+0000] {processor.py:161} INFO - Started process (PID=2777) to work on /opt/airflow/dags/dag_2.py
[2026-06-01T11:23:02.361+0000] {processor.py:830} INFO - Processing file /opt/airflow/dags/dag_2.py for tasks to queue
[2026-06-01T11:23:02.362+0000] {logging_mixin.py:188} INFO - [2026-06-01T11:23:02.362+0000] {dagbag.py:540} INFO - Filling up the DagBag from /opt/airflow/dags/dag_2.py
[2026-06-01T11:23:02.377+0000] {processor.py:840} INFO - DAG(s) 'my_first_test_dag2' retrieved from /opt/airflow/dags/dag_2.py
[2026-06-01T11:23:02.402+0000] {logging_mixin.py:188} INFO - [2026-06-01T11:23:02.402+0000] {dag.py:3047} INFO - Sync 1 DAGs
[2026-06-01T11:23:02.418+0000] {logging_mixin.py:188} INFO - [2026-06-01T11:23:02.418+0000] {dag.py:3834} INFO - Setting next_dagrun for my_first_test_dag2 to None, run_after=None
[2026-06-01T11:23:02.448+0000] {processor.py:183} INFO - Processing /opt/airflow/dags/dag_2.py took 0.092 seconds
[2026-06-01T11:23:32.600+0000] {processor.py:161} INFO - Started process (PID=2787) to work on /opt/airflow/dags/dag_2.py
[2026-06-01T11:23:32.601+0000] {processor.py:830} INFO - Processing file /opt/airflow/dags/dag_2.py for tasks to queue
[2026-06-01T11:23:32.602+0000] {logging_mixin.py:188} INFO - [2026-06-01T11:23:32.602+0000] {dagbag.py:540} INFO - Filling up the DagBag from /opt/airflow/dags/dag_2.py
[2026-06-01T11:23:32.623+0000] {processor.py:840} INFO - DAG(s) 'my_first_test_dag2' retrieved from /opt/airflow/dags/dag_2.py
[2026-06-01T11:23:32.651+0000] {logging_mixin.py:188} INFO - [2026-06-01T11:23:32.651+0000] {dag.py:3047} INFO - Sync 1 DAGs
[2026-06-01T11:23:32.667+0000] {logging_mixin.py:188} INFO - [2026-06-01T11:23:32.667+0000] {dag.py:3834} INFO - Setting next_dagrun for my_first_test_dag2 to None, run_after=None
[2026-06-01T11:23:32.697+0000] {processor.py:183} INFO - Processing /opt/airflow/dags/dag_2.py took 0.101 seconds
[2026-06-01T11:24:02.865+0000] {processor.py:161} INFO - Started process (PID=2797) to work on /opt/airflow/dags/dag_2.py
[2026-06-01T11:24:02.866+0000] {processor.py:830} INFO - Processing file /opt/airflow/dags/dag_2.py for tasks to queue
[2026-06-01T11:24:02.866+0000] {logging_mixin.py:188} INFO - [2026-06-01T11:24:02.866+0000] {dagbag.py:540} INFO - Filling up the DagBag from /opt/airflow/dags/dag_2.py
[2026-06-01T11:24:02.878+0000] {processor.py:840} INFO - DAG(s) 'my_first_test_dag2' retrieved from /opt/airflow/dags/dag_2.py
[2026-06-01T11:24:02.901+0000] {logging_mixin.py:188} INFO - [2026-06-01T11:24:02.901+0000] {dag.py:3047} INFO - Sync 1 DAGs
[2026-06-01T11:24:02.914+0000] {logging_mixin.py:188} INFO - [2026-06-01T11:24:02.914+0000] {dag.py:3834} INFO - Setting next_dagrun for my_first_test_dag2 to None, run_after=None
[2026-06-01T11:24:02.937+0000] {processor.py:183} INFO - Processing /opt/airflow/dags/dag_2.py took 0.076 seconds
[2026-06-01T11:24:33.162+0000] {processor.py:161} INFO - Started process (PID=2807) to work on /opt/airflow/dags/dag_2.py
[2026-06-01T11:24:33.163+0000] {processor.py:830} INFO - Processing file /opt/airflow/dags/dag_2.py for tasks to queue
[2026-06-01T11:24:33.164+0000] {logging_mixin.py:188} INFO - [2026-06-01T11:24:33.164+0000] {dagbag.py:540} INFO - Filling up the DagBag from /opt/airflow/dags/dag_2.py
[2026-06-01T11:24:33.178+0000] {processor.py:840} INFO - DAG(s) 'my_first_test_dag2' retrieved from /opt/airflow/dags/dag_2.py
[2026-06-01T11:24:33.204+0000] {logging_mixin.py:188} INFO - [2026-06-01T11:24:33.204+0000] {dag.py:3047} INFO - Sync 1 DAGs
[2026-06-01T11:24:33.217+0000] {logging_mixin.py:188} INFO - [2026-06-01T11:24:33.217+0000] {dag.py:3834} INFO - Setting next_dagrun for my_first_test_dag2 to None, run_after=None
[2026-06-01T11:24:33.246+0000] {processor.py:183} INFO - Processing /opt/airflow/dags/dag_2.py took 0.087 seconds
[2026-06-01T11:25:03.384+0000] {processor.py:161} INFO - Started process (PID=2817) to work on /opt/airflow/dags/dag_2.py
[2026-06-01T11:25:03.385+0000] {processor.py:830} INFO - Processing file /opt/airflow/dags/dag_2.py for tasks to queue
[2026-06-01T11:25:03.387+0000] {logging_mixin.py:188} INFO - [2026-06-01T11:25:03.386+0000] {dagbag.py:540} INFO - Filling up the DagBag from /opt/airflow/dags/dag_2.py
[2026-06-01T11:25:03.399+0000] {processor.py:840} INFO - DAG(s) 'my_first_test_dag2' retrieved from /opt/airflow/dags/dag_2.py
[2026-06-01T11:25:03.423+0000] {logging_mixin.py:188} INFO - [2026-06-01T11:25:03.422+0000] {dag.py:3047} INFO - Sync 1 DAGs
[2026-06-01T11:25:03.437+0000] {logging_mixin.py:188} INFO - [2026-06-01T11:25:03.437+0000] {dag.py:3834} INFO - Setting next_dagrun for my_first_test_dag2 to None, run_after=None
[2026-06-01T11:25:03.462+0000] {processor.py:183} INFO - Processing /opt/airflow/dags/dag_2.py took 0.081 seconds
[2026-06-01T11:25:33.698+0000] {processor.py:161} INFO - Started process (PID=2827) to work on /opt/airflow/dags/dag_2.py
[2026-06-01T11:25:33.699+0000] {processor.py:830} INFO - Processing file /opt/airflow/dags/dag_2.py for tasks to queue
[2026-06-01T11:25:33.700+0000] {logging_mixin.py:188} INFO - [2026-06-01T11:25:33.699+0000] {dagbag.py:540} INFO - Filling up the DagBag from /opt/airflow/dags/dag_2.py
[2026-06-01T11:25:33.713+0000] {processor.py:840} INFO - DAG(s) 'my_first_test_dag2' retrieved from /opt/airflow/dags/dag_2.py
[2026-06-01T11:25:33.737+0000] {logging_mixin.py:188} INFO - [2026-06-01T11:25:33.736+0000] {dag.py:3047} INFO - Sync 1 DAGs
[2026-06-01T11:25:33.750+0000] {logging_mixin.py:188} INFO - [2026-06-01T11:25:33.750+0000] {dag.py:3834} INFO - Setting next_dagrun for my_first_test_dag2 to None, run_after=None
[2026-06-01T11:25:33.773+0000] {processor.py:183} INFO - Processing /opt/airflow/dags/dag_2.py took 0.078 seconds
[2026-06-01T11:26:04.034+0000] {processor.py:161} INFO - Started process (PID=2837) to work on /opt/airflow/dags/dag_2.py
[2026-06-01T11:26:04.035+0000] {processor.py:830} INFO - Processing file /opt/airflow/dags/dag_2.py for tasks to queue
[2026-06-01T11:26:04.036+0000] {logging_mixin.py:188} INFO - [2026-06-01T11:26:04.036+0000] {dagbag.py:540} INFO - Filling up the DagBag from /opt/airflow/dags/dag_2.py
[2026-06-01T11:26:04.048+0000] {processor.py:840} INFO - DAG(s) 'my_first_test_dag2' retrieved from /opt/airflow/dags/dag_2.py
[2026-06-01T11:26:04.071+0000] {logging_mixin.py:188} INFO - [2026-06-01T11:26:04.071+0000] {dag.py:3047} INFO - Sync 1 DAGs
[2026-06-01T11:26:04.083+0000] {logging_mixin.py:188} INFO - [2026-06-01T11:26:04.083+0000] {dag.py:3834} INFO - Setting next_dagrun for my_first_test_dag2 to None, run_after=None
[2026-06-01T11:26:04.105+0000] {processor.py:183} INFO - Processing /opt/airflow/dags/dag_2.py took 0.074 seconds
[2026-06-01T11:26:34.279+0000] {processor.py:161} INFO - Started process (PID=2847) to work on /opt/airflow/dags/dag_2.py
[2026-06-01T11:26:34.280+0000] {processor.py:830} INFO - Processing file /opt/airflow/dags/dag_2.py for tasks to queue
[2026-06-01T11:26:34.281+0000] {logging_mixin.py:188} INFO - [2026-06-01T11:26:34.281+0000] {dagbag.py:540} INFO - Filling up the DagBag from /opt/airflow/dags/dag_2.py
[2026-06-01T11:26:34.296+0000] {processor.py:840} INFO - DAG(s) 'my_first_test_dag2' retrieved from /opt/airflow/dags/dag_2.py
[2026-06-01T11:26:34.329+0000] {logging_mixin.py:188} INFO - [2026-06-01T11:26:34.329+0000] {dag.py:3047} INFO - Sync 1 DAGs
[2026-06-01T11:26:34.344+0000] {logging_mixin.py:188} INFO - [2026-06-01T11:26:34.344+0000] {dag.py:3834} INFO - Setting next_dagrun for my_first_test_dag2 to None, run_after=None
[2026-06-01T11:26:34.365+0000] {processor.py:183} INFO - Processing /opt/airflow/dags/dag_2.py took 0.088 seconds
[2026-06-01T11:27:04.509+0000] {processor.py:161} INFO - Started process (PID=2857) to work on /opt/airflow/dags/dag_2.py
[2026-06-01T11:27:04.510+0000] {processor.py:830} INFO - Processing file /opt/airflow/dags/dag_2.py for tasks to queue
[2026-06-01T11:27:04.510+0000] {logging_mixin.py:188} INFO - [2026-06-01T11:27:04.510+0000] {dagbag.py:540} INFO - Filling up the DagBag from /opt/airflow/dags/dag_2.py
[2026-06-01T11:27:04.524+0000] {processor.py:840} INFO - DAG(s) 'my_first_test_dag2' retrieved from /opt/airflow/dags/dag_2.py
[2026-06-01T11:27:04.549+0000] {logging_mixin.py:188} INFO - [2026-06-01T11:27:04.548+0000] {dag.py:3047} INFO - Sync 1 DAGs
[2026-06-01T11:27:04.564+0000] {logging_mixin.py:188} INFO - [2026-06-01T11:27:04.563+0000] {dag.py:3834} INFO - Setting next_dagrun for my_first_test_dag2 to None, run_after=None
[2026-06-01T11:27:04.589+0000] {processor.py:183} INFO - Processing /opt/airflow/dags/dag_2.py took 0.083 seconds
[2026-06-01T11:27:34.781+0000] {processor.py:161} INFO - Started process (PID=2867) to work on /opt/airflow/dags/dag_2.py
[2026-06-01T11:27:34.782+0000] {processor.py:830} INFO - Processing file /opt/airflow/dags/dag_2.py for tasks to queue
[2026-06-01T11:27:34.783+0000] {logging_mixin.py:188} INFO - [2026-06-01T11:27:34.782+0000] {dagbag.py:540} INFO - Filling up the DagBag from /opt/airflow/dags/dag_2.py
[2026-06-01T11:27:34.799+0000] {processor.py:840} INFO - DAG(s) 'my_first_test_dag2' retrieved from /opt/airflow/dags/dag_2.py
[2026-06-01T11:27:34.825+0000] {logging_mixin.py:188} INFO - [2026-06-01T11:27:34.825+0000] {dag.py:3047} INFO - Sync 1 DAGs
[2026-06-01T11:27:34.839+0000] {logging_mixin.py:188} INFO - [2026-06-01T11:27:34.839+0000] {dag.py:3834} INFO - Setting next_dagrun for my_first_test_dag2 to None, run_after=None
[2026-06-01T11:27:34.862+0000] {processor.py:183} INFO - Processing /opt/airflow/dags/dag_2.py took 0.084 seconds
[2026-06-01T11:28:05.004+0000] {processor.py:161} INFO - Started process (PID=2877) to work on /opt/airflow/dags/dag_2.py
[2026-06-01T11:28:05.005+0000] {processor.py:830} INFO - Processing file /opt/airflow/dags/dag_2.py for tasks to queue
[2026-06-01T11:28:05.006+0000] {logging_mixin.py:188} INFO - [2026-06-01T11:28:05.006+0000] {dagbag.py:540} INFO - Filling up the DagBag from /opt/airflow/dags/dag_2.py
[2026-06-01T11:28:05.019+0000] {processor.py:840} INFO - DAG(s) 'my_first_test_dag2' retrieved from /opt/airflow/dags/dag_2.py
[2026-06-01T11:28:05.049+0000] {logging_mixin.py:188} INFO - [2026-06-01T11:28:05.049+0000] {dag.py:3047} INFO - Sync 1 DAGs
[2026-06-01T11:28:05.062+0000] {logging_mixin.py:188} INFO - [2026-06-01T11:28:05.061+0000] {dag.py:3834} INFO - Setting next_dagrun for my_first_test_dag2 to None, run_after=None
[2026-06-01T11:28:05.083+0000] {processor.py:183} INFO - Processing /opt/airflow/dags/dag_2.py took 0.082 seconds
[2026-06-01T11:28:35.284+0000] {processor.py:161} INFO - Started process (PID=2887) to work on /opt/airflow/dags/dag_2.py
[2026-06-01T11:28:35.285+0000] {processor.py:830} INFO - Processing file /opt/airflow/dags/dag_2.py for tasks to queue
[2026-06-01T11:28:35.287+0000] {logging_mixin.py:188} INFO - [2026-06-01T11:28:35.286+0000] {dagbag.py:540} INFO - Filling up the DagBag from /opt/airflow/dags/dag_2.py
[2026-06-01T11:28:35.303+0000] {processor.py:840} INFO - DAG(s) 'my_first_test_dag2' retrieved from /opt/airflow/dags/dag_2.py
[2026-06-01T11:28:35.337+0000] {logging_mixin.py:188} INFO - [2026-06-01T11:28:35.336+0000] {dag.py:3047} INFO - Sync 1 DAGs
[2026-06-01T11:28:35.350+0000] {logging_mixin.py:188} INFO - [2026-06-01T11:28:35.350+0000] {dag.py:3834} INFO - Setting next_dagrun for my_first_test_dag2 to None, run_after=None
[2026-06-01T11:28:35.373+0000] {processor.py:183} INFO - Processing /opt/airflow/dags/dag_2.py took 0.094 seconds
[2026-06-01T11:29:05.540+0000] {processor.py:161} INFO - Started process (PID=2897) to work on /opt/airflow/dags/dag_2.py
[2026-06-01T11:29:05.541+0000] {processor.py:830} INFO - Processing file /opt/airflow/dags/dag_2.py for tasks to queue
[2026-06-01T11:29:05.542+0000] {logging_mixin.py:188} INFO - [2026-06-01T11:29:05.542+0000] {dagbag.py:540} INFO - Filling up the DagBag from /opt/airflow/dags/dag_2.py
[2026-06-01T11:29:05.557+0000] {processor.py:840} INFO - DAG(s) 'my_first_test_dag2' retrieved from /opt/airflow/dags/dag_2.py
[2026-06-01T11:29:05.580+0000] {logging_mixin.py:188} INFO - [2026-06-01T11:29:05.580+0000] {dag.py:3047} INFO - Sync 1 DAGs
[2026-06-01T11:29:05.594+0000] {logging_mixin.py:188} INFO - [2026-06-01T11:29:05.594+0000] {dag.py:3834} INFO - Setting next_dagrun for my_first_test_dag2 to None, run_after=None
[2026-06-01T11:29:05.625+0000] {processor.py:183} INFO - Processing /opt/airflow/dags/dag_2.py took 0.088 seconds
[2026-06-01T11:29:35.808+0000] {processor.py:161} INFO - Started process (PID=2907) to work on /opt/airflow/dags/dag_2.py
[2026-06-01T11:29:35.809+0000] {processor.py:830} INFO - Processing file /opt/airflow/dags/dag_2.py for tasks to queue
[2026-06-01T11:29:35.810+0000] {logging_mixin.py:188} INFO - [2026-06-01T11:29:35.810+0000] {dagbag.py:540} INFO - Filling up the DagBag from /opt/airflow/dags/dag_2.py
[2026-06-01T11:29:35.829+0000] {processor.py:840} INFO - DAG(s) 'my_first_test_dag2' retrieved from /opt/airflow/dags/dag_2.py
[2026-06-01T11:29:35.861+0000] {logging_mixin.py:188} INFO - [2026-06-01T11:29:35.861+0000] {dag.py:3047} INFO - Sync 1 DAGs
[2026-06-01T11:29:35.875+0000] {logging_mixin.py:188} INFO - [2026-06-01T11:29:35.874+0000] {dag.py:3834} INFO - Setting next_dagrun for my_first_test_dag2 to None, run_after=None
[2026-06-01T11:29:35.898+0000] {processor.py:183} INFO - Processing /opt/airflow/dags/dag_2.py took 0.094 seconds
[2026-06-01T11:30:06.070+0000] {processor.py:161} INFO - Started process (PID=2917) to work on /opt/airflow/dags/dag_2.py
[2026-06-01T11:30:06.071+0000] {processor.py:830} INFO - Processing file /opt/airflow/dags/dag_2.py for tasks to queue
[2026-06-01T11:30:06.072+0000] {logging_mixin.py:188} INFO - [2026-06-01T11:30:06.071+0000] {dagbag.py:540} INFO - Filling up the DagBag from /opt/airflow/dags/dag_2.py
[2026-06-01T11:30:06.093+0000] {processor.py:840} INFO - DAG(s) 'my_first_test_dag2' retrieved from /opt/airflow/dags/dag_2.py
[2026-06-01T11:30:06.119+0000] {logging_mixin.py:188} INFO - [2026-06-01T11:30:06.119+0000] {dag.py:3047} INFO - Sync 1 DAGs
[2026-06-01T11:30:06.133+0000] {logging_mixin.py:188} INFO - [2026-06-01T11:30:06.133+0000] {dag.py:3834} INFO - Setting next_dagrun for my_first_test_dag2 to None, run_after=None
[2026-06-01T11:30:06.159+0000] {processor.py:183} INFO - Processing /opt/airflow/dags/dag_2.py took 0.092 seconds
[2026-06-01T11:30:36.306+0000] {processor.py:161} INFO - Started process (PID=2927) to work on /opt/airflow/dags/dag_2.py
[2026-06-01T11:30:36.307+0000] {processor.py:830} INFO - Processing file /opt/airflow/dags/dag_2.py for tasks to queue
[2026-06-01T11:30:36.308+0000] {logging_mixin.py:188} INFO - [2026-06-01T11:30:36.307+0000] {dagbag.py:540} INFO - Filling up the DagBag from /opt/airflow/dags/dag_2.py
[2026-06-01T11:30:36.319+0000] {processor.py:840} INFO - DAG(s) 'my_first_test_dag2' retrieved from /opt/airflow/dags/dag_2.py
[2026-06-01T11:30:36.344+0000] {logging_mixin.py:188} INFO - [2026-06-01T11:30:36.344+0000] {dag.py:3047} INFO - Sync 1 DAGs
[2026-06-01T11:30:36.359+0000] {logging_mixin.py:188} INFO - [2026-06-01T11:30:36.359+0000] {dag.py:3834} INFO - Setting next_dagrun for my_first_test_dag2 to None, run_after=None
[2026-06-01T11:30:36.383+0000] {processor.py:183} INFO - Processing /opt/airflow/dags/dag_2.py took 0.080 seconds
[2026-06-01T11:31:06.624+0000] {processor.py:161} INFO - Started process (PID=2937) to work on /opt/airflow/dags/dag_2.py
[2026-06-01T11:31:06.625+0000] {processor.py:830} INFO - Processing file /opt/airflow/dags/dag_2.py for tasks to queue
[2026-06-01T11:31:06.627+0000] {logging_mixin.py:188} INFO - [2026-06-01T11:31:06.626+0000] {dagbag.py:540} INFO - Filling up the DagBag from /opt/airflow/dags/dag_2.py
[2026-06-01T11:31:06.647+0000] {processor.py:840} INFO - DAG(s) 'my_first_test_dag2' retrieved from /opt/airflow/dags/dag_2.py
[2026-06-01T11:31:06.684+0000] {logging_mixin.py:188} INFO - [2026-06-01T11:31:06.683+0000] {dag.py:3047} INFO - Sync 1 DAGs
[2026-06-01T11:31:06.704+0000] {logging_mixin.py:188} INFO - [2026-06-01T11:31:06.703+0000] {dag.py:3834} INFO - Setting next_dagrun for my_first_test_dag2 to None, run_after=None
[2026-06-01T11:31:06.731+0000] {processor.py:183} INFO - Processing /opt/airflow/dags/dag_2.py took 0.113 seconds
[2026-06-01T11:31:37.006+0000] {processor.py:161} INFO - Started process (PID=2947) to work on /opt/airflow/dags/dag_2.py
[2026-06-01T11:31:37.007+0000] {processor.py:830} INFO - Processing file /opt/airflow/dags/dag_2.py for tasks to queue
[2026-06-01T11:31:37.008+0000] {logging_mixin.py:188} INFO - [2026-06-01T11:31:37.007+0000] {dagbag.py:540} INFO - Filling up the DagBag from /opt/airflow/dags/dag_2.py
[2026-06-01T11:31:37.025+0000] {processor.py:840} INFO - DAG(s) 'my_first_test_dag2' retrieved from /opt/airflow/dags/dag_2.py
[2026-06-01T11:31:37.051+0000] {logging_mixin.py:188} INFO - [2026-06-01T11:31:37.050+0000] {dag.py:3047} INFO - Sync 1 DAGs
[2026-06-01T11:31:37.065+0000] {logging_mixin.py:188} INFO - [2026-06-01T11:31:37.065+0000] {dag.py:3834} INFO - Setting next_dagrun for my_first_test_dag2 to None, run_after=None
[2026-06-01T11:31:37.097+0000] {processor.py:183} INFO - Processing /opt/airflow/dags/dag_2.py took 0.094 seconds
[2026-06-01T11:32:07.232+0000] {processor.py:161} INFO - Started process (PID=2957) to work on /opt/airflow/dags/dag_2.py
[2026-06-01T11:32:07.233+0000] {processor.py:830} INFO - Processing file /opt/airflow/dags/dag_2.py for tasks to queue
[2026-06-01T11:32:07.235+0000] {logging_mixin.py:188} INFO - [2026-06-01T11:32:07.234+0000] {dagbag.py:540} INFO - Filling up the DagBag from /opt/airflow/dags/dag_2.py
[2026-06-01T11:32:07.249+0000] {processor.py:840} INFO - DAG(s) 'my_first_test_dag2' retrieved from /opt/airflow/dags/dag_2.py
[2026-06-01T11:32:07.275+0000] {logging_mixin.py:188} INFO - [2026-06-01T11:32:07.274+0000] {dag.py:3047} INFO - Sync 1 DAGs
[2026-06-01T11:32:07.288+0000] {logging_mixin.py:188} INFO - [2026-06-01T11:32:07.288+0000] {dag.py:3834} INFO - Setting next_dagrun for my_first_test_dag2 to None, run_after=None
[2026-06-01T11:32:07.318+0000] {processor.py:183} INFO - Processing /opt/airflow/dags/dag_2.py took 0.089 seconds
[2026-06-01T11:32:37.458+0000] {processor.py:161} INFO - Started process (PID=2967) to work on /opt/airflow/dags/dag_2.py
[2026-06-01T11:32:37.459+0000] {processor.py:830} INFO - Processing file /opt/airflow/dags/dag_2.py for tasks to queue
[2026-06-01T11:32:37.460+0000] {logging_mixin.py:188} INFO - [2026-06-01T11:32:37.460+0000] {dagbag.py:540} INFO - Filling up the DagBag from /opt/airflow/dags/dag_2.py
[2026-06-01T11:32:37.474+0000] {processor.py:840} INFO - DAG(s) 'my_first_test_dag2' retrieved from /opt/airflow/dags/dag_2.py
[2026-06-01T11:32:37.502+0000] {logging_mixin.py:188} INFO - [2026-06-01T11:32:37.502+0000] {dag.py:3047} INFO - Sync 1 DAGs
[2026-06-01T11:32:37.517+0000] {logging_mixin.py:188} INFO - [2026-06-01T11:32:37.517+0000] {dag.py:3834} INFO - Setting next_dagrun for my_first_test_dag2 to None, run_after=None
[2026-06-01T11:32:37.541+0000] {processor.py:183} INFO - Processing /opt/airflow/dags/dag_2.py took 0.085 seconds
[2026-06-01T11:33:07.734+0000] {processor.py:161} INFO - Started process (PID=2977) to work on /opt/airflow/dags/dag_2.py
[2026-06-01T11:33:07.735+0000] {processor.py:830} INFO - Processing file /opt/airflow/dags/dag_2.py for tasks to queue
[2026-06-01T11:33:07.736+0000] {logging_mixin.py:188} INFO - [2026-06-01T11:33:07.736+0000] {dagbag.py:540} INFO - Filling up the DagBag from /opt/airflow/dags/dag_2.py
[2026-06-01T11:33:07.752+0000] {processor.py:840} INFO - DAG(s) 'my_first_test_dag2' retrieved from /opt/airflow/dags/dag_2.py
[2026-06-01T11:33:07.777+0000] {logging_mixin.py:188} INFO - [2026-06-01T11:33:07.777+0000] {dag.py:3047} INFO - Sync 1 DAGs
[2026-06-01T11:33:07.794+0000] {logging_mixin.py:188} INFO - [2026-06-01T11:33:07.793+0000] {dag.py:3834} INFO - Setting next_dagrun for my_first_test_dag2 to None, run_after=None
[2026-06-01T11:33:07.816+0000] {processor.py:183} INFO - Processing /opt/airflow/dags/dag_2.py took 0.086 seconds
[2026-06-01T11:33:38.056+0000] {processor.py:161} INFO - Started process (PID=2987) to work on /opt/airflow/dags/dag_2.py
[2026-06-01T11:33:38.058+0000] {processor.py:830} INFO - Processing file /opt/airflow/dags/dag_2.py for tasks to queue
[2026-06-01T11:33:38.059+0000] {logging_mixin.py:188} INFO - [2026-06-01T11:33:38.059+0000] {dagbag.py:540} INFO - Filling up the DagBag from /opt/airflow/dags/dag_2.py
[2026-06-01T11:33:38.080+0000] {processor.py:840} INFO - DAG(s) 'my_first_test_dag2' retrieved from /opt/airflow/dags/dag_2.py
[2026-06-01T11:33:38.121+0000] {logging_mixin.py:188} INFO - [2026-06-01T11:33:38.120+0000] {dag.py:3047} INFO - Sync 1 DAGs
[2026-06-01T11:33:38.139+0000] {logging_mixin.py:188} INFO - [2026-06-01T11:33:38.139+0000] {dag.py:3834} INFO - Setting next_dagrun for my_first_test_dag2 to None, run_after=None
[2026-06-01T11:33:38.166+0000] {processor.py:183} INFO - Processing /opt/airflow/dags/dag_2.py took 0.114 seconds
[2026-06-01T11:34:08.286+0000] {processor.py:161} INFO - Started process (PID=2997) to work on /opt/airflow/dags/dag_2.py
[2026-06-01T11:34:08.287+0000] {processor.py:830} INFO - Processing file /opt/airflow/dags/dag_2.py for tasks to queue
[2026-06-01T11:34:08.287+0000] {logging_mixin.py:188} INFO - [2026-06-01T11:34:08.287+0000] {dagbag.py:540} INFO - Filling up the DagBag from /opt/airflow/dags/dag_2.py
[2026-06-01T11:34:08.304+0000] {processor.py:840} INFO - DAG(s) 'my_first_test_dag2' retrieved from /opt/airflow/dags/dag_2.py
[2026-06-01T11:34:08.329+0000] {logging_mixin.py:188} INFO - [2026-06-01T11:34:08.328+0000] {dag.py:3047} INFO - Sync 1 DAGs
[2026-06-01T11:34:08.348+0000] {logging_mixin.py:188} INFO - [2026-06-01T11:34:08.348+0000] {dag.py:3834} INFO - Setting next_dagrun for my_first_test_dag2 to None, run_after=None
[2026-06-01T11:34:08.379+0000] {processor.py:183} INFO - Processing /opt/airflow/dags/dag_2.py took 0.096 seconds
[2026-06-01T11:34:38.651+0000] {processor.py:161} INFO - Started process (PID=3007) to work on /opt/airflow/dags/dag_2.py
[2026-06-01T11:34:38.652+0000] {processor.py:830} INFO - Processing file /opt/airflow/dags/dag_2.py for tasks to queue
[2026-06-01T11:34:38.653+0000] {logging_mixin.py:188} INFO - [2026-06-01T11:34:38.653+0000] {dagbag.py:540} INFO - Filling up the DagBag from /opt/airflow/dags/dag_2.py
[2026-06-01T11:34:38.668+0000] {processor.py:840} INFO - DAG(s) 'my_first_test_dag2' retrieved from /opt/airflow/dags/dag_2.py
[2026-06-01T11:34:38.694+0000] {logging_mixin.py:188} INFO - [2026-06-01T11:34:38.694+0000] {dag.py:3047} INFO - Sync 1 DAGs
[2026-06-01T11:34:38.712+0000] {logging_mixin.py:188} INFO - [2026-06-01T11:34:38.712+0000] {dag.py:3834} INFO - Setting next_dagrun for my_first_test_dag2 to None, run_after=None
[2026-06-01T11:34:38.740+0000] {processor.py:183} INFO - Processing /opt/airflow/dags/dag_2.py took 0.091 seconds
[2026-06-01T11:35:08.884+0000] {processor.py:161} INFO - Started process (PID=3017) to work on /opt/airflow/dags/dag_2.py
[2026-06-01T11:35:08.886+0000] {processor.py:830} INFO - Processing file /opt/airflow/dags/dag_2.py for tasks to queue
[2026-06-01T11:35:08.887+0000] {logging_mixin.py:188} INFO - [2026-06-01T11:35:08.887+0000] {dagbag.py:540} INFO - Filling up the DagBag from /opt/airflow/dags/dag_2.py
[2026-06-01T11:35:08.904+0000] {processor.py:840} INFO - DAG(s) 'my_first_test_dag2' retrieved from /opt/airflow/dags/dag_2.py
[2026-06-01T11:35:08.938+0000] {logging_mixin.py:188} INFO - [2026-06-01T11:35:08.938+0000] {dag.py:3047} INFO - Sync 1 DAGs
[2026-06-01T11:35:08.954+0000] {logging_mixin.py:188} INFO - [2026-06-01T11:35:08.954+0000] {dag.py:3834} INFO - Setting next_dagrun for my_first_test_dag2 to None, run_after=None
[2026-06-01T11:35:08.983+0000] {processor.py:183} INFO - Processing /opt/airflow/dags/dag_2.py took 0.107 seconds
[2026-06-01T11:35:39.235+0000] {processor.py:161} INFO - Started process (PID=3027) to work on /opt/airflow/dags/dag_2.py
[2026-06-01T11:35:39.236+0000] {processor.py:830} INFO - Processing file /opt/airflow/dags/dag_2.py for tasks to queue
[2026-06-01T11:35:39.237+0000] {logging_mixin.py:188} INFO - [2026-06-01T11:35:39.237+0000] {dagbag.py:540} INFO - Filling up the DagBag from /opt/airflow/dags/dag_2.py
[2026-06-01T11:35:39.255+0000] {processor.py:840} INFO - DAG(s) 'my_first_test_dag2' retrieved from /opt/airflow/dags/dag_2.py
[2026-06-01T11:35:39.281+0000] {logging_mixin.py:188} INFO - [2026-06-01T11:35:39.280+0000] {dag.py:3047} INFO - Sync 1 DAGs
[2026-06-01T11:35:39.297+0000] {logging_mixin.py:188} INFO - [2026-06-01T11:35:39.297+0000] {dag.py:3834} INFO - Setting next_dagrun for my_first_test_dag2 to None, run_after=None
[2026-06-01T11:35:39.326+0000] {processor.py:183} INFO - Processing /opt/airflow/dags/dag_2.py took 0.095 seconds
[2026-06-01T11:36:09.572+0000] {processor.py:161} INFO - Started process (PID=3037) to work on /opt/airflow/dags/dag_2.py
[2026-06-01T11:36:09.573+0000] {processor.py:830} INFO - Processing file /opt/airflow/dags/dag_2.py for tasks to queue
[2026-06-01T11:36:09.575+0000] {logging_mixin.py:188} INFO - [2026-06-01T11:36:09.575+0000] {dagbag.py:540} INFO - Filling up the DagBag from /opt/airflow/dags/dag_2.py
[2026-06-01T11:36:09.591+0000] {processor.py:840} INFO - DAG(s) 'my_first_test_dag2' retrieved from /opt/airflow/dags/dag_2.py
[2026-06-01T11:36:09.619+0000] {logging_mixin.py:188} INFO - [2026-06-01T11:36:09.619+0000] {dag.py:3047} INFO - Sync 1 DAGs
[2026-06-01T11:36:09.633+0000] {logging_mixin.py:188} INFO - [2026-06-01T11:36:09.633+0000] {dag.py:3834} INFO - Setting next_dagrun for my_first_test_dag2 to None, run_after=None
[2026-06-01T11:36:09.665+0000] {processor.py:183} INFO - Processing /opt/airflow/dags/dag_2.py took 0.095 seconds
[2026-06-01T11:36:39.857+0000] {processor.py:161} INFO - Started process (PID=3047) to work on /opt/airflow/dags/dag_2.py
[2026-06-01T11:36:39.859+0000] {processor.py:830} INFO - Processing file /opt/airflow/dags/dag_2.py for tasks to queue
[2026-06-01T11:36:39.860+0000] {logging_mixin.py:188} INFO - [2026-06-01T11:36:39.860+0000] {dagbag.py:540} INFO - Filling up the DagBag from /opt/airflow/dags/dag_2.py
[2026-06-01T11:36:39.881+0000] {processor.py:840} INFO - DAG(s) 'my_first_test_dag2' retrieved from /opt/airflow/dags/dag_2.py
[2026-06-01T11:36:39.920+0000] {logging_mixin.py:188} INFO - [2026-06-01T11:36:39.920+0000] {dag.py:3047} INFO - Sync 1 DAGs
[2026-06-01T11:36:39.935+0000] {logging_mixin.py:188} INFO - [2026-06-01T11:36:39.934+0000] {dag.py:3834} INFO - Setting next_dagrun for my_first_test_dag2 to None, run_after=None
[2026-06-01T11:36:39.955+0000] {processor.py:183} INFO - Processing /opt/airflow/dags/dag_2.py took 0.102 seconds
[2026-06-01T11:37:10.251+0000] {processor.py:161} INFO - Started process (PID=3057) to work on /opt/airflow/dags/dag_2.py
[2026-06-01T11:37:10.252+0000] {processor.py:830} INFO - Processing file /opt/airflow/dags/dag_2.py for tasks to queue
[2026-06-01T11:37:10.254+0000] {logging_mixin.py:188} INFO - [2026-06-01T11:37:10.253+0000] {dagbag.py:540} INFO - Filling up the DagBag from /opt/airflow/dags/dag_2.py
[2026-06-01T11:37:10.289+0000] {processor.py:840} INFO - DAG(s) 'my_first_test_dag2' retrieved from /opt/airflow/dags/dag_2.py
[2026-06-01T11:37:10.324+0000] {logging_mixin.py:188} INFO - [2026-06-01T11:37:10.323+0000] {dag.py:3047} INFO - Sync 1 DAGs
[2026-06-01T11:37:10.348+0000] {logging_mixin.py:188} INFO - [2026-06-01T11:37:10.348+0000] {dag.py:3834} INFO - Setting next_dagrun for my_first_test_dag2 to None, run_after=None
[2026-06-01T11:37:10.387+0000] {processor.py:183} INFO - Processing /opt/airflow/dags/dag_2.py took 0.140 seconds
[2026-06-01T11:37:40.640+0000] {processor.py:161} INFO - Started process (PID=3067) to work on /opt/airflow/dags/dag_2.py
[2026-06-01T11:37:40.641+0000] {processor.py:830} INFO - Processing file /opt/airflow/dags/dag_2.py for tasks to queue
[2026-06-01T11:37:40.643+0000] {logging_mixin.py:188} INFO - [2026-06-01T11:37:40.642+0000] {dagbag.py:540} INFO - Filling up the DagBag from /opt/airflow/dags/dag_2.py
[2026-06-01T11:37:40.659+0000] {processor.py:840} INFO - DAG(s) 'my_first_test_dag2' retrieved from /opt/airflow/dags/dag_2.py
[2026-06-01T11:37:40.691+0000] {logging_mixin.py:188} INFO - [2026-06-01T11:37:40.691+0000] {dag.py:3047} INFO - Sync 1 DAGs
[2026-06-01T11:37:40.707+0000] {logging_mixin.py:188} INFO - [2026-06-01T11:37:40.707+0000] {dag.py:3834} INFO - Setting next_dagrun for my_first_test_dag2 to None, run_after=None
[2026-06-01T11:37:40.733+0000] {processor.py:183} INFO - Processing /opt/airflow/dags/dag_2.py took 0.097 seconds
[2026-06-01T11:38:10.861+0000] {processor.py:161} INFO - Started process (PID=3077) to work on /opt/airflow/dags/dag_2.py
[2026-06-01T11:38:10.862+0000] {processor.py:830} INFO - Processing file /opt/airflow/dags/dag_2.py for tasks to queue
[2026-06-01T11:38:10.863+0000] {logging_mixin.py:188} INFO - [2026-06-01T11:38:10.863+0000] {dagbag.py:540} INFO - Filling up the DagBag from /opt/airflow/dags/dag_2.py
[2026-06-01T11:38:10.880+0000] {processor.py:840} INFO - DAG(s) 'my_first_test_dag2' retrieved from /opt/airflow/dags/dag_2.py
[2026-06-01T11:38:10.911+0000] {logging_mixin.py:188} INFO - [2026-06-01T11:38:10.910+0000] {dag.py:3047} INFO - Sync 1 DAGs
[2026-06-01T11:38:10.928+0000] {logging_mixin.py:188} INFO - [2026-06-01T11:38:10.928+0000] {dag.py:3834} INFO - Setting next_dagrun for my_first_test_dag2 to None, run_after=None
[2026-06-01T11:38:10.949+0000] {processor.py:183} INFO - Processing /opt/airflow/dags/dag_2.py took 0.091 seconds
[2026-06-01T11:38:41.164+0000] {processor.py:161} INFO - Started process (PID=3087) to work on /opt/airflow/dags/dag_2.py
[2026-06-01T11:38:41.166+0000] {processor.py:830} INFO - Processing file /opt/airflow/dags/dag_2.py for tasks to queue
[2026-06-01T11:38:41.167+0000] {logging_mixin.py:188} INFO - [2026-06-01T11:38:41.167+0000] {dagbag.py:540} INFO - Filling up the DagBag from /opt/airflow/dags/dag_2.py
[2026-06-01T11:38:41.190+0000] {processor.py:840} INFO - DAG(s) 'my_first_test_dag2' retrieved from /opt/airflow/dags/dag_2.py
[2026-06-01T11:38:41.236+0000] {logging_mixin.py:188} INFO - [2026-06-01T11:38:41.235+0000] {dag.py:3047} INFO - Sync 1 DAGs
[2026-06-01T11:38:41.253+0000] {logging_mixin.py:188} INFO - [2026-06-01T11:38:41.252+0000] {dag.py:3834} INFO - Setting next_dagrun for my_first_test_dag2 to None, run_after=None
[2026-06-01T11:38:41.288+0000] {processor.py:183} INFO - Processing /opt/airflow/dags/dag_2.py took 0.128 seconds
[2026-06-01T11:39:11.480+0000] {processor.py:161} INFO - Started process (PID=3097) to work on /opt/airflow/dags/dag_2.py
[2026-06-01T11:39:11.481+0000] {processor.py:830} INFO - Processing file /opt/airflow/dags/dag_2.py for tasks to queue
[2026-06-01T11:39:11.482+0000] {logging_mixin.py:188} INFO - [2026-06-01T11:39:11.482+0000] {dagbag.py:540} INFO - Filling up the DagBag from /opt/airflow/dags/dag_2.py
[2026-06-01T11:39:11.497+0000] {processor.py:840} INFO - DAG(s) 'my_first_test_dag2' retrieved from /opt/airflow/dags/dag_2.py
[2026-06-01T11:39:11.524+0000] {logging_mixin.py:188} INFO - [2026-06-01T11:39:11.523+0000] {dag.py:3047} INFO - Sync 1 DAGs
[2026-06-01T11:39:11.540+0000] {logging_mixin.py:188} INFO - [2026-06-01T11:39:11.540+0000] {dag.py:3834} INFO - Setting next_dagrun for my_first_test_dag2 to None, run_after=None
[2026-06-01T11:39:11.583+0000] {processor.py:183} INFO - Processing /opt/airflow/dags/dag_2.py took 0.105 seconds
[2026-06-01T11:39:41.837+0000] {processor.py:161} INFO - Started process (PID=3107) to work on /opt/airflow/dags/dag_2.py
[2026-06-01T11:39:41.838+0000] {processor.py:830} INFO - Processing file /opt/airflow/dags/dag_2.py for tasks to queue
[2026-06-01T11:39:41.839+0000] {logging_mixin.py:188} INFO - [2026-06-01T11:39:41.839+0000] {dagbag.py:540} INFO - Filling up the DagBag from /opt/airflow/dags/dag_2.py
[2026-06-01T11:39:41.859+0000] {processor.py:840} INFO - DAG(s) 'my_first_test_dag2' retrieved from /opt/airflow/dags/dag_2.py
[2026-06-01T11:39:41.890+0000] {logging_mixin.py:188} INFO - [2026-06-01T11:39:41.890+0000] {dag.py:3047} INFO - Sync 1 DAGs
[2026-06-01T11:39:41.904+0000] {logging_mixin.py:188} INFO - [2026-06-01T11:39:41.903+0000] {dag.py:3834} INFO - Setting next_dagrun for my_first_test_dag2 to None, run_after=None
[2026-06-01T11:39:41.928+0000] {processor.py:183} INFO - Processing /opt/airflow/dags/dag_2.py took 0.096 seconds
[2026-06-01T11:40:12.077+0000] {processor.py:161} INFO - Started process (PID=3117) to work on /opt/airflow/dags/dag_2.py
[2026-06-01T11:40:12.079+0000] {processor.py:830} INFO - Processing file /opt/airflow/dags/dag_2.py for tasks to queue
[2026-06-01T11:40:12.081+0000] {logging_mixin.py:188} INFO - [2026-06-01T11:40:12.080+0000] {dagbag.py:540} INFO - Filling up the DagBag from /opt/airflow/dags/dag_2.py
[2026-06-01T11:40:12.098+0000] {processor.py:840} INFO - DAG(s) 'my_first_test_dag2' retrieved from /opt/airflow/dags/dag_2.py
[2026-06-01T11:40:12.131+0000] {logging_mixin.py:188} INFO - [2026-06-01T11:40:12.131+0000] {dag.py:3047} INFO - Sync 1 DAGs
[2026-06-01T11:40:12.152+0000] {logging_mixin.py:188} INFO - [2026-06-01T11:40:12.151+0000] {dag.py:3834} INFO - Setting next_dagrun for my_first_test_dag2 to None, run_after=None
[2026-06-01T11:40:12.182+0000] {processor.py:183} INFO - Processing /opt/airflow/dags/dag_2.py took 0.110 seconds
[2026-06-01T11:40:42.353+0000] {processor.py:161} INFO - Started process (PID=3127) to work on /opt/airflow/dags/dag_2.py
[2026-06-01T11:40:42.354+0000] {processor.py:830} INFO - Processing file /opt/airflow/dags/dag_2.py for tasks to queue
[2026-06-01T11:40:42.355+0000] {logging_mixin.py:188} INFO - [2026-06-01T11:40:42.355+0000] {dagbag.py:540} INFO - Filling up the DagBag from /opt/airflow/dags/dag_2.py
[2026-06-01T11:40:42.369+0000] {processor.py:840} INFO - DAG(s) 'my_first_test_dag2' retrieved from /opt/airflow/dags/dag_2.py
[2026-06-01T11:40:42.395+0000] {logging_mixin.py:188} INFO - [2026-06-01T11:40:42.395+0000] {dag.py:3047} INFO - Sync 1 DAGs
[2026-06-01T11:40:42.410+0000] {logging_mixin.py:188} INFO - [2026-06-01T11:40:42.410+0000] {dag.py:3834} INFO - Setting next_dagrun for my_first_test_dag2 to None, run_after=None
[2026-06-01T11:40:42.436+0000] {processor.py:183} INFO - Processing /opt/airflow/dags/dag_2.py took 0.087 seconds
[2026-06-01T11:41:12.652+0000] {processor.py:161} INFO - Started process (PID=3137) to work on /opt/airflow/dags/dag_2.py
[2026-06-01T11:41:12.653+0000] {processor.py:830} INFO - Processing file /opt/airflow/dags/dag_2.py for tasks to queue
[2026-06-01T11:41:12.655+0000] {logging_mixin.py:188} INFO - [2026-06-01T11:41:12.654+0000] {dagbag.py:540} INFO - Filling up the DagBag from /opt/airflow/dags/dag_2.py
[2026-06-01T11:41:12.670+0000] {processor.py:840} INFO - DAG(s) 'my_first_test_dag2' retrieved from /opt/airflow/dags/dag_2.py
[2026-06-01T11:41:12.698+0000] {logging_mixin.py:188} INFO - [2026-06-01T11:41:12.698+0000] {dag.py:3047} INFO - Sync 1 DAGs
[2026-06-01T11:41:12.714+0000] {logging_mixin.py:188} INFO - [2026-06-01T11:41:12.714+0000] {dag.py:3834} INFO - Setting next_dagrun for my_first_test_dag2 to None, run_after=None
[2026-06-01T11:41:12.740+0000] {processor.py:183} INFO - Processing /opt/airflow/dags/dag_2.py took 0.091 seconds
[2026-06-01T11:41:43.000+0000] {processor.py:161} INFO - Started process (PID=3147) to work on /opt/airflow/dags/dag_2.py
[2026-06-01T11:41:43.001+0000] {processor.py:830} INFO - Processing file /opt/airflow/dags/dag_2.py for tasks to queue
[2026-06-01T11:41:43.002+0000] {logging_mixin.py:188} INFO - [2026-06-01T11:41:43.002+0000] {dagbag.py:540} INFO - Filling up the DagBag from /opt/airflow/dags/dag_2.py
[2026-06-01T11:41:43.019+0000] {processor.py:840} INFO - DAG(s) 'my_first_test_dag2' retrieved from /opt/airflow/dags/dag_2.py
[2026-06-01T11:41:43.050+0000] {logging_mixin.py:188} INFO - [2026-06-01T11:41:43.049+0000] {dag.py:3047} INFO - Sync 1 DAGs
[2026-06-01T11:41:43.069+0000] {logging_mixin.py:188} INFO - [2026-06-01T11:41:43.068+0000] {dag.py:3834} INFO - Setting next_dagrun for my_first_test_dag2 to None, run_after=None
[2026-06-01T11:41:43.109+0000] {processor.py:183} INFO - Processing /opt/airflow/dags/dag_2.py took 0.112 seconds
[2026-06-01T11:42:13.255+0000] {processor.py:161} INFO - Started process (PID=3157) to work on /opt/airflow/dags/dag_2.py
[2026-06-01T11:42:13.256+0000] {processor.py:830} INFO - Processing file /opt/airflow/dags/dag_2.py for tasks to queue
[2026-06-01T11:42:13.257+0000] {logging_mixin.py:188} INFO - [2026-06-01T11:42:13.257+0000] {dagbag.py:540} INFO - Filling up the DagBag from /opt/airflow/dags/dag_2.py
[2026-06-01T11:42:13.275+0000] {processor.py:840} INFO - DAG(s) 'my_first_test_dag2' retrieved from /opt/airflow/dags/dag_2.py
[2026-06-01T11:42:13.304+0000] {logging_mixin.py:188} INFO - [2026-06-01T11:42:13.304+0000] {dag.py:3047} INFO - Sync 1 DAGs
[2026-06-01T11:42:13.321+0000] {logging_mixin.py:188} INFO - [2026-06-01T11:42:13.321+0000] {dag.py:3834} INFO - Setting next_dagrun for my_first_test_dag2 to None, run_after=None
[2026-06-01T11:42:13.349+0000] {processor.py:183} INFO - Processing /opt/airflow/dags/dag_2.py took 0.099 seconds
[2026-06-01T11:42:43.552+0000] {processor.py:161} INFO - Started process (PID=3167) to work on /opt/airflow/dags/dag_2.py
[2026-06-01T11:42:43.554+0000] {processor.py:830} INFO - Processing file /opt/airflow/dags/dag_2.py for tasks to queue
[2026-06-01T11:42:43.555+0000] {logging_mixin.py:188} INFO - [2026-06-01T11:42:43.554+0000] {dagbag.py:540} INFO - Filling up the DagBag from /opt/airflow/dags/dag_2.py
[2026-06-01T11:42:43.571+0000] {processor.py:840} INFO - DAG(s) 'my_first_test_dag2' retrieved from /opt/airflow/dags/dag_2.py
[2026-06-01T11:42:43.597+0000] {logging_mixin.py:188} INFO - [2026-06-01T11:42:43.597+0000] {dag.py:3047} INFO - Sync 1 DAGs
[2026-06-01T11:42:43.610+0000] {logging_mixin.py:188} INFO - [2026-06-01T11:42:43.610+0000] {dag.py:3834} INFO - Setting next_dagrun for my_first_test_dag2 to None, run_after=None
[2026-06-01T11:42:43.634+0000] {processor.py:183} INFO - Processing /opt/airflow/dags/dag_2.py took 0.085 seconds
[2026-06-01T11:43:13.806+0000] {processor.py:161} INFO - Started process (PID=3177) to work on /opt/airflow/dags/dag_2.py
[2026-06-01T11:43:13.807+0000] {processor.py:830} INFO - Processing file /opt/airflow/dags/dag_2.py for tasks to queue
[2026-06-01T11:43:13.809+0000] {logging_mixin.py:188} INFO - [2026-06-01T11:43:13.808+0000] {dagbag.py:540} INFO - Filling up the DagBag from /opt/airflow/dags/dag_2.py
[2026-06-01T11:43:13.823+0000] {processor.py:840} INFO - DAG(s) 'my_first_test_dag2' retrieved from /opt/airflow/dags/dag_2.py
[2026-06-01T11:43:13.853+0000] {logging_mixin.py:188} INFO - [2026-06-01T11:43:13.853+0000] {dag.py:3047} INFO - Sync 1 DAGs
[2026-06-01T11:43:13.873+0000] {logging_mixin.py:188} INFO - [2026-06-01T11:43:13.872+0000] {dag.py:3834} INFO - Setting next_dagrun for my_first_test_dag2 to None, run_after=None
[2026-06-01T11:43:13.913+0000] {processor.py:183} INFO - Processing /opt/airflow/dags/dag_2.py took 0.109 seconds
[2026-06-01T11:43:44.101+0000] {processor.py:161} INFO - Started process (PID=3187) to work on /opt/airflow/dags/dag_2.py
[2026-06-01T11:43:44.102+0000] {processor.py:830} INFO - Processing file /opt/airflow/dags/dag_2.py for tasks to queue
[2026-06-01T11:43:44.103+0000] {logging_mixin.py:188} INFO - [2026-06-01T11:43:44.103+0000] {dagbag.py:540} INFO - Filling up the DagBag from /opt/airflow/dags/dag_2.py
[2026-06-01T11:43:44.122+0000] {processor.py:840} INFO - DAG(s) 'my_first_test_dag2' retrieved from /opt/airflow/dags/dag_2.py
[2026-06-01T11:43:44.158+0000] {logging_mixin.py:188} INFO - [2026-06-01T11:43:44.157+0000] {dag.py:3047} INFO - Sync 1 DAGs
[2026-06-01T11:43:44.179+0000] {logging_mixin.py:188} INFO - [2026-06-01T11:43:44.179+0000] {dag.py:3834} INFO - Setting next_dagrun for my_first_test_dag2 to None, run_after=None
[2026-06-01T11:43:44.217+0000] {processor.py:183} INFO - Processing /opt/airflow/dags/dag_2.py took 0.120 seconds
[2026-06-01T11:44:14.475+0000] {processor.py:161} INFO - Started process (PID=3197) to work on /opt/airflow/dags/dag_2.py
[2026-06-01T11:44:14.476+0000] {processor.py:830} INFO - Processing file /opt/airflow/dags/dag_2.py for tasks to queue
[2026-06-01T11:44:14.477+0000] {logging_mixin.py:188} INFO - [2026-06-01T11:44:14.477+0000] {dagbag.py:540} INFO - Filling up the DagBag from /opt/airflow/dags/dag_2.py
[2026-06-01T11:44:14.499+0000] {processor.py:840} INFO - DAG(s) 'my_first_test_dag2' retrieved from /opt/airflow/dags/dag_2.py
[2026-06-01T11:44:14.538+0000] {logging_mixin.py:188} INFO - [2026-06-01T11:44:14.538+0000] {dag.py:3047} INFO - Sync 1 DAGs
[2026-06-01T11:44:14.565+0000] {logging_mixin.py:188} INFO - [2026-06-01T11:44:14.565+0000] {dag.py:3834} INFO - Setting next_dagrun for my_first_test_dag2 to None, run_after=None
[2026-06-01T11:44:14.601+0000] {processor.py:183} INFO - Processing /opt/airflow/dags/dag_2.py took 0.130 seconds
[2026-06-01T11:44:44.732+0000] {processor.py:161} INFO - Started process (PID=3207) to work on /opt/airflow/dags/dag_2.py
[2026-06-01T11:44:44.733+0000] {processor.py:830} INFO - Processing file /opt/airflow/dags/dag_2.py for tasks to queue
[2026-06-01T11:44:44.734+0000] {logging_mixin.py:188} INFO - [2026-06-01T11:44:44.734+0000] {dagbag.py:540} INFO - Filling up the DagBag from /opt/airflow/dags/dag_2.py
[2026-06-01T11:44:44.760+0000] {processor.py:840} INFO - DAG(s) 'my_first_test_dag2' retrieved from /opt/airflow/dags/dag_2.py
[2026-06-01T11:44:44.791+0000] {logging_mixin.py:188} INFO - [2026-06-01T11:44:44.791+0000] {dag.py:3047} INFO - Sync 1 DAGs
[2026-06-01T11:44:44.805+0000] {logging_mixin.py:188} INFO - [2026-06-01T11:44:44.805+0000] {dag.py:3834} INFO - Setting next_dagrun for my_first_test_dag2 to None, run_after=None
[2026-06-01T11:44:44.835+0000] {processor.py:183} INFO - Processing /opt/airflow/dags/dag_2.py took 0.108 seconds
[2026-06-01T11:45:15.083+0000] {processor.py:161} INFO - Started process (PID=3217) to work on /opt/airflow/dags/dag_2.py
[2026-06-01T11:45:15.085+0000] {processor.py:830} INFO - Processing file /opt/airflow/dags/dag_2.py for tasks to queue
[2026-06-01T11:45:15.086+0000] {logging_mixin.py:188} INFO - [2026-06-01T11:45:15.086+0000] {dagbag.py:540} INFO - Filling up the DagBag from /opt/airflow/dags/dag_2.py
[2026-06-01T11:45:15.101+0000] {processor.py:840} INFO - DAG(s) 'my_first_test_dag2' retrieved from /opt/airflow/dags/dag_2.py
[2026-06-01T11:45:15.138+0000] {logging_mixin.py:188} INFO - [2026-06-01T11:45:15.138+0000] {dag.py:3047} INFO - Sync 1 DAGs
[2026-06-01T11:45:15.165+0000] {logging_mixin.py:188} INFO - [2026-06-01T11:45:15.165+0000] {dag.py:3834} INFO - Setting next_dagrun for my_first_test_dag2 to None, run_after=None
[2026-06-01T11:45:15.195+0000] {processor.py:183} INFO - Processing /opt/airflow/dags/dag_2.py took 0.115 seconds
[2026-06-01T11:45:45.462+0000] {processor.py:161} INFO - Started process (PID=3227) to work on /opt/airflow/dags/dag_2.py
[2026-06-01T11:45:45.463+0000] {processor.py:830} INFO - Processing file /opt/airflow/dags/dag_2.py for tasks to queue
[2026-06-01T11:45:45.465+0000] {logging_mixin.py:188} INFO - [2026-06-01T11:45:45.464+0000] {dagbag.py:540} INFO - Filling up the DagBag from /opt/airflow/dags/dag_2.py
[2026-06-01T11:45:45.485+0000] {processor.py:840} INFO - DAG(s) 'my_first_test_dag2' retrieved from /opt/airflow/dags/dag_2.py
[2026-06-01T11:45:45.514+0000] {logging_mixin.py:188} INFO - [2026-06-01T11:45:45.513+0000] {dag.py:3047} INFO - Sync 1 DAGs
[2026-06-01T11:45:45.530+0000] {logging_mixin.py:188} INFO - [2026-06-01T11:45:45.530+0000] {dag.py:3834} INFO - Setting next_dagrun for my_first_test_dag2 to None, run_after=None
[2026-06-01T11:45:45.564+0000] {processor.py:183} INFO - Processing /opt/airflow/dags/dag_2.py took 0.107 seconds
[2026-06-01T11:46:15.870+0000] {processor.py:161} INFO - Started process (PID=3237) to work on /opt/airflow/dags/dag_2.py
[2026-06-01T11:46:15.871+0000] {processor.py:830} INFO - Processing file /opt/airflow/dags/dag_2.py for tasks to queue
[2026-06-01T11:46:15.873+0000] {logging_mixin.py:188} INFO - [2026-06-01T11:46:15.872+0000] {dagbag.py:540} INFO - Filling up the DagBag from /opt/airflow/dags/dag_2.py
[2026-06-01T11:46:15.891+0000] {processor.py:840} INFO - DAG(s) 'my_first_test_dag2' retrieved from /opt/airflow/dags/dag_2.py
[2026-06-01T11:46:15.923+0000] {logging_mixin.py:188} INFO - [2026-06-01T11:46:15.922+0000] {dag.py:3047} INFO - Sync 1 DAGs
[2026-06-01T11:46:15.940+0000] {logging_mixin.py:188} INFO - [2026-06-01T11:46:15.940+0000] {dag.py:3834} INFO - Setting next_dagrun for my_first_test_dag2 to None, run_after=None
[2026-06-01T11:46:15.974+0000] {processor.py:183} INFO - Processing /opt/airflow/dags/dag_2.py took 0.109 seconds
[2026-06-01T11:46:46.181+0000] {processor.py:161} INFO - Started process (PID=3247) to work on /opt/airflow/dags/dag_2.py
[2026-06-01T11:46:46.182+0000] {processor.py:830} INFO - Processing file /opt/airflow/dags/dag_2.py for tasks to queue
[2026-06-01T11:46:46.184+0000] {logging_mixin.py:188} INFO - [2026-06-01T11:46:46.184+0000] {dagbag.py:540} INFO - Filling up the DagBag from /opt/airflow/dags/dag_2.py
[2026-06-01T11:46:46.206+0000] {processor.py:840} INFO - DAG(s) 'my_first_test_dag2' retrieved from /opt/airflow/dags/dag_2.py
[2026-06-01T11:46:46.255+0000] {logging_mixin.py:188} INFO - [2026-06-01T11:46:46.255+0000] {dag.py:3047} INFO - Sync 1 DAGs
[2026-06-01T11:46:46.281+0000] {logging_mixin.py:188} INFO - [2026-06-01T11:46:46.280+0000] {dag.py:3834} INFO - Setting next_dagrun for my_first_test_dag2 to None, run_after=None
[2026-06-01T11:46:46.316+0000] {processor.py:183} INFO - Processing /opt/airflow/dags/dag_2.py took 0.140 seconds
[2026-06-01T11:47:16.603+0000] {processor.py:161} INFO - Started process (PID=3257) to work on /opt/airflow/dags/dag_2.py
[2026-06-01T11:47:16.604+0000] {processor.py:830} INFO - Processing file /opt/airflow/dags/dag_2.py for tasks to queue
[2026-06-01T11:47:16.607+0000] {logging_mixin.py:188} INFO - [2026-06-01T11:47:16.606+0000] {dagbag.py:540} INFO - Filling up the DagBag from /opt/airflow/dags/dag_2.py
[2026-06-01T11:47:16.652+0000] {processor.py:840} INFO - DAG(s) 'my_first_test_dag2' retrieved from /opt/airflow/dags/dag_2.py
[2026-06-01T11:47:16.713+0000] {logging_mixin.py:188} INFO - [2026-06-01T11:47:16.713+0000] {dag.py:3047} INFO - Sync 1 DAGs
[2026-06-01T11:47:16.735+0000] {logging_mixin.py:188} INFO - [2026-06-01T11:47:16.734+0000] {dag.py:3834} INFO - Setting next_dagrun for my_first_test_dag2 to None, run_after=None
[2026-06-01T11:47:16.763+0000] {processor.py:183} INFO - Processing /opt/airflow/dags/dag_2.py took 0.165 seconds
[2026-06-01T11:47:46.951+0000] {processor.py:161} INFO - Started process (PID=3267) to work on /opt/airflow/dags/dag_2.py
[2026-06-01T11:47:46.953+0000] {processor.py:830} INFO - Processing file /opt/airflow/dags/dag_2.py for tasks to queue
[2026-06-01T11:47:46.954+0000] {logging_mixin.py:188} INFO - [2026-06-01T11:47:46.954+0000] {dagbag.py:540} INFO - Filling up the DagBag from /opt/airflow/dags/dag_2.py
[2026-06-01T11:47:46.974+0000] {processor.py:840} INFO - DAG(s) 'my_first_test_dag2' retrieved from /opt/airflow/dags/dag_2.py
[2026-06-01T11:47:47.013+0000] {logging_mixin.py:188} INFO - [2026-06-01T11:47:47.012+0000] {dag.py:3047} INFO - Sync 1 DAGs
[2026-06-01T11:47:47.031+0000] {logging_mixin.py:188} INFO - [2026-06-01T11:47:47.031+0000] {dag.py:3834} INFO - Setting next_dagrun for my_first_test_dag2 to None, run_after=None
[2026-06-01T11:47:47.068+0000] {processor.py:183} INFO - Processing /opt/airflow/dags/dag_2.py took 0.120 seconds
[2026-06-01T11:48:17.298+0000] {processor.py:161} INFO - Started process (PID=3277) to work on /opt/airflow/dags/dag_2.py
[2026-06-01T11:48:17.301+0000] {processor.py:830} INFO - Processing file /opt/airflow/dags/dag_2.py for tasks to queue
[2026-06-01T11:48:17.303+0000] {logging_mixin.py:188} INFO - [2026-06-01T11:48:17.302+0000] {dagbag.py:540} INFO - Filling up the DagBag from /opt/airflow/dags/dag_2.py
[2026-06-01T11:48:17.351+0000] {processor.py:840} INFO - DAG(s) 'my_first_test_dag2' retrieved from /opt/airflow/dags/dag_2.py
[2026-06-01T11:48:17.400+0000] {logging_mixin.py:188} INFO - [2026-06-01T11:48:17.400+0000] {dag.py:3047} INFO - Sync 1 DAGs
[2026-06-01T11:48:17.427+0000] {logging_mixin.py:188} INFO - [2026-06-01T11:48:17.427+0000] {dag.py:3834} INFO - Setting next_dagrun for my_first_test_dag2 to None, run_after=None
[2026-06-01T11:48:17.468+0000] {processor.py:183} INFO - Processing /opt/airflow/dags/dag_2.py took 0.176 seconds
[2026-06-01T11:48:48.247+0000] {processor.py:161} INFO - Started process (PID=3287) to work on /opt/airflow/dags/dag_2.py
[2026-06-01T11:48:48.257+0000] {processor.py:830} INFO - Processing file /opt/airflow/dags/dag_2.py for tasks to queue
[2026-06-01T11:48:48.259+0000] {logging_mixin.py:188} INFO - [2026-06-01T11:48:48.258+0000] {dagbag.py:540} INFO - Filling up the DagBag from /opt/airflow/dags/dag_2.py
[2026-06-01T11:48:48.301+0000] {processor.py:840} INFO - DAG(s) 'my_first_test_dag2' retrieved from /opt/airflow/dags/dag_2.py
[2026-06-01T11:48:48.396+0000] {logging_mixin.py:188} INFO - [2026-06-01T11:48:48.395+0000] {dag.py:3047} INFO - Sync 1 DAGs
[2026-06-01T11:48:48.474+0000] {logging_mixin.py:188} INFO - [2026-06-01T11:48:48.474+0000] {dag.py:3834} INFO - Setting next_dagrun for my_first_test_dag2 to None, run_after=None
[2026-06-01T11:48:48.545+0000] {processor.py:183} INFO - Processing /opt/airflow/dags/dag_2.py took 0.304 seconds
[2026-06-01T11:49:19.063+0000] {processor.py:161} INFO - Started process (PID=3297) to work on /opt/airflow/dags/dag_2.py
[2026-06-01T11:49:19.064+0000] {processor.py:830} INFO - Processing file /opt/airflow/dags/dag_2.py for tasks to queue
[2026-06-01T11:49:19.065+0000] {logging_mixin.py:188} INFO - [2026-06-01T11:49:19.065+0000] {dagbag.py:540} INFO - Filling up the DagBag from /opt/airflow/dags/dag_2.py
[2026-06-01T11:49:19.095+0000] {processor.py:840} INFO - DAG(s) 'my_first_test_dag2' retrieved from /opt/airflow/dags/dag_2.py
[2026-06-01T11:49:19.124+0000] {logging_mixin.py:188} INFO - [2026-06-01T11:49:19.124+0000] {dag.py:3047} INFO - Sync 1 DAGs
[2026-06-01T11:49:19.142+0000] {logging_mixin.py:188} INFO - [2026-06-01T11:49:19.142+0000] {dag.py:3834} INFO - Setting next_dagrun for my_first_test_dag2 to None, run_after=None
[2026-06-01T11:49:19.169+0000] {processor.py:183} INFO - Processing /opt/airflow/dags/dag_2.py took 0.110 seconds
[2026-06-01T11:49:49.313+0000] {processor.py:161} INFO - Started process (PID=3307) to work on /opt/airflow/dags/dag_2.py
[2026-06-01T11:49:49.315+0000] {processor.py:830} INFO - Processing file /opt/airflow/dags/dag_2.py for tasks to queue
[2026-06-01T11:49:49.316+0000] {logging_mixin.py:188} INFO - [2026-06-01T11:49:49.316+0000] {dagbag.py:540} INFO - Filling up the DagBag from /opt/airflow/dags/dag_2.py
[2026-06-01T11:49:49.344+0000] {processor.py:840} INFO - DAG(s) 'my_first_test_dag2' retrieved from /opt/airflow/dags/dag_2.py
[2026-06-01T11:49:49.381+0000] {logging_mixin.py:188} INFO - [2026-06-01T11:49:49.381+0000] {dag.py:3047} INFO - Sync 1 DAGs
[2026-06-01T11:49:49.402+0000] {logging_mixin.py:188} INFO - [2026-06-01T11:49:49.402+0000] {dag.py:3834} INFO - Setting next_dagrun for my_first_test_dag2 to None, run_after=None
[2026-06-01T11:49:49.439+0000] {processor.py:183} INFO - Processing /opt/airflow/dags/dag_2.py took 0.130 seconds
[2026-06-01T11:50:19.669+0000] {processor.py:161} INFO - Started process (PID=3317) to work on /opt/airflow/dags/dag_2.py
[2026-06-01T11:50:19.670+0000] {processor.py:830} INFO - Processing file /opt/airflow/dags/dag_2.py for tasks to queue
[2026-06-01T11:50:19.673+0000] {logging_mixin.py:188} INFO - [2026-06-01T11:50:19.671+0000] {dagbag.py:540} INFO - Filling up the DagBag from /opt/airflow/dags/dag_2.py
[2026-06-01T11:50:19.694+0000] {processor.py:840} INFO - DAG(s) 'my_first_test_dag2' retrieved from /opt/airflow/dags/dag_2.py
[2026-06-01T11:50:19.733+0000] {logging_mixin.py:188} INFO - [2026-06-01T11:50:19.733+0000] {dag.py:3047} INFO - Sync 1 DAGs
[2026-06-01T11:50:19.752+0000] {logging_mixin.py:188} INFO - [2026-06-01T11:50:19.752+0000] {dag.py:3834} INFO - Setting next_dagrun for my_first_test_dag2 to None, run_after=None
[2026-06-01T11:50:19.784+0000] {processor.py:183} INFO - Processing /opt/airflow/dags/dag_2.py took 0.121 seconds
[2026-06-01T11:50:49.884+0000] {processor.py:161} INFO - Started process (PID=3327) to work on /opt/airflow/dags/dag_2.py
[2026-06-01T11:50:49.886+0000] {processor.py:830} INFO - Processing file /opt/airflow/dags/dag_2.py for tasks to queue
[2026-06-01T11:50:49.888+0000] {logging_mixin.py:188} INFO - [2026-06-01T11:50:49.887+0000] {dagbag.py:540} INFO - Filling up the DagBag from /opt/airflow/dags/dag_2.py
[2026-06-01T11:50:49.913+0000] {processor.py:840} INFO - DAG(s) 'my_first_test_dag2' retrieved from /opt/airflow/dags/dag_2.py
[2026-06-01T11:50:49.968+0000] {logging_mixin.py:188} INFO - [2026-06-01T11:50:49.967+0000] {dag.py:3047} INFO - Sync 1 DAGs
[2026-06-01T11:50:49.994+0000] {logging_mixin.py:188} INFO - [2026-06-01T11:50:49.994+0000] {dag.py:3834} INFO - Setting next_dagrun for my_first_test_dag2 to None, run_after=None
[2026-06-01T11:50:50.024+0000] {processor.py:183} INFO - Processing /opt/airflow/dags/dag_2.py took 0.145 seconds
[2026-06-01T11:51:20.215+0000] {processor.py:161} INFO - Started process (PID=3337) to work on /opt/airflow/dags/dag_2.py
[2026-06-01T11:51:20.216+0000] {processor.py:830} INFO - Processing file /opt/airflow/dags/dag_2.py for tasks to queue
[2026-06-01T11:51:20.218+0000] {logging_mixin.py:188} INFO - [2026-06-01T11:51:20.217+0000] {dagbag.py:540} INFO - Filling up the DagBag from /opt/airflow/dags/dag_2.py
[2026-06-01T11:51:20.248+0000] {processor.py:840} INFO - DAG(s) 'my_first_test_dag2' retrieved from /opt/airflow/dags/dag_2.py
[2026-06-01T11:51:20.286+0000] {logging_mixin.py:188} INFO - [2026-06-01T11:51:20.286+0000] {dag.py:3047} INFO - Sync 1 DAGs
[2026-06-01T11:51:20.306+0000] {logging_mixin.py:188} INFO - [2026-06-01T11:51:20.306+0000] {dag.py:3834} INFO - Setting next_dagrun for my_first_test_dag2 to None, run_after=None
[2026-06-01T11:51:20.331+0000] {processor.py:183} INFO - Processing /opt/airflow/dags/dag_2.py took 0.120 seconds
[2026-06-01T11:51:50.437+0000] {processor.py:161} INFO - Started process (PID=3347) to work on /opt/airflow/dags/dag_2.py
[2026-06-01T11:51:50.438+0000] {processor.py:830} INFO - Processing file /opt/airflow/dags/dag_2.py for tasks to queue
[2026-06-01T11:51:50.439+0000] {logging_mixin.py:188} INFO - [2026-06-01T11:51:50.439+0000] {dagbag.py:540} INFO - Filling up the DagBag from /opt/airflow/dags/dag_2.py
[2026-06-01T11:51:50.457+0000] {processor.py:840} INFO - DAG(s) 'my_first_test_dag2' retrieved from /opt/airflow/dags/dag_2.py
[2026-06-01T11:51:50.492+0000] {logging_mixin.py:188} INFO - [2026-06-01T11:51:50.492+0000] {dag.py:3047} INFO - Sync 1 DAGs
[2026-06-01T11:51:50.513+0000] {logging_mixin.py:188} INFO - [2026-06-01T11:51:50.512+0000] {dag.py:3834} INFO - Setting next_dagrun for my_first_test_dag2 to None, run_after=None
[2026-06-01T11:51:50.548+0000] {processor.py:183} INFO - Processing /opt/airflow/dags/dag_2.py took 0.114 seconds
[2026-06-01T11:52:20.789+0000] {processor.py:161} INFO - Started process (PID=3357) to work on /opt/airflow/dags/dag_2.py
[2026-06-01T11:52:20.791+0000] {processor.py:830} INFO - Processing file /opt/airflow/dags/dag_2.py for tasks to queue
[2026-06-01T11:52:20.793+0000] {logging_mixin.py:188} INFO - [2026-06-01T11:52:20.792+0000] {dagbag.py:540} INFO - Filling up the DagBag from /opt/airflow/dags/dag_2.py
[2026-06-01T11:52:20.825+0000] {processor.py:840} INFO - DAG(s) 'my_first_test_dag2' retrieved from /opt/airflow/dags/dag_2.py
[2026-06-01T11:52:20.858+0000] {logging_mixin.py:188} INFO - [2026-06-01T11:52:20.858+0000] {dag.py:3047} INFO - Sync 1 DAGs
[2026-06-01T11:52:20.874+0000] {logging_mixin.py:188} INFO - [2026-06-01T11:52:20.874+0000] {dag.py:3834} INFO - Setting next_dagrun for my_first_test_dag2 to None, run_after=None
[2026-06-01T11:52:20.904+0000] {processor.py:183} INFO - Processing /opt/airflow/dags/dag_2.py took 0.118 seconds
[2026-06-01T11:52:51.048+0000] {processor.py:161} INFO - Started process (PID=3367) to work on /opt/airflow/dags/dag_2.py
[2026-06-01T11:52:51.050+0000] {processor.py:830} INFO - Processing file /opt/airflow/dags/dag_2.py for tasks to queue
[2026-06-01T11:52:51.051+0000] {logging_mixin.py:188} INFO - [2026-06-01T11:52:51.051+0000] {dagbag.py:540} INFO - Filling up the DagBag from /opt/airflow/dags/dag_2.py
[2026-06-01T11:52:51.088+0000] {processor.py:840} INFO - DAG(s) 'my_first_test_dag2' retrieved from /opt/airflow/dags/dag_2.py
[2026-06-01T11:52:51.141+0000] {logging_mixin.py:188} INFO - [2026-06-01T11:52:51.140+0000] {dag.py:3047} INFO - Sync 1 DAGs
[2026-06-01T11:52:51.171+0000] {logging_mixin.py:188} INFO - [2026-06-01T11:52:51.170+0000] {dag.py:3834} INFO - Setting next_dagrun for my_first_test_dag2 to None, run_after=None
[2026-06-01T11:52:51.220+0000] {processor.py:183} INFO - Processing /opt/airflow/dags/dag_2.py took 0.178 seconds
[2026-06-01T11:53:21.588+0000] {processor.py:161} INFO - Started process (PID=3377) to work on /opt/airflow/dags/dag_2.py
[2026-06-01T11:53:21.590+0000] {processor.py:830} INFO - Processing file /opt/airflow/dags/dag_2.py for tasks to queue
[2026-06-01T11:53:21.616+0000] {logging_mixin.py:188} INFO - [2026-06-01T11:53:21.615+0000] {dagbag.py:540} INFO - Filling up the DagBag from /opt/airflow/dags/dag_2.py
[2026-06-01T11:53:21.642+0000] {processor.py:840} INFO - DAG(s) 'my_first_test_dag2' retrieved from /opt/airflow/dags/dag_2.py
[2026-06-01T11:53:21.687+0000] {logging_mixin.py:188} INFO - [2026-06-01T11:53:21.687+0000] {dag.py:3047} INFO - Sync 1 DAGs
[2026-06-01T11:53:21.708+0000] {logging_mixin.py:188} INFO - [2026-06-01T11:53:21.708+0000] {dag.py:3834} INFO - Setting next_dagrun for my_first_test_dag2 to None, run_after=None
[2026-06-01T11:53:21.750+0000] {processor.py:183} INFO - Processing /opt/airflow/dags/dag_2.py took 0.168 seconds
[2026-06-01T11:53:51.861+0000] {processor.py:161} INFO - Started process (PID=3387) to work on /opt/airflow/dags/dag_2.py
[2026-06-01T11:53:51.862+0000] {processor.py:830} INFO - Processing file /opt/airflow/dags/dag_2.py for tasks to queue
[2026-06-01T11:53:51.863+0000] {logging_mixin.py:188} INFO - [2026-06-01T11:53:51.863+0000] {dagbag.py:540} INFO - Filling up the DagBag from /opt/airflow/dags/dag_2.py
[2026-06-01T11:53:51.884+0000] {processor.py:840} INFO - DAG(s) 'my_first_test_dag2' retrieved from /opt/airflow/dags/dag_2.py
[2026-06-01T11:53:51.933+0000] {logging_mixin.py:188} INFO - [2026-06-01T11:53:51.932+0000] {dag.py:3047} INFO - Sync 1 DAGs
[2026-06-01T11:53:51.950+0000] {logging_mixin.py:188} INFO - [2026-06-01T11:53:51.950+0000] {dag.py:3834} INFO - Setting next_dagrun for my_first_test_dag2 to None, run_after=None
[2026-06-01T11:53:51.983+0000] {processor.py:183} INFO - Processing /opt/airflow/dags/dag_2.py took 0.127 seconds
[2026-06-01T11:54:22.209+0000] {processor.py:161} INFO - Started process (PID=3397) to work on /opt/airflow/dags/dag_2.py
[2026-06-01T11:54:22.210+0000] {processor.py:830} INFO - Processing file /opt/airflow/dags/dag_2.py for tasks to queue
[2026-06-01T11:54:22.212+0000] {logging_mixin.py:188} INFO - [2026-06-01T11:54:22.211+0000] {dagbag.py:540} INFO - Filling up the DagBag from /opt/airflow/dags/dag_2.py
[2026-06-01T11:54:22.233+0000] {processor.py:840} INFO - DAG(s) 'my_first_test_dag2' retrieved from /opt/airflow/dags/dag_2.py
[2026-06-01T11:54:22.280+0000] {logging_mixin.py:188} INFO - [2026-06-01T11:54:22.280+0000] {dag.py:3047} INFO - Sync 1 DAGs
[2026-06-01T11:54:22.302+0000] {logging_mixin.py:188} INFO - [2026-06-01T11:54:22.302+0000] {dag.py:3834} INFO - Setting next_dagrun for my_first_test_dag2 to None, run_after=None
[2026-06-01T11:54:22.339+0000] {processor.py:183} INFO - Processing /opt/airflow/dags/dag_2.py took 0.136 seconds
[2026-06-01T11:54:52.495+0000] {processor.py:161} INFO - Started process (PID=3407) to work on /opt/airflow/dags/dag_2.py
[2026-06-01T11:54:52.497+0000] {processor.py:830} INFO - Processing file /opt/airflow/dags/dag_2.py for tasks to queue
[2026-06-01T11:54:52.499+0000] {logging_mixin.py:188} INFO - [2026-06-01T11:54:52.498+0000] {dagbag.py:540} INFO - Filling up the DagBag from /opt/airflow/dags/dag_2.py
[2026-06-01T11:54:52.523+0000] {processor.py:840} INFO - DAG(s) 'my_first_test_dag2' retrieved from /opt/airflow/dags/dag_2.py
[2026-06-01T11:54:52.573+0000] {logging_mixin.py:188} INFO - [2026-06-01T11:54:52.572+0000] {dag.py:3047} INFO - Sync 1 DAGs
[2026-06-01T11:54:52.592+0000] {logging_mixin.py:188} INFO - [2026-06-01T11:54:52.591+0000] {dag.py:3834} INFO - Setting next_dagrun for my_first_test_dag2 to None, run_after=None
[2026-06-01T11:54:52.628+0000] {processor.py:183} INFO - Processing /opt/airflow/dags/dag_2.py took 0.140 seconds
[2026-06-01T11:55:22.832+0000] {processor.py:161} INFO - Started process (PID=3417) to work on /opt/airflow/dags/dag_2.py
[2026-06-01T11:55:22.834+0000] {processor.py:830} INFO - Processing file /opt/airflow/dags/dag_2.py for tasks to queue
[2026-06-01T11:55:22.835+0000] {logging_mixin.py:188} INFO - [2026-06-01T11:55:22.835+0000] {dagbag.py:540} INFO - Filling up the DagBag from /opt/airflow/dags/dag_2.py
[2026-06-01T11:55:22.856+0000] {processor.py:840} INFO - DAG(s) 'my_first_test_dag2' retrieved from /opt/airflow/dags/dag_2.py
[2026-06-01T11:55:22.895+0000] {logging_mixin.py:188} INFO - [2026-06-01T11:55:22.895+0000] {dag.py:3047} INFO - Sync 1 DAGs
[2026-06-01T11:55:22.914+0000] {logging_mixin.py:188} INFO - [2026-06-01T11:55:22.914+0000] {dag.py:3834} INFO - Setting next_dagrun for my_first_test_dag2 to None, run_after=None
[2026-06-01T11:55:22.941+0000] {processor.py:183} INFO - Processing /opt/airflow/dags/dag_2.py took 0.112 seconds
[2026-06-01T11:55:53.249+0000] {processor.py:161} INFO - Started process (PID=3427) to work on /opt/airflow/dags/dag_2.py
[2026-06-01T11:55:53.250+0000] {processor.py:830} INFO - Processing file /opt/airflow/dags/dag_2.py for tasks to queue
[2026-06-01T11:55:53.252+0000] {logging_mixin.py:188} INFO - [2026-06-01T11:55:53.251+0000] {dagbag.py:540} INFO - Filling up the DagBag from /opt/airflow/dags/dag_2.py
[2026-06-01T11:55:53.279+0000] {processor.py:840} INFO - DAG(s) 'my_first_test_dag2' retrieved from /opt/airflow/dags/dag_2.py
[2026-06-01T11:55:53.328+0000] {logging_mixin.py:188} INFO - [2026-06-01T11:55:53.327+0000] {dag.py:3047} INFO - Sync 1 DAGs
[2026-06-01T11:55:53.358+0000] {logging_mixin.py:188} INFO - [2026-06-01T11:55:53.358+0000] {dag.py:3834} INFO - Setting next_dagrun for my_first_test_dag2 to None, run_after=None
[2026-06-01T11:55:53.394+0000] {processor.py:183} INFO - Processing /opt/airflow/dags/dag_2.py took 0.149 seconds
[2026-06-01T11:56:23.708+0000] {processor.py:161} INFO - Started process (PID=3437) to work on /opt/airflow/dags/dag_2.py
[2026-06-01T11:56:23.710+0000] {processor.py:830} INFO - Processing file /opt/airflow/dags/dag_2.py for tasks to queue
[2026-06-01T11:56:23.711+0000] {logging_mixin.py:188} INFO - [2026-06-01T11:56:23.711+0000] {dagbag.py:540} INFO - Filling up the DagBag from /opt/airflow/dags/dag_2.py
[2026-06-01T11:56:23.734+0000] {processor.py:840} INFO - DAG(s) 'my_first_test_dag2' retrieved from /opt/airflow/dags/dag_2.py
[2026-06-01T11:56:23.786+0000] {logging_mixin.py:188} INFO - [2026-06-01T11:56:23.786+0000] {dag.py:3047} INFO - Sync 1 DAGs
[2026-06-01T11:56:23.815+0000] {logging_mixin.py:188} INFO - [2026-06-01T11:56:23.814+0000] {dag.py:3834} INFO - Setting next_dagrun for my_first_test_dag2 to None, run_after=None
[2026-06-01T11:56:23.886+0000] {processor.py:183} INFO - Processing /opt/airflow/dags/dag_2.py took 0.183 seconds
[2026-06-01T11:56:54.087+0000] {processor.py:161} INFO - Started process (PID=3447) to work on /opt/airflow/dags/dag_2.py
[2026-06-01T11:56:54.088+0000] {processor.py:830} INFO - Processing file /opt/airflow/dags/dag_2.py for tasks to queue
[2026-06-01T11:56:54.090+0000] {logging_mixin.py:188} INFO - [2026-06-01T11:56:54.089+0000] {dagbag.py:540} INFO - Filling up the DagBag from /opt/airflow/dags/dag_2.py
[2026-06-01T11:56:54.120+0000] {processor.py:840} INFO - DAG(s) 'my_first_test_dag2' retrieved from /opt/airflow/dags/dag_2.py
[2026-06-01T11:56:54.160+0000] {logging_mixin.py:188} INFO - [2026-06-01T11:56:54.159+0000] {dag.py:3047} INFO - Sync 1 DAGs
[2026-06-01T11:56:54.190+0000] {logging_mixin.py:188} INFO - [2026-06-01T11:56:54.189+0000] {dag.py:3834} INFO - Setting next_dagrun for my_first_test_dag2 to None, run_after=None
[2026-06-01T11:56:54.223+0000] {processor.py:183} INFO - Processing /opt/airflow/dags/dag_2.py took 0.141 seconds
[2026-06-01T11:57:24.468+0000] {processor.py:161} INFO - Started process (PID=3457) to work on /opt/airflow/dags/dag_2.py
[2026-06-01T11:57:24.469+0000] {processor.py:830} INFO - Processing file /opt/airflow/dags/dag_2.py for tasks to queue
[2026-06-01T11:57:24.470+0000] {logging_mixin.py:188} INFO - [2026-06-01T11:57:24.470+0000] {dagbag.py:540} INFO - Filling up the DagBag from /opt/airflow/dags/dag_2.py
[2026-06-01T11:57:24.490+0000] {processor.py:840} INFO - DAG(s) 'my_first_test_dag2' retrieved from /opt/airflow/dags/dag_2.py
[2026-06-01T11:57:24.529+0000] {logging_mixin.py:188} INFO - [2026-06-01T11:57:24.529+0000] {dag.py:3047} INFO - Sync 1 DAGs
[2026-06-01T11:57:24.553+0000] {logging_mixin.py:188} INFO - [2026-06-01T11:57:24.553+0000] {dag.py:3834} INFO - Setting next_dagrun for my_first_test_dag2 to None, run_after=None
[2026-06-01T11:57:24.584+0000] {processor.py:183} INFO - Processing /opt/airflow/dags/dag_2.py took 0.119 seconds
[2026-06-01T11:57:54.774+0000] {processor.py:161} INFO - Started process (PID=3467) to work on /opt/airflow/dags/dag_2.py
[2026-06-01T11:57:54.776+0000] {processor.py:830} INFO - Processing file /opt/airflow/dags/dag_2.py for tasks to queue
[2026-06-01T11:57:54.777+0000] {logging_mixin.py:188} INFO - [2026-06-01T11:57:54.777+0000] {dagbag.py:540} INFO - Filling up the DagBag from /opt/airflow/dags/dag_2.py
[2026-06-01T11:57:54.799+0000] {processor.py:840} INFO - DAG(s) 'my_first_test_dag2' retrieved from /opt/airflow/dags/dag_2.py
[2026-06-01T11:57:54.841+0000] {logging_mixin.py:188} INFO - [2026-06-01T11:57:54.840+0000] {dag.py:3047} INFO - Sync 1 DAGs
[2026-06-01T11:57:54.862+0000] {logging_mixin.py:188} INFO - [2026-06-01T11:57:54.862+0000] {dag.py:3834} INFO - Setting next_dagrun for my_first_test_dag2 to None, run_after=None
[2026-06-01T11:57:54.925+0000] {processor.py:183} INFO - Processing /opt/airflow/dags/dag_2.py took 0.156 seconds
[2026-06-01T11:58:25.203+0000] {processor.py:161} INFO - Started process (PID=3477) to work on /opt/airflow/dags/dag_2.py
[2026-06-01T11:58:25.205+0000] {processor.py:830} INFO - Processing file /opt/airflow/dags/dag_2.py for tasks to queue
[2026-06-01T11:58:25.207+0000] {logging_mixin.py:188} INFO - [2026-06-01T11:58:25.206+0000] {dagbag.py:540} INFO - Filling up the DagBag from /opt/airflow/dags/dag_2.py
[2026-06-01T11:58:25.232+0000] {processor.py:840} INFO - DAG(s) 'my_first_test_dag2' retrieved from /opt/airflow/dags/dag_2.py
[2026-06-01T11:58:25.273+0000] {logging_mixin.py:188} INFO - [2026-06-01T11:58:25.272+0000] {dag.py:3047} INFO - Sync 1 DAGs
[2026-06-01T11:58:25.298+0000] {logging_mixin.py:188} INFO - [2026-06-01T11:58:25.298+0000] {dag.py:3834} INFO - Setting next_dagrun for my_first_test_dag2 to None, run_after=None
[2026-06-01T11:58:25.334+0000] {processor.py:183} INFO - Processing /opt/airflow/dags/dag_2.py took 0.136 seconds
[2026-06-01T11:58:55.455+0000] {processor.py:161} INFO - Started process (PID=3487) to work on /opt/airflow/dags/dag_2.py
[2026-06-01T11:58:55.456+0000] {processor.py:830} INFO - Processing file /opt/airflow/dags/dag_2.py for tasks to queue
[2026-06-01T11:58:55.457+0000] {logging_mixin.py:188} INFO - [2026-06-01T11:58:55.457+0000] {dagbag.py:540} INFO - Filling up the DagBag from /opt/airflow/dags/dag_2.py
[2026-06-01T11:58:55.476+0000] {processor.py:840} INFO - DAG(s) 'my_first_test_dag2' retrieved from /opt/airflow/dags/dag_2.py
[2026-06-01T11:58:55.511+0000] {logging_mixin.py:188} INFO - [2026-06-01T11:58:55.511+0000] {dag.py:3047} INFO - Sync 1 DAGs
[2026-06-01T11:58:55.538+0000] {logging_mixin.py:188} INFO - [2026-06-01T11:58:55.537+0000] {dag.py:3834} INFO - Setting next_dagrun for my_first_test_dag2 to None, run_after=None
[2026-06-01T11:58:55.575+0000] {processor.py:183} INFO - Processing /opt/airflow/dags/dag_2.py took 0.124 seconds
[2026-06-01T11:59:25.759+0000] {processor.py:161} INFO - Started process (PID=3497) to work on /opt/airflow/dags/dag_2.py
[2026-06-01T11:59:25.761+0000] {processor.py:830} INFO - Processing file /opt/airflow/dags/dag_2.py for tasks to queue
[2026-06-01T11:59:25.762+0000] {logging_mixin.py:188} INFO - [2026-06-01T11:59:25.762+0000] {dagbag.py:540} INFO - Filling up the DagBag from /opt/airflow/dags/dag_2.py
[2026-06-01T11:59:25.785+0000] {processor.py:840} INFO - DAG(s) 'my_first_test_dag2' retrieved from /opt/airflow/dags/dag_2.py
[2026-06-01T11:59:25.830+0000] {logging_mixin.py:188} INFO - [2026-06-01T11:59:25.829+0000] {dag.py:3047} INFO - Sync 1 DAGs
[2026-06-01T11:59:25.859+0000] {logging_mixin.py:188} INFO - [2026-06-01T11:59:25.859+0000] {dag.py:3834} INFO - Setting next_dagrun for my_first_test_dag2 to None, run_after=None
[2026-06-01T11:59:25.892+0000] {processor.py:183} INFO - Processing /opt/airflow/dags/dag_2.py took 0.136 seconds
[2026-06-01T11:59:56.266+0000] {processor.py:161} INFO - Started process (PID=3507) to work on /opt/airflow/dags/dag_2.py
[2026-06-01T11:59:56.268+0000] {processor.py:830} INFO - Processing file /opt/airflow/dags/dag_2.py for tasks to queue
[2026-06-01T11:59:56.269+0000] {logging_mixin.py:188} INFO - [2026-06-01T11:59:56.269+0000] {dagbag.py:540} INFO - Filling up the DagBag from /opt/airflow/dags/dag_2.py
[2026-06-01T11:59:56.291+0000] {processor.py:840} INFO - DAG(s) 'my_first_test_dag2' retrieved from /opt/airflow/dags/dag_2.py
[2026-06-01T11:59:56.336+0000] {logging_mixin.py:188} INFO - [2026-06-01T11:59:56.336+0000] {dag.py:3047} INFO - Sync 1 DAGs
[2026-06-01T11:59:56.355+0000] {logging_mixin.py:188} INFO - [2026-06-01T11:59:56.355+0000] {dag.py:3834} INFO - Setting next_dagrun for my_first_test_dag2 to None, run_after=None
[2026-06-01T11:59:56.385+0000] {processor.py:183} INFO - Processing /opt/airflow/dags/dag_2.py took 0.124 seconds
[2026-06-01T12:00:27.153+0000] {processor.py:161} INFO - Started process (PID=3517) to work on /opt/airflow/dags/dag_2.py
[2026-06-01T12:00:27.155+0000] {processor.py:830} INFO - Processing file /opt/airflow/dags/dag_2.py for tasks to queue
[2026-06-01T12:00:27.156+0000] {logging_mixin.py:188} INFO - [2026-06-01T12:00:27.156+0000] {dagbag.py:540} INFO - Filling up the DagBag from /opt/airflow/dags/dag_2.py
[2026-06-01T12:00:27.411+0000] {processor.py:840} INFO - DAG(s) 'my_first_test_dag2' retrieved from /opt/airflow/dags/dag_2.py
[2026-06-01T12:00:27.633+0000] {logging_mixin.py:188} INFO - [2026-06-01T12:00:27.633+0000] {dag.py:3047} INFO - Sync 1 DAGs
[2026-06-01T12:00:27.694+0000] {logging_mixin.py:188} INFO - [2026-06-01T12:00:27.693+0000] {dag.py:3834} INFO - Setting next_dagrun for my_first_test_dag2 to None, run_after=None
[2026-06-01T12:00:27.809+0000] {processor.py:183} INFO - Processing /opt/airflow/dags/dag_2.py took 0.661 seconds
[2026-06-01T12:00:58.887+0000] {processor.py:161} INFO - Started process (PID=3527) to work on /opt/airflow/dags/dag_2.py
[2026-06-01T12:00:58.889+0000] {processor.py:830} INFO - Processing file /opt/airflow/dags/dag_2.py for tasks to queue
[2026-06-01T12:00:58.898+0000] {logging_mixin.py:188} INFO - [2026-06-01T12:00:58.894+0000] {dagbag.py:540} INFO - Filling up the DagBag from /opt/airflow/dags/dag_2.py
[2026-06-01T12:00:58.937+0000] {processor.py:840} INFO - DAG(s) 'my_first_test_dag2' retrieved from /opt/airflow/dags/dag_2.py
[2026-06-01T12:00:58.995+0000] {logging_mixin.py:188} INFO - [2026-06-01T12:00:58.994+0000] {dag.py:3047} INFO - Sync 1 DAGs
[2026-06-01T12:00:59.045+0000] {logging_mixin.py:188} INFO - [2026-06-01T12:00:59.044+0000] {dag.py:3834} INFO - Setting next_dagrun for my_first_test_dag2 to None, run_after=None
[2026-06-01T12:00:59.111+0000] {processor.py:183} INFO - Processing /opt/airflow/dags/dag_2.py took 0.229 seconds
[2026-06-01T12:01:29.847+0000] {processor.py:161} INFO - Started process (PID=3537) to work on /opt/airflow/dags/dag_2.py
[2026-06-01T12:01:29.849+0000] {processor.py:830} INFO - Processing file /opt/airflow/dags/dag_2.py for tasks to queue
[2026-06-01T12:01:29.851+0000] {logging_mixin.py:188} INFO - [2026-06-01T12:01:29.850+0000] {dagbag.py:540} INFO - Filling up the DagBag from /opt/airflow/dags/dag_2.py
[2026-06-01T12:01:29.881+0000] {processor.py:840} INFO - DAG(s) 'my_first_test_dag2' retrieved from /opt/airflow/dags/dag_2.py
[2026-06-01T12:01:29.938+0000] {logging_mixin.py:188} INFO - [2026-06-01T12:01:29.938+0000] {dag.py:3047} INFO - Sync 1 DAGs
[2026-06-01T12:01:29.971+0000] {logging_mixin.py:188} INFO - [2026-06-01T12:01:29.971+0000] {dag.py:3834} INFO - Setting next_dagrun for my_first_test_dag2 to None, run_after=None
[2026-06-01T12:01:30.035+0000] {processor.py:183} INFO - Processing /opt/airflow/dags/dag_2.py took 0.196 seconds
[2026-06-01T12:02:00.415+0000] {processor.py:161} INFO - Started process (PID=3547) to work on /opt/airflow/dags/dag_2.py
[2026-06-01T12:02:00.417+0000] {processor.py:830} INFO - Processing file /opt/airflow/dags/dag_2.py for tasks to queue
[2026-06-01T12:02:00.419+0000] {logging_mixin.py:188} INFO - [2026-06-01T12:02:00.418+0000] {dagbag.py:540} INFO - Filling up the DagBag from /opt/airflow/dags/dag_2.py
[2026-06-01T12:02:00.451+0000] {processor.py:840} INFO - DAG(s) 'my_first_test_dag2' retrieved from /opt/airflow/dags/dag_2.py
[2026-06-01T12:02:00.485+0000] {logging_mixin.py:188} INFO - [2026-06-01T12:02:00.484+0000] {dag.py:3047} INFO - Sync 1 DAGs
[2026-06-01T12:02:00.502+0000] {logging_mixin.py:188} INFO - [2026-06-01T12:02:00.502+0000] {dag.py:3834} INFO - Setting next_dagrun for my_first_test_dag2 to None, run_after=None
[2026-06-01T12:02:00.528+0000] {processor.py:183} INFO - Processing /opt/airflow/dags/dag_2.py took 0.118 seconds
[2026-06-01T12:02:30.808+0000] {processor.py:161} INFO - Started process (PID=3557) to work on /opt/airflow/dags/dag_2.py
[2026-06-01T12:02:30.815+0000] {processor.py:830} INFO - Processing file /opt/airflow/dags/dag_2.py for tasks to queue
[2026-06-01T12:02:30.818+0000] {logging_mixin.py:188} INFO - [2026-06-01T12:02:30.817+0000] {dagbag.py:540} INFO - Filling up the DagBag from /opt/airflow/dags/dag_2.py
[2026-06-01T12:02:30.843+0000] {processor.py:840} INFO - DAG(s) 'my_first_test_dag2' retrieved from /opt/airflow/dags/dag_2.py
[2026-06-01T12:02:30.892+0000] {logging_mixin.py:188} INFO - [2026-06-01T12:02:30.891+0000] {dag.py:3047} INFO - Sync 1 DAGs
[2026-06-01T12:02:30.928+0000] {logging_mixin.py:188} INFO - [2026-06-01T12:02:30.927+0000] {dag.py:3834} INFO - Setting next_dagrun for my_first_test_dag2 to None, run_after=None
[2026-06-01T12:02:30.965+0000] {processor.py:183} INFO - Processing /opt/airflow/dags/dag_2.py took 0.162 seconds
[2026-06-01T12:03:01.286+0000] {processor.py:161} INFO - Started process (PID=3567) to work on /opt/airflow/dags/dag_2.py
[2026-06-01T12:03:01.287+0000] {processor.py:830} INFO - Processing file /opt/airflow/dags/dag_2.py for tasks to queue
[2026-06-01T12:03:01.289+0000] {logging_mixin.py:188} INFO - [2026-06-01T12:03:01.289+0000] {dagbag.py:540} INFO - Filling up the DagBag from /opt/airflow/dags/dag_2.py
[2026-06-01T12:03:01.309+0000] {processor.py:840} INFO - DAG(s) 'my_first_test_dag2' retrieved from /opt/airflow/dags/dag_2.py
[2026-06-01T12:03:01.347+0000] {logging_mixin.py:188} INFO - [2026-06-01T12:03:01.346+0000] {dag.py:3047} INFO - Sync 1 DAGs
[2026-06-01T12:03:01.367+0000] {logging_mixin.py:188} INFO - [2026-06-01T12:03:01.367+0000] {dag.py:3834} INFO - Setting next_dagrun for my_first_test_dag2 to None, run_after=None
[2026-06-01T12:03:01.400+0000] {processor.py:183} INFO - Processing /opt/airflow/dags/dag_2.py took 0.117 seconds
[2026-06-01T12:03:31.516+0000] {processor.py:161} INFO - Started process (PID=3577) to work on /opt/airflow/dags/dag_2.py
[2026-06-01T12:03:31.517+0000] {processor.py:830} INFO - Processing file /opt/airflow/dags/dag_2.py for tasks to queue
[2026-06-01T12:03:31.518+0000] {logging_mixin.py:188} INFO - [2026-06-01T12:03:31.518+0000] {dagbag.py:540} INFO - Filling up the DagBag from /opt/airflow/dags/dag_2.py
[2026-06-01T12:03:31.544+0000] {processor.py:840} INFO - DAG(s) 'my_first_test_dag2' retrieved from /opt/airflow/dags/dag_2.py
[2026-06-01T12:03:31.589+0000] {logging_mixin.py:188} INFO - [2026-06-01T12:03:31.589+0000] {dag.py:3047} INFO - Sync 1 DAGs
[2026-06-01T12:03:31.611+0000] {logging_mixin.py:188} INFO - [2026-06-01T12:03:31.610+0000] {dag.py:3834} INFO - Setting next_dagrun for my_first_test_dag2 to None, run_after=None
[2026-06-01T12:03:31.643+0000] {processor.py:183} INFO - Processing /opt/airflow/dags/dag_2.py took 0.132 seconds
[2026-06-01T12:04:01.885+0000] {processor.py:161} INFO - Started process (PID=3587) to work on /opt/airflow/dags/dag_2.py
[2026-06-01T12:04:01.886+0000] {processor.py:830} INFO - Processing file /opt/airflow/dags/dag_2.py for tasks to queue
[2026-06-01T12:04:01.887+0000] {logging_mixin.py:188} INFO - [2026-06-01T12:04:01.887+0000] {dagbag.py:540} INFO - Filling up the DagBag from /opt/airflow/dags/dag_2.py
[2026-06-01T12:04:01.901+0000] {processor.py:840} INFO - DAG(s) 'my_first_test_dag2' retrieved from /opt/airflow/dags/dag_2.py
[2026-06-01T12:04:01.927+0000] {logging_mixin.py:188} INFO - [2026-06-01T12:04:01.926+0000] {dag.py:3047} INFO - Sync 1 DAGs
[2026-06-01T12:04:01.941+0000] {logging_mixin.py:188} INFO - [2026-06-01T12:04:01.940+0000] {dag.py:3834} INFO - Setting next_dagrun for my_first_test_dag2 to None, run_after=None
[2026-06-01T12:04:01.971+0000] {processor.py:183} INFO - Processing /opt/airflow/dags/dag_2.py took 0.090 seconds
[2026-06-01T12:04:32.151+0000] {processor.py:161} INFO - Started process (PID=3597) to work on /opt/airflow/dags/dag_2.py
[2026-06-01T12:04:32.152+0000] {processor.py:830} INFO - Processing file /opt/airflow/dags/dag_2.py for tasks to queue
[2026-06-01T12:04:32.153+0000] {logging_mixin.py:188} INFO - [2026-06-01T12:04:32.153+0000] {dagbag.py:540} INFO - Filling up the DagBag from /opt/airflow/dags/dag_2.py
[2026-06-01T12:04:32.167+0000] {processor.py:840} INFO - DAG(s) 'my_first_test_dag2' retrieved from /opt/airflow/dags/dag_2.py
[2026-06-01T12:04:32.200+0000] {logging_mixin.py:188} INFO - [2026-06-01T12:04:32.200+0000] {dag.py:3047} INFO - Sync 1 DAGs
[2026-06-01T12:04:32.220+0000] {logging_mixin.py:188} INFO - [2026-06-01T12:04:32.219+0000] {dag.py:3834} INFO - Setting next_dagrun for my_first_test_dag2 to None, run_after=None
[2026-06-01T12:04:32.255+0000] {processor.py:183} INFO - Processing /opt/airflow/dags/dag_2.py took 0.108 seconds
[2026-06-01T12:05:02.505+0000] {processor.py:161} INFO - Started process (PID=3607) to work on /opt/airflow/dags/dag_2.py
[2026-06-01T12:05:02.506+0000] {processor.py:830} INFO - Processing file /opt/airflow/dags/dag_2.py for tasks to queue
[2026-06-01T12:05:02.507+0000] {logging_mixin.py:188} INFO - [2026-06-01T12:05:02.507+0000] {dagbag.py:540} INFO - Filling up the DagBag from /opt/airflow/dags/dag_2.py
[2026-06-01T12:05:02.523+0000] {processor.py:840} INFO - DAG(s) 'my_first_test_dag2' retrieved from /opt/airflow/dags/dag_2.py
[2026-06-01T12:05:02.557+0000] {logging_mixin.py:188} INFO - [2026-06-01T12:05:02.557+0000] {dag.py:3047} INFO - Sync 1 DAGs
[2026-06-01T12:05:02.578+0000] {logging_mixin.py:188} INFO - [2026-06-01T12:05:02.577+0000] {dag.py:3834} INFO - Setting next_dagrun for my_first_test_dag2 to None, run_after=None
[2026-06-01T12:05:02.617+0000] {processor.py:183} INFO - Processing /opt/airflow/dags/dag_2.py took 0.116 seconds
[2026-06-01T12:05:32.944+0000] {processor.py:161} INFO - Started process (PID=3617) to work on /opt/airflow/dags/dag_2.py
[2026-06-01T12:05:32.947+0000] {processor.py:830} INFO - Processing file /opt/airflow/dags/dag_2.py for tasks to queue
[2026-06-01T12:05:32.949+0000] {logging_mixin.py:188} INFO - [2026-06-01T12:05:32.949+0000] {dagbag.py:540} INFO - Filling up the DagBag from /opt/airflow/dags/dag_2.py
[2026-06-01T12:05:32.985+0000] {processor.py:840} INFO - DAG(s) 'my_first_test_dag2' retrieved from /opt/airflow/dags/dag_2.py
[2026-06-01T12:05:33.037+0000] {logging_mixin.py:188} INFO - [2026-06-01T12:05:33.035+0000] {dag.py:3047} INFO - Sync 1 DAGs
[2026-06-01T12:05:33.061+0000] {logging_mixin.py:188} INFO - [2026-06-01T12:05:33.061+0000] {dag.py:3834} INFO - Setting next_dagrun for my_first_test_dag2 to None, run_after=None
[2026-06-01T12:05:33.097+0000] {processor.py:183} INFO - Processing /opt/airflow/dags/dag_2.py took 0.159 seconds
[2026-06-01T12:06:03.421+0000] {processor.py:161} INFO - Started process (PID=3627) to work on /opt/airflow/dags/dag_2.py
[2026-06-01T12:06:03.422+0000] {processor.py:830} INFO - Processing file /opt/airflow/dags/dag_2.py for tasks to queue
[2026-06-01T12:06:03.424+0000] {logging_mixin.py:188} INFO - [2026-06-01T12:06:03.423+0000] {dagbag.py:540} INFO - Filling up the DagBag from /opt/airflow/dags/dag_2.py
[2026-06-01T12:06:03.443+0000] {processor.py:840} INFO - DAG(s) 'my_first_test_dag2' retrieved from /opt/airflow/dags/dag_2.py
[2026-06-01T12:06:03.482+0000] {logging_mixin.py:188} INFO - [2026-06-01T12:06:03.482+0000] {dag.py:3047} INFO - Sync 1 DAGs
[2026-06-01T12:06:03.503+0000] {logging_mixin.py:188} INFO - [2026-06-01T12:06:03.503+0000] {dag.py:3834} INFO - Setting next_dagrun for my_first_test_dag2 to None, run_after=None
[2026-06-01T12:06:03.541+0000] {processor.py:183} INFO - Processing /opt/airflow/dags/dag_2.py took 0.124 seconds
[2026-06-01T12:06:33.725+0000] {processor.py:161} INFO - Started process (PID=3637) to work on /opt/airflow/dags/dag_2.py
[2026-06-01T12:06:33.726+0000] {processor.py:830} INFO - Processing file /opt/airflow/dags/dag_2.py for tasks to queue
[2026-06-01T12:06:33.727+0000] {logging_mixin.py:188} INFO - [2026-06-01T12:06:33.727+0000] {dagbag.py:540} INFO - Filling up the DagBag from /opt/airflow/dags/dag_2.py
[2026-06-01T12:06:33.750+0000] {processor.py:840} INFO - DAG(s) 'my_first_test_dag2' retrieved from /opt/airflow/dags/dag_2.py
[2026-06-01T12:06:33.787+0000] {logging_mixin.py:188} INFO - [2026-06-01T12:06:33.787+0000] {dag.py:3047} INFO - Sync 1 DAGs
[2026-06-01T12:06:33.806+0000] {logging_mixin.py:188} INFO - [2026-06-01T12:06:33.805+0000] {dag.py:3834} INFO - Setting next_dagrun for my_first_test_dag2 to None, run_after=None
[2026-06-01T12:06:33.839+0000] {processor.py:183} INFO - Processing /opt/airflow/dags/dag_2.py took 0.118 seconds
[2026-06-01T12:07:04.135+0000] {processor.py:161} INFO - Started process (PID=3647) to work on /opt/airflow/dags/dag_2.py
[2026-06-01T12:07:04.137+0000] {processor.py:830} INFO - Processing file /opt/airflow/dags/dag_2.py for tasks to queue
[2026-06-01T12:07:04.138+0000] {logging_mixin.py:188} INFO - [2026-06-01T12:07:04.138+0000] {dagbag.py:540} INFO - Filling up the DagBag from /opt/airflow/dags/dag_2.py
[2026-06-01T12:07:04.164+0000] {processor.py:840} INFO - DAG(s) 'my_first_test_dag2' retrieved from /opt/airflow/dags/dag_2.py
[2026-06-01T12:07:04.203+0000] {logging_mixin.py:188} INFO - [2026-06-01T12:07:04.202+0000] {dag.py:3047} INFO - Sync 1 DAGs
[2026-06-01T12:07:04.228+0000] {logging_mixin.py:188} INFO - [2026-06-01T12:07:04.228+0000] {dag.py:3834} INFO - Setting next_dagrun for my_first_test_dag2 to None, run_after=None
[2026-06-01T12:07:04.259+0000] {processor.py:183} INFO - Processing /opt/airflow/dags/dag_2.py took 0.129 seconds
[2026-06-01T12:07:34.607+0000] {processor.py:161} INFO - Started process (PID=3657) to work on /opt/airflow/dags/dag_2.py
[2026-06-01T12:07:34.608+0000] {processor.py:830} INFO - Processing file /opt/airflow/dags/dag_2.py for tasks to queue
[2026-06-01T12:07:34.609+0000] {logging_mixin.py:188} INFO - [2026-06-01T12:07:34.609+0000] {dagbag.py:540} INFO - Filling up the DagBag from /opt/airflow/dags/dag_2.py
[2026-06-01T12:07:34.639+0000] {processor.py:840} INFO - DAG(s) 'my_first_test_dag2' retrieved from /opt/airflow/dags/dag_2.py
[2026-06-01T12:07:34.697+0000] {logging_mixin.py:188} INFO - [2026-06-01T12:07:34.696+0000] {dag.py:3047} INFO - Sync 1 DAGs
[2026-06-01T12:07:34.722+0000] {logging_mixin.py:188} INFO - [2026-06-01T12:07:34.721+0000] {dag.py:3834} INFO - Setting next_dagrun for my_first_test_dag2 to None, run_after=None
[2026-06-01T12:07:34.755+0000] {processor.py:183} INFO - Processing /opt/airflow/dags/dag_2.py took 0.153 seconds
