[2026-06-02T07:55:06.780+0000] {processor.py:161} INFO - Started process (PID=170) to work on /opt/airflow/dags/dag_1.py
[2026-06-02T07:55:06.781+0000] {processor.py:830} INFO - Processing file /opt/airflow/dags/dag_1.py for tasks to queue
[2026-06-02T07:55:06.783+0000] {logging_mixin.py:188} INFO - [2026-06-02T07:55:06.783+0000] {dagbag.py:540} INFO - Filling up the DagBag from /opt/airflow/dags/dag_1.py
[2026-06-02T07:55:06.800+0000] {processor.py:840} INFO - DAG(s) 'my_first_test_dag' retrieved from /opt/airflow/dags/dag_1.py
[2026-06-02T07:55:06.837+0000] {logging_mixin.py:188} INFO - [2026-06-02T07:55:06.836+0000] {dag.py:3047} INFO - Sync 1 DAGs
[2026-06-02T07:55:06.850+0000] {logging_mixin.py:188} INFO - [2026-06-02T07:55:06.849+0000] {dag.py:3834} INFO - Setting next_dagrun for my_first_test_dag to None, run_after=None
[2026-06-02T07:55:06.869+0000] {processor.py:183} INFO - Processing /opt/airflow/dags/dag_1.py took 0.091 seconds
[2026-06-02T07:55:37.055+0000] {processor.py:161} INFO - Started process (PID=180) to work on /opt/airflow/dags/dag_1.py
[2026-06-02T07:55:37.055+0000] {processor.py:830} INFO - Processing file /opt/airflow/dags/dag_1.py for tasks to queue
[2026-06-02T07:55:37.056+0000] {logging_mixin.py:188} INFO - [2026-06-02T07:55:37.056+0000] {dagbag.py:540} INFO - Filling up the DagBag from /opt/airflow/dags/dag_1.py
[2026-06-02T07:55:37.070+0000] {processor.py:840} INFO - DAG(s) 'my_first_test_dag' retrieved from /opt/airflow/dags/dag_1.py
[2026-06-02T07:55:37.095+0000] {logging_mixin.py:188} INFO - [2026-06-02T07:55:37.095+0000] {dag.py:3047} INFO - Sync 1 DAGs
[2026-06-02T07:55:37.109+0000] {logging_mixin.py:188} INFO - [2026-06-02T07:55:37.108+0000] {dag.py:3834} INFO - Setting next_dagrun for my_first_test_dag to None, run_after=None
[2026-06-02T07:55:37.129+0000] {processor.py:183} INFO - Processing /opt/airflow/dags/dag_1.py took 0.078 seconds
[2026-06-02T07:56:07.466+0000] {processor.py:161} INFO - Started process (PID=190) to work on /opt/airflow/dags/dag_1.py
[2026-06-02T07:56:07.467+0000] {processor.py:830} INFO - Processing file /opt/airflow/dags/dag_1.py for tasks to queue
[2026-06-02T07:56:07.468+0000] {logging_mixin.py:188} INFO - [2026-06-02T07:56:07.467+0000] {dagbag.py:540} INFO - Filling up the DagBag from /opt/airflow/dags/dag_1.py
[2026-06-02T07:56:07.481+0000] {processor.py:840} INFO - DAG(s) 'my_first_test_dag' retrieved from /opt/airflow/dags/dag_1.py
[2026-06-02T07:56:07.504+0000] {logging_mixin.py:188} INFO - [2026-06-02T07:56:07.504+0000] {dag.py:3047} INFO - Sync 1 DAGs
[2026-06-02T07:56:07.514+0000] {logging_mixin.py:188} INFO - [2026-06-02T07:56:07.514+0000] {dag.py:3834} INFO - Setting next_dagrun for my_first_test_dag to None, run_after=None
[2026-06-02T07:56:07.537+0000] {processor.py:183} INFO - Processing /opt/airflow/dags/dag_1.py took 0.074 seconds
[2026-06-02T07:56:37.869+0000] {processor.py:161} INFO - Started process (PID=200) to work on /opt/airflow/dags/dag_1.py
[2026-06-02T07:56:37.870+0000] {processor.py:830} INFO - Processing file /opt/airflow/dags/dag_1.py for tasks to queue
[2026-06-02T07:56:37.871+0000] {logging_mixin.py:188} INFO - [2026-06-02T07:56:37.871+0000] {dagbag.py:540} INFO - Filling up the DagBag from /opt/airflow/dags/dag_1.py
[2026-06-02T07:56:37.889+0000] {processor.py:840} INFO - DAG(s) 'my_first_test_dag' retrieved from /opt/airflow/dags/dag_1.py
[2026-06-02T07:56:37.919+0000] {logging_mixin.py:188} INFO - [2026-06-02T07:56:37.918+0000] {dag.py:3047} INFO - Sync 1 DAGs
[2026-06-02T07:56:37.935+0000] {logging_mixin.py:188} INFO - [2026-06-02T07:56:37.935+0000] {dag.py:3834} INFO - Setting next_dagrun for my_first_test_dag to None, run_after=None
[2026-06-02T07:56:37.955+0000] {processor.py:183} INFO - Processing /opt/airflow/dags/dag_1.py took 0.090 seconds
[2026-06-02T07:57:08.385+0000] {processor.py:161} INFO - Started process (PID=210) to work on /opt/airflow/dags/dag_1.py
[2026-06-02T07:57:08.386+0000] {processor.py:830} INFO - Processing file /opt/airflow/dags/dag_1.py for tasks to queue
[2026-06-02T07:57:08.387+0000] {logging_mixin.py:188} INFO - [2026-06-02T07:57:08.386+0000] {dagbag.py:540} INFO - Filling up the DagBag from /opt/airflow/dags/dag_1.py
[2026-06-02T07:57:08.399+0000] {processor.py:840} INFO - DAG(s) 'my_first_test_dag' retrieved from /opt/airflow/dags/dag_1.py
[2026-06-02T07:57:08.420+0000] {logging_mixin.py:188} INFO - [2026-06-02T07:57:08.419+0000] {dag.py:3047} INFO - Sync 1 DAGs
[2026-06-02T07:57:08.431+0000] {logging_mixin.py:188} INFO - [2026-06-02T07:57:08.431+0000] {dag.py:3834} INFO - Setting next_dagrun for my_first_test_dag to None, run_after=None
[2026-06-02T07:57:08.451+0000] {processor.py:183} INFO - Processing /opt/airflow/dags/dag_1.py took 0.069 seconds
[2026-06-02T07:57:38.735+0000] {processor.py:161} INFO - Started process (PID=220) to work on /opt/airflow/dags/dag_1.py
[2026-06-02T07:57:38.736+0000] {processor.py:830} INFO - Processing file /opt/airflow/dags/dag_1.py for tasks to queue
[2026-06-02T07:57:38.736+0000] {logging_mixin.py:188} INFO - [2026-06-02T07:57:38.736+0000] {dagbag.py:540} INFO - Filling up the DagBag from /opt/airflow/dags/dag_1.py
[2026-06-02T07:57:38.748+0000] {processor.py:840} INFO - DAG(s) 'my_first_test_dag' retrieved from /opt/airflow/dags/dag_1.py
[2026-06-02T07:57:38.768+0000] {logging_mixin.py:188} INFO - [2026-06-02T07:57:38.767+0000] {dag.py:3047} INFO - Sync 1 DAGs
[2026-06-02T07:57:38.779+0000] {logging_mixin.py:188} INFO - [2026-06-02T07:57:38.778+0000] {dag.py:3834} INFO - Setting next_dagrun for my_first_test_dag to None, run_after=None
[2026-06-02T07:57:38.804+0000] {processor.py:183} INFO - Processing /opt/airflow/dags/dag_1.py took 0.071 seconds
[2026-06-02T07:58:09.065+0000] {processor.py:161} INFO - Started process (PID=230) to work on /opt/airflow/dags/dag_1.py
[2026-06-02T07:58:09.066+0000] {processor.py:830} INFO - Processing file /opt/airflow/dags/dag_1.py for tasks to queue
[2026-06-02T07:58:09.067+0000] {logging_mixin.py:188} INFO - [2026-06-02T07:58:09.066+0000] {dagbag.py:540} INFO - Filling up the DagBag from /opt/airflow/dags/dag_1.py
[2026-06-02T07:58:09.079+0000] {processor.py:840} INFO - DAG(s) 'my_first_test_dag' retrieved from /opt/airflow/dags/dag_1.py
[2026-06-02T07:58:09.099+0000] {logging_mixin.py:188} INFO - [2026-06-02T07:58:09.099+0000] {dag.py:3047} INFO - Sync 1 DAGs
[2026-06-02T07:58:09.109+0000] {logging_mixin.py:188} INFO - [2026-06-02T07:58:09.109+0000] {dag.py:3834} INFO - Setting next_dagrun for my_first_test_dag to None, run_after=None
[2026-06-02T07:58:09.128+0000] {processor.py:183} INFO - Processing /opt/airflow/dags/dag_1.py took 0.065 seconds
[2026-06-02T07:58:39.413+0000] {processor.py:161} INFO - Started process (PID=240) to work on /opt/airflow/dags/dag_1.py
[2026-06-02T07:58:39.414+0000] {processor.py:830} INFO - Processing file /opt/airflow/dags/dag_1.py for tasks to queue
[2026-06-02T07:58:39.415+0000] {logging_mixin.py:188} INFO - [2026-06-02T07:58:39.414+0000] {dagbag.py:540} INFO - Filling up the DagBag from /opt/airflow/dags/dag_1.py
[2026-06-02T07:58:39.428+0000] {processor.py:840} INFO - DAG(s) 'my_first_test_dag' retrieved from /opt/airflow/dags/dag_1.py
[2026-06-02T07:58:39.448+0000] {logging_mixin.py:188} INFO - [2026-06-02T07:58:39.448+0000] {dag.py:3047} INFO - Sync 1 DAGs
[2026-06-02T07:58:39.459+0000] {logging_mixin.py:188} INFO - [2026-06-02T07:58:39.459+0000] {dag.py:3834} INFO - Setting next_dagrun for my_first_test_dag to None, run_after=None
[2026-06-02T07:58:39.477+0000] {processor.py:183} INFO - Processing /opt/airflow/dags/dag_1.py took 0.066 seconds
[2026-06-02T07:59:09.726+0000] {processor.py:161} INFO - Started process (PID=250) to work on /opt/airflow/dags/dag_1.py
[2026-06-02T07:59:09.727+0000] {processor.py:830} INFO - Processing file /opt/airflow/dags/dag_1.py for tasks to queue
[2026-06-02T07:59:09.728+0000] {logging_mixin.py:188} INFO - [2026-06-02T07:59:09.728+0000] {dagbag.py:540} INFO - Filling up the DagBag from /opt/airflow/dags/dag_1.py
[2026-06-02T07:59:09.739+0000] {processor.py:840} INFO - DAG(s) 'my_first_test_dag' retrieved from /opt/airflow/dags/dag_1.py
[2026-06-02T07:59:09.759+0000] {logging_mixin.py:188} INFO - [2026-06-02T07:59:09.759+0000] {dag.py:3047} INFO - Sync 1 DAGs
[2026-06-02T07:59:09.770+0000] {logging_mixin.py:188} INFO - [2026-06-02T07:59:09.769+0000] {dag.py:3834} INFO - Setting next_dagrun for my_first_test_dag to None, run_after=None
[2026-06-02T07:59:09.789+0000] {processor.py:183} INFO - Processing /opt/airflow/dags/dag_1.py took 0.065 seconds
[2026-06-02T07:59:40.069+0000] {processor.py:161} INFO - Started process (PID=260) to work on /opt/airflow/dags/dag_1.py
[2026-06-02T07:59:40.069+0000] {processor.py:830} INFO - Processing file /opt/airflow/dags/dag_1.py for tasks to queue
[2026-06-02T07:59:40.070+0000] {logging_mixin.py:188} INFO - [2026-06-02T07:59:40.070+0000] {dagbag.py:540} INFO - Filling up the DagBag from /opt/airflow/dags/dag_1.py
[2026-06-02T07:59:40.082+0000] {processor.py:840} INFO - DAG(s) 'my_first_test_dag' retrieved from /opt/airflow/dags/dag_1.py
[2026-06-02T07:59:40.105+0000] {logging_mixin.py:188} INFO - [2026-06-02T07:59:40.104+0000] {dag.py:3047} INFO - Sync 1 DAGs
[2026-06-02T07:59:40.115+0000] {logging_mixin.py:188} INFO - [2026-06-02T07:59:40.115+0000] {dag.py:3834} INFO - Setting next_dagrun for my_first_test_dag to None, run_after=None
[2026-06-02T07:59:40.134+0000] {processor.py:183} INFO - Processing /opt/airflow/dags/dag_1.py took 0.068 seconds
[2026-06-02T08:00:10.370+0000] {processor.py:161} INFO - Started process (PID=270) to work on /opt/airflow/dags/dag_1.py
[2026-06-02T08:00:10.371+0000] {processor.py:830} INFO - Processing file /opt/airflow/dags/dag_1.py for tasks to queue
[2026-06-02T08:00:10.372+0000] {logging_mixin.py:188} INFO - [2026-06-02T08:00:10.371+0000] {dagbag.py:540} INFO - Filling up the DagBag from /opt/airflow/dags/dag_1.py
[2026-06-02T08:00:10.384+0000] {processor.py:840} INFO - DAG(s) 'my_first_test_dag' retrieved from /opt/airflow/dags/dag_1.py
[2026-06-02T08:00:10.405+0000] {logging_mixin.py:188} INFO - [2026-06-02T08:00:10.405+0000] {dag.py:3047} INFO - Sync 1 DAGs
[2026-06-02T08:00:10.417+0000] {logging_mixin.py:188} INFO - [2026-06-02T08:00:10.417+0000] {dag.py:3834} INFO - Setting next_dagrun for my_first_test_dag to None, run_after=None
[2026-06-02T08:00:10.437+0000] {processor.py:183} INFO - Processing /opt/airflow/dags/dag_1.py took 0.070 seconds
[2026-06-02T08:00:40.854+0000] {processor.py:161} INFO - Started process (PID=280) to work on /opt/airflow/dags/dag_1.py
[2026-06-02T08:00:40.854+0000] {processor.py:830} INFO - Processing file /opt/airflow/dags/dag_1.py for tasks to queue
[2026-06-02T08:00:40.855+0000] {logging_mixin.py:188} INFO - [2026-06-02T08:00:40.855+0000] {dagbag.py:540} INFO - Filling up the DagBag from /opt/airflow/dags/dag_1.py
[2026-06-02T08:00:40.875+0000] {processor.py:840} INFO - DAG(s) 'my_first_test_dag' retrieved from /opt/airflow/dags/dag_1.py
[2026-06-02T08:00:40.897+0000] {logging_mixin.py:188} INFO - [2026-06-02T08:00:40.896+0000] {dag.py:3047} INFO - Sync 1 DAGs
[2026-06-02T08:00:40.909+0000] {logging_mixin.py:188} INFO - [2026-06-02T08:00:40.908+0000] {dag.py:3834} INFO - Setting next_dagrun for my_first_test_dag to None, run_after=None
[2026-06-02T08:00:40.928+0000] {processor.py:183} INFO - Processing /opt/airflow/dags/dag_1.py took 0.076 seconds
[2026-06-02T08:01:11.206+0000] {processor.py:161} INFO - Started process (PID=290) to work on /opt/airflow/dags/dag_1.py
[2026-06-02T08:01:11.207+0000] {processor.py:830} INFO - Processing file /opt/airflow/dags/dag_1.py for tasks to queue
[2026-06-02T08:01:11.207+0000] {logging_mixin.py:188} INFO - [2026-06-02T08:01:11.207+0000] {dagbag.py:540} INFO - Filling up the DagBag from /opt/airflow/dags/dag_1.py
[2026-06-02T08:01:11.217+0000] {processor.py:840} INFO - DAG(s) 'my_first_test_dag' retrieved from /opt/airflow/dags/dag_1.py
[2026-06-02T08:01:11.237+0000] {logging_mixin.py:188} INFO - [2026-06-02T08:01:11.237+0000] {dag.py:3047} INFO - Sync 1 DAGs
[2026-06-02T08:01:11.247+0000] {logging_mixin.py:188} INFO - [2026-06-02T08:01:11.247+0000] {dag.py:3834} INFO - Setting next_dagrun for my_first_test_dag to None, run_after=None
[2026-06-02T08:01:11.265+0000] {processor.py:183} INFO - Processing /opt/airflow/dags/dag_1.py took 0.062 seconds
[2026-06-02T08:01:41.619+0000] {processor.py:161} INFO - Started process (PID=300) to work on /opt/airflow/dags/dag_1.py
[2026-06-02T08:01:41.620+0000] {processor.py:830} INFO - Processing file /opt/airflow/dags/dag_1.py for tasks to queue
[2026-06-02T08:01:41.621+0000] {logging_mixin.py:188} INFO - [2026-06-02T08:01:41.621+0000] {dagbag.py:540} INFO - Filling up the DagBag from /opt/airflow/dags/dag_1.py
[2026-06-02T08:01:41.634+0000] {processor.py:840} INFO - DAG(s) 'my_first_test_dag' retrieved from /opt/airflow/dags/dag_1.py
[2026-06-02T08:01:41.654+0000] {logging_mixin.py:188} INFO - [2026-06-02T08:01:41.654+0000] {dag.py:3047} INFO - Sync 1 DAGs
[2026-06-02T08:01:41.665+0000] {logging_mixin.py:188} INFO - [2026-06-02T08:01:41.665+0000] {dag.py:3834} INFO - Setting next_dagrun for my_first_test_dag to None, run_after=None
[2026-06-02T08:01:41.687+0000] {processor.py:183} INFO - Processing /opt/airflow/dags/dag_1.py took 0.070 seconds
[2026-06-02T08:02:11.984+0000] {processor.py:161} INFO - Started process (PID=310) to work on /opt/airflow/dags/dag_1.py
[2026-06-02T08:02:11.984+0000] {processor.py:830} INFO - Processing file /opt/airflow/dags/dag_1.py for tasks to queue
[2026-06-02T08:02:11.985+0000] {logging_mixin.py:188} INFO - [2026-06-02T08:02:11.985+0000] {dagbag.py:540} INFO - Filling up the DagBag from /opt/airflow/dags/dag_1.py
[2026-06-02T08:02:11.996+0000] {processor.py:840} INFO - DAG(s) 'my_first_test_dag' retrieved from /opt/airflow/dags/dag_1.py
[2026-06-02T08:02:12.018+0000] {logging_mixin.py:188} INFO - [2026-06-02T08:02:12.018+0000] {dag.py:3047} INFO - Sync 1 DAGs
[2026-06-02T08:02:12.028+0000] {logging_mixin.py:188} INFO - [2026-06-02T08:02:12.028+0000] {dag.py:3834} INFO - Setting next_dagrun for my_first_test_dag to None, run_after=None
[2026-06-02T08:02:12.048+0000] {processor.py:183} INFO - Processing /opt/airflow/dags/dag_1.py took 0.067 seconds
[2026-06-02T08:02:42.288+0000] {processor.py:161} INFO - Started process (PID=320) to work on /opt/airflow/dags/dag_1.py
[2026-06-02T08:02:42.289+0000] {processor.py:830} INFO - Processing file /opt/airflow/dags/dag_1.py for tasks to queue
[2026-06-02T08:02:42.290+0000] {logging_mixin.py:188} INFO - [2026-06-02T08:02:42.290+0000] {dagbag.py:540} INFO - Filling up the DagBag from /opt/airflow/dags/dag_1.py
[2026-06-02T08:02:42.303+0000] {processor.py:840} INFO - DAG(s) 'my_first_test_dag' retrieved from /opt/airflow/dags/dag_1.py
[2026-06-02T08:02:42.333+0000] {logging_mixin.py:188} INFO - [2026-06-02T08:02:42.333+0000] {dag.py:3047} INFO - Sync 1 DAGs
[2026-06-02T08:02:42.348+0000] {logging_mixin.py:188} INFO - [2026-06-02T08:02:42.347+0000] {dag.py:3834} INFO - Setting next_dagrun for my_first_test_dag to None, run_after=None
[2026-06-02T08:02:42.371+0000] {processor.py:183} INFO - Processing /opt/airflow/dags/dag_1.py took 0.086 seconds
[2026-06-02T08:03:12.735+0000] {processor.py:161} INFO - Started process (PID=330) to work on /opt/airflow/dags/dag_1.py
[2026-06-02T08:03:12.736+0000] {processor.py:830} INFO - Processing file /opt/airflow/dags/dag_1.py for tasks to queue
[2026-06-02T08:03:12.737+0000] {logging_mixin.py:188} INFO - [2026-06-02T08:03:12.737+0000] {dagbag.py:540} INFO - Filling up the DagBag from /opt/airflow/dags/dag_1.py
[2026-06-02T08:03:12.748+0000] {processor.py:840} INFO - DAG(s) 'my_first_test_dag' retrieved from /opt/airflow/dags/dag_1.py
[2026-06-02T08:03:12.767+0000] {logging_mixin.py:188} INFO - [2026-06-02T08:03:12.767+0000] {dag.py:3047} INFO - Sync 1 DAGs
[2026-06-02T08:03:12.778+0000] {logging_mixin.py:188} INFO - [2026-06-02T08:03:12.778+0000] {dag.py:3834} INFO - Setting next_dagrun for my_first_test_dag to None, run_after=None
[2026-06-02T08:03:12.799+0000] {processor.py:183} INFO - Processing /opt/airflow/dags/dag_1.py took 0.066 seconds
[2026-06-02T08:03:43.169+0000] {processor.py:161} INFO - Started process (PID=340) to work on /opt/airflow/dags/dag_1.py
[2026-06-02T08:03:43.170+0000] {processor.py:830} INFO - Processing file /opt/airflow/dags/dag_1.py for tasks to queue
[2026-06-02T08:03:43.171+0000] {logging_mixin.py:188} INFO - [2026-06-02T08:03:43.171+0000] {dagbag.py:540} INFO - Filling up the DagBag from /opt/airflow/dags/dag_1.py
[2026-06-02T08:03:43.204+0000] {processor.py:840} INFO - DAG(s) 'my_first_test_dag' retrieved from /opt/airflow/dags/dag_1.py
[2026-06-02T08:03:43.231+0000] {logging_mixin.py:188} INFO - [2026-06-02T08:03:43.231+0000] {dag.py:3047} INFO - Sync 1 DAGs
[2026-06-02T08:03:43.245+0000] {logging_mixin.py:188} INFO - [2026-06-02T08:03:43.244+0000] {dag.py:3834} INFO - Setting next_dagrun for my_first_test_dag to None, run_after=None
[2026-06-02T08:03:43.262+0000] {processor.py:183} INFO - Processing /opt/airflow/dags/dag_1.py took 0.097 seconds
[2026-06-02T08:04:13.450+0000] {processor.py:161} INFO - Started process (PID=350) to work on /opt/airflow/dags/dag_1.py
[2026-06-02T08:04:13.451+0000] {processor.py:830} INFO - Processing file /opt/airflow/dags/dag_1.py for tasks to queue
[2026-06-02T08:04:13.452+0000] {logging_mixin.py:188} INFO - [2026-06-02T08:04:13.452+0000] {dagbag.py:540} INFO - Filling up the DagBag from /opt/airflow/dags/dag_1.py
[2026-06-02T08:04:13.467+0000] {processor.py:840} INFO - DAG(s) 'my_first_test_dag' retrieved from /opt/airflow/dags/dag_1.py
[2026-06-02T08:04:13.494+0000] {logging_mixin.py:188} INFO - [2026-06-02T08:04:13.493+0000] {dag.py:3047} INFO - Sync 1 DAGs
[2026-06-02T08:04:13.506+0000] {logging_mixin.py:188} INFO - [2026-06-02T08:04:13.506+0000] {dag.py:3834} INFO - Setting next_dagrun for my_first_test_dag to None, run_after=None
[2026-06-02T08:04:13.524+0000] {processor.py:183} INFO - Processing /opt/airflow/dags/dag_1.py took 0.077 seconds
[2026-06-02T08:04:43.965+0000] {processor.py:161} INFO - Started process (PID=360) to work on /opt/airflow/dags/dag_1.py
[2026-06-02T08:04:43.966+0000] {processor.py:830} INFO - Processing file /opt/airflow/dags/dag_1.py for tasks to queue
[2026-06-02T08:04:43.967+0000] {logging_mixin.py:188} INFO - [2026-06-02T08:04:43.967+0000] {dagbag.py:540} INFO - Filling up the DagBag from /opt/airflow/dags/dag_1.py
[2026-06-02T08:04:43.976+0000] {processor.py:840} INFO - DAG(s) 'my_first_test_dag' retrieved from /opt/airflow/dags/dag_1.py
[2026-06-02T08:04:43.995+0000] {logging_mixin.py:188} INFO - [2026-06-02T08:04:43.995+0000] {dag.py:3047} INFO - Sync 1 DAGs
[2026-06-02T08:04:44.005+0000] {logging_mixin.py:188} INFO - [2026-06-02T08:04:44.005+0000] {dag.py:3834} INFO - Setting next_dagrun for my_first_test_dag to None, run_after=None
[2026-06-02T08:04:44.030+0000] {processor.py:183} INFO - Processing /opt/airflow/dags/dag_1.py took 0.067 seconds
[2026-06-02T08:05:14.336+0000] {processor.py:161} INFO - Started process (PID=370) to work on /opt/airflow/dags/dag_1.py
[2026-06-02T08:05:14.336+0000] {processor.py:830} INFO - Processing file /opt/airflow/dags/dag_1.py for tasks to queue
[2026-06-02T08:05:14.337+0000] {logging_mixin.py:188} INFO - [2026-06-02T08:05:14.337+0000] {dagbag.py:540} INFO - Filling up the DagBag from /opt/airflow/dags/dag_1.py
[2026-06-02T08:05:14.347+0000] {processor.py:840} INFO - DAG(s) 'my_first_test_dag' retrieved from /opt/airflow/dags/dag_1.py
[2026-06-02T08:05:14.366+0000] {logging_mixin.py:188} INFO - [2026-06-02T08:05:14.366+0000] {dag.py:3047} INFO - Sync 1 DAGs
[2026-06-02T08:05:14.376+0000] {logging_mixin.py:188} INFO - [2026-06-02T08:05:14.376+0000] {dag.py:3834} INFO - Setting next_dagrun for my_first_test_dag to None, run_after=None
[2026-06-02T08:05:14.402+0000] {processor.py:183} INFO - Processing /opt/airflow/dags/dag_1.py took 0.069 seconds
[2026-06-02T08:05:44.761+0000] {processor.py:161} INFO - Started process (PID=380) to work on /opt/airflow/dags/dag_1.py
[2026-06-02T08:05:44.762+0000] {processor.py:830} INFO - Processing file /opt/airflow/dags/dag_1.py for tasks to queue
[2026-06-02T08:05:44.763+0000] {logging_mixin.py:188} INFO - [2026-06-02T08:05:44.762+0000] {dagbag.py:540} INFO - Filling up the DagBag from /opt/airflow/dags/dag_1.py
[2026-06-02T08:05:44.775+0000] {processor.py:840} INFO - DAG(s) 'my_first_test_dag' retrieved from /opt/airflow/dags/dag_1.py
[2026-06-02T08:05:44.795+0000] {logging_mixin.py:188} INFO - [2026-06-02T08:05:44.795+0000] {dag.py:3047} INFO - Sync 1 DAGs
[2026-06-02T08:05:44.806+0000] {logging_mixin.py:188} INFO - [2026-06-02T08:05:44.805+0000] {dag.py:3834} INFO - Setting next_dagrun for my_first_test_dag to None, run_after=None
[2026-06-02T08:05:44.826+0000] {processor.py:183} INFO - Processing /opt/airflow/dags/dag_1.py took 0.068 seconds
[2026-06-02T08:06:15.164+0000] {processor.py:161} INFO - Started process (PID=390) to work on /opt/airflow/dags/dag_1.py
[2026-06-02T08:06:15.165+0000] {processor.py:830} INFO - Processing file /opt/airflow/dags/dag_1.py for tasks to queue
[2026-06-02T08:06:15.166+0000] {logging_mixin.py:188} INFO - [2026-06-02T08:06:15.165+0000] {dagbag.py:540} INFO - Filling up the DagBag from /opt/airflow/dags/dag_1.py
[2026-06-02T08:06:15.176+0000] {processor.py:840} INFO - DAG(s) 'my_first_test_dag' retrieved from /opt/airflow/dags/dag_1.py
[2026-06-02T08:06:15.194+0000] {logging_mixin.py:188} INFO - [2026-06-02T08:06:15.194+0000] {dag.py:3047} INFO - Sync 1 DAGs
[2026-06-02T08:06:15.205+0000] {logging_mixin.py:188} INFO - [2026-06-02T08:06:15.205+0000] {dag.py:3834} INFO - Setting next_dagrun for my_first_test_dag to None, run_after=None
[2026-06-02T08:06:15.227+0000] {processor.py:183} INFO - Processing /opt/airflow/dags/dag_1.py took 0.065 seconds
[2026-06-02T08:06:45.525+0000] {processor.py:161} INFO - Started process (PID=400) to work on /opt/airflow/dags/dag_1.py
[2026-06-02T08:06:45.526+0000] {processor.py:830} INFO - Processing file /opt/airflow/dags/dag_1.py for tasks to queue
[2026-06-02T08:06:45.527+0000] {logging_mixin.py:188} INFO - [2026-06-02T08:06:45.527+0000] {dagbag.py:540} INFO - Filling up the DagBag from /opt/airflow/dags/dag_1.py
[2026-06-02T08:06:45.542+0000] {processor.py:840} INFO - DAG(s) 'my_first_test_dag' retrieved from /opt/airflow/dags/dag_1.py
[2026-06-02T08:06:45.567+0000] {logging_mixin.py:188} INFO - [2026-06-02T08:06:45.567+0000] {dag.py:3047} INFO - Sync 1 DAGs
[2026-06-02T08:06:45.579+0000] {logging_mixin.py:188} INFO - [2026-06-02T08:06:45.578+0000] {dag.py:3834} INFO - Setting next_dagrun for my_first_test_dag to None, run_after=None
[2026-06-02T08:06:45.600+0000] {processor.py:183} INFO - Processing /opt/airflow/dags/dag_1.py took 0.078 seconds
[2026-06-02T08:07:16.007+0000] {processor.py:161} INFO - Started process (PID=410) to work on /opt/airflow/dags/dag_1.py
[2026-06-02T08:07:16.008+0000] {processor.py:830} INFO - Processing file /opt/airflow/dags/dag_1.py for tasks to queue
[2026-06-02T08:07:16.009+0000] {logging_mixin.py:188} INFO - [2026-06-02T08:07:16.009+0000] {dagbag.py:540} INFO - Filling up the DagBag from /opt/airflow/dags/dag_1.py
[2026-06-02T08:07:16.022+0000] {processor.py:840} INFO - DAG(s) 'my_first_test_dag' retrieved from /opt/airflow/dags/dag_1.py
[2026-06-02T08:07:16.042+0000] {logging_mixin.py:188} INFO - [2026-06-02T08:07:16.042+0000] {dag.py:3047} INFO - Sync 1 DAGs
[2026-06-02T08:07:16.053+0000] {logging_mixin.py:188} INFO - [2026-06-02T08:07:16.053+0000] {dag.py:3834} INFO - Setting next_dagrun for my_first_test_dag to None, run_after=None
[2026-06-02T08:07:16.072+0000] {processor.py:183} INFO - Processing /opt/airflow/dags/dag_1.py took 0.067 seconds
[2026-06-02T08:07:46.303+0000] {processor.py:161} INFO - Started process (PID=420) to work on /opt/airflow/dags/dag_1.py
[2026-06-02T08:07:46.303+0000] {processor.py:830} INFO - Processing file /opt/airflow/dags/dag_1.py for tasks to queue
[2026-06-02T08:07:46.304+0000] {logging_mixin.py:188} INFO - [2026-06-02T08:07:46.304+0000] {dagbag.py:540} INFO - Filling up the DagBag from /opt/airflow/dags/dag_1.py
[2026-06-02T08:07:46.316+0000] {processor.py:840} INFO - DAG(s) 'my_first_test_dag' retrieved from /opt/airflow/dags/dag_1.py
[2026-06-02T08:07:46.340+0000] {logging_mixin.py:188} INFO - [2026-06-02T08:07:46.339+0000] {dag.py:3047} INFO - Sync 1 DAGs
[2026-06-02T08:07:46.352+0000] {logging_mixin.py:188} INFO - [2026-06-02T08:07:46.352+0000] {dag.py:3834} INFO - Setting next_dagrun for my_first_test_dag to None, run_after=None
[2026-06-02T08:07:46.369+0000] {processor.py:183} INFO - Processing /opt/airflow/dags/dag_1.py took 0.069 seconds
[2026-06-02T08:08:16.721+0000] {processor.py:161} INFO - Started process (PID=430) to work on /opt/airflow/dags/dag_1.py
[2026-06-02T08:08:16.722+0000] {processor.py:830} INFO - Processing file /opt/airflow/dags/dag_1.py for tasks to queue
[2026-06-02T08:08:16.723+0000] {logging_mixin.py:188} INFO - [2026-06-02T08:08:16.723+0000] {dagbag.py:540} INFO - Filling up the DagBag from /opt/airflow/dags/dag_1.py
[2026-06-02T08:08:16.734+0000] {processor.py:840} INFO - DAG(s) 'my_first_test_dag' retrieved from /opt/airflow/dags/dag_1.py
[2026-06-02T08:08:16.752+0000] {logging_mixin.py:188} INFO - [2026-06-02T08:08:16.752+0000] {dag.py:3047} INFO - Sync 1 DAGs
[2026-06-02T08:08:16.764+0000] {logging_mixin.py:188} INFO - [2026-06-02T08:08:16.764+0000] {dag.py:3834} INFO - Setting next_dagrun for my_first_test_dag to None, run_after=None
[2026-06-02T08:08:16.783+0000] {processor.py:183} INFO - Processing /opt/airflow/dags/dag_1.py took 0.064 seconds
[2026-06-02T08:08:47.138+0000] {processor.py:161} INFO - Started process (PID=440) to work on /opt/airflow/dags/dag_1.py
[2026-06-02T08:08:47.138+0000] {processor.py:830} INFO - Processing file /opt/airflow/dags/dag_1.py for tasks to queue
[2026-06-02T08:08:47.139+0000] {logging_mixin.py:188} INFO - [2026-06-02T08:08:47.139+0000] {dagbag.py:540} INFO - Filling up the DagBag from /opt/airflow/dags/dag_1.py
[2026-06-02T08:08:47.154+0000] {processor.py:840} INFO - DAG(s) 'my_first_test_dag' retrieved from /opt/airflow/dags/dag_1.py
[2026-06-02T08:08:47.173+0000] {logging_mixin.py:188} INFO - [2026-06-02T08:08:47.173+0000] {dag.py:3047} INFO - Sync 1 DAGs
[2026-06-02T08:08:47.183+0000] {logging_mixin.py:188} INFO - [2026-06-02T08:08:47.183+0000] {dag.py:3834} INFO - Setting next_dagrun for my_first_test_dag to None, run_after=None
[2026-06-02T08:08:47.202+0000] {processor.py:183} INFO - Processing /opt/airflow/dags/dag_1.py took 0.066 seconds
[2026-06-02T08:09:17.560+0000] {processor.py:161} INFO - Started process (PID=450) to work on /opt/airflow/dags/dag_1.py
[2026-06-02T08:09:17.561+0000] {processor.py:830} INFO - Processing file /opt/airflow/dags/dag_1.py for tasks to queue
[2026-06-02T08:09:17.562+0000] {logging_mixin.py:188} INFO - [2026-06-02T08:09:17.561+0000] {dagbag.py:540} INFO - Filling up the DagBag from /opt/airflow/dags/dag_1.py
[2026-06-02T08:09:17.573+0000] {processor.py:840} INFO - DAG(s) 'my_first_test_dag' retrieved from /opt/airflow/dags/dag_1.py
[2026-06-02T08:09:17.592+0000] {logging_mixin.py:188} INFO - [2026-06-02T08:09:17.592+0000] {dag.py:3047} INFO - Sync 1 DAGs
[2026-06-02T08:09:17.604+0000] {logging_mixin.py:188} INFO - [2026-06-02T08:09:17.604+0000] {dag.py:3834} INFO - Setting next_dagrun for my_first_test_dag to None, run_after=None
[2026-06-02T08:09:17.628+0000] {processor.py:183} INFO - Processing /opt/airflow/dags/dag_1.py took 0.069 seconds
[2026-06-02T08:09:47.995+0000] {processor.py:161} INFO - Started process (PID=460) to work on /opt/airflow/dags/dag_1.py
[2026-06-02T08:09:47.995+0000] {processor.py:830} INFO - Processing file /opt/airflow/dags/dag_1.py for tasks to queue
[2026-06-02T08:09:47.996+0000] {logging_mixin.py:188} INFO - [2026-06-02T08:09:47.996+0000] {dagbag.py:540} INFO - Filling up the DagBag from /opt/airflow/dags/dag_1.py
[2026-06-02T08:09:48.008+0000] {processor.py:840} INFO - DAG(s) 'my_first_test_dag' retrieved from /opt/airflow/dags/dag_1.py
[2026-06-02T08:09:48.028+0000] {logging_mixin.py:188} INFO - [2026-06-02T08:09:48.027+0000] {dag.py:3047} INFO - Sync 1 DAGs
[2026-06-02T08:09:48.038+0000] {logging_mixin.py:188} INFO - [2026-06-02T08:09:48.038+0000] {dag.py:3834} INFO - Setting next_dagrun for my_first_test_dag to None, run_after=None
[2026-06-02T08:09:48.059+0000] {processor.py:183} INFO - Processing /opt/airflow/dags/dag_1.py took 0.067 seconds
[2026-06-02T08:10:18.291+0000] {processor.py:161} INFO - Started process (PID=470) to work on /opt/airflow/dags/dag_1.py
[2026-06-02T08:10:18.291+0000] {processor.py:830} INFO - Processing file /opt/airflow/dags/dag_1.py for tasks to queue
[2026-06-02T08:10:18.293+0000] {logging_mixin.py:188} INFO - [2026-06-02T08:10:18.292+0000] {dagbag.py:540} INFO - Filling up the DagBag from /opt/airflow/dags/dag_1.py
[2026-06-02T08:10:18.304+0000] {processor.py:840} INFO - DAG(s) 'my_first_test_dag' retrieved from /opt/airflow/dags/dag_1.py
[2026-06-02T08:10:18.329+0000] {logging_mixin.py:188} INFO - [2026-06-02T08:10:18.328+0000] {dag.py:3047} INFO - Sync 1 DAGs
[2026-06-02T08:10:18.341+0000] {logging_mixin.py:188} INFO - [2026-06-02T08:10:18.341+0000] {dag.py:3834} INFO - Setting next_dagrun for my_first_test_dag to None, run_after=None
[2026-06-02T08:10:18.360+0000] {processor.py:183} INFO - Processing /opt/airflow/dags/dag_1.py took 0.072 seconds
[2026-06-02T08:10:48.697+0000] {processor.py:161} INFO - Started process (PID=480) to work on /opt/airflow/dags/dag_1.py
[2026-06-02T08:10:48.698+0000] {processor.py:830} INFO - Processing file /opt/airflow/dags/dag_1.py for tasks to queue
[2026-06-02T08:10:48.699+0000] {logging_mixin.py:188} INFO - [2026-06-02T08:10:48.699+0000] {dagbag.py:540} INFO - Filling up the DagBag from /opt/airflow/dags/dag_1.py
[2026-06-02T08:10:48.710+0000] {processor.py:840} INFO - DAG(s) 'my_first_test_dag' retrieved from /opt/airflow/dags/dag_1.py
[2026-06-02T08:10:48.731+0000] {logging_mixin.py:188} INFO - [2026-06-02T08:10:48.730+0000] {dag.py:3047} INFO - Sync 1 DAGs
[2026-06-02T08:10:48.745+0000] {logging_mixin.py:188} INFO - [2026-06-02T08:10:48.745+0000] {dag.py:3834} INFO - Setting next_dagrun for my_first_test_dag to None, run_after=None
[2026-06-02T08:10:48.772+0000] {processor.py:183} INFO - Processing /opt/airflow/dags/dag_1.py took 0.078 seconds
[2026-06-02T08:11:19.049+0000] {processor.py:161} INFO - Started process (PID=490) to work on /opt/airflow/dags/dag_1.py
[2026-06-02T08:11:19.050+0000] {processor.py:830} INFO - Processing file /opt/airflow/dags/dag_1.py for tasks to queue
[2026-06-02T08:11:19.051+0000] {logging_mixin.py:188} INFO - [2026-06-02T08:11:19.051+0000] {dagbag.py:540} INFO - Filling up the DagBag from /opt/airflow/dags/dag_1.py
[2026-06-02T08:11:19.063+0000] {processor.py:840} INFO - DAG(s) 'my_first_test_dag' retrieved from /opt/airflow/dags/dag_1.py
[2026-06-02T08:11:19.086+0000] {logging_mixin.py:188} INFO - [2026-06-02T08:11:19.086+0000] {dag.py:3047} INFO - Sync 1 DAGs
[2026-06-02T08:11:19.098+0000] {logging_mixin.py:188} INFO - [2026-06-02T08:11:19.098+0000] {dag.py:3834} INFO - Setting next_dagrun for my_first_test_dag to None, run_after=None
[2026-06-02T08:11:19.125+0000] {processor.py:183} INFO - Processing /opt/airflow/dags/dag_1.py took 0.079 seconds
[2026-06-02T08:11:49.508+0000] {processor.py:161} INFO - Started process (PID=500) to work on /opt/airflow/dags/dag_1.py
[2026-06-02T08:11:49.509+0000] {processor.py:830} INFO - Processing file /opt/airflow/dags/dag_1.py for tasks to queue
[2026-06-02T08:11:49.510+0000] {logging_mixin.py:188} INFO - [2026-06-02T08:11:49.509+0000] {dagbag.py:540} INFO - Filling up the DagBag from /opt/airflow/dags/dag_1.py
[2026-06-02T08:11:49.527+0000] {processor.py:840} INFO - DAG(s) 'my_first_test_dag' retrieved from /opt/airflow/dags/dag_1.py
[2026-06-02T08:11:49.552+0000] {logging_mixin.py:188} INFO - [2026-06-02T08:11:49.552+0000] {dag.py:3047} INFO - Sync 1 DAGs
[2026-06-02T08:11:49.568+0000] {logging_mixin.py:188} INFO - [2026-06-02T08:11:49.568+0000] {dag.py:3834} INFO - Setting next_dagrun for my_first_test_dag to None, run_after=None
[2026-06-02T08:11:49.587+0000] {processor.py:183} INFO - Processing /opt/airflow/dags/dag_1.py took 0.082 seconds
[2026-06-02T08:12:19.967+0000] {processor.py:161} INFO - Started process (PID=510) to work on /opt/airflow/dags/dag_1.py
[2026-06-02T08:12:19.968+0000] {processor.py:830} INFO - Processing file /opt/airflow/dags/dag_1.py for tasks to queue
[2026-06-02T08:12:19.969+0000] {logging_mixin.py:188} INFO - [2026-06-02T08:12:19.968+0000] {dagbag.py:540} INFO - Filling up the DagBag from /opt/airflow/dags/dag_1.py
[2026-06-02T08:12:19.979+0000] {processor.py:840} INFO - DAG(s) 'my_first_test_dag' retrieved from /opt/airflow/dags/dag_1.py
[2026-06-02T08:12:19.998+0000] {logging_mixin.py:188} INFO - [2026-06-02T08:12:19.998+0000] {dag.py:3047} INFO - Sync 1 DAGs
[2026-06-02T08:12:20.010+0000] {logging_mixin.py:188} INFO - [2026-06-02T08:12:20.010+0000] {dag.py:3834} INFO - Setting next_dagrun for my_first_test_dag to None, run_after=None
[2026-06-02T08:12:20.030+0000] {processor.py:183} INFO - Processing /opt/airflow/dags/dag_1.py took 0.066 seconds
[2026-06-02T08:12:50.564+0000] {processor.py:161} INFO - Started process (PID=520) to work on /opt/airflow/dags/dag_1.py
[2026-06-02T08:12:50.565+0000] {processor.py:830} INFO - Processing file /opt/airflow/dags/dag_1.py for tasks to queue
[2026-06-02T08:12:50.565+0000] {logging_mixin.py:188} INFO - [2026-06-02T08:12:50.565+0000] {dagbag.py:540} INFO - Filling up the DagBag from /opt/airflow/dags/dag_1.py
[2026-06-02T08:12:50.576+0000] {processor.py:840} INFO - DAG(s) 'my_first_test_dag' retrieved from /opt/airflow/dags/dag_1.py
[2026-06-02T08:12:50.597+0000] {logging_mixin.py:188} INFO - [2026-06-02T08:12:50.597+0000] {dag.py:3047} INFO - Sync 1 DAGs
[2026-06-02T08:12:50.607+0000] {logging_mixin.py:188} INFO - [2026-06-02T08:12:50.607+0000] {dag.py:3834} INFO - Setting next_dagrun for my_first_test_dag to None, run_after=None
[2026-06-02T08:12:50.630+0000] {processor.py:183} INFO - Processing /opt/airflow/dags/dag_1.py took 0.069 seconds
[2026-06-02T08:13:20.868+0000] {processor.py:161} INFO - Started process (PID=530) to work on /opt/airflow/dags/dag_1.py
[2026-06-02T08:13:20.869+0000] {processor.py:830} INFO - Processing file /opt/airflow/dags/dag_1.py for tasks to queue
[2026-06-02T08:13:20.870+0000] {logging_mixin.py:188} INFO - [2026-06-02T08:13:20.870+0000] {dagbag.py:540} INFO - Filling up the DagBag from /opt/airflow/dags/dag_1.py
[2026-06-02T08:13:20.887+0000] {processor.py:840} INFO - DAG(s) 'my_first_test_dag' retrieved from /opt/airflow/dags/dag_1.py
[2026-06-02T08:13:20.909+0000] {logging_mixin.py:188} INFO - [2026-06-02T08:13:20.909+0000] {dag.py:3047} INFO - Sync 1 DAGs
[2026-06-02T08:13:20.922+0000] {logging_mixin.py:188} INFO - [2026-06-02T08:13:20.922+0000] {dag.py:3834} INFO - Setting next_dagrun for my_first_test_dag to None, run_after=None
[2026-06-02T08:13:20.944+0000] {processor.py:183} INFO - Processing /opt/airflow/dags/dag_1.py took 0.079 seconds
[2026-06-02T08:13:51.503+0000] {processor.py:161} INFO - Started process (PID=540) to work on /opt/airflow/dags/dag_1.py
[2026-06-02T08:13:51.504+0000] {processor.py:830} INFO - Processing file /opt/airflow/dags/dag_1.py for tasks to queue
[2026-06-02T08:13:51.505+0000] {logging_mixin.py:188} INFO - [2026-06-02T08:13:51.504+0000] {dagbag.py:540} INFO - Filling up the DagBag from /opt/airflow/dags/dag_1.py
[2026-06-02T08:13:51.516+0000] {processor.py:840} INFO - DAG(s) 'my_first_test_dag' retrieved from /opt/airflow/dags/dag_1.py
[2026-06-02T08:13:51.535+0000] {logging_mixin.py:188} INFO - [2026-06-02T08:13:51.535+0000] {dag.py:3047} INFO - Sync 1 DAGs
[2026-06-02T08:13:51.546+0000] {logging_mixin.py:188} INFO - [2026-06-02T08:13:51.545+0000] {dag.py:3834} INFO - Setting next_dagrun for my_first_test_dag to None, run_after=None
[2026-06-02T08:13:51.567+0000] {processor.py:183} INFO - Processing /opt/airflow/dags/dag_1.py took 0.066 seconds
[2026-06-02T08:14:21.839+0000] {processor.py:161} INFO - Started process (PID=550) to work on /opt/airflow/dags/dag_1.py
[2026-06-02T08:14:21.840+0000] {processor.py:830} INFO - Processing file /opt/airflow/dags/dag_1.py for tasks to queue
[2026-06-02T08:14:21.841+0000] {logging_mixin.py:188} INFO - [2026-06-02T08:14:21.841+0000] {dagbag.py:540} INFO - Filling up the DagBag from /opt/airflow/dags/dag_1.py
[2026-06-02T08:14:21.851+0000] {processor.py:840} INFO - DAG(s) 'my_first_test_dag' retrieved from /opt/airflow/dags/dag_1.py
[2026-06-02T08:14:21.870+0000] {logging_mixin.py:188} INFO - [2026-06-02T08:14:21.870+0000] {dag.py:3047} INFO - Sync 1 DAGs
[2026-06-02T08:14:21.880+0000] {logging_mixin.py:188} INFO - [2026-06-02T08:14:21.880+0000] {dag.py:3834} INFO - Setting next_dagrun for my_first_test_dag to None, run_after=None
[2026-06-02T08:14:21.901+0000] {processor.py:183} INFO - Processing /opt/airflow/dags/dag_1.py took 0.064 seconds
[2026-06-02T08:14:52.207+0000] {processor.py:161} INFO - Started process (PID=560) to work on /opt/airflow/dags/dag_1.py
[2026-06-02T08:14:52.208+0000] {processor.py:830} INFO - Processing file /opt/airflow/dags/dag_1.py for tasks to queue
[2026-06-02T08:14:52.209+0000] {logging_mixin.py:188} INFO - [2026-06-02T08:14:52.208+0000] {dagbag.py:540} INFO - Filling up the DagBag from /opt/airflow/dags/dag_1.py
[2026-06-02T08:14:52.221+0000] {processor.py:840} INFO - DAG(s) 'my_first_test_dag' retrieved from /opt/airflow/dags/dag_1.py
[2026-06-02T08:14:52.243+0000] {logging_mixin.py:188} INFO - [2026-06-02T08:14:52.243+0000] {dag.py:3047} INFO - Sync 1 DAGs
[2026-06-02T08:14:52.255+0000] {logging_mixin.py:188} INFO - [2026-06-02T08:14:52.255+0000] {dag.py:3834} INFO - Setting next_dagrun for my_first_test_dag to None, run_after=None
[2026-06-02T08:14:52.281+0000] {processor.py:183} INFO - Processing /opt/airflow/dags/dag_1.py took 0.077 seconds
[2026-06-02T08:15:22.520+0000] {processor.py:161} INFO - Started process (PID=570) to work on /opt/airflow/dags/dag_1.py
[2026-06-02T08:15:22.521+0000] {processor.py:830} INFO - Processing file /opt/airflow/dags/dag_1.py for tasks to queue
[2026-06-02T08:15:22.522+0000] {logging_mixin.py:188} INFO - [2026-06-02T08:15:22.521+0000] {dagbag.py:540} INFO - Filling up the DagBag from /opt/airflow/dags/dag_1.py
[2026-06-02T08:15:22.533+0000] {processor.py:840} INFO - DAG(s) 'my_first_test_dag' retrieved from /opt/airflow/dags/dag_1.py
[2026-06-02T08:15:22.553+0000] {logging_mixin.py:188} INFO - [2026-06-02T08:15:22.553+0000] {dag.py:3047} INFO - Sync 1 DAGs
[2026-06-02T08:15:22.564+0000] {logging_mixin.py:188} INFO - [2026-06-02T08:15:22.564+0000] {dag.py:3834} INFO - Setting next_dagrun for my_first_test_dag to None, run_after=None
[2026-06-02T08:15:22.583+0000] {processor.py:183} INFO - Processing /opt/airflow/dags/dag_1.py took 0.065 seconds
[2026-06-02T08:15:52.821+0000] {processor.py:161} INFO - Started process (PID=580) to work on /opt/airflow/dags/dag_1.py
[2026-06-02T08:15:52.821+0000] {processor.py:830} INFO - Processing file /opt/airflow/dags/dag_1.py for tasks to queue
[2026-06-02T08:15:52.822+0000] {logging_mixin.py:188} INFO - [2026-06-02T08:15:52.822+0000] {dagbag.py:540} INFO - Filling up the DagBag from /opt/airflow/dags/dag_1.py
[2026-06-02T08:15:52.833+0000] {processor.py:840} INFO - DAG(s) 'my_first_test_dag' retrieved from /opt/airflow/dags/dag_1.py
[2026-06-02T08:15:52.851+0000] {logging_mixin.py:188} INFO - [2026-06-02T08:15:52.851+0000] {dag.py:3047} INFO - Sync 1 DAGs
[2026-06-02T08:15:52.861+0000] {logging_mixin.py:188} INFO - [2026-06-02T08:15:52.861+0000] {dag.py:3834} INFO - Setting next_dagrun for my_first_test_dag to None, run_after=None
[2026-06-02T08:15:52.879+0000] {processor.py:183} INFO - Processing /opt/airflow/dags/dag_1.py took 0.061 seconds
[2026-06-02T08:16:23.135+0000] {processor.py:161} INFO - Started process (PID=590) to work on /opt/airflow/dags/dag_1.py
[2026-06-02T08:16:23.136+0000] {processor.py:830} INFO - Processing file /opt/airflow/dags/dag_1.py for tasks to queue
[2026-06-02T08:16:23.136+0000] {logging_mixin.py:188} INFO - [2026-06-02T08:16:23.136+0000] {dagbag.py:540} INFO - Filling up the DagBag from /opt/airflow/dags/dag_1.py
[2026-06-02T08:16:23.148+0000] {processor.py:840} INFO - DAG(s) 'my_first_test_dag' retrieved from /opt/airflow/dags/dag_1.py
[2026-06-02T08:16:23.170+0000] {logging_mixin.py:188} INFO - [2026-06-02T08:16:23.170+0000] {dag.py:3047} INFO - Sync 1 DAGs
[2026-06-02T08:16:23.183+0000] {logging_mixin.py:188} INFO - [2026-06-02T08:16:23.182+0000] {dag.py:3834} INFO - Setting next_dagrun for my_first_test_dag to None, run_after=None
[2026-06-02T08:16:23.210+0000] {processor.py:183} INFO - Processing /opt/airflow/dags/dag_1.py took 0.078 seconds
[2026-06-02T08:16:53.416+0000] {processor.py:161} INFO - Started process (PID=600) to work on /opt/airflow/dags/dag_1.py
[2026-06-02T08:16:53.417+0000] {processor.py:830} INFO - Processing file /opt/airflow/dags/dag_1.py for tasks to queue
[2026-06-02T08:16:53.418+0000] {logging_mixin.py:188} INFO - [2026-06-02T08:16:53.417+0000] {dagbag.py:540} INFO - Filling up the DagBag from /opt/airflow/dags/dag_1.py
[2026-06-02T08:16:53.429+0000] {processor.py:840} INFO - DAG(s) 'my_first_test_dag' retrieved from /opt/airflow/dags/dag_1.py
[2026-06-02T08:16:53.451+0000] {logging_mixin.py:188} INFO - [2026-06-02T08:16:53.450+0000] {dag.py:3047} INFO - Sync 1 DAGs
[2026-06-02T08:16:53.461+0000] {logging_mixin.py:188} INFO - [2026-06-02T08:16:53.461+0000] {dag.py:3834} INFO - Setting next_dagrun for my_first_test_dag to None, run_after=None
[2026-06-02T08:16:53.479+0000] {processor.py:183} INFO - Processing /opt/airflow/dags/dag_1.py took 0.066 seconds
[2026-06-02T08:17:23.740+0000] {processor.py:161} INFO - Started process (PID=610) to work on /opt/airflow/dags/dag_1.py
[2026-06-02T08:17:23.741+0000] {processor.py:830} INFO - Processing file /opt/airflow/dags/dag_1.py for tasks to queue
[2026-06-02T08:17:23.741+0000] {logging_mixin.py:188} INFO - [2026-06-02T08:17:23.741+0000] {dagbag.py:540} INFO - Filling up the DagBag from /opt/airflow/dags/dag_1.py
[2026-06-02T08:17:23.753+0000] {processor.py:840} INFO - DAG(s) 'my_first_test_dag' retrieved from /opt/airflow/dags/dag_1.py
[2026-06-02T08:17:23.775+0000] {logging_mixin.py:188} INFO - [2026-06-02T08:17:23.774+0000] {dag.py:3047} INFO - Sync 1 DAGs
[2026-06-02T08:17:23.786+0000] {logging_mixin.py:188} INFO - [2026-06-02T08:17:23.786+0000] {dag.py:3834} INFO - Setting next_dagrun for my_first_test_dag to None, run_after=None
[2026-06-02T08:17:23.805+0000] {processor.py:183} INFO - Processing /opt/airflow/dags/dag_1.py took 0.068 seconds
[2026-06-02T08:17:54.050+0000] {processor.py:161} INFO - Started process (PID=620) to work on /opt/airflow/dags/dag_1.py
[2026-06-02T08:17:54.051+0000] {processor.py:830} INFO - Processing file /opt/airflow/dags/dag_1.py for tasks to queue
[2026-06-02T08:17:54.052+0000] {logging_mixin.py:188} INFO - [2026-06-02T08:17:54.052+0000] {dagbag.py:540} INFO - Filling up the DagBag from /opt/airflow/dags/dag_1.py
[2026-06-02T08:17:54.064+0000] {processor.py:840} INFO - DAG(s) 'my_first_test_dag' retrieved from /opt/airflow/dags/dag_1.py
[2026-06-02T08:17:54.085+0000] {logging_mixin.py:188} INFO - [2026-06-02T08:17:54.085+0000] {dag.py:3047} INFO - Sync 1 DAGs
[2026-06-02T08:17:54.096+0000] {logging_mixin.py:188} INFO - [2026-06-02T08:17:54.096+0000] {dag.py:3834} INFO - Setting next_dagrun for my_first_test_dag to None, run_after=None
[2026-06-02T08:17:54.115+0000] {processor.py:183} INFO - Processing /opt/airflow/dags/dag_1.py took 0.068 seconds
[2026-06-02T08:18:24.434+0000] {processor.py:161} INFO - Started process (PID=630) to work on /opt/airflow/dags/dag_1.py
[2026-06-02T08:18:24.435+0000] {processor.py:830} INFO - Processing file /opt/airflow/dags/dag_1.py for tasks to queue
[2026-06-02T08:18:24.435+0000] {logging_mixin.py:188} INFO - [2026-06-02T08:18:24.435+0000] {dagbag.py:540} INFO - Filling up the DagBag from /opt/airflow/dags/dag_1.py
[2026-06-02T08:18:24.446+0000] {processor.py:840} INFO - DAG(s) 'my_first_test_dag' retrieved from /opt/airflow/dags/dag_1.py
[2026-06-02T08:18:24.465+0000] {logging_mixin.py:188} INFO - [2026-06-02T08:18:24.465+0000] {dag.py:3047} INFO - Sync 1 DAGs
[2026-06-02T08:18:24.476+0000] {logging_mixin.py:188} INFO - [2026-06-02T08:18:24.475+0000] {dag.py:3834} INFO - Setting next_dagrun for my_first_test_dag to None, run_after=None
[2026-06-02T08:18:24.499+0000] {processor.py:183} INFO - Processing /opt/airflow/dags/dag_1.py took 0.068 seconds
[2026-06-02T08:18:54.775+0000] {processor.py:161} INFO - Started process (PID=640) to work on /opt/airflow/dags/dag_1.py
[2026-06-02T08:18:54.776+0000] {processor.py:830} INFO - Processing file /opt/airflow/dags/dag_1.py for tasks to queue
[2026-06-02T08:18:54.777+0000] {logging_mixin.py:188} INFO - [2026-06-02T08:18:54.776+0000] {dagbag.py:540} INFO - Filling up the DagBag from /opt/airflow/dags/dag_1.py
[2026-06-02T08:18:54.789+0000] {processor.py:840} INFO - DAG(s) 'my_first_test_dag' retrieved from /opt/airflow/dags/dag_1.py
[2026-06-02T08:18:54.812+0000] {logging_mixin.py:188} INFO - [2026-06-02T08:18:54.812+0000] {dag.py:3047} INFO - Sync 1 DAGs
[2026-06-02T08:18:54.824+0000] {logging_mixin.py:188} INFO - [2026-06-02T08:18:54.824+0000] {dag.py:3834} INFO - Setting next_dagrun for my_first_test_dag to None, run_after=None
[2026-06-02T08:18:54.846+0000] {processor.py:183} INFO - Processing /opt/airflow/dags/dag_1.py took 0.075 seconds
[2026-06-02T08:19:25.034+0000] {processor.py:161} INFO - Started process (PID=650) to work on /opt/airflow/dags/dag_1.py
[2026-06-02T08:19:25.035+0000] {processor.py:830} INFO - Processing file /opt/airflow/dags/dag_1.py for tasks to queue
[2026-06-02T08:19:25.036+0000] {logging_mixin.py:188} INFO - [2026-06-02T08:19:25.036+0000] {dagbag.py:540} INFO - Filling up the DagBag from /opt/airflow/dags/dag_1.py
[2026-06-02T08:19:25.050+0000] {processor.py:840} INFO - DAG(s) 'my_first_test_dag' retrieved from /opt/airflow/dags/dag_1.py
[2026-06-02T08:19:25.075+0000] {logging_mixin.py:188} INFO - [2026-06-02T08:19:25.074+0000] {dag.py:3047} INFO - Sync 1 DAGs
[2026-06-02T08:19:25.087+0000] {logging_mixin.py:188} INFO - [2026-06-02T08:19:25.087+0000] {dag.py:3834} INFO - Setting next_dagrun for my_first_test_dag to None, run_after=None
[2026-06-02T08:19:25.103+0000] {processor.py:183} INFO - Processing /opt/airflow/dags/dag_1.py took 0.073 seconds
[2026-06-02T08:19:55.366+0000] {processor.py:161} INFO - Started process (PID=660) to work on /opt/airflow/dags/dag_1.py
[2026-06-02T08:19:55.366+0000] {processor.py:830} INFO - Processing file /opt/airflow/dags/dag_1.py for tasks to queue
[2026-06-02T08:19:55.367+0000] {logging_mixin.py:188} INFO - [2026-06-02T08:19:55.367+0000] {dagbag.py:540} INFO - Filling up the DagBag from /opt/airflow/dags/dag_1.py
[2026-06-02T08:19:55.378+0000] {processor.py:840} INFO - DAG(s) 'my_first_test_dag' retrieved from /opt/airflow/dags/dag_1.py
[2026-06-02T08:19:55.397+0000] {logging_mixin.py:188} INFO - [2026-06-02T08:19:55.397+0000] {dag.py:3047} INFO - Sync 1 DAGs
[2026-06-02T08:19:55.407+0000] {logging_mixin.py:188} INFO - [2026-06-02T08:19:55.407+0000] {dag.py:3834} INFO - Setting next_dagrun for my_first_test_dag to None, run_after=None
[2026-06-02T08:19:55.426+0000] {processor.py:183} INFO - Processing /opt/airflow/dags/dag_1.py took 0.062 seconds
[2026-06-02T08:20:25.733+0000] {processor.py:161} INFO - Started process (PID=670) to work on /opt/airflow/dags/dag_1.py
[2026-06-02T08:20:25.734+0000] {processor.py:830} INFO - Processing file /opt/airflow/dags/dag_1.py for tasks to queue
[2026-06-02T08:20:25.734+0000] {logging_mixin.py:188} INFO - [2026-06-02T08:20:25.734+0000] {dagbag.py:540} INFO - Filling up the DagBag from /opt/airflow/dags/dag_1.py
[2026-06-02T08:20:25.745+0000] {processor.py:840} INFO - DAG(s) 'my_first_test_dag' retrieved from /opt/airflow/dags/dag_1.py
[2026-06-02T08:20:25.764+0000] {logging_mixin.py:188} INFO - [2026-06-02T08:20:25.764+0000] {dag.py:3047} INFO - Sync 1 DAGs
[2026-06-02T08:20:25.775+0000] {logging_mixin.py:188} INFO - [2026-06-02T08:20:25.775+0000] {dag.py:3834} INFO - Setting next_dagrun for my_first_test_dag to None, run_after=None
[2026-06-02T08:20:25.803+0000] {processor.py:183} INFO - Processing /opt/airflow/dags/dag_1.py took 0.072 seconds
[2026-06-02T08:20:56.011+0000] {processor.py:161} INFO - Started process (PID=680) to work on /opt/airflow/dags/dag_1.py
[2026-06-02T08:20:56.011+0000] {processor.py:830} INFO - Processing file /opt/airflow/dags/dag_1.py for tasks to queue
[2026-06-02T08:20:56.012+0000] {logging_mixin.py:188} INFO - [2026-06-02T08:20:56.012+0000] {dagbag.py:540} INFO - Filling up the DagBag from /opt/airflow/dags/dag_1.py
[2026-06-02T08:20:56.023+0000] {processor.py:840} INFO - DAG(s) 'my_first_test_dag' retrieved from /opt/airflow/dags/dag_1.py
[2026-06-02T08:20:56.043+0000] {logging_mixin.py:188} INFO - [2026-06-02T08:20:56.043+0000] {dag.py:3047} INFO - Sync 1 DAGs
[2026-06-02T08:20:56.054+0000] {logging_mixin.py:188} INFO - [2026-06-02T08:20:56.054+0000] {dag.py:3834} INFO - Setting next_dagrun for my_first_test_dag to None, run_after=None
[2026-06-02T08:20:56.076+0000] {processor.py:183} INFO - Processing /opt/airflow/dags/dag_1.py took 0.067 seconds
[2026-06-02T08:21:26.320+0000] {processor.py:161} INFO - Started process (PID=690) to work on /opt/airflow/dags/dag_1.py
[2026-06-02T08:21:26.320+0000] {processor.py:830} INFO - Processing file /opt/airflow/dags/dag_1.py for tasks to queue
[2026-06-02T08:21:26.321+0000] {logging_mixin.py:188} INFO - [2026-06-02T08:21:26.321+0000] {dagbag.py:540} INFO - Filling up the DagBag from /opt/airflow/dags/dag_1.py
[2026-06-02T08:21:26.332+0000] {processor.py:840} INFO - DAG(s) 'my_first_test_dag' retrieved from /opt/airflow/dags/dag_1.py
[2026-06-02T08:21:26.352+0000] {logging_mixin.py:188} INFO - [2026-06-02T08:21:26.352+0000] {dag.py:3047} INFO - Sync 1 DAGs
[2026-06-02T08:21:26.363+0000] {logging_mixin.py:188} INFO - [2026-06-02T08:21:26.362+0000] {dag.py:3834} INFO - Setting next_dagrun for my_first_test_dag to None, run_after=None
[2026-06-02T08:21:26.383+0000] {processor.py:183} INFO - Processing /opt/airflow/dags/dag_1.py took 0.066 seconds
[2026-06-02T08:21:56.676+0000] {processor.py:161} INFO - Started process (PID=700) to work on /opt/airflow/dags/dag_1.py
[2026-06-02T08:21:56.677+0000] {processor.py:830} INFO - Processing file /opt/airflow/dags/dag_1.py for tasks to queue
[2026-06-02T08:21:56.677+0000] {logging_mixin.py:188} INFO - [2026-06-02T08:21:56.677+0000] {dagbag.py:540} INFO - Filling up the DagBag from /opt/airflow/dags/dag_1.py
[2026-06-02T08:21:56.688+0000] {processor.py:840} INFO - DAG(s) 'my_first_test_dag' retrieved from /opt/airflow/dags/dag_1.py
[2026-06-02T08:21:56.706+0000] {logging_mixin.py:188} INFO - [2026-06-02T08:21:56.706+0000] {dag.py:3047} INFO - Sync 1 DAGs
[2026-06-02T08:21:56.716+0000] {logging_mixin.py:188} INFO - [2026-06-02T08:21:56.716+0000] {dag.py:3834} INFO - Setting next_dagrun for my_first_test_dag to None, run_after=None
[2026-06-02T08:21:56.735+0000] {processor.py:183} INFO - Processing /opt/airflow/dags/dag_1.py took 0.061 seconds
[2026-06-02T08:22:27.056+0000] {processor.py:161} INFO - Started process (PID=710) to work on /opt/airflow/dags/dag_1.py
[2026-06-02T08:22:27.057+0000] {processor.py:830} INFO - Processing file /opt/airflow/dags/dag_1.py for tasks to queue
[2026-06-02T08:22:27.058+0000] {logging_mixin.py:188} INFO - [2026-06-02T08:22:27.057+0000] {dagbag.py:540} INFO - Filling up the DagBag from /opt/airflow/dags/dag_1.py
[2026-06-02T08:22:27.069+0000] {processor.py:840} INFO - DAG(s) 'my_first_test_dag' retrieved from /opt/airflow/dags/dag_1.py
[2026-06-02T08:22:27.087+0000] {logging_mixin.py:188} INFO - [2026-06-02T08:22:27.087+0000] {dag.py:3047} INFO - Sync 1 DAGs
[2026-06-02T08:22:27.097+0000] {logging_mixin.py:188} INFO - [2026-06-02T08:22:27.097+0000] {dag.py:3834} INFO - Setting next_dagrun for my_first_test_dag to None, run_after=None
[2026-06-02T08:22:27.122+0000] {processor.py:183} INFO - Processing /opt/airflow/dags/dag_1.py took 0.069 seconds
[2026-06-02T08:22:57.351+0000] {processor.py:161} INFO - Started process (PID=720) to work on /opt/airflow/dags/dag_1.py
[2026-06-02T08:22:57.352+0000] {processor.py:830} INFO - Processing file /opt/airflow/dags/dag_1.py for tasks to queue
[2026-06-02T08:22:57.353+0000] {logging_mixin.py:188} INFO - [2026-06-02T08:22:57.353+0000] {dagbag.py:540} INFO - Filling up the DagBag from /opt/airflow/dags/dag_1.py
[2026-06-02T08:22:57.364+0000] {processor.py:840} INFO - DAG(s) 'my_first_test_dag' retrieved from /opt/airflow/dags/dag_1.py
[2026-06-02T08:22:57.384+0000] {logging_mixin.py:188} INFO - [2026-06-02T08:22:57.384+0000] {dag.py:3047} INFO - Sync 1 DAGs
[2026-06-02T08:22:57.394+0000] {logging_mixin.py:188} INFO - [2026-06-02T08:22:57.394+0000] {dag.py:3834} INFO - Setting next_dagrun for my_first_test_dag to None, run_after=None
[2026-06-02T08:22:57.416+0000] {processor.py:183} INFO - Processing /opt/airflow/dags/dag_1.py took 0.067 seconds
[2026-06-02T08:23:27.735+0000] {processor.py:161} INFO - Started process (PID=730) to work on /opt/airflow/dags/dag_1.py
[2026-06-02T08:23:27.736+0000] {processor.py:830} INFO - Processing file /opt/airflow/dags/dag_1.py for tasks to queue
[2026-06-02T08:23:27.737+0000] {logging_mixin.py:188} INFO - [2026-06-02T08:23:27.736+0000] {dagbag.py:540} INFO - Filling up the DagBag from /opt/airflow/dags/dag_1.py
[2026-06-02T08:23:27.748+0000] {processor.py:840} INFO - DAG(s) 'my_first_test_dag' retrieved from /opt/airflow/dags/dag_1.py
[2026-06-02T08:23:27.766+0000] {logging_mixin.py:188} INFO - [2026-06-02T08:23:27.766+0000] {dag.py:3047} INFO - Sync 1 DAGs
[2026-06-02T08:23:27.776+0000] {logging_mixin.py:188} INFO - [2026-06-02T08:23:27.776+0000] {dag.py:3834} INFO - Setting next_dagrun for my_first_test_dag to None, run_after=None
[2026-06-02T08:23:27.796+0000] {processor.py:183} INFO - Processing /opt/airflow/dags/dag_1.py took 0.063 seconds
[2026-06-02T08:23:58.011+0000] {processor.py:161} INFO - Started process (PID=740) to work on /opt/airflow/dags/dag_1.py
[2026-06-02T08:23:58.012+0000] {processor.py:830} INFO - Processing file /opt/airflow/dags/dag_1.py for tasks to queue
[2026-06-02T08:23:58.013+0000] {logging_mixin.py:188} INFO - [2026-06-02T08:23:58.013+0000] {dagbag.py:540} INFO - Filling up the DagBag from /opt/airflow/dags/dag_1.py
[2026-06-02T08:23:58.024+0000] {processor.py:840} INFO - DAG(s) 'my_first_test_dag' retrieved from /opt/airflow/dags/dag_1.py
[2026-06-02T08:23:58.044+0000] {logging_mixin.py:188} INFO - [2026-06-02T08:23:58.044+0000] {dag.py:3047} INFO - Sync 1 DAGs
[2026-06-02T08:23:58.056+0000] {logging_mixin.py:188} INFO - [2026-06-02T08:23:58.056+0000] {dag.py:3834} INFO - Setting next_dagrun for my_first_test_dag to None, run_after=None
[2026-06-02T08:23:58.073+0000] {processor.py:183} INFO - Processing /opt/airflow/dags/dag_1.py took 0.064 seconds
[2026-06-02T08:24:28.376+0000] {processor.py:161} INFO - Started process (PID=750) to work on /opt/airflow/dags/dag_1.py
[2026-06-02T08:24:28.377+0000] {processor.py:830} INFO - Processing file /opt/airflow/dags/dag_1.py for tasks to queue
[2026-06-02T08:24:28.377+0000] {logging_mixin.py:188} INFO - [2026-06-02T08:24:28.377+0000] {dagbag.py:540} INFO - Filling up the DagBag from /opt/airflow/dags/dag_1.py
[2026-06-02T08:24:28.389+0000] {processor.py:840} INFO - DAG(s) 'my_first_test_dag' retrieved from /opt/airflow/dags/dag_1.py
[2026-06-02T08:24:28.408+0000] {logging_mixin.py:188} INFO - [2026-06-02T08:24:28.408+0000] {dag.py:3047} INFO - Sync 1 DAGs
[2026-06-02T08:24:28.418+0000] {logging_mixin.py:188} INFO - [2026-06-02T08:24:28.418+0000] {dag.py:3834} INFO - Setting next_dagrun for my_first_test_dag to None, run_after=None
[2026-06-02T08:24:28.437+0000] {processor.py:183} INFO - Processing /opt/airflow/dags/dag_1.py took 0.064 seconds
[2026-06-02T08:24:58.699+0000] {processor.py:161} INFO - Started process (PID=760) to work on /opt/airflow/dags/dag_1.py
[2026-06-02T08:24:58.700+0000] {processor.py:830} INFO - Processing file /opt/airflow/dags/dag_1.py for tasks to queue
[2026-06-02T08:24:58.701+0000] {logging_mixin.py:188} INFO - [2026-06-02T08:24:58.701+0000] {dagbag.py:540} INFO - Filling up the DagBag from /opt/airflow/dags/dag_1.py
[2026-06-02T08:24:58.713+0000] {processor.py:840} INFO - DAG(s) 'my_first_test_dag' retrieved from /opt/airflow/dags/dag_1.py
[2026-06-02T08:24:58.733+0000] {logging_mixin.py:188} INFO - [2026-06-02T08:24:58.733+0000] {dag.py:3047} INFO - Sync 1 DAGs
[2026-06-02T08:24:58.744+0000] {logging_mixin.py:188} INFO - [2026-06-02T08:24:58.744+0000] {dag.py:3834} INFO - Setting next_dagrun for my_first_test_dag to None, run_after=None
[2026-06-02T08:24:58.761+0000] {processor.py:183} INFO - Processing /opt/airflow/dags/dag_1.py took 0.064 seconds
[2026-06-02T08:25:29.062+0000] {processor.py:161} INFO - Started process (PID=770) to work on /opt/airflow/dags/dag_1.py
[2026-06-02T08:25:29.063+0000] {processor.py:830} INFO - Processing file /opt/airflow/dags/dag_1.py for tasks to queue
[2026-06-02T08:25:29.064+0000] {logging_mixin.py:188} INFO - [2026-06-02T08:25:29.063+0000] {dagbag.py:540} INFO - Filling up the DagBag from /opt/airflow/dags/dag_1.py
[2026-06-02T08:25:29.076+0000] {processor.py:840} INFO - DAG(s) 'my_first_test_dag' retrieved from /opt/airflow/dags/dag_1.py
[2026-06-02T08:25:29.094+0000] {logging_mixin.py:188} INFO - [2026-06-02T08:25:29.094+0000] {dag.py:3047} INFO - Sync 1 DAGs
[2026-06-02T08:25:29.104+0000] {logging_mixin.py:188} INFO - [2026-06-02T08:25:29.104+0000] {dag.py:3834} INFO - Setting next_dagrun for my_first_test_dag to None, run_after=None
[2026-06-02T08:25:29.130+0000] {processor.py:183} INFO - Processing /opt/airflow/dags/dag_1.py took 0.070 seconds
[2026-06-02T08:25:59.356+0000] {processor.py:161} INFO - Started process (PID=780) to work on /opt/airflow/dags/dag_1.py
[2026-06-02T08:25:59.357+0000] {processor.py:830} INFO - Processing file /opt/airflow/dags/dag_1.py for tasks to queue
[2026-06-02T08:25:59.358+0000] {logging_mixin.py:188} INFO - [2026-06-02T08:25:59.357+0000] {dagbag.py:540} INFO - Filling up the DagBag from /opt/airflow/dags/dag_1.py
[2026-06-02T08:25:59.369+0000] {processor.py:840} INFO - DAG(s) 'my_first_test_dag' retrieved from /opt/airflow/dags/dag_1.py
[2026-06-02T08:25:59.389+0000] {logging_mixin.py:188} INFO - [2026-06-02T08:25:59.389+0000] {dag.py:3047} INFO - Sync 1 DAGs
[2026-06-02T08:25:59.399+0000] {logging_mixin.py:188} INFO - [2026-06-02T08:25:59.399+0000] {dag.py:3834} INFO - Setting next_dagrun for my_first_test_dag to None, run_after=None
[2026-06-02T08:25:59.419+0000] {processor.py:183} INFO - Processing /opt/airflow/dags/dag_1.py took 0.065 seconds
[2026-06-02T08:26:29.687+0000] {processor.py:161} INFO - Started process (PID=790) to work on /opt/airflow/dags/dag_1.py
[2026-06-02T08:26:29.687+0000] {processor.py:830} INFO - Processing file /opt/airflow/dags/dag_1.py for tasks to queue
[2026-06-02T08:26:29.688+0000] {logging_mixin.py:188} INFO - [2026-06-02T08:26:29.688+0000] {dagbag.py:540} INFO - Filling up the DagBag from /opt/airflow/dags/dag_1.py
[2026-06-02T08:26:29.701+0000] {processor.py:840} INFO - DAG(s) 'my_first_test_dag' retrieved from /opt/airflow/dags/dag_1.py
[2026-06-02T08:26:29.723+0000] {logging_mixin.py:188} INFO - [2026-06-02T08:26:29.723+0000] {dag.py:3047} INFO - Sync 1 DAGs
[2026-06-02T08:26:29.735+0000] {logging_mixin.py:188} INFO - [2026-06-02T08:26:29.735+0000] {dag.py:3834} INFO - Setting next_dagrun for my_first_test_dag to None, run_after=None
[2026-06-02T08:26:29.755+0000] {processor.py:183} INFO - Processing /opt/airflow/dags/dag_1.py took 0.070 seconds
[2026-06-02T08:26:59.998+0000] {processor.py:161} INFO - Started process (PID=800) to work on /opt/airflow/dags/dag_1.py
[2026-06-02T08:26:59.998+0000] {processor.py:830} INFO - Processing file /opt/airflow/dags/dag_1.py for tasks to queue
[2026-06-02T08:26:59.999+0000] {logging_mixin.py:188} INFO - [2026-06-02T08:26:59.999+0000] {dagbag.py:540} INFO - Filling up the DagBag from /opt/airflow/dags/dag_1.py
[2026-06-02T08:27:00.013+0000] {processor.py:840} INFO - DAG(s) 'my_first_test_dag' retrieved from /opt/airflow/dags/dag_1.py
[2026-06-02T08:27:00.035+0000] {logging_mixin.py:188} INFO - [2026-06-02T08:27:00.035+0000] {dag.py:3047} INFO - Sync 1 DAGs
[2026-06-02T08:27:00.046+0000] {logging_mixin.py:188} INFO - [2026-06-02T08:27:00.045+0000] {dag.py:3834} INFO - Setting next_dagrun for my_first_test_dag to None, run_after=None
[2026-06-02T08:27:00.065+0000] {processor.py:183} INFO - Processing /opt/airflow/dags/dag_1.py took 0.069 seconds
[2026-06-02T08:27:30.367+0000] {processor.py:161} INFO - Started process (PID=810) to work on /opt/airflow/dags/dag_1.py
[2026-06-02T08:27:30.368+0000] {processor.py:830} INFO - Processing file /opt/airflow/dags/dag_1.py for tasks to queue
[2026-06-02T08:27:30.369+0000] {logging_mixin.py:188} INFO - [2026-06-02T08:27:30.368+0000] {dagbag.py:540} INFO - Filling up the DagBag from /opt/airflow/dags/dag_1.py
[2026-06-02T08:27:30.383+0000] {processor.py:840} INFO - DAG(s) 'my_first_test_dag' retrieved from /opt/airflow/dags/dag_1.py
[2026-06-02T08:27:30.404+0000] {logging_mixin.py:188} INFO - [2026-06-02T08:27:30.403+0000] {dag.py:3047} INFO - Sync 1 DAGs
[2026-06-02T08:27:30.415+0000] {logging_mixin.py:188} INFO - [2026-06-02T08:27:30.415+0000] {dag.py:3834} INFO - Setting next_dagrun for my_first_test_dag to None, run_after=None
[2026-06-02T08:27:30.435+0000] {processor.py:183} INFO - Processing /opt/airflow/dags/dag_1.py took 0.071 seconds
[2026-06-02T08:28:00.645+0000] {processor.py:161} INFO - Started process (PID=820) to work on /opt/airflow/dags/dag_1.py
[2026-06-02T08:28:00.646+0000] {processor.py:830} INFO - Processing file /opt/airflow/dags/dag_1.py for tasks to queue
[2026-06-02T08:28:00.647+0000] {logging_mixin.py:188} INFO - [2026-06-02T08:28:00.646+0000] {dagbag.py:540} INFO - Filling up the DagBag from /opt/airflow/dags/dag_1.py
[2026-06-02T08:28:00.658+0000] {processor.py:840} INFO - DAG(s) 'my_first_test_dag' retrieved from /opt/airflow/dags/dag_1.py
[2026-06-02T08:28:00.678+0000] {logging_mixin.py:188} INFO - [2026-06-02T08:28:00.678+0000] {dag.py:3047} INFO - Sync 1 DAGs
[2026-06-02T08:28:00.689+0000] {logging_mixin.py:188} INFO - [2026-06-02T08:28:00.689+0000] {dag.py:3834} INFO - Setting next_dagrun for my_first_test_dag to None, run_after=None
[2026-06-02T08:28:00.709+0000] {processor.py:183} INFO - Processing /opt/airflow/dags/dag_1.py took 0.067 seconds
[2026-06-02T08:28:30.987+0000] {processor.py:161} INFO - Started process (PID=830) to work on /opt/airflow/dags/dag_1.py
[2026-06-02T08:28:30.988+0000] {processor.py:830} INFO - Processing file /opt/airflow/dags/dag_1.py for tasks to queue
[2026-06-02T08:28:30.988+0000] {logging_mixin.py:188} INFO - [2026-06-02T08:28:30.988+0000] {dagbag.py:540} INFO - Filling up the DagBag from /opt/airflow/dags/dag_1.py
[2026-06-02T08:28:31.001+0000] {processor.py:840} INFO - DAG(s) 'my_first_test_dag' retrieved from /opt/airflow/dags/dag_1.py
[2026-06-02T08:28:31.022+0000] {logging_mixin.py:188} INFO - [2026-06-02T08:28:31.022+0000] {dag.py:3047} INFO - Sync 1 DAGs
[2026-06-02T08:28:31.033+0000] {logging_mixin.py:188} INFO - [2026-06-02T08:28:31.032+0000] {dag.py:3834} INFO - Setting next_dagrun for my_first_test_dag to None, run_after=None
[2026-06-02T08:28:31.056+0000] {processor.py:183} INFO - Processing /opt/airflow/dags/dag_1.py took 0.072 seconds
[2026-06-02T08:29:01.311+0000] {processor.py:161} INFO - Started process (PID=840) to work on /opt/airflow/dags/dag_1.py
[2026-06-02T08:29:01.312+0000] {processor.py:830} INFO - Processing file /opt/airflow/dags/dag_1.py for tasks to queue
[2026-06-02T08:29:01.313+0000] {logging_mixin.py:188} INFO - [2026-06-02T08:29:01.313+0000] {dagbag.py:540} INFO - Filling up the DagBag from /opt/airflow/dags/dag_1.py
[2026-06-02T08:29:01.325+0000] {processor.py:840} INFO - DAG(s) 'my_first_test_dag' retrieved from /opt/airflow/dags/dag_1.py
[2026-06-02T08:29:01.345+0000] {logging_mixin.py:188} INFO - [2026-06-02T08:29:01.344+0000] {dag.py:3047} INFO - Sync 1 DAGs
[2026-06-02T08:29:01.355+0000] {logging_mixin.py:188} INFO - [2026-06-02T08:29:01.355+0000] {dag.py:3834} INFO - Setting next_dagrun for my_first_test_dag to None, run_after=None
[2026-06-02T08:29:01.377+0000] {processor.py:183} INFO - Processing /opt/airflow/dags/dag_1.py took 0.068 seconds
[2026-06-02T08:29:31.644+0000] {processor.py:161} INFO - Started process (PID=850) to work on /opt/airflow/dags/dag_1.py
[2026-06-02T08:29:31.646+0000] {processor.py:830} INFO - Processing file /opt/airflow/dags/dag_1.py for tasks to queue
[2026-06-02T08:29:31.646+0000] {logging_mixin.py:188} INFO - [2026-06-02T08:29:31.646+0000] {dagbag.py:540} INFO - Filling up the DagBag from /opt/airflow/dags/dag_1.py
[2026-06-02T08:29:31.658+0000] {processor.py:840} INFO - DAG(s) 'my_first_test_dag' retrieved from /opt/airflow/dags/dag_1.py
[2026-06-02T08:29:31.680+0000] {logging_mixin.py:188} INFO - [2026-06-02T08:29:31.680+0000] {dag.py:3047} INFO - Sync 1 DAGs
[2026-06-02T08:29:31.691+0000] {logging_mixin.py:188} INFO - [2026-06-02T08:29:31.691+0000] {dag.py:3834} INFO - Setting next_dagrun for my_first_test_dag to None, run_after=None
[2026-06-02T08:29:31.712+0000] {processor.py:183} INFO - Processing /opt/airflow/dags/dag_1.py took 0.071 seconds
[2026-06-02T08:30:01.912+0000] {processor.py:161} INFO - Started process (PID=860) to work on /opt/airflow/dags/dag_1.py
[2026-06-02T08:30:01.913+0000] {processor.py:830} INFO - Processing file /opt/airflow/dags/dag_1.py for tasks to queue
[2026-06-02T08:30:01.914+0000] {logging_mixin.py:188} INFO - [2026-06-02T08:30:01.913+0000] {dagbag.py:540} INFO - Filling up the DagBag from /opt/airflow/dags/dag_1.py
[2026-06-02T08:30:01.926+0000] {processor.py:840} INFO - DAG(s) 'my_first_test_dag' retrieved from /opt/airflow/dags/dag_1.py
[2026-06-02T08:30:01.946+0000] {logging_mixin.py:188} INFO - [2026-06-02T08:30:01.946+0000] {dag.py:3047} INFO - Sync 1 DAGs
[2026-06-02T08:30:01.957+0000] {logging_mixin.py:188} INFO - [2026-06-02T08:30:01.957+0000] {dag.py:3834} INFO - Setting next_dagrun for my_first_test_dag to None, run_after=None
[2026-06-02T08:30:01.976+0000] {processor.py:183} INFO - Processing /opt/airflow/dags/dag_1.py took 0.066 seconds
[2026-06-02T08:30:32.236+0000] {processor.py:161} INFO - Started process (PID=870) to work on /opt/airflow/dags/dag_1.py
[2026-06-02T08:30:32.237+0000] {processor.py:830} INFO - Processing file /opt/airflow/dags/dag_1.py for tasks to queue
[2026-06-02T08:30:32.238+0000] {logging_mixin.py:188} INFO - [2026-06-02T08:30:32.237+0000] {dagbag.py:540} INFO - Filling up the DagBag from /opt/airflow/dags/dag_1.py
[2026-06-02T08:30:32.249+0000] {processor.py:840} INFO - DAG(s) 'my_first_test_dag' retrieved from /opt/airflow/dags/dag_1.py
[2026-06-02T08:30:32.268+0000] {logging_mixin.py:188} INFO - [2026-06-02T08:30:32.268+0000] {dag.py:3047} INFO - Sync 1 DAGs
[2026-06-02T08:30:32.279+0000] {logging_mixin.py:188} INFO - [2026-06-02T08:30:32.278+0000] {dag.py:3834} INFO - Setting next_dagrun for my_first_test_dag to None, run_after=None
[2026-06-02T08:30:32.303+0000] {processor.py:183} INFO - Processing /opt/airflow/dags/dag_1.py took 0.069 seconds
[2026-06-02T08:31:02.511+0000] {processor.py:161} INFO - Started process (PID=880) to work on /opt/airflow/dags/dag_1.py
[2026-06-02T08:31:02.512+0000] {processor.py:830} INFO - Processing file /opt/airflow/dags/dag_1.py for tasks to queue
[2026-06-02T08:31:02.513+0000] {logging_mixin.py:188} INFO - [2026-06-02T08:31:02.512+0000] {dagbag.py:540} INFO - Filling up the DagBag from /opt/airflow/dags/dag_1.py
[2026-06-02T08:31:02.524+0000] {processor.py:840} INFO - DAG(s) 'my_first_test_dag' retrieved from /opt/airflow/dags/dag_1.py
[2026-06-02T08:31:02.544+0000] {logging_mixin.py:188} INFO - [2026-06-02T08:31:02.544+0000] {dag.py:3047} INFO - Sync 1 DAGs
[2026-06-02T08:31:02.556+0000] {logging_mixin.py:188} INFO - [2026-06-02T08:31:02.556+0000] {dag.py:3834} INFO - Setting next_dagrun for my_first_test_dag to None, run_after=None
[2026-06-02T08:31:02.578+0000] {processor.py:183} INFO - Processing /opt/airflow/dags/dag_1.py took 0.069 seconds
[2026-06-02T08:31:32.920+0000] {processor.py:161} INFO - Started process (PID=890) to work on /opt/airflow/dags/dag_1.py
[2026-06-02T08:31:32.921+0000] {processor.py:830} INFO - Processing file /opt/airflow/dags/dag_1.py for tasks to queue
[2026-06-02T08:31:32.921+0000] {logging_mixin.py:188} INFO - [2026-06-02T08:31:32.921+0000] {dagbag.py:540} INFO - Filling up the DagBag from /opt/airflow/dags/dag_1.py
[2026-06-02T08:31:32.933+0000] {processor.py:840} INFO - DAG(s) 'my_first_test_dag' retrieved from /opt/airflow/dags/dag_1.py
[2026-06-02T08:31:32.952+0000] {logging_mixin.py:188} INFO - [2026-06-02T08:31:32.952+0000] {dag.py:3047} INFO - Sync 1 DAGs
[2026-06-02T08:31:32.962+0000] {logging_mixin.py:188} INFO - [2026-06-02T08:31:32.962+0000] {dag.py:3834} INFO - Setting next_dagrun for my_first_test_dag to None, run_after=None
[2026-06-02T08:31:32.988+0000] {processor.py:183} INFO - Processing /opt/airflow/dags/dag_1.py took 0.070 seconds
[2026-06-02T08:32:03.203+0000] {processor.py:161} INFO - Started process (PID=900) to work on /opt/airflow/dags/dag_1.py
[2026-06-02T08:32:03.204+0000] {processor.py:830} INFO - Processing file /opt/airflow/dags/dag_1.py for tasks to queue
[2026-06-02T08:32:03.204+0000] {logging_mixin.py:188} INFO - [2026-06-02T08:32:03.204+0000] {dagbag.py:540} INFO - Filling up the DagBag from /opt/airflow/dags/dag_1.py
[2026-06-02T08:32:03.216+0000] {processor.py:840} INFO - DAG(s) 'my_first_test_dag' retrieved from /opt/airflow/dags/dag_1.py
[2026-06-02T08:32:03.235+0000] {logging_mixin.py:188} INFO - [2026-06-02T08:32:03.235+0000] {dag.py:3047} INFO - Sync 1 DAGs
[2026-06-02T08:32:03.246+0000] {logging_mixin.py:188} INFO - [2026-06-02T08:32:03.246+0000] {dag.py:3834} INFO - Setting next_dagrun for my_first_test_dag to None, run_after=None
[2026-06-02T08:32:03.265+0000] {processor.py:183} INFO - Processing /opt/airflow/dags/dag_1.py took 0.064 seconds
[2026-06-02T08:32:33.537+0000] {processor.py:161} INFO - Started process (PID=910) to work on /opt/airflow/dags/dag_1.py
[2026-06-02T08:32:33.538+0000] {processor.py:830} INFO - Processing file /opt/airflow/dags/dag_1.py for tasks to queue
[2026-06-02T08:32:33.539+0000] {logging_mixin.py:188} INFO - [2026-06-02T08:32:33.539+0000] {dagbag.py:540} INFO - Filling up the DagBag from /opt/airflow/dags/dag_1.py
[2026-06-02T08:32:33.549+0000] {processor.py:840} INFO - DAG(s) 'my_first_test_dag' retrieved from /opt/airflow/dags/dag_1.py
[2026-06-02T08:32:33.569+0000] {logging_mixin.py:188} INFO - [2026-06-02T08:32:33.569+0000] {dag.py:3047} INFO - Sync 1 DAGs
[2026-06-02T08:32:33.580+0000] {logging_mixin.py:188} INFO - [2026-06-02T08:32:33.580+0000] {dag.py:3834} INFO - Setting next_dagrun for my_first_test_dag to None, run_after=None
[2026-06-02T08:32:33.599+0000] {processor.py:183} INFO - Processing /opt/airflow/dags/dag_1.py took 0.064 seconds
[2026-06-02T08:33:03.902+0000] {processor.py:161} INFO - Started process (PID=920) to work on /opt/airflow/dags/dag_1.py
[2026-06-02T08:33:03.903+0000] {processor.py:830} INFO - Processing file /opt/airflow/dags/dag_1.py for tasks to queue
[2026-06-02T08:33:03.904+0000] {logging_mixin.py:188} INFO - [2026-06-02T08:33:03.904+0000] {dagbag.py:540} INFO - Filling up the DagBag from /opt/airflow/dags/dag_1.py
[2026-06-02T08:33:03.916+0000] {processor.py:840} INFO - DAG(s) 'my_first_test_dag' retrieved from /opt/airflow/dags/dag_1.py
[2026-06-02T08:33:03.935+0000] {logging_mixin.py:188} INFO - [2026-06-02T08:33:03.934+0000] {dag.py:3047} INFO - Sync 1 DAGs
[2026-06-02T08:33:03.944+0000] {logging_mixin.py:188} INFO - [2026-06-02T08:33:03.944+0000] {dag.py:3834} INFO - Setting next_dagrun for my_first_test_dag to None, run_after=None
[2026-06-02T08:33:03.963+0000] {processor.py:183} INFO - Processing /opt/airflow/dags/dag_1.py took 0.064 seconds
[2026-06-02T08:33:34.411+0000] {processor.py:161} INFO - Started process (PID=930) to work on /opt/airflow/dags/dag_1.py
[2026-06-02T08:33:34.412+0000] {processor.py:830} INFO - Processing file /opt/airflow/dags/dag_1.py for tasks to queue
[2026-06-02T08:33:34.412+0000] {logging_mixin.py:188} INFO - [2026-06-02T08:33:34.412+0000] {dagbag.py:540} INFO - Filling up the DagBag from /opt/airflow/dags/dag_1.py
[2026-06-02T08:33:34.423+0000] {processor.py:840} INFO - DAG(s) 'my_first_test_dag' retrieved from /opt/airflow/dags/dag_1.py
[2026-06-02T08:33:34.441+0000] {logging_mixin.py:188} INFO - [2026-06-02T08:33:34.441+0000] {dag.py:3047} INFO - Sync 1 DAGs
[2026-06-02T08:33:34.451+0000] {logging_mixin.py:188} INFO - [2026-06-02T08:33:34.451+0000] {dag.py:3834} INFO - Setting next_dagrun for my_first_test_dag to None, run_after=None
[2026-06-02T08:33:34.469+0000] {processor.py:183} INFO - Processing /opt/airflow/dags/dag_1.py took 0.060 seconds
[2026-06-02T08:34:04.881+0000] {processor.py:161} INFO - Started process (PID=940) to work on /opt/airflow/dags/dag_1.py
[2026-06-02T08:34:04.882+0000] {processor.py:830} INFO - Processing file /opt/airflow/dags/dag_1.py for tasks to queue
[2026-06-02T08:34:04.883+0000] {logging_mixin.py:188} INFO - [2026-06-02T08:34:04.883+0000] {dagbag.py:540} INFO - Filling up the DagBag from /opt/airflow/dags/dag_1.py
[2026-06-02T08:34:04.895+0000] {processor.py:840} INFO - DAG(s) 'my_first_test_dag' retrieved from /opt/airflow/dags/dag_1.py
[2026-06-02T08:34:04.915+0000] {logging_mixin.py:188} INFO - [2026-06-02T08:34:04.915+0000] {dag.py:3047} INFO - Sync 1 DAGs
[2026-06-02T08:34:04.928+0000] {logging_mixin.py:188} INFO - [2026-06-02T08:34:04.927+0000] {dag.py:3834} INFO - Setting next_dagrun for my_first_test_dag to None, run_after=None
[2026-06-02T08:34:04.952+0000] {processor.py:183} INFO - Processing /opt/airflow/dags/dag_1.py took 0.074 seconds
[2026-06-02T08:34:35.193+0000] {processor.py:161} INFO - Started process (PID=950) to work on /opt/airflow/dags/dag_1.py
[2026-06-02T08:34:35.194+0000] {processor.py:830} INFO - Processing file /opt/airflow/dags/dag_1.py for tasks to queue
[2026-06-02T08:34:35.195+0000] {logging_mixin.py:188} INFO - [2026-06-02T08:34:35.195+0000] {dagbag.py:540} INFO - Filling up the DagBag from /opt/airflow/dags/dag_1.py
[2026-06-02T08:34:35.209+0000] {processor.py:840} INFO - DAG(s) 'my_first_test_dag' retrieved from /opt/airflow/dags/dag_1.py
[2026-06-02T08:34:35.230+0000] {logging_mixin.py:188} INFO - [2026-06-02T08:34:35.230+0000] {dag.py:3047} INFO - Sync 1 DAGs
[2026-06-02T08:34:35.242+0000] {logging_mixin.py:188} INFO - [2026-06-02T08:34:35.241+0000] {dag.py:3834} INFO - Setting next_dagrun for my_first_test_dag to None, run_after=None
[2026-06-02T08:34:35.257+0000] {processor.py:183} INFO - Processing /opt/airflow/dags/dag_1.py took 0.067 seconds
[2026-06-02T08:35:05.465+0000] {processor.py:161} INFO - Started process (PID=960) to work on /opt/airflow/dags/dag_1.py
[2026-06-02T08:35:05.466+0000] {processor.py:830} INFO - Processing file /opt/airflow/dags/dag_1.py for tasks to queue
[2026-06-02T08:35:05.466+0000] {logging_mixin.py:188} INFO - [2026-06-02T08:35:05.466+0000] {dagbag.py:540} INFO - Filling up the DagBag from /opt/airflow/dags/dag_1.py
[2026-06-02T08:35:05.478+0000] {processor.py:840} INFO - DAG(s) 'my_first_test_dag' retrieved from /opt/airflow/dags/dag_1.py
[2026-06-02T08:35:05.498+0000] {logging_mixin.py:188} INFO - [2026-06-02T08:35:05.497+0000] {dag.py:3047} INFO - Sync 1 DAGs
[2026-06-02T08:35:05.508+0000] {logging_mixin.py:188} INFO - [2026-06-02T08:35:05.508+0000] {dag.py:3834} INFO - Setting next_dagrun for my_first_test_dag to None, run_after=None
[2026-06-02T08:35:05.527+0000] {processor.py:183} INFO - Processing /opt/airflow/dags/dag_1.py took 0.065 seconds
[2026-06-02T08:35:35.858+0000] {processor.py:161} INFO - Started process (PID=970) to work on /opt/airflow/dags/dag_1.py
[2026-06-02T08:35:35.859+0000] {processor.py:830} INFO - Processing file /opt/airflow/dags/dag_1.py for tasks to queue
[2026-06-02T08:35:35.860+0000] {logging_mixin.py:188} INFO - [2026-06-02T08:35:35.860+0000] {dagbag.py:540} INFO - Filling up the DagBag from /opt/airflow/dags/dag_1.py
[2026-06-02T08:35:35.870+0000] {processor.py:840} INFO - DAG(s) 'my_first_test_dag' retrieved from /opt/airflow/dags/dag_1.py
[2026-06-02T08:35:35.891+0000] {logging_mixin.py:188} INFO - [2026-06-02T08:35:35.890+0000] {dag.py:3047} INFO - Sync 1 DAGs
[2026-06-02T08:35:35.901+0000] {logging_mixin.py:188} INFO - [2026-06-02T08:35:35.901+0000] {dag.py:3834} INFO - Setting next_dagrun for my_first_test_dag to None, run_after=None
[2026-06-02T08:35:35.920+0000] {processor.py:183} INFO - Processing /opt/airflow/dags/dag_1.py took 0.064 seconds
[2026-06-02T08:36:06.235+0000] {processor.py:161} INFO - Started process (PID=980) to work on /opt/airflow/dags/dag_1.py
[2026-06-02T08:36:06.236+0000] {processor.py:830} INFO - Processing file /opt/airflow/dags/dag_1.py for tasks to queue
[2026-06-02T08:36:06.237+0000] {logging_mixin.py:188} INFO - [2026-06-02T08:36:06.237+0000] {dagbag.py:540} INFO - Filling up the DagBag from /opt/airflow/dags/dag_1.py
[2026-06-02T08:36:06.252+0000] {processor.py:840} INFO - DAG(s) 'my_first_test_dag' retrieved from /opt/airflow/dags/dag_1.py
[2026-06-02T08:36:06.273+0000] {logging_mixin.py:188} INFO - [2026-06-02T08:36:06.273+0000] {dag.py:3047} INFO - Sync 1 DAGs
[2026-06-02T08:36:06.284+0000] {logging_mixin.py:188} INFO - [2026-06-02T08:36:06.284+0000] {dag.py:3834} INFO - Setting next_dagrun for my_first_test_dag to None, run_after=None
[2026-06-02T08:36:06.301+0000] {processor.py:183} INFO - Processing /opt/airflow/dags/dag_1.py took 0.068 seconds
[2026-06-02T08:36:36.629+0000] {processor.py:161} INFO - Started process (PID=990) to work on /opt/airflow/dags/dag_1.py
[2026-06-02T08:36:36.629+0000] {processor.py:830} INFO - Processing file /opt/airflow/dags/dag_1.py for tasks to queue
[2026-06-02T08:36:36.630+0000] {logging_mixin.py:188} INFO - [2026-06-02T08:36:36.630+0000] {dagbag.py:540} INFO - Filling up the DagBag from /opt/airflow/dags/dag_1.py
[2026-06-02T08:36:36.641+0000] {processor.py:840} INFO - DAG(s) 'my_first_test_dag' retrieved from /opt/airflow/dags/dag_1.py
[2026-06-02T08:36:36.660+0000] {logging_mixin.py:188} INFO - [2026-06-02T08:36:36.660+0000] {dag.py:3047} INFO - Sync 1 DAGs
[2026-06-02T08:36:36.670+0000] {logging_mixin.py:188} INFO - [2026-06-02T08:36:36.670+0000] {dag.py:3834} INFO - Setting next_dagrun for my_first_test_dag to None, run_after=None
[2026-06-02T08:36:36.692+0000] {processor.py:183} INFO - Processing /opt/airflow/dags/dag_1.py took 0.066 seconds
[2026-06-02T08:37:06.925+0000] {processor.py:161} INFO - Started process (PID=1000) to work on /opt/airflow/dags/dag_1.py
[2026-06-02T08:37:06.926+0000] {processor.py:830} INFO - Processing file /opt/airflow/dags/dag_1.py for tasks to queue
[2026-06-02T08:37:06.927+0000] {logging_mixin.py:188} INFO - [2026-06-02T08:37:06.926+0000] {dagbag.py:540} INFO - Filling up the DagBag from /opt/airflow/dags/dag_1.py
[2026-06-02T08:37:06.938+0000] {processor.py:840} INFO - DAG(s) 'my_first_test_dag' retrieved from /opt/airflow/dags/dag_1.py
[2026-06-02T08:37:06.958+0000] {logging_mixin.py:188} INFO - [2026-06-02T08:37:06.958+0000] {dag.py:3047} INFO - Sync 1 DAGs
[2026-06-02T08:37:06.969+0000] {logging_mixin.py:188} INFO - [2026-06-02T08:37:06.969+0000] {dag.py:3834} INFO - Setting next_dagrun for my_first_test_dag to None, run_after=None
[2026-06-02T08:37:06.987+0000] {processor.py:183} INFO - Processing /opt/airflow/dags/dag_1.py took 0.065 seconds
[2026-06-02T08:37:37.217+0000] {processor.py:161} INFO - Started process (PID=1010) to work on /opt/airflow/dags/dag_1.py
[2026-06-02T08:37:37.218+0000] {processor.py:830} INFO - Processing file /opt/airflow/dags/dag_1.py for tasks to queue
[2026-06-02T08:37:37.219+0000] {logging_mixin.py:188} INFO - [2026-06-02T08:37:37.219+0000] {dagbag.py:540} INFO - Filling up the DagBag from /opt/airflow/dags/dag_1.py
[2026-06-02T08:37:37.230+0000] {processor.py:840} INFO - DAG(s) 'my_first_test_dag' retrieved from /opt/airflow/dags/dag_1.py
[2026-06-02T08:37:37.249+0000] {logging_mixin.py:188} INFO - [2026-06-02T08:37:37.248+0000] {dag.py:3047} INFO - Sync 1 DAGs
[2026-06-02T08:37:37.259+0000] {logging_mixin.py:188} INFO - [2026-06-02T08:37:37.259+0000] {dag.py:3834} INFO - Setting next_dagrun for my_first_test_dag to None, run_after=None
[2026-06-02T08:37:37.279+0000] {processor.py:183} INFO - Processing /opt/airflow/dags/dag_1.py took 0.063 seconds
[2026-06-02T08:38:07.503+0000] {processor.py:161} INFO - Started process (PID=1020) to work on /opt/airflow/dags/dag_1.py
[2026-06-02T08:38:07.504+0000] {processor.py:830} INFO - Processing file /opt/airflow/dags/dag_1.py for tasks to queue
[2026-06-02T08:38:07.504+0000] {logging_mixin.py:188} INFO - [2026-06-02T08:38:07.504+0000] {dagbag.py:540} INFO - Filling up the DagBag from /opt/airflow/dags/dag_1.py
[2026-06-02T08:38:07.515+0000] {processor.py:840} INFO - DAG(s) 'my_first_test_dag' retrieved from /opt/airflow/dags/dag_1.py
[2026-06-02T08:38:07.534+0000] {logging_mixin.py:188} INFO - [2026-06-02T08:38:07.534+0000] {dag.py:3047} INFO - Sync 1 DAGs
[2026-06-02T08:38:07.546+0000] {logging_mixin.py:188} INFO - [2026-06-02T08:38:07.546+0000] {dag.py:3834} INFO - Setting next_dagrun for my_first_test_dag to None, run_after=None
[2026-06-02T08:38:07.568+0000] {processor.py:183} INFO - Processing /opt/airflow/dags/dag_1.py took 0.068 seconds
[2026-06-02T08:38:37.900+0000] {processor.py:161} INFO - Started process (PID=1030) to work on /opt/airflow/dags/dag_1.py
[2026-06-02T08:38:37.900+0000] {processor.py:830} INFO - Processing file /opt/airflow/dags/dag_1.py for tasks to queue
[2026-06-02T08:38:37.901+0000] {logging_mixin.py:188} INFO - [2026-06-02T08:38:37.901+0000] {dagbag.py:540} INFO - Filling up the DagBag from /opt/airflow/dags/dag_1.py
[2026-06-02T08:38:37.912+0000] {processor.py:840} INFO - DAG(s) 'my_first_test_dag' retrieved from /opt/airflow/dags/dag_1.py
[2026-06-02T08:38:37.931+0000] {logging_mixin.py:188} INFO - [2026-06-02T08:38:37.931+0000] {dag.py:3047} INFO - Sync 1 DAGs
[2026-06-02T08:38:37.942+0000] {logging_mixin.py:188} INFO - [2026-06-02T08:38:37.942+0000] {dag.py:3834} INFO - Setting next_dagrun for my_first_test_dag to None, run_after=None
[2026-06-02T08:38:37.965+0000] {processor.py:183} INFO - Processing /opt/airflow/dags/dag_1.py took 0.067 seconds
[2026-06-02T08:39:08.199+0000] {processor.py:161} INFO - Started process (PID=1040) to work on /opt/airflow/dags/dag_1.py
[2026-06-02T08:39:08.200+0000] {processor.py:830} INFO - Processing file /opt/airflow/dags/dag_1.py for tasks to queue
[2026-06-02T08:39:08.201+0000] {logging_mixin.py:188} INFO - [2026-06-02T08:39:08.201+0000] {dagbag.py:540} INFO - Filling up the DagBag from /opt/airflow/dags/dag_1.py
[2026-06-02T08:39:08.212+0000] {processor.py:840} INFO - DAG(s) 'my_first_test_dag' retrieved from /opt/airflow/dags/dag_1.py
[2026-06-02T08:39:08.232+0000] {logging_mixin.py:188} INFO - [2026-06-02T08:39:08.231+0000] {dag.py:3047} INFO - Sync 1 DAGs
[2026-06-02T08:39:08.242+0000] {logging_mixin.py:188} INFO - [2026-06-02T08:39:08.242+0000] {dag.py:3834} INFO - Setting next_dagrun for my_first_test_dag to None, run_after=None
[2026-06-02T08:39:08.260+0000] {processor.py:183} INFO - Processing /opt/airflow/dags/dag_1.py took 0.064 seconds
[2026-06-02T08:39:38.570+0000] {processor.py:161} INFO - Started process (PID=1050) to work on /opt/airflow/dags/dag_1.py
[2026-06-02T08:39:38.570+0000] {processor.py:830} INFO - Processing file /opt/airflow/dags/dag_1.py for tasks to queue
[2026-06-02T08:39:38.571+0000] {logging_mixin.py:188} INFO - [2026-06-02T08:39:38.571+0000] {dagbag.py:540} INFO - Filling up the DagBag from /opt/airflow/dags/dag_1.py
[2026-06-02T08:39:38.581+0000] {processor.py:840} INFO - DAG(s) 'my_first_test_dag' retrieved from /opt/airflow/dags/dag_1.py
[2026-06-02T08:39:38.601+0000] {logging_mixin.py:188} INFO - [2026-06-02T08:39:38.601+0000] {dag.py:3047} INFO - Sync 1 DAGs
[2026-06-02T08:39:38.612+0000] {logging_mixin.py:188} INFO - [2026-06-02T08:39:38.612+0000] {dag.py:3834} INFO - Setting next_dagrun for my_first_test_dag to None, run_after=None
[2026-06-02T08:39:38.632+0000] {processor.py:183} INFO - Processing /opt/airflow/dags/dag_1.py took 0.065 seconds
[2026-06-02T08:40:08.898+0000] {processor.py:161} INFO - Started process (PID=1060) to work on /opt/airflow/dags/dag_1.py
[2026-06-02T08:40:08.899+0000] {processor.py:830} INFO - Processing file /opt/airflow/dags/dag_1.py for tasks to queue
[2026-06-02T08:40:08.900+0000] {logging_mixin.py:188} INFO - [2026-06-02T08:40:08.900+0000] {dagbag.py:540} INFO - Filling up the DagBag from /opt/airflow/dags/dag_1.py
[2026-06-02T08:40:08.912+0000] {processor.py:840} INFO - DAG(s) 'my_first_test_dag' retrieved from /opt/airflow/dags/dag_1.py
[2026-06-02T08:40:08.931+0000] {logging_mixin.py:188} INFO - [2026-06-02T08:40:08.931+0000] {dag.py:3047} INFO - Sync 1 DAGs
[2026-06-02T08:40:08.941+0000] {logging_mixin.py:188} INFO - [2026-06-02T08:40:08.941+0000] {dag.py:3834} INFO - Setting next_dagrun for my_first_test_dag to None, run_after=None
[2026-06-02T08:40:08.965+0000] {processor.py:183} INFO - Processing /opt/airflow/dags/dag_1.py took 0.069 seconds
[2026-06-02T08:40:39.248+0000] {processor.py:161} INFO - Started process (PID=1070) to work on /opt/airflow/dags/dag_1.py
[2026-06-02T08:40:39.248+0000] {processor.py:830} INFO - Processing file /opt/airflow/dags/dag_1.py for tasks to queue
[2026-06-02T08:40:39.249+0000] {logging_mixin.py:188} INFO - [2026-06-02T08:40:39.249+0000] {dagbag.py:540} INFO - Filling up the DagBag from /opt/airflow/dags/dag_1.py
[2026-06-02T08:40:39.261+0000] {processor.py:840} INFO - DAG(s) 'my_first_test_dag' retrieved from /opt/airflow/dags/dag_1.py
[2026-06-02T08:40:39.284+0000] {logging_mixin.py:188} INFO - [2026-06-02T08:40:39.284+0000] {dag.py:3047} INFO - Sync 1 DAGs
[2026-06-02T08:40:39.297+0000] {logging_mixin.py:188} INFO - [2026-06-02T08:40:39.296+0000] {dag.py:3834} INFO - Setting next_dagrun for my_first_test_dag to None, run_after=None
[2026-06-02T08:40:39.315+0000] {processor.py:183} INFO - Processing /opt/airflow/dags/dag_1.py took 0.069 seconds
[2026-06-02T08:41:09.569+0000] {processor.py:161} INFO - Started process (PID=1080) to work on /opt/airflow/dags/dag_1.py
[2026-06-02T08:41:09.570+0000] {processor.py:830} INFO - Processing file /opt/airflow/dags/dag_1.py for tasks to queue
[2026-06-02T08:41:09.571+0000] {logging_mixin.py:188} INFO - [2026-06-02T08:41:09.570+0000] {dagbag.py:540} INFO - Filling up the DagBag from /opt/airflow/dags/dag_1.py
[2026-06-02T08:41:09.583+0000] {processor.py:840} INFO - DAG(s) 'my_first_test_dag' retrieved from /opt/airflow/dags/dag_1.py
[2026-06-02T08:41:09.603+0000] {logging_mixin.py:188} INFO - [2026-06-02T08:41:09.603+0000] {dag.py:3047} INFO - Sync 1 DAGs
[2026-06-02T08:41:09.614+0000] {logging_mixin.py:188} INFO - [2026-06-02T08:41:09.614+0000] {dag.py:3834} INFO - Setting next_dagrun for my_first_test_dag to None, run_after=None
[2026-06-02T08:41:09.638+0000] {processor.py:183} INFO - Processing /opt/airflow/dags/dag_1.py took 0.072 seconds
[2026-06-02T08:41:39.838+0000] {processor.py:161} INFO - Started process (PID=1090) to work on /opt/airflow/dags/dag_1.py
[2026-06-02T08:41:39.838+0000] {processor.py:830} INFO - Processing file /opt/airflow/dags/dag_1.py for tasks to queue
[2026-06-02T08:41:39.839+0000] {logging_mixin.py:188} INFO - [2026-06-02T08:41:39.839+0000] {dagbag.py:540} INFO - Filling up the DagBag from /opt/airflow/dags/dag_1.py
[2026-06-02T08:41:39.850+0000] {processor.py:840} INFO - DAG(s) 'my_first_test_dag' retrieved from /opt/airflow/dags/dag_1.py
[2026-06-02T08:41:39.871+0000] {logging_mixin.py:188} INFO - [2026-06-02T08:41:39.871+0000] {dag.py:3047} INFO - Sync 1 DAGs
[2026-06-02T08:41:39.882+0000] {logging_mixin.py:188} INFO - [2026-06-02T08:41:39.882+0000] {dag.py:3834} INFO - Setting next_dagrun for my_first_test_dag to None, run_after=None
[2026-06-02T08:41:39.900+0000] {processor.py:183} INFO - Processing /opt/airflow/dags/dag_1.py took 0.065 seconds
[2026-06-02T08:42:10.118+0000] {processor.py:161} INFO - Started process (PID=1100) to work on /opt/airflow/dags/dag_1.py
[2026-06-02T08:42:10.118+0000] {processor.py:830} INFO - Processing file /opt/airflow/dags/dag_1.py for tasks to queue
[2026-06-02T08:42:10.119+0000] {logging_mixin.py:188} INFO - [2026-06-02T08:42:10.119+0000] {dagbag.py:540} INFO - Filling up the DagBag from /opt/airflow/dags/dag_1.py
[2026-06-02T08:42:10.132+0000] {processor.py:840} INFO - DAG(s) 'my_first_test_dag' retrieved from /opt/airflow/dags/dag_1.py
[2026-06-02T08:42:10.152+0000] {logging_mixin.py:188} INFO - [2026-06-02T08:42:10.152+0000] {dag.py:3047} INFO - Sync 1 DAGs
[2026-06-02T08:42:10.162+0000] {logging_mixin.py:188} INFO - [2026-06-02T08:42:10.162+0000] {dag.py:3834} INFO - Setting next_dagrun for my_first_test_dag to None, run_after=None
[2026-06-02T08:42:10.184+0000] {processor.py:183} INFO - Processing /opt/airflow/dags/dag_1.py took 0.069 seconds
[2026-06-02T08:42:40.428+0000] {processor.py:161} INFO - Started process (PID=1110) to work on /opt/airflow/dags/dag_1.py
[2026-06-02T08:42:40.429+0000] {processor.py:830} INFO - Processing file /opt/airflow/dags/dag_1.py for tasks to queue
[2026-06-02T08:42:40.429+0000] {logging_mixin.py:188} INFO - [2026-06-02T08:42:40.429+0000] {dagbag.py:540} INFO - Filling up the DagBag from /opt/airflow/dags/dag_1.py
[2026-06-02T08:42:40.440+0000] {processor.py:840} INFO - DAG(s) 'my_first_test_dag' retrieved from /opt/airflow/dags/dag_1.py
[2026-06-02T08:42:40.460+0000] {logging_mixin.py:188} INFO - [2026-06-02T08:42:40.460+0000] {dag.py:3047} INFO - Sync 1 DAGs
[2026-06-02T08:42:40.472+0000] {logging_mixin.py:188} INFO - [2026-06-02T08:42:40.471+0000] {dag.py:3834} INFO - Setting next_dagrun for my_first_test_dag to None, run_after=None
[2026-06-02T08:42:40.490+0000] {processor.py:183} INFO - Processing /opt/airflow/dags/dag_1.py took 0.065 seconds
[2026-06-02T08:43:10.777+0000] {processor.py:161} INFO - Started process (PID=1120) to work on /opt/airflow/dags/dag_1.py
[2026-06-02T08:43:10.778+0000] {processor.py:830} INFO - Processing file /opt/airflow/dags/dag_1.py for tasks to queue
[2026-06-02T08:43:10.779+0000] {logging_mixin.py:188} INFO - [2026-06-02T08:43:10.779+0000] {dagbag.py:540} INFO - Filling up the DagBag from /opt/airflow/dags/dag_1.py
[2026-06-02T08:43:10.792+0000] {processor.py:840} INFO - DAG(s) 'my_first_test_dag' retrieved from /opt/airflow/dags/dag_1.py
[2026-06-02T08:43:10.811+0000] {logging_mixin.py:188} INFO - [2026-06-02T08:43:10.811+0000] {dag.py:3047} INFO - Sync 1 DAGs
[2026-06-02T08:43:10.822+0000] {logging_mixin.py:188} INFO - [2026-06-02T08:43:10.822+0000] {dag.py:3834} INFO - Setting next_dagrun for my_first_test_dag to None, run_after=None
[2026-06-02T08:43:10.848+0000] {processor.py:183} INFO - Processing /opt/airflow/dags/dag_1.py took 0.073 seconds
[2026-06-02T08:43:41.104+0000] {processor.py:161} INFO - Started process (PID=1130) to work on /opt/airflow/dags/dag_1.py
[2026-06-02T08:43:41.105+0000] {processor.py:830} INFO - Processing file /opt/airflow/dags/dag_1.py for tasks to queue
[2026-06-02T08:43:41.106+0000] {logging_mixin.py:188} INFO - [2026-06-02T08:43:41.106+0000] {dagbag.py:540} INFO - Filling up the DagBag from /opt/airflow/dags/dag_1.py
[2026-06-02T08:43:41.123+0000] {processor.py:840} INFO - DAG(s) 'my_first_test_dag' retrieved from /opt/airflow/dags/dag_1.py
[2026-06-02T08:43:41.146+0000] {logging_mixin.py:188} INFO - [2026-06-02T08:43:41.146+0000] {dag.py:3047} INFO - Sync 1 DAGs
[2026-06-02T08:43:41.157+0000] {logging_mixin.py:188} INFO - [2026-06-02T08:43:41.157+0000] {dag.py:3834} INFO - Setting next_dagrun for my_first_test_dag to None, run_after=None
[2026-06-02T08:43:41.178+0000] {processor.py:183} INFO - Processing /opt/airflow/dags/dag_1.py took 0.078 seconds
[2026-06-02T08:44:11.380+0000] {processor.py:161} INFO - Started process (PID=1140) to work on /opt/airflow/dags/dag_1.py
[2026-06-02T08:44:11.381+0000] {processor.py:830} INFO - Processing file /opt/airflow/dags/dag_1.py for tasks to queue
[2026-06-02T08:44:11.382+0000] {logging_mixin.py:188} INFO - [2026-06-02T08:44:11.382+0000] {dagbag.py:540} INFO - Filling up the DagBag from /opt/airflow/dags/dag_1.py
[2026-06-02T08:44:11.393+0000] {processor.py:840} INFO - DAG(s) 'my_first_test_dag' retrieved from /opt/airflow/dags/dag_1.py
[2026-06-02T08:44:11.412+0000] {logging_mixin.py:188} INFO - [2026-06-02T08:44:11.412+0000] {dag.py:3047} INFO - Sync 1 DAGs
[2026-06-02T08:44:11.422+0000] {logging_mixin.py:188} INFO - [2026-06-02T08:44:11.422+0000] {dag.py:3834} INFO - Setting next_dagrun for my_first_test_dag to None, run_after=None
[2026-06-02T08:44:11.448+0000] {processor.py:183} INFO - Processing /opt/airflow/dags/dag_1.py took 0.070 seconds
[2026-06-02T08:44:41.775+0000] {processor.py:161} INFO - Started process (PID=1150) to work on /opt/airflow/dags/dag_1.py
[2026-06-02T08:44:41.776+0000] {processor.py:830} INFO - Processing file /opt/airflow/dags/dag_1.py for tasks to queue
[2026-06-02T08:44:41.777+0000] {logging_mixin.py:188} INFO - [2026-06-02T08:44:41.776+0000] {dagbag.py:540} INFO - Filling up the DagBag from /opt/airflow/dags/dag_1.py
[2026-06-02T08:44:41.787+0000] {processor.py:840} INFO - DAG(s) 'my_first_test_dag' retrieved from /opt/airflow/dags/dag_1.py
[2026-06-02T08:44:41.807+0000] {logging_mixin.py:188} INFO - [2026-06-02T08:44:41.807+0000] {dag.py:3047} INFO - Sync 1 DAGs
[2026-06-02T08:44:41.817+0000] {logging_mixin.py:188} INFO - [2026-06-02T08:44:41.817+0000] {dag.py:3834} INFO - Setting next_dagrun for my_first_test_dag to None, run_after=None
[2026-06-02T08:44:41.839+0000] {processor.py:183} INFO - Processing /opt/airflow/dags/dag_1.py took 0.066 seconds
[2026-06-02T08:45:12.094+0000] {processor.py:161} INFO - Started process (PID=1160) to work on /opt/airflow/dags/dag_1.py
[2026-06-02T08:45:12.095+0000] {processor.py:830} INFO - Processing file /opt/airflow/dags/dag_1.py for tasks to queue
[2026-06-02T08:45:12.096+0000] {logging_mixin.py:188} INFO - [2026-06-02T08:45:12.095+0000] {dagbag.py:540} INFO - Filling up the DagBag from /opt/airflow/dags/dag_1.py
[2026-06-02T08:45:12.110+0000] {processor.py:840} INFO - DAG(s) 'my_first_test_dag' retrieved from /opt/airflow/dags/dag_1.py
[2026-06-02T08:45:12.132+0000] {logging_mixin.py:188} INFO - [2026-06-02T08:45:12.131+0000] {dag.py:3047} INFO - Sync 1 DAGs
[2026-06-02T08:45:12.145+0000] {logging_mixin.py:188} INFO - [2026-06-02T08:45:12.145+0000] {dag.py:3834} INFO - Setting next_dagrun for my_first_test_dag to None, run_after=None
[2026-06-02T08:45:12.167+0000] {processor.py:183} INFO - Processing /opt/airflow/dags/dag_1.py took 0.075 seconds
[2026-06-02T08:45:42.494+0000] {processor.py:161} INFO - Started process (PID=1170) to work on /opt/airflow/dags/dag_1.py
[2026-06-02T08:45:42.494+0000] {processor.py:830} INFO - Processing file /opt/airflow/dags/dag_1.py for tasks to queue
[2026-06-02T08:45:42.495+0000] {logging_mixin.py:188} INFO - [2026-06-02T08:45:42.495+0000] {dagbag.py:540} INFO - Filling up the DagBag from /opt/airflow/dags/dag_1.py
[2026-06-02T08:45:42.506+0000] {processor.py:840} INFO - DAG(s) 'my_first_test_dag' retrieved from /opt/airflow/dags/dag_1.py
[2026-06-02T08:45:42.525+0000] {logging_mixin.py:188} INFO - [2026-06-02T08:45:42.525+0000] {dag.py:3047} INFO - Sync 1 DAGs
[2026-06-02T08:45:42.535+0000] {logging_mixin.py:188} INFO - [2026-06-02T08:45:42.535+0000] {dag.py:3834} INFO - Setting next_dagrun for my_first_test_dag to None, run_after=None
[2026-06-02T08:45:42.553+0000] {processor.py:183} INFO - Processing /opt/airflow/dags/dag_1.py took 0.062 seconds
[2026-06-02T08:46:12.893+0000] {processor.py:161} INFO - Started process (PID=1180) to work on /opt/airflow/dags/dag_1.py
[2026-06-02T08:46:12.894+0000] {processor.py:830} INFO - Processing file /opt/airflow/dags/dag_1.py for tasks to queue
[2026-06-02T08:46:12.895+0000] {logging_mixin.py:188} INFO - [2026-06-02T08:46:12.895+0000] {dagbag.py:540} INFO - Filling up the DagBag from /opt/airflow/dags/dag_1.py
[2026-06-02T08:46:12.908+0000] {processor.py:840} INFO - DAG(s) 'my_first_test_dag' retrieved from /opt/airflow/dags/dag_1.py
[2026-06-02T08:46:12.930+0000] {logging_mixin.py:188} INFO - [2026-06-02T08:46:12.930+0000] {dag.py:3047} INFO - Sync 1 DAGs
[2026-06-02T08:46:12.940+0000] {logging_mixin.py:188} INFO - [2026-06-02T08:46:12.940+0000] {dag.py:3834} INFO - Setting next_dagrun for my_first_test_dag to None, run_after=None
[2026-06-02T08:46:12.959+0000] {processor.py:183} INFO - Processing /opt/airflow/dags/dag_1.py took 0.069 seconds
[2026-06-02T08:46:43.310+0000] {processor.py:161} INFO - Started process (PID=1190) to work on /opt/airflow/dags/dag_1.py
[2026-06-02T08:46:43.311+0000] {processor.py:830} INFO - Processing file /opt/airflow/dags/dag_1.py for tasks to queue
[2026-06-02T08:46:43.312+0000] {logging_mixin.py:188} INFO - [2026-06-02T08:46:43.311+0000] {dagbag.py:540} INFO - Filling up the DagBag from /opt/airflow/dags/dag_1.py
[2026-06-02T08:46:43.323+0000] {processor.py:840} INFO - DAG(s) 'my_first_test_dag' retrieved from /opt/airflow/dags/dag_1.py
[2026-06-02T08:46:43.342+0000] {logging_mixin.py:188} INFO - [2026-06-02T08:46:43.342+0000] {dag.py:3047} INFO - Sync 1 DAGs
[2026-06-02T08:46:43.353+0000] {logging_mixin.py:188} INFO - [2026-06-02T08:46:43.353+0000] {dag.py:3834} INFO - Setting next_dagrun for my_first_test_dag to None, run_after=None
[2026-06-02T08:46:43.369+0000] {processor.py:183} INFO - Processing /opt/airflow/dags/dag_1.py took 0.062 seconds
[2026-06-02T08:47:13.861+0000] {processor.py:161} INFO - Started process (PID=1200) to work on /opt/airflow/dags/dag_1.py
[2026-06-02T08:47:13.862+0000] {processor.py:830} INFO - Processing file /opt/airflow/dags/dag_1.py for tasks to queue
[2026-06-02T08:47:13.862+0000] {logging_mixin.py:188} INFO - [2026-06-02T08:47:13.862+0000] {dagbag.py:540} INFO - Filling up the DagBag from /opt/airflow/dags/dag_1.py
[2026-06-02T08:47:13.873+0000] {processor.py:840} INFO - DAG(s) 'my_first_test_dag' retrieved from /opt/airflow/dags/dag_1.py
[2026-06-02T08:47:13.892+0000] {logging_mixin.py:188} INFO - [2026-06-02T08:47:13.891+0000] {dag.py:3047} INFO - Sync 1 DAGs
[2026-06-02T08:47:13.902+0000] {logging_mixin.py:188} INFO - [2026-06-02T08:47:13.902+0000] {dag.py:3834} INFO - Setting next_dagrun for my_first_test_dag to None, run_after=None
[2026-06-02T08:47:13.921+0000] {processor.py:183} INFO - Processing /opt/airflow/dags/dag_1.py took 0.062 seconds
[2026-06-02T08:47:44.246+0000] {processor.py:161} INFO - Started process (PID=1210) to work on /opt/airflow/dags/dag_1.py
[2026-06-02T08:47:44.247+0000] {processor.py:830} INFO - Processing file /opt/airflow/dags/dag_1.py for tasks to queue
[2026-06-02T08:47:44.248+0000] {logging_mixin.py:188} INFO - [2026-06-02T08:47:44.247+0000] {dagbag.py:540} INFO - Filling up the DagBag from /opt/airflow/dags/dag_1.py
[2026-06-02T08:47:44.261+0000] {processor.py:840} INFO - DAG(s) 'my_first_test_dag' retrieved from /opt/airflow/dags/dag_1.py
[2026-06-02T08:47:44.281+0000] {logging_mixin.py:188} INFO - [2026-06-02T08:47:44.281+0000] {dag.py:3047} INFO - Sync 1 DAGs
[2026-06-02T08:47:44.292+0000] {logging_mixin.py:188} INFO - [2026-06-02T08:47:44.291+0000] {dag.py:3834} INFO - Setting next_dagrun for my_first_test_dag to None, run_after=None
[2026-06-02T08:47:44.313+0000] {processor.py:183} INFO - Processing /opt/airflow/dags/dag_1.py took 0.069 seconds
[2026-06-02T08:48:14.570+0000] {processor.py:161} INFO - Started process (PID=1220) to work on /opt/airflow/dags/dag_1.py
[2026-06-02T08:48:14.571+0000] {processor.py:830} INFO - Processing file /opt/airflow/dags/dag_1.py for tasks to queue
[2026-06-02T08:48:14.572+0000] {logging_mixin.py:188} INFO - [2026-06-02T08:48:14.572+0000] {dagbag.py:540} INFO - Filling up the DagBag from /opt/airflow/dags/dag_1.py
[2026-06-02T08:48:14.583+0000] {processor.py:840} INFO - DAG(s) 'my_first_test_dag' retrieved from /opt/airflow/dags/dag_1.py
[2026-06-02T08:48:14.602+0000] {logging_mixin.py:188} INFO - [2026-06-02T08:48:14.602+0000] {dag.py:3047} INFO - Sync 1 DAGs
[2026-06-02T08:48:14.612+0000] {logging_mixin.py:188} INFO - [2026-06-02T08:48:14.612+0000] {dag.py:3834} INFO - Setting next_dagrun for my_first_test_dag to None, run_after=None
[2026-06-02T08:48:14.633+0000] {processor.py:183} INFO - Processing /opt/airflow/dags/dag_1.py took 0.066 seconds
[2026-06-02T08:48:44.997+0000] {processor.py:161} INFO - Started process (PID=1230) to work on /opt/airflow/dags/dag_1.py
[2026-06-02T08:48:44.998+0000] {processor.py:830} INFO - Processing file /opt/airflow/dags/dag_1.py for tasks to queue
[2026-06-02T08:48:44.999+0000] {logging_mixin.py:188} INFO - [2026-06-02T08:48:44.999+0000] {dagbag.py:540} INFO - Filling up the DagBag from /opt/airflow/dags/dag_1.py
[2026-06-02T08:48:45.012+0000] {processor.py:840} INFO - DAG(s) 'my_first_test_dag' retrieved from /opt/airflow/dags/dag_1.py
[2026-06-02T08:48:45.030+0000] {logging_mixin.py:188} INFO - [2026-06-02T08:48:45.030+0000] {dag.py:3047} INFO - Sync 1 DAGs
[2026-06-02T08:48:45.039+0000] {logging_mixin.py:188} INFO - [2026-06-02T08:48:45.039+0000] {dag.py:3834} INFO - Setting next_dagrun for my_first_test_dag to None, run_after=None
[2026-06-02T08:48:45.061+0000] {processor.py:183} INFO - Processing /opt/airflow/dags/dag_1.py took 0.066 seconds
[2026-06-02T08:48:55.167+0000] {processor.py:161} INFO - Started process (PID=1237) to work on /opt/airflow/dags/dag_1.py
[2026-06-02T08:48:55.168+0000] {processor.py:830} INFO - Processing file /opt/airflow/dags/dag_1.py for tasks to queue
[2026-06-02T08:48:55.169+0000] {logging_mixin.py:188} INFO - [2026-06-02T08:48:55.169+0000] {dagbag.py:540} INFO - Filling up the DagBag from /opt/airflow/dags/dag_1.py
[2026-06-02T08:48:55.182+0000] {processor.py:842} WARNING - No viable dags retrieved from /opt/airflow/dags/dag_1.py
[2026-06-02T08:48:55.192+0000] {processor.py:183} INFO - Processing /opt/airflow/dags/dag_1.py took 0.027 seconds
[2026-06-02T08:49:25.531+0000] {processor.py:161} INFO - Started process (PID=1247) to work on /opt/airflow/dags/dag_1.py
[2026-06-02T08:49:25.532+0000] {processor.py:830} INFO - Processing file /opt/airflow/dags/dag_1.py for tasks to queue
[2026-06-02T08:49:25.532+0000] {logging_mixin.py:188} INFO - [2026-06-02T08:49:25.532+0000] {dagbag.py:540} INFO - Filling up the DagBag from /opt/airflow/dags/dag_1.py
[2026-06-02T08:49:25.540+0000] {processor.py:842} WARNING - No viable dags retrieved from /opt/airflow/dags/dag_1.py
[2026-06-02T08:49:25.551+0000] {processor.py:183} INFO - Processing /opt/airflow/dags/dag_1.py took 0.023 seconds
[2026-06-02T08:49:55.876+0000] {processor.py:161} INFO - Started process (PID=1257) to work on /opt/airflow/dags/dag_1.py
[2026-06-02T08:49:55.877+0000] {processor.py:830} INFO - Processing file /opt/airflow/dags/dag_1.py for tasks to queue
[2026-06-02T08:49:55.880+0000] {logging_mixin.py:188} INFO - [2026-06-02T08:49:55.879+0000] {dagbag.py:540} INFO - Filling up the DagBag from /opt/airflow/dags/dag_1.py
[2026-06-02T08:49:55.886+0000] {processor.py:842} WARNING - No viable dags retrieved from /opt/airflow/dags/dag_1.py
[2026-06-02T08:49:55.896+0000] {processor.py:183} INFO - Processing /opt/airflow/dags/dag_1.py took 0.023 seconds
[2026-06-02T08:50:26.365+0000] {processor.py:161} INFO - Started process (PID=1267) to work on /opt/airflow/dags/dag_1.py
[2026-06-02T08:50:26.366+0000] {processor.py:830} INFO - Processing file /opt/airflow/dags/dag_1.py for tasks to queue
[2026-06-02T08:50:26.367+0000] {logging_mixin.py:188} INFO - [2026-06-02T08:50:26.367+0000] {dagbag.py:540} INFO - Filling up the DagBag from /opt/airflow/dags/dag_1.py
[2026-06-02T08:50:26.374+0000] {processor.py:842} WARNING - No viable dags retrieved from /opt/airflow/dags/dag_1.py
[2026-06-02T08:50:26.383+0000] {processor.py:183} INFO - Processing /opt/airflow/dags/dag_1.py took 0.020 seconds
[2026-06-02T08:50:56.911+0000] {processor.py:161} INFO - Started process (PID=1277) to work on /opt/airflow/dags/dag_1.py
[2026-06-02T08:50:56.912+0000] {processor.py:830} INFO - Processing file /opt/airflow/dags/dag_1.py for tasks to queue
[2026-06-02T08:50:56.912+0000] {logging_mixin.py:188} INFO - [2026-06-02T08:50:56.912+0000] {dagbag.py:540} INFO - Filling up the DagBag from /opt/airflow/dags/dag_1.py
[2026-06-02T08:50:56.919+0000] {processor.py:842} WARNING - No viable dags retrieved from /opt/airflow/dags/dag_1.py
[2026-06-02T08:50:56.930+0000] {processor.py:183} INFO - Processing /opt/airflow/dags/dag_1.py took 0.021 seconds
[2026-06-02T08:51:27.352+0000] {processor.py:161} INFO - Started process (PID=1287) to work on /opt/airflow/dags/dag_1.py
[2026-06-02T08:51:27.353+0000] {processor.py:830} INFO - Processing file /opt/airflow/dags/dag_1.py for tasks to queue
[2026-06-02T08:51:27.354+0000] {logging_mixin.py:188} INFO - [2026-06-02T08:51:27.354+0000] {dagbag.py:540} INFO - Filling up the DagBag from /opt/airflow/dags/dag_1.py
[2026-06-02T08:51:27.361+0000] {processor.py:842} WARNING - No viable dags retrieved from /opt/airflow/dags/dag_1.py
[2026-06-02T08:51:27.372+0000] {processor.py:183} INFO - Processing /opt/airflow/dags/dag_1.py took 0.023 seconds
[2026-06-02T08:51:57.812+0000] {processor.py:161} INFO - Started process (PID=1297) to work on /opt/airflow/dags/dag_1.py
[2026-06-02T08:51:57.813+0000] {processor.py:830} INFO - Processing file /opt/airflow/dags/dag_1.py for tasks to queue
[2026-06-02T08:51:57.813+0000] {logging_mixin.py:188} INFO - [2026-06-02T08:51:57.813+0000] {dagbag.py:540} INFO - Filling up the DagBag from /opt/airflow/dags/dag_1.py
[2026-06-02T08:51:57.820+0000] {processor.py:842} WARNING - No viable dags retrieved from /opt/airflow/dags/dag_1.py
[2026-06-02T08:51:57.832+0000] {processor.py:183} INFO - Processing /opt/airflow/dags/dag_1.py took 0.022 seconds
[2026-06-02T08:52:28.211+0000] {processor.py:161} INFO - Started process (PID=1307) to work on /opt/airflow/dags/dag_1.py
[2026-06-02T08:52:28.212+0000] {processor.py:830} INFO - Processing file /opt/airflow/dags/dag_1.py for tasks to queue
[2026-06-02T08:52:28.213+0000] {logging_mixin.py:188} INFO - [2026-06-02T08:52:28.213+0000] {dagbag.py:540} INFO - Filling up the DagBag from /opt/airflow/dags/dag_1.py
[2026-06-02T08:52:28.220+0000] {processor.py:842} WARNING - No viable dags retrieved from /opt/airflow/dags/dag_1.py
[2026-06-02T08:52:28.232+0000] {processor.py:183} INFO - Processing /opt/airflow/dags/dag_1.py took 0.023 seconds
[2026-06-02T08:52:34.338+0000] {processor.py:161} INFO - Started process (PID=1312) to work on /opt/airflow/dags/dag_1.py
[2026-06-02T08:52:34.339+0000] {processor.py:830} INFO - Processing file /opt/airflow/dags/dag_1.py for tasks to queue
[2026-06-02T08:52:34.340+0000] {logging_mixin.py:188} INFO - [2026-06-02T08:52:34.340+0000] {dagbag.py:540} INFO - Filling up the DagBag from /opt/airflow/dags/dag_1.py
[2026-06-02T08:52:34.353+0000] {logging_mixin.py:188} INFO - [2026-06-02T08:52:34.351+0000] {dagbag.py:350} ERROR - Failed to import: /opt/airflow/dags/dag_1.py
Traceback (most recent call last):
  File "/home/airflow/.local/lib/python3.8/site-packages/airflow/models/dagbag.py", line 346, in parse
    loader.exec_module(new_module)
  File "<frozen importlib._bootstrap_external>", line 839, in exec_module
  File "<frozen importlib._bootstrap_external>", line 976, in get_code
  File "<frozen importlib._bootstrap_external>", line 906, in source_to_code
  File "<frozen importlib._bootstrap>", line 219, in _call_with_frames_removed
  File "/opt/airflow/dags/dag_1.py", line 10
    def read_file
                ^
SyntaxError: invalid syntax
[2026-06-02T08:52:34.354+0000] {processor.py:842} WARNING - No viable dags retrieved from /opt/airflow/dags/dag_1.py
[2026-06-02T08:52:34.381+0000] {processor.py:183} INFO - Processing /opt/airflow/dags/dag_1.py took 0.045 seconds
[2026-06-02T08:53:04.726+0000] {processor.py:161} INFO - Started process (PID=1322) to work on /opt/airflow/dags/dag_1.py
[2026-06-02T08:53:04.726+0000] {processor.py:830} INFO - Processing file /opt/airflow/dags/dag_1.py for tasks to queue
[2026-06-02T08:53:04.727+0000] {logging_mixin.py:188} INFO - [2026-06-02T08:53:04.727+0000] {dagbag.py:540} INFO - Filling up the DagBag from /opt/airflow/dags/dag_1.py
[2026-06-02T08:53:04.736+0000] {logging_mixin.py:188} INFO - [2026-06-02T08:53:04.735+0000] {dagbag.py:350} ERROR - Failed to import: /opt/airflow/dags/dag_1.py
Traceback (most recent call last):
  File "/home/airflow/.local/lib/python3.8/site-packages/airflow/models/dagbag.py", line 346, in parse
    loader.exec_module(new_module)
  File "<frozen importlib._bootstrap_external>", line 839, in exec_module
  File "<frozen importlib._bootstrap_external>", line 976, in get_code
  File "<frozen importlib._bootstrap_external>", line 906, in source_to_code
  File "<frozen importlib._bootstrap>", line 219, in _call_with_frames_removed
  File "/opt/airflow/dags/dag_1.py", line 10
    def read_file
                ^
SyntaxError: invalid syntax
[2026-06-02T08:53:04.737+0000] {processor.py:842} WARNING - No viable dags retrieved from /opt/airflow/dags/dag_1.py
[2026-06-02T08:53:04.751+0000] {processor.py:183} INFO - Processing /opt/airflow/dags/dag_1.py took 0.028 seconds
[2026-06-02T08:53:05.753+0000] {processor.py:161} INFO - Started process (PID=1327) to work on /opt/airflow/dags/dag_1.py
[2026-06-02T08:53:05.754+0000] {processor.py:830} INFO - Processing file /opt/airflow/dags/dag_1.py for tasks to queue
[2026-06-02T08:53:05.755+0000] {logging_mixin.py:188} INFO - [2026-06-02T08:53:05.755+0000] {dagbag.py:540} INFO - Filling up the DagBag from /opt/airflow/dags/dag_1.py
[2026-06-02T08:53:05.766+0000] {logging_mixin.py:188} INFO - [2026-06-02T08:53:05.765+0000] {dagbag.py:350} ERROR - Failed to import: /opt/airflow/dags/dag_1.py
Traceback (most recent call last):
  File "/home/airflow/.local/lib/python3.8/site-packages/airflow/models/dagbag.py", line 346, in parse
    loader.exec_module(new_module)
  File "<frozen importlib._bootstrap_external>", line 839, in exec_module
  File "<frozen importlib._bootstrap_external>", line 976, in get_code
  File "<frozen importlib._bootstrap_external>", line 906, in source_to_code
  File "<frozen importlib._bootstrap>", line 219, in _call_with_frames_removed
  File "/opt/airflow/dags/dag_1.py", line 10
    def read_file(**kwargs)
                          ^
SyntaxError: invalid syntax
[2026-06-02T08:53:05.766+0000] {processor.py:842} WARNING - No viable dags retrieved from /opt/airflow/dags/dag_1.py
[2026-06-02T08:53:05.782+0000] {processor.py:183} INFO - Processing /opt/airflow/dags/dag_1.py took 0.031 seconds
[2026-06-02T08:53:36.164+0000] {processor.py:161} INFO - Started process (PID=1337) to work on /opt/airflow/dags/dag_1.py
[2026-06-02T08:53:36.165+0000] {processor.py:830} INFO - Processing file /opt/airflow/dags/dag_1.py for tasks to queue
[2026-06-02T08:53:36.166+0000] {logging_mixin.py:188} INFO - [2026-06-02T08:53:36.166+0000] {dagbag.py:540} INFO - Filling up the DagBag from /opt/airflow/dags/dag_1.py
[2026-06-02T08:53:36.175+0000] {logging_mixin.py:188} INFO - [2026-06-02T08:53:36.175+0000] {dagbag.py:350} ERROR - Failed to import: /opt/airflow/dags/dag_1.py
Traceback (most recent call last):
  File "/home/airflow/.local/lib/python3.8/site-packages/airflow/models/dagbag.py", line 346, in parse
    loader.exec_module(new_module)
  File "<frozen importlib._bootstrap_external>", line 839, in exec_module
  File "<frozen importlib._bootstrap_external>", line 976, in get_code
  File "<frozen importlib._bootstrap_external>", line 906, in source_to_code
  File "<frozen importlib._bootstrap>", line 219, in _call_with_frames_removed
  File "/opt/airflow/dags/dag_1.py", line 10
    def read_file(**kwargs)
                          ^
SyntaxError: invalid syntax
[2026-06-02T08:53:36.176+0000] {processor.py:842} WARNING - No viable dags retrieved from /opt/airflow/dags/dag_1.py
[2026-06-02T08:53:36.198+0000] {processor.py:183} INFO - Processing /opt/airflow/dags/dag_1.py took 0.037 seconds
[2026-06-02T08:54:06.667+0000] {processor.py:161} INFO - Started process (PID=1347) to work on /opt/airflow/dags/dag_1.py
[2026-06-02T08:54:06.668+0000] {processor.py:830} INFO - Processing file /opt/airflow/dags/dag_1.py for tasks to queue
[2026-06-02T08:54:06.668+0000] {logging_mixin.py:188} INFO - [2026-06-02T08:54:06.668+0000] {dagbag.py:540} INFO - Filling up the DagBag from /opt/airflow/dags/dag_1.py
[2026-06-02T08:54:06.677+0000] {logging_mixin.py:188} INFO - [2026-06-02T08:54:06.676+0000] {dagbag.py:350} ERROR - Failed to import: /opt/airflow/dags/dag_1.py
Traceback (most recent call last):
  File "/home/airflow/.local/lib/python3.8/site-packages/airflow/models/dagbag.py", line 346, in parse
    loader.exec_module(new_module)
  File "<frozen importlib._bootstrap_external>", line 839, in exec_module
  File "<frozen importlib._bootstrap_external>", line 976, in get_code
  File "<frozen importlib._bootstrap_external>", line 906, in source_to_code
  File "<frozen importlib._bootstrap>", line 219, in _call_with_frames_removed
  File "/opt/airflow/dags/dag_1.py", line 10
    def read_file(**kwargs)
                          ^
SyntaxError: invalid syntax
[2026-06-02T08:54:06.677+0000] {processor.py:842} WARNING - No viable dags retrieved from /opt/airflow/dags/dag_1.py
[2026-06-02T08:54:06.698+0000] {processor.py:183} INFO - Processing /opt/airflow/dags/dag_1.py took 0.034 seconds
[2026-06-02T08:54:37.197+0000] {processor.py:161} INFO - Started process (PID=1357) to work on /opt/airflow/dags/dag_1.py
[2026-06-02T08:54:37.198+0000] {processor.py:830} INFO - Processing file /opt/airflow/dags/dag_1.py for tasks to queue
[2026-06-02T08:54:37.199+0000] {logging_mixin.py:188} INFO - [2026-06-02T08:54:37.199+0000] {dagbag.py:540} INFO - Filling up the DagBag from /opt/airflow/dags/dag_1.py
[2026-06-02T08:54:37.207+0000] {logging_mixin.py:188} INFO - [2026-06-02T08:54:37.206+0000] {dagbag.py:350} ERROR - Failed to import: /opt/airflow/dags/dag_1.py
Traceback (most recent call last):
  File "/home/airflow/.local/lib/python3.8/site-packages/airflow/models/dagbag.py", line 346, in parse
    loader.exec_module(new_module)
  File "<frozen importlib._bootstrap_external>", line 839, in exec_module
  File "<frozen importlib._bootstrap_external>", line 976, in get_code
  File "<frozen importlib._bootstrap_external>", line 906, in source_to_code
  File "<frozen importlib._bootstrap>", line 219, in _call_with_frames_removed
  File "/opt/airflow/dags/dag_1.py", line 10
    def read_file(**kwargs)
                          ^
SyntaxError: invalid syntax
[2026-06-02T08:54:37.207+0000] {processor.py:842} WARNING - No viable dags retrieved from /opt/airflow/dags/dag_1.py
[2026-06-02T08:54:37.229+0000] {processor.py:183} INFO - Processing /opt/airflow/dags/dag_1.py took 0.034 seconds
[2026-06-02T08:55:07.652+0000] {processor.py:161} INFO - Started process (PID=1367) to work on /opt/airflow/dags/dag_1.py
[2026-06-02T08:55:07.653+0000] {processor.py:830} INFO - Processing file /opt/airflow/dags/dag_1.py for tasks to queue
[2026-06-02T08:55:07.654+0000] {logging_mixin.py:188} INFO - [2026-06-02T08:55:07.653+0000] {dagbag.py:540} INFO - Filling up the DagBag from /opt/airflow/dags/dag_1.py
[2026-06-02T08:55:07.664+0000] {logging_mixin.py:188} INFO - [2026-06-02T08:55:07.663+0000] {dagbag.py:350} ERROR - Failed to import: /opt/airflow/dags/dag_1.py
Traceback (most recent call last):
  File "/home/airflow/.local/lib/python3.8/site-packages/airflow/models/dagbag.py", line 346, in parse
    loader.exec_module(new_module)
  File "<frozen importlib._bootstrap_external>", line 839, in exec_module
  File "<frozen importlib._bootstrap_external>", line 976, in get_code
  File "<frozen importlib._bootstrap_external>", line 906, in source_to_code
  File "<frozen importlib._bootstrap>", line 219, in _call_with_frames_removed
  File "/opt/airflow/dags/dag_1.py", line 10
    def read_file(**kwargs)
                          ^
SyntaxError: invalid syntax
[2026-06-02T08:55:07.665+0000] {processor.py:842} WARNING - No viable dags retrieved from /opt/airflow/dags/dag_1.py
[2026-06-02T08:55:07.681+0000] {processor.py:183} INFO - Processing /opt/airflow/dags/dag_1.py took 0.032 seconds
[2026-06-02T08:55:38.175+0000] {processor.py:161} INFO - Started process (PID=1377) to work on /opt/airflow/dags/dag_1.py
[2026-06-02T08:55:38.176+0000] {processor.py:830} INFO - Processing file /opt/airflow/dags/dag_1.py for tasks to queue
[2026-06-02T08:55:38.177+0000] {logging_mixin.py:188} INFO - [2026-06-02T08:55:38.177+0000] {dagbag.py:540} INFO - Filling up the DagBag from /opt/airflow/dags/dag_1.py
[2026-06-02T08:55:38.186+0000] {logging_mixin.py:188} INFO - [2026-06-02T08:55:38.186+0000] {dagbag.py:350} ERROR - Failed to import: /opt/airflow/dags/dag_1.py
Traceback (most recent call last):
  File "/home/airflow/.local/lib/python3.8/site-packages/airflow/models/dagbag.py", line 346, in parse
    loader.exec_module(new_module)
  File "<frozen importlib._bootstrap_external>", line 839, in exec_module
  File "<frozen importlib._bootstrap_external>", line 976, in get_code
  File "<frozen importlib._bootstrap_external>", line 906, in source_to_code
  File "<frozen importlib._bootstrap>", line 219, in _call_with_frames_removed
  File "/opt/airflow/dags/dag_1.py", line 10
    def read_file(**kwargs)
                          ^
SyntaxError: invalid syntax
[2026-06-02T08:55:38.187+0000] {processor.py:842} WARNING - No viable dags retrieved from /opt/airflow/dags/dag_1.py
[2026-06-02T08:55:38.202+0000] {processor.py:183} INFO - Processing /opt/airflow/dags/dag_1.py took 0.029 seconds
[2026-06-02T08:56:08.736+0000] {processor.py:161} INFO - Started process (PID=1387) to work on /opt/airflow/dags/dag_1.py
[2026-06-02T08:56:08.736+0000] {processor.py:830} INFO - Processing file /opt/airflow/dags/dag_1.py for tasks to queue
[2026-06-02T08:56:08.738+0000] {logging_mixin.py:188} INFO - [2026-06-02T08:56:08.737+0000] {dagbag.py:540} INFO - Filling up the DagBag from /opt/airflow/dags/dag_1.py
[2026-06-02T08:56:08.745+0000] {logging_mixin.py:188} INFO - [2026-06-02T08:56:08.745+0000] {dagbag.py:350} ERROR - Failed to import: /opt/airflow/dags/dag_1.py
Traceback (most recent call last):
  File "/home/airflow/.local/lib/python3.8/site-packages/airflow/models/dagbag.py", line 346, in parse
    loader.exec_module(new_module)
  File "<frozen importlib._bootstrap_external>", line 839, in exec_module
  File "<frozen importlib._bootstrap_external>", line 976, in get_code
  File "<frozen importlib._bootstrap_external>", line 906, in source_to_code
  File "<frozen importlib._bootstrap>", line 219, in _call_with_frames_removed
  File "/opt/airflow/dags/dag_1.py", line 10
    def read_file(**kwargs)
                          ^
SyntaxError: invalid syntax
[2026-06-02T08:56:08.746+0000] {processor.py:842} WARNING - No viable dags retrieved from /opt/airflow/dags/dag_1.py
[2026-06-02T08:56:08.766+0000] {processor.py:183} INFO - Processing /opt/airflow/dags/dag_1.py took 0.032 seconds
[2026-06-02T08:56:39.267+0000] {processor.py:161} INFO - Started process (PID=1397) to work on /opt/airflow/dags/dag_1.py
[2026-06-02T08:56:39.268+0000] {processor.py:830} INFO - Processing file /opt/airflow/dags/dag_1.py for tasks to queue
[2026-06-02T08:56:39.268+0000] {logging_mixin.py:188} INFO - [2026-06-02T08:56:39.268+0000] {dagbag.py:540} INFO - Filling up the DagBag from /opt/airflow/dags/dag_1.py
[2026-06-02T08:56:39.276+0000] {logging_mixin.py:188} INFO - [2026-06-02T08:56:39.276+0000] {dagbag.py:350} ERROR - Failed to import: /opt/airflow/dags/dag_1.py
Traceback (most recent call last):
  File "/home/airflow/.local/lib/python3.8/site-packages/airflow/models/dagbag.py", line 346, in parse
    loader.exec_module(new_module)
  File "<frozen importlib._bootstrap_external>", line 839, in exec_module
  File "<frozen importlib._bootstrap_external>", line 976, in get_code
  File "<frozen importlib._bootstrap_external>", line 906, in source_to_code
  File "<frozen importlib._bootstrap>", line 219, in _call_with_frames_removed
  File "/opt/airflow/dags/dag_1.py", line 10
    def read_file(**kwargs)
                          ^
SyntaxError: invalid syntax
[2026-06-02T08:56:39.277+0000] {processor.py:842} WARNING - No viable dags retrieved from /opt/airflow/dags/dag_1.py
[2026-06-02T08:56:39.297+0000] {processor.py:183} INFO - Processing /opt/airflow/dags/dag_1.py took 0.033 seconds
[2026-06-02T08:57:09.767+0000] {processor.py:161} INFO - Started process (PID=1407) to work on /opt/airflow/dags/dag_1.py
[2026-06-02T08:57:09.768+0000] {processor.py:830} INFO - Processing file /opt/airflow/dags/dag_1.py for tasks to queue
[2026-06-02T08:57:09.769+0000] {logging_mixin.py:188} INFO - [2026-06-02T08:57:09.769+0000] {dagbag.py:540} INFO - Filling up the DagBag from /opt/airflow/dags/dag_1.py
[2026-06-02T08:57:09.779+0000] {logging_mixin.py:188} INFO - [2026-06-02T08:57:09.778+0000] {dagbag.py:350} ERROR - Failed to import: /opt/airflow/dags/dag_1.py
Traceback (most recent call last):
  File "/home/airflow/.local/lib/python3.8/site-packages/airflow/models/dagbag.py", line 346, in parse
    loader.exec_module(new_module)
  File "<frozen importlib._bootstrap_external>", line 839, in exec_module
  File "<frozen importlib._bootstrap_external>", line 976, in get_code
  File "<frozen importlib._bootstrap_external>", line 906, in source_to_code
  File "<frozen importlib._bootstrap>", line 219, in _call_with_frames_removed
  File "/opt/airflow/dags/dag_1.py", line 10
    def read_file(**kwargs)
                          ^
SyntaxError: invalid syntax
[2026-06-02T08:57:09.779+0000] {processor.py:842} WARNING - No viable dags retrieved from /opt/airflow/dags/dag_1.py
[2026-06-02T08:57:09.794+0000] {processor.py:183} INFO - Processing /opt/airflow/dags/dag_1.py took 0.029 seconds
[2026-06-02T08:57:40.248+0000] {processor.py:161} INFO - Started process (PID=1417) to work on /opt/airflow/dags/dag_1.py
[2026-06-02T08:57:40.249+0000] {processor.py:830} INFO - Processing file /opt/airflow/dags/dag_1.py for tasks to queue
[2026-06-02T08:57:40.249+0000] {logging_mixin.py:188} INFO - [2026-06-02T08:57:40.249+0000] {dagbag.py:540} INFO - Filling up the DagBag from /opt/airflow/dags/dag_1.py
[2026-06-02T08:57:40.257+0000] {logging_mixin.py:188} INFO - [2026-06-02T08:57:40.257+0000] {dagbag.py:350} ERROR - Failed to import: /opt/airflow/dags/dag_1.py
Traceback (most recent call last):
  File "/home/airflow/.local/lib/python3.8/site-packages/airflow/models/dagbag.py", line 346, in parse
    loader.exec_module(new_module)
  File "<frozen importlib._bootstrap_external>", line 839, in exec_module
  File "<frozen importlib._bootstrap_external>", line 976, in get_code
  File "<frozen importlib._bootstrap_external>", line 906, in source_to_code
  File "<frozen importlib._bootstrap>", line 219, in _call_with_frames_removed
  File "/opt/airflow/dags/dag_1.py", line 10
    def read_file(**kwargs)
                          ^
SyntaxError: invalid syntax
[2026-06-02T08:57:40.258+0000] {processor.py:842} WARNING - No viable dags retrieved from /opt/airflow/dags/dag_1.py
[2026-06-02T08:57:40.273+0000] {processor.py:183} INFO - Processing /opt/airflow/dags/dag_1.py took 0.028 seconds
[2026-06-02T08:58:10.686+0000] {processor.py:161} INFO - Started process (PID=1427) to work on /opt/airflow/dags/dag_1.py
[2026-06-02T08:58:10.687+0000] {processor.py:830} INFO - Processing file /opt/airflow/dags/dag_1.py for tasks to queue
[2026-06-02T08:58:10.688+0000] {logging_mixin.py:188} INFO - [2026-06-02T08:58:10.688+0000] {dagbag.py:540} INFO - Filling up the DagBag from /opt/airflow/dags/dag_1.py
[2026-06-02T08:58:10.699+0000] {logging_mixin.py:188} INFO - [2026-06-02T08:58:10.699+0000] {dagbag.py:350} ERROR - Failed to import: /opt/airflow/dags/dag_1.py
Traceback (most recent call last):
  File "/home/airflow/.local/lib/python3.8/site-packages/airflow/models/dagbag.py", line 346, in parse
    loader.exec_module(new_module)
  File "<frozen importlib._bootstrap_external>", line 839, in exec_module
  File "<frozen importlib._bootstrap_external>", line 976, in get_code
  File "<frozen importlib._bootstrap_external>", line 906, in source_to_code
  File "<frozen importlib._bootstrap>", line 219, in _call_with_frames_removed
  File "/opt/airflow/dags/dag_1.py", line 10
    def read_file(**kwargs)
                          ^
SyntaxError: invalid syntax
[2026-06-02T08:58:10.700+0000] {processor.py:842} WARNING - No viable dags retrieved from /opt/airflow/dags/dag_1.py
[2026-06-02T08:58:10.714+0000] {processor.py:183} INFO - Processing /opt/airflow/dags/dag_1.py took 0.031 seconds
[2026-06-02T08:58:40.925+0000] {processor.py:161} INFO - Started process (PID=1437) to work on /opt/airflow/dags/dag_1.py
[2026-06-02T08:58:40.926+0000] {processor.py:830} INFO - Processing file /opt/airflow/dags/dag_1.py for tasks to queue
[2026-06-02T08:58:40.927+0000] {logging_mixin.py:188} INFO - [2026-06-02T08:58:40.927+0000] {dagbag.py:540} INFO - Filling up the DagBag from /opt/airflow/dags/dag_1.py
[2026-06-02T08:58:40.935+0000] {logging_mixin.py:188} INFO - [2026-06-02T08:58:40.935+0000] {dagbag.py:350} ERROR - Failed to import: /opt/airflow/dags/dag_1.py
Traceback (most recent call last):
  File "/home/airflow/.local/lib/python3.8/site-packages/airflow/models/dagbag.py", line 346, in parse
    loader.exec_module(new_module)
  File "<frozen importlib._bootstrap_external>", line 839, in exec_module
  File "<frozen importlib._bootstrap_external>", line 976, in get_code
  File "<frozen importlib._bootstrap_external>", line 906, in source_to_code
  File "<frozen importlib._bootstrap>", line 219, in _call_with_frames_removed
  File "/opt/airflow/dags/dag_1.py", line 10
    def read_file(**kwargs)
                          ^
SyntaxError: invalid syntax
[2026-06-02T08:58:40.936+0000] {processor.py:842} WARNING - No viable dags retrieved from /opt/airflow/dags/dag_1.py
[2026-06-02T08:58:40.951+0000] {processor.py:183} INFO - Processing /opt/airflow/dags/dag_1.py took 0.028 seconds
[2026-06-02T08:59:11.255+0000] {processor.py:161} INFO - Started process (PID=1447) to work on /opt/airflow/dags/dag_1.py
[2026-06-02T08:59:11.256+0000] {processor.py:830} INFO - Processing file /opt/airflow/dags/dag_1.py for tasks to queue
[2026-06-02T08:59:11.256+0000] {logging_mixin.py:188} INFO - [2026-06-02T08:59:11.256+0000] {dagbag.py:540} INFO - Filling up the DagBag from /opt/airflow/dags/dag_1.py
[2026-06-02T08:59:11.263+0000] {logging_mixin.py:188} INFO - [2026-06-02T08:59:11.262+0000] {dagbag.py:350} ERROR - Failed to import: /opt/airflow/dags/dag_1.py
Traceback (most recent call last):
  File "/home/airflow/.local/lib/python3.8/site-packages/airflow/models/dagbag.py", line 346, in parse
    loader.exec_module(new_module)
  File "<frozen importlib._bootstrap_external>", line 839, in exec_module
  File "<frozen importlib._bootstrap_external>", line 976, in get_code
  File "<frozen importlib._bootstrap_external>", line 906, in source_to_code
  File "<frozen importlib._bootstrap>", line 219, in _call_with_frames_removed
  File "/opt/airflow/dags/dag_1.py", line 10
    def read_file(**kwargs)
                          ^
SyntaxError: invalid syntax
[2026-06-02T08:59:11.263+0000] {processor.py:842} WARNING - No viable dags retrieved from /opt/airflow/dags/dag_1.py
[2026-06-02T08:59:11.285+0000] {processor.py:183} INFO - Processing /opt/airflow/dags/dag_1.py took 0.032 seconds
[2026-06-02T08:59:41.722+0000] {processor.py:161} INFO - Started process (PID=1457) to work on /opt/airflow/dags/dag_1.py
[2026-06-02T08:59:41.723+0000] {processor.py:830} INFO - Processing file /opt/airflow/dags/dag_1.py for tasks to queue
[2026-06-02T08:59:41.723+0000] {logging_mixin.py:188} INFO - [2026-06-02T08:59:41.723+0000] {dagbag.py:540} INFO - Filling up the DagBag from /opt/airflow/dags/dag_1.py
[2026-06-02T08:59:41.732+0000] {logging_mixin.py:188} INFO - [2026-06-02T08:59:41.731+0000] {dagbag.py:350} ERROR - Failed to import: /opt/airflow/dags/dag_1.py
Traceback (most recent call last):
  File "/home/airflow/.local/lib/python3.8/site-packages/airflow/models/dagbag.py", line 346, in parse
    loader.exec_module(new_module)
  File "<frozen importlib._bootstrap_external>", line 839, in exec_module
  File "<frozen importlib._bootstrap_external>", line 976, in get_code
  File "<frozen importlib._bootstrap_external>", line 906, in source_to_code
  File "<frozen importlib._bootstrap>", line 219, in _call_with_frames_removed
  File "/opt/airflow/dags/dag_1.py", line 10
    def read_file(**kwargs)
                          ^
SyntaxError: invalid syntax
[2026-06-02T08:59:41.732+0000] {processor.py:842} WARNING - No viable dags retrieved from /opt/airflow/dags/dag_1.py
[2026-06-02T08:59:41.754+0000] {processor.py:183} INFO - Processing /opt/airflow/dags/dag_1.py took 0.035 seconds
[2026-06-02T09:00:12.279+0000] {processor.py:161} INFO - Started process (PID=1467) to work on /opt/airflow/dags/dag_1.py
[2026-06-02T09:00:12.280+0000] {processor.py:830} INFO - Processing file /opt/airflow/dags/dag_1.py for tasks to queue
[2026-06-02T09:00:12.281+0000] {logging_mixin.py:188} INFO - [2026-06-02T09:00:12.281+0000] {dagbag.py:540} INFO - Filling up the DagBag from /opt/airflow/dags/dag_1.py
[2026-06-02T09:00:12.289+0000] {logging_mixin.py:188} INFO - [2026-06-02T09:00:12.288+0000] {dagbag.py:350} ERROR - Failed to import: /opt/airflow/dags/dag_1.py
Traceback (most recent call last):
  File "/home/airflow/.local/lib/python3.8/site-packages/airflow/models/dagbag.py", line 346, in parse
    loader.exec_module(new_module)
  File "<frozen importlib._bootstrap_external>", line 839, in exec_module
  File "<frozen importlib._bootstrap_external>", line 976, in get_code
  File "<frozen importlib._bootstrap_external>", line 906, in source_to_code
  File "<frozen importlib._bootstrap>", line 219, in _call_with_frames_removed
  File "/opt/airflow/dags/dag_1.py", line 10
    def read_file(**kwargs)
                          ^
SyntaxError: invalid syntax
[2026-06-02T09:00:12.290+0000] {processor.py:842} WARNING - No viable dags retrieved from /opt/airflow/dags/dag_1.py
[2026-06-02T09:00:12.304+0000] {processor.py:183} INFO - Processing /opt/airflow/dags/dag_1.py took 0.027 seconds
[2026-06-02T09:00:42.847+0000] {processor.py:161} INFO - Started process (PID=1477) to work on /opt/airflow/dags/dag_1.py
[2026-06-02T09:00:42.848+0000] {processor.py:830} INFO - Processing file /opt/airflow/dags/dag_1.py for tasks to queue
[2026-06-02T09:00:42.850+0000] {logging_mixin.py:188} INFO - [2026-06-02T09:00:42.849+0000] {dagbag.py:540} INFO - Filling up the DagBag from /opt/airflow/dags/dag_1.py
[2026-06-02T09:00:42.862+0000] {logging_mixin.py:188} INFO - [2026-06-02T09:00:42.862+0000] {dagbag.py:350} ERROR - Failed to import: /opt/airflow/dags/dag_1.py
Traceback (most recent call last):
  File "/home/airflow/.local/lib/python3.8/site-packages/airflow/models/dagbag.py", line 346, in parse
    loader.exec_module(new_module)
  File "<frozen importlib._bootstrap_external>", line 839, in exec_module
  File "<frozen importlib._bootstrap_external>", line 976, in get_code
  File "<frozen importlib._bootstrap_external>", line 906, in source_to_code
  File "<frozen importlib._bootstrap>", line 219, in _call_with_frames_removed
  File "/opt/airflow/dags/dag_1.py", line 10
    def read_file(**kwargs)
                          ^
SyntaxError: invalid syntax
[2026-06-02T09:00:42.863+0000] {processor.py:842} WARNING - No viable dags retrieved from /opt/airflow/dags/dag_1.py
[2026-06-02T09:00:42.886+0000] {processor.py:183} INFO - Processing /opt/airflow/dags/dag_1.py took 0.044 seconds
[2026-06-02T09:01:13.303+0000] {processor.py:161} INFO - Started process (PID=1487) to work on /opt/airflow/dags/dag_1.py
[2026-06-02T09:01:13.304+0000] {processor.py:830} INFO - Processing file /opt/airflow/dags/dag_1.py for tasks to queue
[2026-06-02T09:01:13.305+0000] {logging_mixin.py:188} INFO - [2026-06-02T09:01:13.304+0000] {dagbag.py:540} INFO - Filling up the DagBag from /opt/airflow/dags/dag_1.py
[2026-06-02T09:01:13.314+0000] {logging_mixin.py:188} INFO - [2026-06-02T09:01:13.313+0000] {dagbag.py:350} ERROR - Failed to import: /opt/airflow/dags/dag_1.py
Traceback (most recent call last):
  File "/home/airflow/.local/lib/python3.8/site-packages/airflow/models/dagbag.py", line 346, in parse
    loader.exec_module(new_module)
  File "<frozen importlib._bootstrap_external>", line 839, in exec_module
  File "<frozen importlib._bootstrap_external>", line 976, in get_code
  File "<frozen importlib._bootstrap_external>", line 906, in source_to_code
  File "<frozen importlib._bootstrap>", line 219, in _call_with_frames_removed
  File "/opt/airflow/dags/dag_1.py", line 10
    def read_file(**kwargs)
                          ^
SyntaxError: invalid syntax
[2026-06-02T09:01:13.314+0000] {processor.py:842} WARNING - No viable dags retrieved from /opt/airflow/dags/dag_1.py
[2026-06-02T09:01:13.330+0000] {processor.py:183} INFO - Processing /opt/airflow/dags/dag_1.py took 0.030 seconds
[2026-06-02T09:01:43.785+0000] {processor.py:161} INFO - Started process (PID=1497) to work on /opt/airflow/dags/dag_1.py
[2026-06-02T09:01:43.786+0000] {processor.py:830} INFO - Processing file /opt/airflow/dags/dag_1.py for tasks to queue
[2026-06-02T09:01:43.787+0000] {logging_mixin.py:188} INFO - [2026-06-02T09:01:43.787+0000] {dagbag.py:540} INFO - Filling up the DagBag from /opt/airflow/dags/dag_1.py
[2026-06-02T09:01:43.799+0000] {logging_mixin.py:188} INFO - [2026-06-02T09:01:43.799+0000] {dagbag.py:350} ERROR - Failed to import: /opt/airflow/dags/dag_1.py
Traceback (most recent call last):
  File "/home/airflow/.local/lib/python3.8/site-packages/airflow/models/dagbag.py", line 346, in parse
    loader.exec_module(new_module)
  File "<frozen importlib._bootstrap_external>", line 839, in exec_module
  File "<frozen importlib._bootstrap_external>", line 976, in get_code
  File "<frozen importlib._bootstrap_external>", line 906, in source_to_code
  File "<frozen importlib._bootstrap>", line 219, in _call_with_frames_removed
  File "/opt/airflow/dags/dag_1.py", line 10
    def read_file(**kwargs)
                          ^
SyntaxError: invalid syntax
[2026-06-02T09:01:43.800+0000] {processor.py:842} WARNING - No viable dags retrieved from /opt/airflow/dags/dag_1.py
[2026-06-02T09:01:43.821+0000] {processor.py:183} INFO - Processing /opt/airflow/dags/dag_1.py took 0.038 seconds
[2026-06-02T09:02:13.304+0000] {processor.py:161} INFO - Started process (PID=1507) to work on /opt/airflow/dags/dag_1.py
[2026-06-02T09:02:13.305+0000] {processor.py:830} INFO - Processing file /opt/airflow/dags/dag_1.py for tasks to queue
[2026-06-02T09:02:13.306+0000] {logging_mixin.py:188} INFO - [2026-06-02T09:02:13.306+0000] {dagbag.py:540} INFO - Filling up the DagBag from /opt/airflow/dags/dag_1.py
[2026-06-02T09:02:13.325+0000] {processor.py:842} WARNING - No viable dags retrieved from /opt/airflow/dags/dag_1.py
[2026-06-02T09:02:13.338+0000] {processor.py:183} INFO - Processing /opt/airflow/dags/dag_1.py took 0.037 seconds
[2026-06-02T09:02:38.620+0000] {processor.py:161} INFO - Started process (PID=1517) to work on /opt/airflow/dags/dag_1.py
[2026-06-02T09:02:38.621+0000] {processor.py:830} INFO - Processing file /opt/airflow/dags/dag_1.py for tasks to queue
[2026-06-02T09:02:38.622+0000] {logging_mixin.py:188} INFO - [2026-06-02T09:02:38.622+0000] {dagbag.py:540} INFO - Filling up the DagBag from /opt/airflow/dags/dag_1.py
[2026-06-02T09:02:38.641+0000] {logging_mixin.py:188} INFO - [2026-06-02T09:02:38.640+0000] {dagbag.py:350} ERROR - Failed to import: /opt/airflow/dags/dag_1.py
Traceback (most recent call last):
  File "/home/airflow/.local/lib/python3.8/site-packages/airflow/models/dagbag.py", line 346, in parse
    loader.exec_module(new_module)
  File "<frozen importlib._bootstrap_external>", line 839, in exec_module
  File "<frozen importlib._bootstrap_external>", line 976, in get_code
  File "<frozen importlib._bootstrap_external>", line 906, in source_to_code
  File "<frozen importlib._bootstrap>", line 219, in _call_with_frames_removed
  File "/opt/airflow/dags/dag_1.py", line 13
    if
      ^
SyntaxError: invalid syntax
[2026-06-02T09:02:38.642+0000] {processor.py:842} WARNING - No viable dags retrieved from /opt/airflow/dags/dag_1.py
[2026-06-02T09:02:38.670+0000] {processor.py:183} INFO - Processing /opt/airflow/dags/dag_1.py took 0.053 seconds
[2026-06-02T09:03:09.015+0000] {processor.py:161} INFO - Started process (PID=1527) to work on /opt/airflow/dags/dag_1.py
[2026-06-02T09:03:09.016+0000] {processor.py:830} INFO - Processing file /opt/airflow/dags/dag_1.py for tasks to queue
[2026-06-02T09:03:09.017+0000] {logging_mixin.py:188} INFO - [2026-06-02T09:03:09.016+0000] {dagbag.py:540} INFO - Filling up the DagBag from /opt/airflow/dags/dag_1.py
[2026-06-02T09:03:09.026+0000] {logging_mixin.py:188} INFO - [2026-06-02T09:03:09.025+0000] {dagbag.py:350} ERROR - Failed to import: /opt/airflow/dags/dag_1.py
Traceback (most recent call last):
  File "/home/airflow/.local/lib/python3.8/site-packages/airflow/models/dagbag.py", line 346, in parse
    loader.exec_module(new_module)
  File "<frozen importlib._bootstrap_external>", line 839, in exec_module
  File "<frozen importlib._bootstrap_external>", line 976, in get_code
  File "<frozen importlib._bootstrap_external>", line 906, in source_to_code
  File "<frozen importlib._bootstrap>", line 219, in _call_with_frames_removed
  File "/opt/airflow/dags/dag_1.py", line 13
    if
      ^
SyntaxError: invalid syntax
[2026-06-02T09:03:09.026+0000] {processor.py:842} WARNING - No viable dags retrieved from /opt/airflow/dags/dag_1.py
[2026-06-02T09:03:09.043+0000] {processor.py:183} INFO - Processing /opt/airflow/dags/dag_1.py took 0.030 seconds
[2026-06-02T09:03:39.434+0000] {processor.py:161} INFO - Started process (PID=1537) to work on /opt/airflow/dags/dag_1.py
[2026-06-02T09:03:39.435+0000] {processor.py:830} INFO - Processing file /opt/airflow/dags/dag_1.py for tasks to queue
[2026-06-02T09:03:39.435+0000] {logging_mixin.py:188} INFO - [2026-06-02T09:03:39.435+0000] {dagbag.py:540} INFO - Filling up the DagBag from /opt/airflow/dags/dag_1.py
[2026-06-02T09:03:39.443+0000] {logging_mixin.py:188} INFO - [2026-06-02T09:03:39.443+0000] {dagbag.py:350} ERROR - Failed to import: /opt/airflow/dags/dag_1.py
Traceback (most recent call last):
  File "/home/airflow/.local/lib/python3.8/site-packages/airflow/models/dagbag.py", line 346, in parse
    loader.exec_module(new_module)
  File "<frozen importlib._bootstrap_external>", line 839, in exec_module
  File "<frozen importlib._bootstrap_external>", line 976, in get_code
  File "<frozen importlib._bootstrap_external>", line 906, in source_to_code
  File "<frozen importlib._bootstrap>", line 219, in _call_with_frames_removed
  File "/opt/airflow/dags/dag_1.py", line 13
    if
      ^
SyntaxError: invalid syntax
[2026-06-02T09:03:39.444+0000] {processor.py:842} WARNING - No viable dags retrieved from /opt/airflow/dags/dag_1.py
[2026-06-02T09:03:39.458+0000] {processor.py:183} INFO - Processing /opt/airflow/dags/dag_1.py took 0.027 seconds
[2026-06-02T09:04:09.885+0000] {processor.py:161} INFO - Started process (PID=1547) to work on /opt/airflow/dags/dag_1.py
[2026-06-02T09:04:09.886+0000] {processor.py:830} INFO - Processing file /opt/airflow/dags/dag_1.py for tasks to queue
[2026-06-02T09:04:09.887+0000] {logging_mixin.py:188} INFO - [2026-06-02T09:04:09.886+0000] {dagbag.py:540} INFO - Filling up the DagBag from /opt/airflow/dags/dag_1.py
[2026-06-02T09:04:09.894+0000] {logging_mixin.py:188} INFO - [2026-06-02T09:04:09.894+0000] {dagbag.py:350} ERROR - Failed to import: /opt/airflow/dags/dag_1.py
Traceback (most recent call last):
  File "/home/airflow/.local/lib/python3.8/site-packages/airflow/models/dagbag.py", line 346, in parse
    loader.exec_module(new_module)
  File "<frozen importlib._bootstrap_external>", line 839, in exec_module
  File "<frozen importlib._bootstrap_external>", line 976, in get_code
  File "<frozen importlib._bootstrap_external>", line 906, in source_to_code
  File "<frozen importlib._bootstrap>", line 219, in _call_with_frames_removed
  File "/opt/airflow/dags/dag_1.py", line 13
    if
      ^
SyntaxError: invalid syntax
[2026-06-02T09:04:09.895+0000] {processor.py:842} WARNING - No viable dags retrieved from /opt/airflow/dags/dag_1.py
[2026-06-02T09:04:09.916+0000] {processor.py:183} INFO - Processing /opt/airflow/dags/dag_1.py took 0.034 seconds
[2026-06-02T09:04:35.313+0000] {processor.py:161} INFO - Started process (PID=1557) to work on /opt/airflow/dags/dag_1.py
[2026-06-02T09:04:35.315+0000] {processor.py:830} INFO - Processing file /opt/airflow/dags/dag_1.py for tasks to queue
[2026-06-02T09:04:35.316+0000] {logging_mixin.py:188} INFO - [2026-06-02T09:04:35.315+0000] {dagbag.py:540} INFO - Filling up the DagBag from /opt/airflow/dags/dag_1.py
[2026-06-02T09:04:35.353+0000] {processor.py:842} WARNING - No viable dags retrieved from /opt/airflow/dags/dag_1.py
[2026-06-02T09:04:35.370+0000] {processor.py:183} INFO - Processing /opt/airflow/dags/dag_1.py took 0.060 seconds
[2026-06-02T09:05:05.693+0000] {processor.py:161} INFO - Started process (PID=1567) to work on /opt/airflow/dags/dag_1.py
[2026-06-02T09:05:05.694+0000] {processor.py:830} INFO - Processing file /opt/airflow/dags/dag_1.py for tasks to queue
[2026-06-02T09:05:05.695+0000] {logging_mixin.py:188} INFO - [2026-06-02T09:05:05.694+0000] {dagbag.py:540} INFO - Filling up the DagBag from /opt/airflow/dags/dag_1.py
[2026-06-02T09:05:05.702+0000] {processor.py:842} WARNING - No viable dags retrieved from /opt/airflow/dags/dag_1.py
[2026-06-02T09:05:05.714+0000] {processor.py:183} INFO - Processing /opt/airflow/dags/dag_1.py took 0.023 seconds
[2026-06-02T09:05:36.130+0000] {processor.py:161} INFO - Started process (PID=1577) to work on /opt/airflow/dags/dag_1.py
[2026-06-02T09:05:36.132+0000] {processor.py:830} INFO - Processing file /opt/airflow/dags/dag_1.py for tasks to queue
[2026-06-02T09:05:36.136+0000] {logging_mixin.py:188} INFO - [2026-06-02T09:05:36.135+0000] {dagbag.py:540} INFO - Filling up the DagBag from /opt/airflow/dags/dag_1.py
[2026-06-02T09:05:36.169+0000] {processor.py:842} WARNING - No viable dags retrieved from /opt/airflow/dags/dag_1.py
[2026-06-02T09:05:36.192+0000] {processor.py:183} INFO - Processing /opt/airflow/dags/dag_1.py took 0.066 seconds
[2026-06-02T09:06:06.483+0000] {processor.py:161} INFO - Started process (PID=1587) to work on /opt/airflow/dags/dag_1.py
[2026-06-02T09:06:06.484+0000] {processor.py:830} INFO - Processing file /opt/airflow/dags/dag_1.py for tasks to queue
[2026-06-02T09:06:06.485+0000] {logging_mixin.py:188} INFO - [2026-06-02T09:06:06.484+0000] {dagbag.py:540} INFO - Filling up the DagBag from /opt/airflow/dags/dag_1.py
[2026-06-02T09:06:06.492+0000] {processor.py:842} WARNING - No viable dags retrieved from /opt/airflow/dags/dag_1.py
[2026-06-02T09:06:06.505+0000] {processor.py:183} INFO - Processing /opt/airflow/dags/dag_1.py took 0.025 seconds
[2026-06-02T09:06:36.830+0000] {processor.py:161} INFO - Started process (PID=1597) to work on /opt/airflow/dags/dag_1.py
[2026-06-02T09:06:36.831+0000] {processor.py:830} INFO - Processing file /opt/airflow/dags/dag_1.py for tasks to queue
[2026-06-02T09:06:36.832+0000] {logging_mixin.py:188} INFO - [2026-06-02T09:06:36.832+0000] {dagbag.py:540} INFO - Filling up the DagBag from /opt/airflow/dags/dag_1.py
[2026-06-02T09:06:36.841+0000] {processor.py:842} WARNING - No viable dags retrieved from /opt/airflow/dags/dag_1.py
[2026-06-02T09:06:36.852+0000] {processor.py:183} INFO - Processing /opt/airflow/dags/dag_1.py took 0.024 seconds
[2026-06-02T09:07:07.166+0000] {processor.py:161} INFO - Started process (PID=1607) to work on /opt/airflow/dags/dag_1.py
[2026-06-02T09:07:07.167+0000] {processor.py:830} INFO - Processing file /opt/airflow/dags/dag_1.py for tasks to queue
[2026-06-02T09:07:07.168+0000] {logging_mixin.py:188} INFO - [2026-06-02T09:07:07.167+0000] {dagbag.py:540} INFO - Filling up the DagBag from /opt/airflow/dags/dag_1.py
[2026-06-02T09:07:07.176+0000] {processor.py:842} WARNING - No viable dags retrieved from /opt/airflow/dags/dag_1.py
[2026-06-02T09:07:07.190+0000] {processor.py:183} INFO - Processing /opt/airflow/dags/dag_1.py took 0.027 seconds
[2026-06-02T09:07:12.229+0000] {processor.py:161} INFO - Started process (PID=1612) to work on /opt/airflow/dags/dag_1.py
[2026-06-02T09:07:12.231+0000] {processor.py:830} INFO - Processing file /opt/airflow/dags/dag_1.py for tasks to queue
[2026-06-02T09:07:12.232+0000] {logging_mixin.py:188} INFO - [2026-06-02T09:07:12.232+0000] {dagbag.py:540} INFO - Filling up the DagBag from /opt/airflow/dags/dag_1.py
[2026-06-02T09:07:12.247+0000] {logging_mixin.py:188} INFO - [2026-06-02T09:07:12.246+0000] {dagbag.py:350} ERROR - Failed to import: /opt/airflow/dags/dag_1.py
Traceback (most recent call last):
  File "/home/airflow/.local/lib/python3.8/site-packages/airflow/models/dagbag.py", line 346, in parse
    loader.exec_module(new_module)
  File "<frozen importlib._bootstrap_external>", line 839, in exec_module
  File "<frozen importlib._bootstrap_external>", line 976, in get_code
  File "<frozen importlib._bootstrap_external>", line 906, in source_to_code
  File "<frozen importlib._bootstrap>", line 219, in _call_with_frames_removed
  File "/opt/airflow/dags/dag_1.py", line 17
    all_files = [f for os.listdir(INPUT_DIR)]
                                            ^
SyntaxError: invalid syntax
[2026-06-02T09:07:12.247+0000] {processor.py:842} WARNING - No viable dags retrieved from /opt/airflow/dags/dag_1.py
[2026-06-02T09:07:12.268+0000] {processor.py:183} INFO - Processing /opt/airflow/dags/dag_1.py took 0.042 seconds
[2026-06-02T09:07:42.650+0000] {processor.py:161} INFO - Started process (PID=1622) to work on /opt/airflow/dags/dag_1.py
[2026-06-02T09:07:42.651+0000] {processor.py:830} INFO - Processing file /opt/airflow/dags/dag_1.py for tasks to queue
[2026-06-02T09:07:42.652+0000] {logging_mixin.py:188} INFO - [2026-06-02T09:07:42.652+0000] {dagbag.py:540} INFO - Filling up the DagBag from /opt/airflow/dags/dag_1.py
[2026-06-02T09:07:42.659+0000] {logging_mixin.py:188} INFO - [2026-06-02T09:07:42.659+0000] {dagbag.py:350} ERROR - Failed to import: /opt/airflow/dags/dag_1.py
Traceback (most recent call last):
  File "/home/airflow/.local/lib/python3.8/site-packages/airflow/models/dagbag.py", line 346, in parse
    loader.exec_module(new_module)
  File "<frozen importlib._bootstrap_external>", line 839, in exec_module
  File "<frozen importlib._bootstrap_external>", line 976, in get_code
  File "<frozen importlib._bootstrap_external>", line 906, in source_to_code
  File "<frozen importlib._bootstrap>", line 219, in _call_with_frames_removed
  File "/opt/airflow/dags/dag_1.py", line 17
    all_files = [f for os.listdir(INPUT_DIR)]
                                            ^
SyntaxError: invalid syntax
[2026-06-02T09:07:42.660+0000] {processor.py:842} WARNING - No viable dags retrieved from /opt/airflow/dags/dag_1.py
[2026-06-02T09:07:42.674+0000] {processor.py:183} INFO - Processing /opt/airflow/dags/dag_1.py took 0.026 seconds
[2026-06-02T09:08:13.073+0000] {processor.py:161} INFO - Started process (PID=1632) to work on /opt/airflow/dags/dag_1.py
[2026-06-02T09:08:13.074+0000] {processor.py:830} INFO - Processing file /opt/airflow/dags/dag_1.py for tasks to queue
[2026-06-02T09:08:13.075+0000] {logging_mixin.py:188} INFO - [2026-06-02T09:08:13.075+0000] {dagbag.py:540} INFO - Filling up the DagBag from /opt/airflow/dags/dag_1.py
[2026-06-02T09:08:13.083+0000] {logging_mixin.py:188} INFO - [2026-06-02T09:08:13.083+0000] {dagbag.py:350} ERROR - Failed to import: /opt/airflow/dags/dag_1.py
Traceback (most recent call last):
  File "/home/airflow/.local/lib/python3.8/site-packages/airflow/models/dagbag.py", line 346, in parse
    loader.exec_module(new_module)
  File "<frozen importlib._bootstrap_external>", line 839, in exec_module
  File "<frozen importlib._bootstrap_external>", line 976, in get_code
  File "<frozen importlib._bootstrap_external>", line 906, in source_to_code
  File "<frozen importlib._bootstrap>", line 219, in _call_with_frames_removed
  File "/opt/airflow/dags/dag_1.py", line 17
    all_files = [f for os.listdir(INPUT_DIR)]
                                            ^
SyntaxError: invalid syntax
[2026-06-02T09:08:13.083+0000] {processor.py:842} WARNING - No viable dags retrieved from /opt/airflow/dags/dag_1.py
[2026-06-02T09:08:13.104+0000] {processor.py:183} INFO - Processing /opt/airflow/dags/dag_1.py took 0.033 seconds
[2026-06-02T09:08:43.563+0000] {processor.py:161} INFO - Started process (PID=1642) to work on /opt/airflow/dags/dag_1.py
[2026-06-02T09:08:43.564+0000] {processor.py:830} INFO - Processing file /opt/airflow/dags/dag_1.py for tasks to queue
[2026-06-02T09:08:43.565+0000] {logging_mixin.py:188} INFO - [2026-06-02T09:08:43.564+0000] {dagbag.py:540} INFO - Filling up the DagBag from /opt/airflow/dags/dag_1.py
[2026-06-02T09:08:43.574+0000] {logging_mixin.py:188} INFO - [2026-06-02T09:08:43.573+0000] {dagbag.py:350} ERROR - Failed to import: /opt/airflow/dags/dag_1.py
Traceback (most recent call last):
  File "/home/airflow/.local/lib/python3.8/site-packages/airflow/models/dagbag.py", line 346, in parse
    loader.exec_module(new_module)
  File "<frozen importlib._bootstrap_external>", line 839, in exec_module
  File "<frozen importlib._bootstrap_external>", line 976, in get_code
  File "<frozen importlib._bootstrap_external>", line 906, in source_to_code
  File "<frozen importlib._bootstrap>", line 219, in _call_with_frames_removed
  File "/opt/airflow/dags/dag_1.py", line 17
    all_files = [f for os.listdir(INPUT_DIR)]
                                            ^
SyntaxError: invalid syntax
[2026-06-02T09:08:43.574+0000] {processor.py:842} WARNING - No viable dags retrieved from /opt/airflow/dags/dag_1.py
[2026-06-02T09:08:43.589+0000] {processor.py:183} INFO - Processing /opt/airflow/dags/dag_1.py took 0.029 seconds
[2026-06-02T09:09:13.983+0000] {processor.py:161} INFO - Started process (PID=1652) to work on /opt/airflow/dags/dag_1.py
[2026-06-02T09:09:13.984+0000] {processor.py:830} INFO - Processing file /opt/airflow/dags/dag_1.py for tasks to queue
[2026-06-02T09:09:13.985+0000] {logging_mixin.py:188} INFO - [2026-06-02T09:09:13.984+0000] {dagbag.py:540} INFO - Filling up the DagBag from /opt/airflow/dags/dag_1.py
[2026-06-02T09:09:13.993+0000] {logging_mixin.py:188} INFO - [2026-06-02T09:09:13.993+0000] {dagbag.py:350} ERROR - Failed to import: /opt/airflow/dags/dag_1.py
Traceback (most recent call last):
  File "/home/airflow/.local/lib/python3.8/site-packages/airflow/models/dagbag.py", line 346, in parse
    loader.exec_module(new_module)
  File "<frozen importlib._bootstrap_external>", line 839, in exec_module
  File "<frozen importlib._bootstrap_external>", line 976, in get_code
  File "<frozen importlib._bootstrap_external>", line 906, in source_to_code
  File "<frozen importlib._bootstrap>", line 219, in _call_with_frames_removed
  File "/opt/airflow/dags/dag_1.py", line 17
    all_files = [f for os.listdir(INPUT_DIR)]
                                            ^
SyntaxError: invalid syntax
[2026-06-02T09:09:13.994+0000] {processor.py:842} WARNING - No viable dags retrieved from /opt/airflow/dags/dag_1.py
[2026-06-02T09:09:14.015+0000] {processor.py:183} INFO - Processing /opt/airflow/dags/dag_1.py took 0.034 seconds
[2026-06-02T09:09:44.419+0000] {processor.py:161} INFO - Started process (PID=1662) to work on /opt/airflow/dags/dag_1.py
[2026-06-02T09:09:44.419+0000] {processor.py:830} INFO - Processing file /opt/airflow/dags/dag_1.py for tasks to queue
[2026-06-02T09:09:44.420+0000] {logging_mixin.py:188} INFO - [2026-06-02T09:09:44.420+0000] {dagbag.py:540} INFO - Filling up the DagBag from /opt/airflow/dags/dag_1.py
[2026-06-02T09:09:44.433+0000] {logging_mixin.py:188} INFO - [2026-06-02T09:09:44.432+0000] {dagbag.py:350} ERROR - Failed to import: /opt/airflow/dags/dag_1.py
Traceback (most recent call last):
  File "/home/airflow/.local/lib/python3.8/site-packages/airflow/models/dagbag.py", line 346, in parse
    loader.exec_module(new_module)
  File "<frozen importlib._bootstrap_external>", line 839, in exec_module
  File "<frozen importlib._bootstrap_external>", line 976, in get_code
  File "<frozen importlib._bootstrap_external>", line 906, in source_to_code
  File "<frozen importlib._bootstrap>", line 219, in _call_with_frames_removed
  File "/opt/airflow/dags/dag_1.py", line 17
    all_files = [f for os.listdir(INPUT_DIR)]
                                            ^
SyntaxError: invalid syntax
[2026-06-02T09:09:44.434+0000] {processor.py:842} WARNING - No viable dags retrieved from /opt/airflow/dags/dag_1.py
[2026-06-02T09:09:44.449+0000] {processor.py:183} INFO - Processing /opt/airflow/dags/dag_1.py took 0.033 seconds
[2026-06-02T09:09:55.560+0000] {processor.py:161} INFO - Started process (PID=1667) to work on /opt/airflow/dags/dag_1.py
[2026-06-02T09:09:55.561+0000] {processor.py:830} INFO - Processing file /opt/airflow/dags/dag_1.py for tasks to queue
[2026-06-02T09:09:55.563+0000] {logging_mixin.py:188} INFO - [2026-06-02T09:09:55.562+0000] {dagbag.py:540} INFO - Filling up the DagBag from /opt/airflow/dags/dag_1.py
[2026-06-02T09:09:55.635+0000] {processor.py:842} WARNING - No viable dags retrieved from /opt/airflow/dags/dag_1.py
[2026-06-02T09:09:55.655+0000] {processor.py:183} INFO - Processing /opt/airflow/dags/dag_1.py took 0.099 seconds
[2026-06-02T09:10:06.663+0000] {processor.py:161} INFO - Started process (PID=1677) to work on /opt/airflow/dags/dag_1.py
[2026-06-02T09:10:06.664+0000] {processor.py:830} INFO - Processing file /opt/airflow/dags/dag_1.py for tasks to queue
[2026-06-02T09:10:06.664+0000] {logging_mixin.py:188} INFO - [2026-06-02T09:10:06.664+0000] {dagbag.py:540} INFO - Filling up the DagBag from /opt/airflow/dags/dag_1.py
[2026-06-02T09:10:06.680+0000] {processor.py:842} WARNING - No viable dags retrieved from /opt/airflow/dags/dag_1.py
[2026-06-02T09:10:06.691+0000] {processor.py:183} INFO - Processing /opt/airflow/dags/dag_1.py took 0.031 seconds
[2026-06-02T09:10:37.033+0000] {processor.py:161} INFO - Started process (PID=1687) to work on /opt/airflow/dags/dag_1.py
[2026-06-02T09:10:37.034+0000] {processor.py:830} INFO - Processing file /opt/airflow/dags/dag_1.py for tasks to queue
[2026-06-02T09:10:37.035+0000] {logging_mixin.py:188} INFO - [2026-06-02T09:10:37.034+0000] {dagbag.py:540} INFO - Filling up the DagBag from /opt/airflow/dags/dag_1.py
[2026-06-02T09:10:37.043+0000] {processor.py:842} WARNING - No viable dags retrieved from /opt/airflow/dags/dag_1.py
[2026-06-02T09:10:37.056+0000] {processor.py:183} INFO - Processing /opt/airflow/dags/dag_1.py took 0.025 seconds
[2026-06-02T09:10:49.188+0000] {processor.py:161} INFO - Started process (PID=1692) to work on /opt/airflow/dags/dag_1.py
[2026-06-02T09:10:49.189+0000] {processor.py:830} INFO - Processing file /opt/airflow/dags/dag_1.py for tasks to queue
[2026-06-02T09:10:49.190+0000] {logging_mixin.py:188} INFO - [2026-06-02T09:10:49.189+0000] {dagbag.py:540} INFO - Filling up the DagBag from /opt/airflow/dags/dag_1.py
[2026-06-02T09:10:49.204+0000] {processor.py:842} WARNING - No viable dags retrieved from /opt/airflow/dags/dag_1.py
[2026-06-02T09:10:49.215+0000] {processor.py:183} INFO - Processing /opt/airflow/dags/dag_1.py took 0.030 seconds
[2026-06-02T09:11:19.555+0000] {processor.py:161} INFO - Started process (PID=1702) to work on /opt/airflow/dags/dag_1.py
[2026-06-02T09:11:19.556+0000] {processor.py:830} INFO - Processing file /opt/airflow/dags/dag_1.py for tasks to queue
[2026-06-02T09:11:19.558+0000] {logging_mixin.py:188} INFO - [2026-06-02T09:11:19.557+0000] {dagbag.py:540} INFO - Filling up the DagBag from /opt/airflow/dags/dag_1.py
[2026-06-02T09:11:19.568+0000] {processor.py:842} WARNING - No viable dags retrieved from /opt/airflow/dags/dag_1.py
[2026-06-02T09:11:19.583+0000] {processor.py:183} INFO - Processing /opt/airflow/dags/dag_1.py took 0.032 seconds
[2026-06-02T09:11:41.850+0000] {processor.py:161} INFO - Started process (PID=1712) to work on /opt/airflow/dags/dag_1.py
[2026-06-02T09:11:41.851+0000] {processor.py:830} INFO - Processing file /opt/airflow/dags/dag_1.py for tasks to queue
[2026-06-02T09:11:41.852+0000] {logging_mixin.py:188} INFO - [2026-06-02T09:11:41.852+0000] {dagbag.py:540} INFO - Filling up the DagBag from /opt/airflow/dags/dag_1.py
[2026-06-02T09:11:41.863+0000] {logging_mixin.py:188} INFO - [2026-06-02T09:11:41.863+0000] {dagbag.py:350} ERROR - Failed to import: /opt/airflow/dags/dag_1.py
Traceback (most recent call last):
  File "/home/airflow/.local/lib/python3.8/site-packages/airflow/models/dagbag.py", line 346, in parse
    loader.exec_module(new_module)
  File "<frozen importlib._bootstrap_external>", line 839, in exec_module
  File "<frozen importlib._bootstrap_external>", line 976, in get_code
  File "<frozen importlib._bootstrap_external>", line 906, in source_to_code
  File "<frozen importlib._bootstrap>", line 219, in _call_with_frames_removed
  File "/opt/airflow/dags/dag_1.py", line 27
    
    ^
SyntaxError: unexpected EOF while parsing
[2026-06-02T09:11:41.864+0000] {processor.py:842} WARNING - No viable dags retrieved from /opt/airflow/dags/dag_1.py
[2026-06-02T09:11:41.880+0000] {processor.py:183} INFO - Processing /opt/airflow/dags/dag_1.py took 0.032 seconds
[2026-06-02T09:12:12.267+0000] {processor.py:161} INFO - Started process (PID=1722) to work on /opt/airflow/dags/dag_1.py
[2026-06-02T09:12:12.268+0000] {processor.py:830} INFO - Processing file /opt/airflow/dags/dag_1.py for tasks to queue
[2026-06-02T09:12:12.268+0000] {logging_mixin.py:188} INFO - [2026-06-02T09:12:12.268+0000] {dagbag.py:540} INFO - Filling up the DagBag from /opt/airflow/dags/dag_1.py
[2026-06-02T09:12:12.277+0000] {logging_mixin.py:188} INFO - [2026-06-02T09:12:12.276+0000] {dagbag.py:350} ERROR - Failed to import: /opt/airflow/dags/dag_1.py
Traceback (most recent call last):
  File "/home/airflow/.local/lib/python3.8/site-packages/airflow/models/dagbag.py", line 346, in parse
    loader.exec_module(new_module)
  File "<frozen importlib._bootstrap_external>", line 839, in exec_module
  File "<frozen importlib._bootstrap_external>", line 976, in get_code
  File "<frozen importlib._bootstrap_external>", line 906, in source_to_code
  File "<frozen importlib._bootstrap>", line 219, in _call_with_frames_removed
  File "/opt/airflow/dags/dag_1.py", line 27
    
    ^
SyntaxError: unexpected EOF while parsing
[2026-06-02T09:12:12.277+0000] {processor.py:842} WARNING - No viable dags retrieved from /opt/airflow/dags/dag_1.py
[2026-06-02T09:12:12.299+0000] {processor.py:183} INFO - Processing /opt/airflow/dags/dag_1.py took 0.034 seconds
[2026-06-02T09:12:25.460+0000] {processor.py:161} INFO - Started process (PID=1727) to work on /opt/airflow/dags/dag_1.py
[2026-06-02T09:12:25.461+0000] {processor.py:830} INFO - Processing file /opt/airflow/dags/dag_1.py for tasks to queue
[2026-06-02T09:12:25.463+0000] {logging_mixin.py:188} INFO - [2026-06-02T09:12:25.462+0000] {dagbag.py:540} INFO - Filling up the DagBag from /opt/airflow/dags/dag_1.py
[2026-06-02T09:12:25.479+0000] {processor.py:842} WARNING - No viable dags retrieved from /opt/airflow/dags/dag_1.py
[2026-06-02T09:12:25.501+0000] {processor.py:183} INFO - Processing /opt/airflow/dags/dag_1.py took 0.044 seconds
[2026-06-02T09:12:55.961+0000] {processor.py:161} INFO - Started process (PID=1737) to work on /opt/airflow/dags/dag_1.py
[2026-06-02T09:12:55.964+0000] {processor.py:830} INFO - Processing file /opt/airflow/dags/dag_1.py for tasks to queue
[2026-06-02T09:12:55.965+0000] {logging_mixin.py:188} INFO - [2026-06-02T09:12:55.965+0000] {dagbag.py:540} INFO - Filling up the DagBag from /opt/airflow/dags/dag_1.py
[2026-06-02T09:12:55.974+0000] {processor.py:842} WARNING - No viable dags retrieved from /opt/airflow/dags/dag_1.py
[2026-06-02T09:12:55.985+0000] {processor.py:183} INFO - Processing /opt/airflow/dags/dag_1.py took 0.035 seconds
[2026-06-02T09:13:26.404+0000] {processor.py:161} INFO - Started process (PID=1747) to work on /opt/airflow/dags/dag_1.py
[2026-06-02T09:13:26.405+0000] {processor.py:830} INFO - Processing file /opt/airflow/dags/dag_1.py for tasks to queue
[2026-06-02T09:13:26.406+0000] {logging_mixin.py:188} INFO - [2026-06-02T09:13:26.405+0000] {dagbag.py:540} INFO - Filling up the DagBag from /opt/airflow/dags/dag_1.py
[2026-06-02T09:13:26.414+0000] {processor.py:842} WARNING - No viable dags retrieved from /opt/airflow/dags/dag_1.py
[2026-06-02T09:13:26.425+0000] {processor.py:183} INFO - Processing /opt/airflow/dags/dag_1.py took 0.024 seconds
[2026-06-02T09:13:56.844+0000] {processor.py:161} INFO - Started process (PID=1757) to work on /opt/airflow/dags/dag_1.py
[2026-06-02T09:13:56.844+0000] {processor.py:830} INFO - Processing file /opt/airflow/dags/dag_1.py for tasks to queue
[2026-06-02T09:13:56.845+0000] {logging_mixin.py:188} INFO - [2026-06-02T09:13:56.845+0000] {dagbag.py:540} INFO - Filling up the DagBag from /opt/airflow/dags/dag_1.py
[2026-06-02T09:13:56.852+0000] {processor.py:842} WARNING - No viable dags retrieved from /opt/airflow/dags/dag_1.py
[2026-06-02T09:13:56.863+0000] {processor.py:183} INFO - Processing /opt/airflow/dags/dag_1.py took 0.022 seconds
[2026-06-02T09:14:27.151+0000] {processor.py:161} INFO - Started process (PID=1767) to work on /opt/airflow/dags/dag_1.py
[2026-06-02T09:14:27.152+0000] {processor.py:830} INFO - Processing file /opt/airflow/dags/dag_1.py for tasks to queue
[2026-06-02T09:14:27.154+0000] {logging_mixin.py:188} INFO - [2026-06-02T09:14:27.153+0000] {dagbag.py:540} INFO - Filling up the DagBag from /opt/airflow/dags/dag_1.py
[2026-06-02T09:14:27.163+0000] {processor.py:842} WARNING - No viable dags retrieved from /opt/airflow/dags/dag_1.py
[2026-06-02T09:14:27.176+0000] {processor.py:183} INFO - Processing /opt/airflow/dags/dag_1.py took 0.027 seconds
[2026-06-02T09:14:44.351+0000] {processor.py:161} INFO - Started process (PID=1777) to work on /opt/airflow/dags/dag_1.py
[2026-06-02T09:14:44.352+0000] {processor.py:830} INFO - Processing file /opt/airflow/dags/dag_1.py for tasks to queue
[2026-06-02T09:14:44.352+0000] {logging_mixin.py:188} INFO - [2026-06-02T09:14:44.352+0000] {dagbag.py:540} INFO - Filling up the DagBag from /opt/airflow/dags/dag_1.py
[2026-06-02T09:14:44.365+0000] {processor.py:842} WARNING - No viable dags retrieved from /opt/airflow/dags/dag_1.py
[2026-06-02T09:14:44.376+0000] {processor.py:183} INFO - Processing /opt/airflow/dags/dag_1.py took 0.028 seconds
[2026-06-02T09:15:14.784+0000] {processor.py:161} INFO - Started process (PID=1787) to work on /opt/airflow/dags/dag_1.py
[2026-06-02T09:15:14.784+0000] {processor.py:830} INFO - Processing file /opt/airflow/dags/dag_1.py for tasks to queue
[2026-06-02T09:15:14.785+0000] {logging_mixin.py:188} INFO - [2026-06-02T09:15:14.785+0000] {dagbag.py:540} INFO - Filling up the DagBag from /opt/airflow/dags/dag_1.py
[2026-06-02T09:15:14.792+0000] {processor.py:842} WARNING - No viable dags retrieved from /opt/airflow/dags/dag_1.py
[2026-06-02T09:15:14.804+0000] {processor.py:183} INFO - Processing /opt/airflow/dags/dag_1.py took 0.022 seconds
[2026-06-02T09:15:45.096+0000] {processor.py:161} INFO - Started process (PID=1797) to work on /opt/airflow/dags/dag_1.py
[2026-06-02T09:15:45.097+0000] {processor.py:830} INFO - Processing file /opt/airflow/dags/dag_1.py for tasks to queue
[2026-06-02T09:15:45.098+0000] {logging_mixin.py:188} INFO - [2026-06-02T09:15:45.098+0000] {dagbag.py:540} INFO - Filling up the DagBag from /opt/airflow/dags/dag_1.py
[2026-06-02T09:15:45.106+0000] {processor.py:842} WARNING - No viable dags retrieved from /opt/airflow/dags/dag_1.py
[2026-06-02T09:15:45.118+0000] {processor.py:183} INFO - Processing /opt/airflow/dags/dag_1.py took 0.025 seconds
[2026-06-02T09:16:15.432+0000] {processor.py:161} INFO - Started process (PID=1807) to work on /opt/airflow/dags/dag_1.py
[2026-06-02T09:16:15.433+0000] {processor.py:830} INFO - Processing file /opt/airflow/dags/dag_1.py for tasks to queue
[2026-06-02T09:16:15.434+0000] {logging_mixin.py:188} INFO - [2026-06-02T09:16:15.434+0000] {dagbag.py:540} INFO - Filling up the DagBag from /opt/airflow/dags/dag_1.py
[2026-06-02T09:16:15.441+0000] {processor.py:842} WARNING - No viable dags retrieved from /opt/airflow/dags/dag_1.py
[2026-06-02T09:16:15.452+0000] {processor.py:183} INFO - Processing /opt/airflow/dags/dag_1.py took 0.023 seconds
[2026-06-02T09:16:45.866+0000] {processor.py:161} INFO - Started process (PID=1817) to work on /opt/airflow/dags/dag_1.py
[2026-06-02T09:16:45.867+0000] {processor.py:830} INFO - Processing file /opt/airflow/dags/dag_1.py for tasks to queue
[2026-06-02T09:16:45.868+0000] {logging_mixin.py:188} INFO - [2026-06-02T09:16:45.868+0000] {dagbag.py:540} INFO - Filling up the DagBag from /opt/airflow/dags/dag_1.py
[2026-06-02T09:16:45.876+0000] {processor.py:842} WARNING - No viable dags retrieved from /opt/airflow/dags/dag_1.py
[2026-06-02T09:16:45.887+0000] {processor.py:183} INFO - Processing /opt/airflow/dags/dag_1.py took 0.023 seconds
[2026-06-02T09:17:16.292+0000] {processor.py:161} INFO - Started process (PID=1827) to work on /opt/airflow/dags/dag_1.py
[2026-06-02T09:17:16.293+0000] {processor.py:830} INFO - Processing file /opt/airflow/dags/dag_1.py for tasks to queue
[2026-06-02T09:17:16.294+0000] {logging_mixin.py:188} INFO - [2026-06-02T09:17:16.293+0000] {dagbag.py:540} INFO - Filling up the DagBag from /opt/airflow/dags/dag_1.py
[2026-06-02T09:17:16.301+0000] {processor.py:842} WARNING - No viable dags retrieved from /opt/airflow/dags/dag_1.py
[2026-06-02T09:17:16.311+0000] {processor.py:183} INFO - Processing /opt/airflow/dags/dag_1.py took 0.022 seconds
[2026-06-02T09:17:46.762+0000] {processor.py:161} INFO - Started process (PID=1837) to work on /opt/airflow/dags/dag_1.py
[2026-06-02T09:17:46.763+0000] {processor.py:830} INFO - Processing file /opt/airflow/dags/dag_1.py for tasks to queue
[2026-06-02T09:17:46.764+0000] {logging_mixin.py:188} INFO - [2026-06-02T09:17:46.763+0000] {dagbag.py:540} INFO - Filling up the DagBag from /opt/airflow/dags/dag_1.py
[2026-06-02T09:17:46.771+0000] {processor.py:842} WARNING - No viable dags retrieved from /opt/airflow/dags/dag_1.py
[2026-06-02T09:17:46.781+0000] {processor.py:183} INFO - Processing /opt/airflow/dags/dag_1.py took 0.022 seconds
[2026-06-02T09:18:05.992+0000] {processor.py:161} INFO - Started process (PID=1842) to work on /opt/airflow/dags/dag_1.py
[2026-06-02T09:18:05.993+0000] {processor.py:830} INFO - Processing file /opt/airflow/dags/dag_1.py for tasks to queue
[2026-06-02T09:18:05.994+0000] {logging_mixin.py:188} INFO - [2026-06-02T09:18:05.993+0000] {dagbag.py:540} INFO - Filling up the DagBag from /opt/airflow/dags/dag_1.py
[2026-06-02T09:18:06.011+0000] {processor.py:842} WARNING - No viable dags retrieved from /opt/airflow/dags/dag_1.py
[2026-06-02T09:18:06.025+0000] {processor.py:183} INFO - Processing /opt/airflow/dags/dag_1.py took 0.035 seconds
[2026-06-02T09:18:36.367+0000] {processor.py:161} INFO - Started process (PID=1852) to work on /opt/airflow/dags/dag_1.py
[2026-06-02T09:18:36.368+0000] {processor.py:830} INFO - Processing file /opt/airflow/dags/dag_1.py for tasks to queue
[2026-06-02T09:18:36.369+0000] {logging_mixin.py:188} INFO - [2026-06-02T09:18:36.369+0000] {dagbag.py:540} INFO - Filling up the DagBag from /opt/airflow/dags/dag_1.py
[2026-06-02T09:18:36.377+0000] {processor.py:842} WARNING - No viable dags retrieved from /opt/airflow/dags/dag_1.py
[2026-06-02T09:18:36.388+0000] {processor.py:183} INFO - Processing /opt/airflow/dags/dag_1.py took 0.023 seconds
[2026-06-02T09:19:06.736+0000] {processor.py:161} INFO - Started process (PID=1862) to work on /opt/airflow/dags/dag_1.py
[2026-06-02T09:19:06.737+0000] {processor.py:830} INFO - Processing file /opt/airflow/dags/dag_1.py for tasks to queue
[2026-06-02T09:19:06.738+0000] {logging_mixin.py:188} INFO - [2026-06-02T09:19:06.737+0000] {dagbag.py:540} INFO - Filling up the DagBag from /opt/airflow/dags/dag_1.py
[2026-06-02T09:19:06.745+0000] {processor.py:842} WARNING - No viable dags retrieved from /opt/airflow/dags/dag_1.py
[2026-06-02T09:19:06.755+0000] {processor.py:183} INFO - Processing /opt/airflow/dags/dag_1.py took 0.021 seconds
[2026-06-02T09:19:37.023+0000] {processor.py:161} INFO - Started process (PID=1872) to work on /opt/airflow/dags/dag_1.py
[2026-06-02T09:19:37.024+0000] {processor.py:830} INFO - Processing file /opt/airflow/dags/dag_1.py for tasks to queue
[2026-06-02T09:19:37.025+0000] {logging_mixin.py:188} INFO - [2026-06-02T09:19:37.025+0000] {dagbag.py:540} INFO - Filling up the DagBag from /opt/airflow/dags/dag_1.py
[2026-06-02T09:19:37.033+0000] {processor.py:842} WARNING - No viable dags retrieved from /opt/airflow/dags/dag_1.py
[2026-06-02T09:19:37.044+0000] {processor.py:183} INFO - Processing /opt/airflow/dags/dag_1.py took 0.024 seconds
[2026-06-02T09:20:07.382+0000] {processor.py:161} INFO - Started process (PID=1882) to work on /opt/airflow/dags/dag_1.py
[2026-06-02T09:20:07.383+0000] {processor.py:830} INFO - Processing file /opt/airflow/dags/dag_1.py for tasks to queue
[2026-06-02T09:20:07.384+0000] {logging_mixin.py:188} INFO - [2026-06-02T09:20:07.384+0000] {dagbag.py:540} INFO - Filling up the DagBag from /opt/airflow/dags/dag_1.py
[2026-06-02T09:20:07.391+0000] {processor.py:842} WARNING - No viable dags retrieved from /opt/airflow/dags/dag_1.py
[2026-06-02T09:20:07.402+0000] {processor.py:183} INFO - Processing /opt/airflow/dags/dag_1.py took 0.023 seconds
[2026-06-02T09:20:37.689+0000] {processor.py:161} INFO - Started process (PID=1892) to work on /opt/airflow/dags/dag_1.py
[2026-06-02T09:20:37.689+0000] {processor.py:830} INFO - Processing file /opt/airflow/dags/dag_1.py for tasks to queue
[2026-06-02T09:20:37.690+0000] {logging_mixin.py:188} INFO - [2026-06-02T09:20:37.690+0000] {dagbag.py:540} INFO - Filling up the DagBag from /opt/airflow/dags/dag_1.py
[2026-06-02T09:20:37.696+0000] {processor.py:842} WARNING - No viable dags retrieved from /opt/airflow/dags/dag_1.py
[2026-06-02T09:20:37.707+0000] {processor.py:183} INFO - Processing /opt/airflow/dags/dag_1.py took 0.021 seconds
[2026-06-02T09:21:08.087+0000] {processor.py:161} INFO - Started process (PID=1902) to work on /opt/airflow/dags/dag_1.py
[2026-06-02T09:21:08.088+0000] {processor.py:830} INFO - Processing file /opt/airflow/dags/dag_1.py for tasks to queue
[2026-06-02T09:21:08.088+0000] {logging_mixin.py:188} INFO - [2026-06-02T09:21:08.088+0000] {dagbag.py:540} INFO - Filling up the DagBag from /opt/airflow/dags/dag_1.py
[2026-06-02T09:21:08.097+0000] {processor.py:842} WARNING - No viable dags retrieved from /opt/airflow/dags/dag_1.py
[2026-06-02T09:21:08.110+0000] {processor.py:183} INFO - Processing /opt/airflow/dags/dag_1.py took 0.025 seconds
[2026-06-02T09:21:38.433+0000] {processor.py:161} INFO - Started process (PID=1912) to work on /opt/airflow/dags/dag_1.py
[2026-06-02T09:21:38.434+0000] {processor.py:830} INFO - Processing file /opt/airflow/dags/dag_1.py for tasks to queue
[2026-06-02T09:21:38.435+0000] {logging_mixin.py:188} INFO - [2026-06-02T09:21:38.435+0000] {dagbag.py:540} INFO - Filling up the DagBag from /opt/airflow/dags/dag_1.py
[2026-06-02T09:21:38.442+0000] {processor.py:842} WARNING - No viable dags retrieved from /opt/airflow/dags/dag_1.py
[2026-06-02T09:21:38.452+0000] {processor.py:183} INFO - Processing /opt/airflow/dags/dag_1.py took 0.022 seconds
[2026-06-02T09:21:53.676+0000] {processor.py:161} INFO - Started process (PID=1922) to work on /opt/airflow/dags/dag_1.py
[2026-06-02T09:21:53.678+0000] {processor.py:830} INFO - Processing file /opt/airflow/dags/dag_1.py for tasks to queue
[2026-06-02T09:21:53.679+0000] {logging_mixin.py:188} INFO - [2026-06-02T09:21:53.679+0000] {dagbag.py:540} INFO - Filling up the DagBag from /opt/airflow/dags/dag_1.py
[2026-06-02T09:21:53.704+0000] {processor.py:842} WARNING - No viable dags retrieved from /opt/airflow/dags/dag_1.py
[2026-06-02T09:21:53.721+0000] {processor.py:183} INFO - Processing /opt/airflow/dags/dag_1.py took 0.048 seconds
[2026-06-02T09:22:24.264+0000] {processor.py:161} INFO - Started process (PID=1932) to work on /opt/airflow/dags/dag_1.py
[2026-06-02T09:22:24.265+0000] {processor.py:830} INFO - Processing file /opt/airflow/dags/dag_1.py for tasks to queue
[2026-06-02T09:22:24.266+0000] {logging_mixin.py:188} INFO - [2026-06-02T09:22:24.265+0000] {dagbag.py:540} INFO - Filling up the DagBag from /opt/airflow/dags/dag_1.py
[2026-06-02T09:22:24.274+0000] {processor.py:842} WARNING - No viable dags retrieved from /opt/airflow/dags/dag_1.py
[2026-06-02T09:22:24.284+0000] {processor.py:183} INFO - Processing /opt/airflow/dags/dag_1.py took 0.023 seconds
[2026-06-02T09:22:54.607+0000] {processor.py:161} INFO - Started process (PID=1942) to work on /opt/airflow/dags/dag_1.py
[2026-06-02T09:22:54.608+0000] {processor.py:830} INFO - Processing file /opt/airflow/dags/dag_1.py for tasks to queue
[2026-06-02T09:22:54.609+0000] {logging_mixin.py:188} INFO - [2026-06-02T09:22:54.609+0000] {dagbag.py:540} INFO - Filling up the DagBag from /opt/airflow/dags/dag_1.py
[2026-06-02T09:22:54.618+0000] {processor.py:842} WARNING - No viable dags retrieved from /opt/airflow/dags/dag_1.py
[2026-06-02T09:22:54.633+0000] {processor.py:183} INFO - Processing /opt/airflow/dags/dag_1.py took 0.030 seconds
[2026-06-02T09:23:04.832+0000] {processor.py:161} INFO - Started process (PID=1947) to work on /opt/airflow/dags/dag_1.py
[2026-06-02T09:23:04.833+0000] {processor.py:830} INFO - Processing file /opt/airflow/dags/dag_1.py for tasks to queue
[2026-06-02T09:23:04.834+0000] {logging_mixin.py:188} INFO - [2026-06-02T09:23:04.834+0000] {dagbag.py:540} INFO - Filling up the DagBag from /opt/airflow/dags/dag_1.py
[2026-06-02T09:23:04.845+0000] {logging_mixin.py:188} INFO - [2026-06-02T09:23:04.845+0000] {dagbag.py:350} ERROR - Failed to import: /opt/airflow/dags/dag_1.py
Traceback (most recent call last):
  File "/home/airflow/.local/lib/python3.8/site-packages/airflow/models/dagbag.py", line 346, in parse
    loader.exec_module(new_module)
  File "<frozen importlib._bootstrap_external>", line 839, in exec_module
  File "<frozen importlib._bootstrap_external>", line 976, in get_code
  File "<frozen importlib._bootstrap_external>", line 906, in source_to_code
  File "<frozen importlib._bootstrap>", line 219, in _call_with_frames_removed
  File "/opt/airflow/dags/dag_1.py", line 45
    cursor.execute("INSERT INTO processed_files (file_name) VALUES (%s)", (row,))
                                                                                ^
SyntaxError: unexpected EOF while parsing
[2026-06-02T09:23:04.846+0000] {processor.py:842} WARNING - No viable dags retrieved from /opt/airflow/dags/dag_1.py
[2026-06-02T09:23:04.862+0000] {processor.py:183} INFO - Processing /opt/airflow/dags/dag_1.py took 0.033 seconds
[2026-06-02T09:23:35.154+0000] {processor.py:161} INFO - Started process (PID=1957) to work on /opt/airflow/dags/dag_1.py
[2026-06-02T09:23:35.156+0000] {processor.py:830} INFO - Processing file /opt/airflow/dags/dag_1.py for tasks to queue
[2026-06-02T09:23:35.158+0000] {logging_mixin.py:188} INFO - [2026-06-02T09:23:35.157+0000] {dagbag.py:540} INFO - Filling up the DagBag from /opt/airflow/dags/dag_1.py
[2026-06-02T09:23:35.168+0000] {logging_mixin.py:188} INFO - [2026-06-02T09:23:35.167+0000] {dagbag.py:350} ERROR - Failed to import: /opt/airflow/dags/dag_1.py
Traceback (most recent call last):
  File "/home/airflow/.local/lib/python3.8/site-packages/airflow/models/dagbag.py", line 346, in parse
    loader.exec_module(new_module)
  File "<frozen importlib._bootstrap_external>", line 839, in exec_module
  File "<frozen importlib._bootstrap_external>", line 976, in get_code
  File "<frozen importlib._bootstrap_external>", line 906, in source_to_code
  File "<frozen importlib._bootstrap>", line 219, in _call_with_frames_removed
  File "/opt/airflow/dags/dag_1.py", line 45
    cursor.execute("INSERT INTO processed_files (file_name) VALUES (%s)", (row,))
                                                                                ^
SyntaxError: unexpected EOF while parsing
[2026-06-02T09:23:35.168+0000] {processor.py:842} WARNING - No viable dags retrieved from /opt/airflow/dags/dag_1.py
[2026-06-02T09:23:35.183+0000] {processor.py:183} INFO - Processing /opt/airflow/dags/dag_1.py took 0.031 seconds
[2026-06-02T09:23:44.405+0000] {processor.py:161} INFO - Started process (PID=1962) to work on /opt/airflow/dags/dag_1.py
[2026-06-02T09:23:44.406+0000] {processor.py:830} INFO - Processing file /opt/airflow/dags/dag_1.py for tasks to queue
[2026-06-02T09:23:44.407+0000] {logging_mixin.py:188} INFO - [2026-06-02T09:23:44.406+0000] {dagbag.py:540} INFO - Filling up the DagBag from /opt/airflow/dags/dag_1.py
[2026-06-02T09:23:44.419+0000] {logging_mixin.py:188} INFO - [2026-06-02T09:23:44.418+0000] {dagbag.py:350} ERROR - Failed to import: /opt/airflow/dags/dag_1.py
Traceback (most recent call last):
  File "/home/airflow/.local/lib/python3.8/site-packages/airflow/models/dagbag.py", line 346, in parse
    loader.exec_module(new_module)
  File "<frozen importlib._bootstrap_external>", line 839, in exec_module
  File "<frozen importlib._bootstrap_external>", line 976, in get_code
  File "<frozen importlib._bootstrap_external>", line 906, in source_to_code
  File "<frozen importlib._bootstrap>", line 219, in _call_with_frames_removed
  File "/opt/airflow/dags/dag_1.py", line 45
    cursor.execute("INSERT INTO target (file_name) VALUES (%s)", (row,))
                                                                       ^
SyntaxError: unexpected EOF while parsing
[2026-06-02T09:23:44.420+0000] {processor.py:842} WARNING - No viable dags retrieved from /opt/airflow/dags/dag_1.py
[2026-06-02T09:23:44.443+0000] {processor.py:183} INFO - Processing /opt/airflow/dags/dag_1.py took 0.041 seconds
[2026-06-02T09:24:14.814+0000] {processor.py:161} INFO - Started process (PID=1972) to work on /opt/airflow/dags/dag_1.py
[2026-06-02T09:24:14.814+0000] {processor.py:830} INFO - Processing file /opt/airflow/dags/dag_1.py for tasks to queue
[2026-06-02T09:24:14.815+0000] {logging_mixin.py:188} INFO - [2026-06-02T09:24:14.815+0000] {dagbag.py:540} INFO - Filling up the DagBag from /opt/airflow/dags/dag_1.py
[2026-06-02T09:24:14.826+0000] {logging_mixin.py:188} INFO - [2026-06-02T09:24:14.825+0000] {dagbag.py:350} ERROR - Failed to import: /opt/airflow/dags/dag_1.py
Traceback (most recent call last):
  File "/home/airflow/.local/lib/python3.8/site-packages/airflow/models/dagbag.py", line 346, in parse
    loader.exec_module(new_module)
  File "<frozen importlib._bootstrap_external>", line 839, in exec_module
  File "<frozen importlib._bootstrap_external>", line 976, in get_code
  File "<frozen importlib._bootstrap_external>", line 906, in source_to_code
  File "<frozen importlib._bootstrap>", line 219, in _call_with_frames_removed
  File "/opt/airflow/dags/dag_1.py", line 45
    cursor.execute("INSERT INTO target (file_name) VALUES (%s)", (row,))
                                                                       ^
SyntaxError: unexpected EOF while parsing
[2026-06-02T09:24:14.826+0000] {processor.py:842} WARNING - No viable dags retrieved from /opt/airflow/dags/dag_1.py
[2026-06-02T09:24:14.842+0000] {processor.py:183} INFO - Processing /opt/airflow/dags/dag_1.py took 0.032 seconds
[2026-06-02T09:24:45.167+0000] {processor.py:161} INFO - Started process (PID=1982) to work on /opt/airflow/dags/dag_1.py
[2026-06-02T09:24:45.168+0000] {processor.py:830} INFO - Processing file /opt/airflow/dags/dag_1.py for tasks to queue
[2026-06-02T09:24:45.169+0000] {logging_mixin.py:188} INFO - [2026-06-02T09:24:45.168+0000] {dagbag.py:540} INFO - Filling up the DagBag from /opt/airflow/dags/dag_1.py
[2026-06-02T09:24:45.177+0000] {logging_mixin.py:188} INFO - [2026-06-02T09:24:45.176+0000] {dagbag.py:350} ERROR - Failed to import: /opt/airflow/dags/dag_1.py
Traceback (most recent call last):
  File "/home/airflow/.local/lib/python3.8/site-packages/airflow/models/dagbag.py", line 346, in parse
    loader.exec_module(new_module)
  File "<frozen importlib._bootstrap_external>", line 839, in exec_module
  File "<frozen importlib._bootstrap_external>", line 976, in get_code
  File "<frozen importlib._bootstrap_external>", line 906, in source_to_code
  File "<frozen importlib._bootstrap>", line 219, in _call_with_frames_removed
  File "/opt/airflow/dags/dag_1.py", line 45
    cursor.execute("INSERT INTO target (file_name) VALUES (%s)", (row,))
                                                                       ^
SyntaxError: unexpected EOF while parsing
[2026-06-02T09:24:45.177+0000] {processor.py:842} WARNING - No viable dags retrieved from /opt/airflow/dags/dag_1.py
[2026-06-02T09:24:45.199+0000] {processor.py:183} INFO - Processing /opt/airflow/dags/dag_1.py took 0.034 seconds
[2026-06-02T09:25:15.557+0000] {processor.py:161} INFO - Started process (PID=1992) to work on /opt/airflow/dags/dag_1.py
[2026-06-02T09:25:15.558+0000] {processor.py:830} INFO - Processing file /opt/airflow/dags/dag_1.py for tasks to queue
[2026-06-02T09:25:15.559+0000] {logging_mixin.py:188} INFO - [2026-06-02T09:25:15.559+0000] {dagbag.py:540} INFO - Filling up the DagBag from /opt/airflow/dags/dag_1.py
[2026-06-02T09:25:15.569+0000] {logging_mixin.py:188} INFO - [2026-06-02T09:25:15.568+0000] {dagbag.py:350} ERROR - Failed to import: /opt/airflow/dags/dag_1.py
Traceback (most recent call last):
  File "/home/airflow/.local/lib/python3.8/site-packages/airflow/models/dagbag.py", line 346, in parse
    loader.exec_module(new_module)
  File "<frozen importlib._bootstrap_external>", line 839, in exec_module
  File "<frozen importlib._bootstrap_external>", line 976, in get_code
  File "<frozen importlib._bootstrap_external>", line 906, in source_to_code
  File "<frozen importlib._bootstrap>", line 219, in _call_with_frames_removed
  File "/opt/airflow/dags/dag_1.py", line 45
    cursor.execute("INSERT INTO target (file_name) VALUES (%s)", (row,))
                                                                       ^
SyntaxError: unexpected EOF while parsing
[2026-06-02T09:25:15.569+0000] {processor.py:842} WARNING - No viable dags retrieved from /opt/airflow/dags/dag_1.py
[2026-06-02T09:25:15.592+0000] {processor.py:183} INFO - Processing /opt/airflow/dags/dag_1.py took 0.037 seconds
[2026-06-02T09:25:46.045+0000] {processor.py:161} INFO - Started process (PID=2002) to work on /opt/airflow/dags/dag_1.py
[2026-06-02T09:25:46.046+0000] {processor.py:830} INFO - Processing file /opt/airflow/dags/dag_1.py for tasks to queue
[2026-06-02T09:25:46.047+0000] {logging_mixin.py:188} INFO - [2026-06-02T09:25:46.046+0000] {dagbag.py:540} INFO - Filling up the DagBag from /opt/airflow/dags/dag_1.py
[2026-06-02T09:25:46.055+0000] {logging_mixin.py:188} INFO - [2026-06-02T09:25:46.055+0000] {dagbag.py:350} ERROR - Failed to import: /opt/airflow/dags/dag_1.py
Traceback (most recent call last):
  File "/home/airflow/.local/lib/python3.8/site-packages/airflow/models/dagbag.py", line 346, in parse
    loader.exec_module(new_module)
  File "<frozen importlib._bootstrap_external>", line 839, in exec_module
  File "<frozen importlib._bootstrap_external>", line 976, in get_code
  File "<frozen importlib._bootstrap_external>", line 906, in source_to_code
  File "<frozen importlib._bootstrap>", line 219, in _call_with_frames_removed
  File "/opt/airflow/dags/dag_1.py", line 45
    cursor.execute("INSERT INTO target (file_name) VALUES (%s)", (row,))
                                                                       ^
SyntaxError: unexpected EOF while parsing
[2026-06-02T09:25:46.056+0000] {processor.py:842} WARNING - No viable dags retrieved from /opt/airflow/dags/dag_1.py
[2026-06-02T09:25:46.071+0000] {processor.py:183} INFO - Processing /opt/airflow/dags/dag_1.py took 0.029 seconds
[2026-06-02T09:26:01.319+0000] {processor.py:161} INFO - Started process (PID=2012) to work on /opt/airflow/dags/dag_1.py
[2026-06-02T09:26:01.320+0000] {processor.py:830} INFO - Processing file /opt/airflow/dags/dag_1.py for tasks to queue
[2026-06-02T09:26:01.322+0000] {logging_mixin.py:188} INFO - [2026-06-02T09:26:01.322+0000] {dagbag.py:540} INFO - Filling up the DagBag from /opt/airflow/dags/dag_1.py
[2026-06-02T09:26:01.331+0000] {logging_mixin.py:188} INFO - [2026-06-02T09:26:01.331+0000] {dagbag.py:350} ERROR - Failed to import: /opt/airflow/dags/dag_1.py
Traceback (most recent call last):
  File "/home/airflow/.local/lib/python3.8/site-packages/airflow/models/dagbag.py", line 346, in parse
    loader.exec_module(new_module)
  File "<frozen importlib._bootstrap_external>", line 839, in exec_module
  File "<frozen importlib._bootstrap_external>", line 976, in get_code
  File "<frozen importlib._bootstrap_external>", line 906, in source_to_code
  File "<frozen importlib._bootstrap>", line 219, in _call_with_frames_removed
  File "/opt/airflow/dags/dag_1.py", line 45
    cursor.execute("INSERT INTO target (name, data) VALUES (%s, %s);", (row,))
                                                                             ^
SyntaxError: unexpected EOF while parsing
[2026-06-02T09:26:01.332+0000] {processor.py:842} WARNING - No viable dags retrieved from /opt/airflow/dags/dag_1.py
[2026-06-02T09:26:01.347+0000] {processor.py:183} INFO - Processing /opt/airflow/dags/dag_1.py took 0.031 seconds
[2026-06-02T09:26:15.450+0000] {processor.py:161} INFO - Started process (PID=2017) to work on /opt/airflow/dags/dag_1.py
[2026-06-02T09:26:15.451+0000] {processor.py:830} INFO - Processing file /opt/airflow/dags/dag_1.py for tasks to queue
[2026-06-02T09:26:15.451+0000] {logging_mixin.py:188} INFO - [2026-06-02T09:26:15.451+0000] {dagbag.py:540} INFO - Filling up the DagBag from /opt/airflow/dags/dag_1.py
[2026-06-02T09:26:15.459+0000] {logging_mixin.py:188} INFO - [2026-06-02T09:26:15.459+0000] {dagbag.py:350} ERROR - Failed to import: /opt/airflow/dags/dag_1.py
Traceback (most recent call last):
  File "/home/airflow/.local/lib/python3.8/site-packages/airflow/models/dagbag.py", line 346, in parse
    loader.exec_module(new_module)
  File "<frozen importlib._bootstrap_external>", line 839, in exec_module
  File "<frozen importlib._bootstrap_external>", line 976, in get_code
  File "<frozen importlib._bootstrap_external>", line 906, in source_to_code
  File "<frozen importlib._bootstrap>", line 219, in _call_with_frames_removed
  File "/opt/airflow/dags/dag_1.py", line 45
    cursor.execute("INSERT INTO target (name, data) VALUES (%s, %s);", (file_to_process, row))
                                                                                             ^
SyntaxError: unexpected EOF while parsing
[2026-06-02T09:26:15.460+0000] {processor.py:842} WARNING - No viable dags retrieved from /opt/airflow/dags/dag_1.py
[2026-06-02T09:26:15.474+0000] {processor.py:183} INFO - Processing /opt/airflow/dags/dag_1.py took 0.026 seconds
[2026-06-02T09:26:28.697+0000] {processor.py:161} INFO - Started process (PID=2027) to work on /opt/airflow/dags/dag_1.py
[2026-06-02T09:26:28.698+0000] {processor.py:830} INFO - Processing file /opt/airflow/dags/dag_1.py for tasks to queue
[2026-06-02T09:26:28.698+0000] {logging_mixin.py:188} INFO - [2026-06-02T09:26:28.698+0000] {dagbag.py:540} INFO - Filling up the DagBag from /opt/airflow/dags/dag_1.py
[2026-06-02T09:26:28.708+0000] {logging_mixin.py:188} INFO - [2026-06-02T09:26:28.707+0000] {dagbag.py:350} ERROR - Failed to import: /opt/airflow/dags/dag_1.py
Traceback (most recent call last):
  File "/home/airflow/.local/lib/python3.8/site-packages/airflow/models/dagbag.py", line 346, in parse
    loader.exec_module(new_module)
  File "<frozen importlib._bootstrap_external>", line 839, in exec_module
  File "<frozen importlib._bootstrap_external>", line 976, in get_code
  File "<frozen importlib._bootstrap_external>", line 906, in source_to_code
  File "<frozen importlib._bootstrap>", line 219, in _call_with_frames_removed
  File "/opt/airflow/dags/dag_1.py", line 46
    
    ^
SyntaxError: unexpected EOF while parsing
[2026-06-02T09:26:28.708+0000] {processor.py:842} WARNING - No viable dags retrieved from /opt/airflow/dags/dag_1.py
[2026-06-02T09:26:28.722+0000] {processor.py:183} INFO - Processing /opt/airflow/dags/dag_1.py took 0.028 seconds
[2026-06-02T09:26:59.076+0000] {processor.py:161} INFO - Started process (PID=2037) to work on /opt/airflow/dags/dag_1.py
[2026-06-02T09:26:59.077+0000] {processor.py:830} INFO - Processing file /opt/airflow/dags/dag_1.py for tasks to queue
[2026-06-02T09:26:59.078+0000] {logging_mixin.py:188} INFO - [2026-06-02T09:26:59.078+0000] {dagbag.py:540} INFO - Filling up the DagBag from /opt/airflow/dags/dag_1.py
[2026-06-02T09:26:59.091+0000] {logging_mixin.py:188} INFO - [2026-06-02T09:26:59.090+0000] {dagbag.py:350} ERROR - Failed to import: /opt/airflow/dags/dag_1.py
Traceback (most recent call last):
  File "/home/airflow/.local/lib/python3.8/site-packages/airflow/models/dagbag.py", line 346, in parse
    loader.exec_module(new_module)
  File "<frozen importlib._bootstrap_external>", line 839, in exec_module
  File "<frozen importlib._bootstrap_external>", line 976, in get_code
  File "<frozen importlib._bootstrap_external>", line 906, in source_to_code
  File "<frozen importlib._bootstrap>", line 219, in _call_with_frames_removed
  File "/opt/airflow/dags/dag_1.py", line 46
    
    ^
SyntaxError: unexpected EOF while parsing
[2026-06-02T09:26:59.091+0000] {processor.py:842} WARNING - No viable dags retrieved from /opt/airflow/dags/dag_1.py
[2026-06-02T09:26:59.108+0000] {processor.py:183} INFO - Processing /opt/airflow/dags/dag_1.py took 0.035 seconds
[2026-06-02T09:27:20.351+0000] {processor.py:161} INFO - Started process (PID=2047) to work on /opt/airflow/dags/dag_1.py
[2026-06-02T09:27:20.352+0000] {processor.py:830} INFO - Processing file /opt/airflow/dags/dag_1.py for tasks to queue
[2026-06-02T09:27:20.353+0000] {logging_mixin.py:188} INFO - [2026-06-02T09:27:20.352+0000] {dagbag.py:540} INFO - Filling up the DagBag from /opt/airflow/dags/dag_1.py
[2026-06-02T09:27:20.363+0000] {logging_mixin.py:188} INFO - [2026-06-02T09:27:20.363+0000] {dagbag.py:350} ERROR - Failed to import: /opt/airflow/dags/dag_1.py
Traceback (most recent call last):
  File "/home/airflow/.local/lib/python3.8/site-packages/airflow/models/dagbag.py", line 346, in parse
    loader.exec_module(new_module)
  File "<frozen importlib._bootstrap_external>", line 839, in exec_module
  File "<frozen importlib._bootstrap_external>", line 976, in get_code
  File "<frozen importlib._bootstrap_external>", line 906, in source_to_code
  File "<frozen importlib._bootstrap>", line 219, in _call_with_frames_removed
  File "/opt/airflow/dags/dag_1.py", line 46
    cu
     ^
SyntaxError: unexpected EOF while parsing
[2026-06-02T09:27:20.364+0000] {processor.py:842} WARNING - No viable dags retrieved from /opt/airflow/dags/dag_1.py
[2026-06-02T09:27:20.381+0000] {processor.py:183} INFO - Processing /opt/airflow/dags/dag_1.py took 0.032 seconds
[2026-06-02T09:27:50.740+0000] {processor.py:161} INFO - Started process (PID=2057) to work on /opt/airflow/dags/dag_1.py
[2026-06-02T09:27:50.740+0000] {processor.py:830} INFO - Processing file /opt/airflow/dags/dag_1.py for tasks to queue
[2026-06-02T09:27:50.741+0000] {logging_mixin.py:188} INFO - [2026-06-02T09:27:50.741+0000] {dagbag.py:540} INFO - Filling up the DagBag from /opt/airflow/dags/dag_1.py
[2026-06-02T09:27:50.751+0000] {logging_mixin.py:188} INFO - [2026-06-02T09:27:50.750+0000] {dagbag.py:350} ERROR - Failed to import: /opt/airflow/dags/dag_1.py
Traceback (most recent call last):
  File "/home/airflow/.local/lib/python3.8/site-packages/airflow/models/dagbag.py", line 346, in parse
    loader.exec_module(new_module)
  File "<frozen importlib._bootstrap_external>", line 839, in exec_module
  File "<frozen importlib._bootstrap_external>", line 976, in get_code
  File "<frozen importlib._bootstrap_external>", line 906, in source_to_code
  File "<frozen importlib._bootstrap>", line 219, in _call_with_frames_removed
  File "/opt/airflow/dags/dag_1.py", line 46
    cu
     ^
SyntaxError: unexpected EOF while parsing
[2026-06-02T09:27:50.751+0000] {processor.py:842} WARNING - No viable dags retrieved from /opt/airflow/dags/dag_1.py
[2026-06-02T09:27:50.773+0000] {processor.py:183} INFO - Processing /opt/airflow/dags/dag_1.py took 0.036 seconds
[2026-06-02T09:28:01.916+0000] {processor.py:161} INFO - Started process (PID=2062) to work on /opt/airflow/dags/dag_1.py
[2026-06-02T09:28:01.916+0000] {processor.py:830} INFO - Processing file /opt/airflow/dags/dag_1.py for tasks to queue
[2026-06-02T09:28:01.917+0000] {logging_mixin.py:188} INFO - [2026-06-02T09:28:01.917+0000] {dagbag.py:540} INFO - Filling up the DagBag from /opt/airflow/dags/dag_1.py
[2026-06-02T09:28:01.925+0000] {logging_mixin.py:188} INFO - [2026-06-02T09:28:01.924+0000] {dagbag.py:350} ERROR - Failed to import: /opt/airflow/dags/dag_1.py
Traceback (most recent call last):
  File "/home/airflow/.local/lib/python3.8/site-packages/airflow/models/dagbag.py", line 346, in parse
    loader.exec_module(new_module)
  File "<frozen importlib._bootstrap_external>", line 839, in exec_module
  File "<frozen importlib._bootstrap_external>", line 976, in get_code
  File "<frozen importlib._bootstrap_external>", line 906, in source_to_code
  File "<frozen importlib._bootstrap>", line 219, in _call_with_frames_removed
  File "/opt/airflow/dags/dag_1.py", line 48
    
    ^
SyntaxError: unexpected EOF while parsing
[2026-06-02T09:28:01.925+0000] {processor.py:842} WARNING - No viable dags retrieved from /opt/airflow/dags/dag_1.py
[2026-06-02T09:28:01.945+0000] {processor.py:183} INFO - Processing /opt/airflow/dags/dag_1.py took 0.032 seconds
[2026-06-02T09:28:32.259+0000] {processor.py:161} INFO - Started process (PID=2072) to work on /opt/airflow/dags/dag_1.py
[2026-06-02T09:28:32.260+0000] {processor.py:830} INFO - Processing file /opt/airflow/dags/dag_1.py for tasks to queue
[2026-06-02T09:28:32.262+0000] {logging_mixin.py:188} INFO - [2026-06-02T09:28:32.261+0000] {dagbag.py:540} INFO - Filling up the DagBag from /opt/airflow/dags/dag_1.py
[2026-06-02T09:28:32.275+0000] {logging_mixin.py:188} INFO - [2026-06-02T09:28:32.274+0000] {dagbag.py:350} ERROR - Failed to import: /opt/airflow/dags/dag_1.py
Traceback (most recent call last):
  File "/home/airflow/.local/lib/python3.8/site-packages/airflow/models/dagbag.py", line 346, in parse
    loader.exec_module(new_module)
  File "<frozen importlib._bootstrap_external>", line 839, in exec_module
  File "<frozen importlib._bootstrap_external>", line 976, in get_code
  File "<frozen importlib._bootstrap_external>", line 906, in source_to_code
  File "<frozen importlib._bootstrap>", line 219, in _call_with_frames_removed
  File "/opt/airflow/dags/dag_1.py", line 48
    
    ^
SyntaxError: unexpected EOF while parsing
[2026-06-02T09:28:32.275+0000] {processor.py:842} WARNING - No viable dags retrieved from /opt/airflow/dags/dag_1.py
[2026-06-02T09:28:32.301+0000] {processor.py:183} INFO - Processing /opt/airflow/dags/dag_1.py took 0.045 seconds
[2026-06-02T09:29:02.626+0000] {processor.py:161} INFO - Started process (PID=2082) to work on /opt/airflow/dags/dag_1.py
[2026-06-02T09:29:02.627+0000] {processor.py:830} INFO - Processing file /opt/airflow/dags/dag_1.py for tasks to queue
[2026-06-02T09:29:02.628+0000] {logging_mixin.py:188} INFO - [2026-06-02T09:29:02.628+0000] {dagbag.py:540} INFO - Filling up the DagBag from /opt/airflow/dags/dag_1.py
[2026-06-02T09:29:02.640+0000] {logging_mixin.py:188} INFO - [2026-06-02T09:29:02.639+0000] {dagbag.py:350} ERROR - Failed to import: /opt/airflow/dags/dag_1.py
Traceback (most recent call last):
  File "/home/airflow/.local/lib/python3.8/site-packages/airflow/models/dagbag.py", line 346, in parse
    loader.exec_module(new_module)
  File "<frozen importlib._bootstrap_external>", line 839, in exec_module
  File "<frozen importlib._bootstrap_external>", line 976, in get_code
  File "<frozen importlib._bootstrap_external>", line 906, in source_to_code
  File "<frozen importlib._bootstrap>", line 219, in _call_with_frames_removed
  File "/opt/airflow/dags/dag_1.py", line 48
    
    ^
SyntaxError: unexpected EOF while parsing
[2026-06-02T09:29:02.641+0000] {processor.py:842} WARNING - No viable dags retrieved from /opt/airflow/dags/dag_1.py
[2026-06-02T09:29:02.720+0000] {processor.py:183} INFO - Processing /opt/airflow/dags/dag_1.py took 0.096 seconds
[2026-06-02T09:29:33.074+0000] {processor.py:161} INFO - Started process (PID=2092) to work on /opt/airflow/dags/dag_1.py
[2026-06-02T09:29:33.075+0000] {processor.py:830} INFO - Processing file /opt/airflow/dags/dag_1.py for tasks to queue
[2026-06-02T09:29:33.076+0000] {logging_mixin.py:188} INFO - [2026-06-02T09:29:33.076+0000] {dagbag.py:540} INFO - Filling up the DagBag from /opt/airflow/dags/dag_1.py
[2026-06-02T09:29:33.084+0000] {logging_mixin.py:188} INFO - [2026-06-02T09:29:33.084+0000] {dagbag.py:350} ERROR - Failed to import: /opt/airflow/dags/dag_1.py
Traceback (most recent call last):
  File "/home/airflow/.local/lib/python3.8/site-packages/airflow/models/dagbag.py", line 346, in parse
    loader.exec_module(new_module)
  File "<frozen importlib._bootstrap_external>", line 839, in exec_module
  File "<frozen importlib._bootstrap_external>", line 976, in get_code
  File "<frozen importlib._bootstrap_external>", line 906, in source_to_code
  File "<frozen importlib._bootstrap>", line 219, in _call_with_frames_removed
  File "/opt/airflow/dags/dag_1.py", line 48
    
    ^
SyntaxError: unexpected EOF while parsing
[2026-06-02T09:29:33.084+0000] {processor.py:842} WARNING - No viable dags retrieved from /opt/airflow/dags/dag_1.py
[2026-06-02T09:29:33.105+0000] {processor.py:183} INFO - Processing /opt/airflow/dags/dag_1.py took 0.033 seconds
[2026-06-02T09:30:03.459+0000] {processor.py:161} INFO - Started process (PID=2102) to work on /opt/airflow/dags/dag_1.py
[2026-06-02T09:30:03.460+0000] {processor.py:830} INFO - Processing file /opt/airflow/dags/dag_1.py for tasks to queue
[2026-06-02T09:30:03.461+0000] {logging_mixin.py:188} INFO - [2026-06-02T09:30:03.461+0000] {dagbag.py:540} INFO - Filling up the DagBag from /opt/airflow/dags/dag_1.py
[2026-06-02T09:30:03.483+0000] {logging_mixin.py:188} INFO - [2026-06-02T09:30:03.482+0000] {dagbag.py:350} ERROR - Failed to import: /opt/airflow/dags/dag_1.py
Traceback (most recent call last):
  File "/home/airflow/.local/lib/python3.8/site-packages/airflow/models/dagbag.py", line 346, in parse
    loader.exec_module(new_module)
  File "<frozen importlib._bootstrap_external>", line 839, in exec_module
  File "<frozen importlib._bootstrap_external>", line 976, in get_code
  File "<frozen importlib._bootstrap_external>", line 906, in source_to_code
  File "<frozen importlib._bootstrap>", line 219, in _call_with_frames_removed
  File "/opt/airflow/dags/dag_1.py", line 48
    
    ^
SyntaxError: unexpected EOF while parsing
[2026-06-02T09:30:03.484+0000] {processor.py:842} WARNING - No viable dags retrieved from /opt/airflow/dags/dag_1.py
[2026-06-02T09:30:03.514+0000] {processor.py:183} INFO - Processing /opt/airflow/dags/dag_1.py took 0.059 seconds
[2026-06-02T09:30:33.871+0000] {processor.py:161} INFO - Started process (PID=2112) to work on /opt/airflow/dags/dag_1.py
[2026-06-02T09:30:33.872+0000] {processor.py:830} INFO - Processing file /opt/airflow/dags/dag_1.py for tasks to queue
[2026-06-02T09:30:33.872+0000] {logging_mixin.py:188} INFO - [2026-06-02T09:30:33.872+0000] {dagbag.py:540} INFO - Filling up the DagBag from /opt/airflow/dags/dag_1.py
[2026-06-02T09:30:33.881+0000] {logging_mixin.py:188} INFO - [2026-06-02T09:30:33.880+0000] {dagbag.py:350} ERROR - Failed to import: /opt/airflow/dags/dag_1.py
Traceback (most recent call last):
  File "/home/airflow/.local/lib/python3.8/site-packages/airflow/models/dagbag.py", line 346, in parse
    loader.exec_module(new_module)
  File "<frozen importlib._bootstrap_external>", line 839, in exec_module
  File "<frozen importlib._bootstrap_external>", line 976, in get_code
  File "<frozen importlib._bootstrap_external>", line 906, in source_to_code
  File "<frozen importlib._bootstrap>", line 219, in _call_with_frames_removed
  File "/opt/airflow/dags/dag_1.py", line 48
    
    ^
SyntaxError: unexpected EOF while parsing
[2026-06-02T09:30:33.881+0000] {processor.py:842} WARNING - No viable dags retrieved from /opt/airflow/dags/dag_1.py
[2026-06-02T09:30:33.896+0000] {processor.py:183} INFO - Processing /opt/airflow/dags/dag_1.py took 0.027 seconds
[2026-06-02T09:31:04.222+0000] {processor.py:161} INFO - Started process (PID=2122) to work on /opt/airflow/dags/dag_1.py
[2026-06-02T09:31:04.223+0000] {processor.py:830} INFO - Processing file /opt/airflow/dags/dag_1.py for tasks to queue
[2026-06-02T09:31:04.223+0000] {logging_mixin.py:188} INFO - [2026-06-02T09:31:04.223+0000] {dagbag.py:540} INFO - Filling up the DagBag from /opt/airflow/dags/dag_1.py
[2026-06-02T09:31:04.231+0000] {logging_mixin.py:188} INFO - [2026-06-02T09:31:04.231+0000] {dagbag.py:350} ERROR - Failed to import: /opt/airflow/dags/dag_1.py
Traceback (most recent call last):
  File "/home/airflow/.local/lib/python3.8/site-packages/airflow/models/dagbag.py", line 346, in parse
    loader.exec_module(new_module)
  File "<frozen importlib._bootstrap_external>", line 839, in exec_module
  File "<frozen importlib._bootstrap_external>", line 976, in get_code
  File "<frozen importlib._bootstrap_external>", line 906, in source_to_code
  File "<frozen importlib._bootstrap>", line 219, in _call_with_frames_removed
  File "/opt/airflow/dags/dag_1.py", line 48
    
    ^
SyntaxError: unexpected EOF while parsing
[2026-06-02T09:31:04.232+0000] {processor.py:842} WARNING - No viable dags retrieved from /opt/airflow/dags/dag_1.py
[2026-06-02T09:31:04.254+0000] {processor.py:183} INFO - Processing /opt/airflow/dags/dag_1.py took 0.034 seconds
[2026-06-02T09:31:15.507+0000] {processor.py:161} INFO - Started process (PID=2127) to work on /opt/airflow/dags/dag_1.py
[2026-06-02T09:31:15.517+0000] {processor.py:830} INFO - Processing file /opt/airflow/dags/dag_1.py for tasks to queue
[2026-06-02T09:31:15.520+0000] {logging_mixin.py:188} INFO - [2026-06-02T09:31:15.520+0000] {dagbag.py:540} INFO - Filling up the DagBag from /opt/airflow/dags/dag_1.py
[2026-06-02T09:31:15.551+0000] {logging_mixin.py:188} INFO - [2026-06-02T09:31:15.550+0000] {dagbag.py:350} ERROR - Failed to import: /opt/airflow/dags/dag_1.py
Traceback (most recent call last):
  File "/home/airflow/.local/lib/python3.8/site-packages/airflow/models/dagbag.py", line 346, in parse
    loader.exec_module(new_module)
  File "<frozen importlib._bootstrap_external>", line 839, in exec_module
  File "<frozen importlib._bootstrap_external>", line 976, in get_code
  File "<frozen importlib._bootstrap_external>", line 906, in source_to_code
  File "<frozen importlib._bootstrap>", line 219, in _call_with_frames_removed
  File "/opt/airflow/dags/dag_1.py", line 48
    
    ^
SyntaxError: unexpected EOF while parsing
[2026-06-02T09:31:15.551+0000] {processor.py:842} WARNING - No viable dags retrieved from /opt/airflow/dags/dag_1.py
[2026-06-02T09:31:15.587+0000] {processor.py:183} INFO - Processing /opt/airflow/dags/dag_1.py took 0.083 seconds
[2026-06-02T09:31:45.765+0000] {processor.py:161} INFO - Started process (PID=2137) to work on /opt/airflow/dags/dag_1.py
[2026-06-02T09:31:45.766+0000] {processor.py:830} INFO - Processing file /opt/airflow/dags/dag_1.py for tasks to queue
[2026-06-02T09:31:45.767+0000] {logging_mixin.py:188} INFO - [2026-06-02T09:31:45.767+0000] {dagbag.py:540} INFO - Filling up the DagBag from /opt/airflow/dags/dag_1.py
[2026-06-02T09:31:45.777+0000] {logging_mixin.py:188} INFO - [2026-06-02T09:31:45.776+0000] {dagbag.py:350} ERROR - Failed to import: /opt/airflow/dags/dag_1.py
Traceback (most recent call last):
  File "/home/airflow/.local/lib/python3.8/site-packages/airflow/models/dagbag.py", line 346, in parse
    loader.exec_module(new_module)
  File "<frozen importlib._bootstrap_external>", line 839, in exec_module
  File "<frozen importlib._bootstrap_external>", line 976, in get_code
  File "<frozen importlib._bootstrap_external>", line 906, in source_to_code
  File "<frozen importlib._bootstrap>", line 219, in _call_with_frames_removed
  File "/opt/airflow/dags/dag_1.py", line 48
    
    ^
SyntaxError: unexpected EOF while parsing
[2026-06-02T09:31:45.777+0000] {processor.py:842} WARNING - No viable dags retrieved from /opt/airflow/dags/dag_1.py
[2026-06-02T09:31:45.800+0000] {processor.py:183} INFO - Processing /opt/airflow/dags/dag_1.py took 0.037 seconds
[2026-06-02T09:32:16.126+0000] {processor.py:161} INFO - Started process (PID=2147) to work on /opt/airflow/dags/dag_1.py
[2026-06-02T09:32:16.127+0000] {processor.py:830} INFO - Processing file /opt/airflow/dags/dag_1.py for tasks to queue
[2026-06-02T09:32:16.128+0000] {logging_mixin.py:188} INFO - [2026-06-02T09:32:16.127+0000] {dagbag.py:540} INFO - Filling up the DagBag from /opt/airflow/dags/dag_1.py
[2026-06-02T09:32:16.136+0000] {logging_mixin.py:188} INFO - [2026-06-02T09:32:16.136+0000] {dagbag.py:350} ERROR - Failed to import: /opt/airflow/dags/dag_1.py
Traceback (most recent call last):
  File "/home/airflow/.local/lib/python3.8/site-packages/airflow/models/dagbag.py", line 346, in parse
    loader.exec_module(new_module)
  File "<frozen importlib._bootstrap_external>", line 839, in exec_module
  File "<frozen importlib._bootstrap_external>", line 976, in get_code
  File "<frozen importlib._bootstrap_external>", line 906, in source_to_code
  File "<frozen importlib._bootstrap>", line 219, in _call_with_frames_removed
  File "/opt/airflow/dags/dag_1.py", line 48
    
    ^
SyntaxError: unexpected EOF while parsing
[2026-06-02T09:32:16.137+0000] {processor.py:842} WARNING - No viable dags retrieved from /opt/airflow/dags/dag_1.py
[2026-06-02T09:32:16.152+0000] {processor.py:183} INFO - Processing /opt/airflow/dags/dag_1.py took 0.028 seconds
[2026-06-02T09:32:46.576+0000] {processor.py:161} INFO - Started process (PID=2157) to work on /opt/airflow/dags/dag_1.py
[2026-06-02T09:32:46.577+0000] {processor.py:830} INFO - Processing file /opt/airflow/dags/dag_1.py for tasks to queue
[2026-06-02T09:32:46.578+0000] {logging_mixin.py:188} INFO - [2026-06-02T09:32:46.577+0000] {dagbag.py:540} INFO - Filling up the DagBag from /opt/airflow/dags/dag_1.py
[2026-06-02T09:32:46.585+0000] {logging_mixin.py:188} INFO - [2026-06-02T09:32:46.584+0000] {dagbag.py:350} ERROR - Failed to import: /opt/airflow/dags/dag_1.py
Traceback (most recent call last):
  File "/home/airflow/.local/lib/python3.8/site-packages/airflow/models/dagbag.py", line 346, in parse
    loader.exec_module(new_module)
  File "<frozen importlib._bootstrap_external>", line 839, in exec_module
  File "<frozen importlib._bootstrap_external>", line 976, in get_code
  File "<frozen importlib._bootstrap_external>", line 906, in source_to_code
  File "<frozen importlib._bootstrap>", line 219, in _call_with_frames_removed
  File "/opt/airflow/dags/dag_1.py", line 48
    
    ^
SyntaxError: unexpected EOF while parsing
[2026-06-02T09:32:46.585+0000] {processor.py:842} WARNING - No viable dags retrieved from /opt/airflow/dags/dag_1.py
[2026-06-02T09:32:46.606+0000] {processor.py:183} INFO - Processing /opt/airflow/dags/dag_1.py took 0.033 seconds
[2026-06-02T09:33:16.939+0000] {processor.py:161} INFO - Started process (PID=2167) to work on /opt/airflow/dags/dag_1.py
[2026-06-02T09:33:16.940+0000] {processor.py:830} INFO - Processing file /opt/airflow/dags/dag_1.py for tasks to queue
[2026-06-02T09:33:16.942+0000] {logging_mixin.py:188} INFO - [2026-06-02T09:33:16.942+0000] {dagbag.py:540} INFO - Filling up the DagBag from /opt/airflow/dags/dag_1.py
[2026-06-02T09:33:16.953+0000] {logging_mixin.py:188} INFO - [2026-06-02T09:33:16.953+0000] {dagbag.py:350} ERROR - Failed to import: /opt/airflow/dags/dag_1.py
Traceback (most recent call last):
  File "/home/airflow/.local/lib/python3.8/site-packages/airflow/models/dagbag.py", line 346, in parse
    loader.exec_module(new_module)
  File "<frozen importlib._bootstrap_external>", line 839, in exec_module
  File "<frozen importlib._bootstrap_external>", line 976, in get_code
  File "<frozen importlib._bootstrap_external>", line 906, in source_to_code
  File "<frozen importlib._bootstrap>", line 219, in _call_with_frames_removed
  File "/opt/airflow/dags/dag_1.py", line 48
    
    ^
SyntaxError: unexpected EOF while parsing
[2026-06-02T09:33:16.954+0000] {processor.py:842} WARNING - No viable dags retrieved from /opt/airflow/dags/dag_1.py
[2026-06-02T09:33:16.975+0000] {processor.py:183} INFO - Processing /opt/airflow/dags/dag_1.py took 0.038 seconds
[2026-06-02T09:33:47.338+0000] {processor.py:161} INFO - Started process (PID=2177) to work on /opt/airflow/dags/dag_1.py
[2026-06-02T09:33:47.339+0000] {processor.py:830} INFO - Processing file /opt/airflow/dags/dag_1.py for tasks to queue
[2026-06-02T09:33:47.340+0000] {logging_mixin.py:188} INFO - [2026-06-02T09:33:47.340+0000] {dagbag.py:540} INFO - Filling up the DagBag from /opt/airflow/dags/dag_1.py
[2026-06-02T09:33:47.348+0000] {logging_mixin.py:188} INFO - [2026-06-02T09:33:47.347+0000] {dagbag.py:350} ERROR - Failed to import: /opt/airflow/dags/dag_1.py
Traceback (most recent call last):
  File "/home/airflow/.local/lib/python3.8/site-packages/airflow/models/dagbag.py", line 346, in parse
    loader.exec_module(new_module)
  File "<frozen importlib._bootstrap_external>", line 839, in exec_module
  File "<frozen importlib._bootstrap_external>", line 976, in get_code
  File "<frozen importlib._bootstrap_external>", line 906, in source_to_code
  File "<frozen importlib._bootstrap>", line 219, in _call_with_frames_removed
  File "/opt/airflow/dags/dag_1.py", line 48
    
    ^
SyntaxError: unexpected EOF while parsing
[2026-06-02T09:33:47.348+0000] {processor.py:842} WARNING - No viable dags retrieved from /opt/airflow/dags/dag_1.py
[2026-06-02T09:33:47.363+0000] {processor.py:183} INFO - Processing /opt/airflow/dags/dag_1.py took 0.027 seconds
[2026-06-02T09:34:17.669+0000] {processor.py:161} INFO - Started process (PID=2187) to work on /opt/airflow/dags/dag_1.py
[2026-06-02T09:34:17.670+0000] {processor.py:830} INFO - Processing file /opt/airflow/dags/dag_1.py for tasks to queue
[2026-06-02T09:34:17.671+0000] {logging_mixin.py:188} INFO - [2026-06-02T09:34:17.671+0000] {dagbag.py:540} INFO - Filling up the DagBag from /opt/airflow/dags/dag_1.py
[2026-06-02T09:34:17.681+0000] {logging_mixin.py:188} INFO - [2026-06-02T09:34:17.681+0000] {dagbag.py:350} ERROR - Failed to import: /opt/airflow/dags/dag_1.py
Traceback (most recent call last):
  File "/home/airflow/.local/lib/python3.8/site-packages/airflow/models/dagbag.py", line 346, in parse
    loader.exec_module(new_module)
  File "<frozen importlib._bootstrap_external>", line 839, in exec_module
  File "<frozen importlib._bootstrap_external>", line 976, in get_code
  File "<frozen importlib._bootstrap_external>", line 906, in source_to_code
  File "<frozen importlib._bootstrap>", line 219, in _call_with_frames_removed
  File "/opt/airflow/dags/dag_1.py", line 48
    
    ^
SyntaxError: unexpected EOF while parsing
[2026-06-02T09:34:17.682+0000] {processor.py:842} WARNING - No viable dags retrieved from /opt/airflow/dags/dag_1.py
[2026-06-02T09:34:17.697+0000] {processor.py:183} INFO - Processing /opt/airflow/dags/dag_1.py took 0.030 seconds
[2026-06-02T09:34:48.055+0000] {processor.py:161} INFO - Started process (PID=2197) to work on /opt/airflow/dags/dag_1.py
[2026-06-02T09:34:48.056+0000] {processor.py:830} INFO - Processing file /opt/airflow/dags/dag_1.py for tasks to queue
[2026-06-02T09:34:48.058+0000] {logging_mixin.py:188} INFO - [2026-06-02T09:34:48.057+0000] {dagbag.py:540} INFO - Filling up the DagBag from /opt/airflow/dags/dag_1.py
[2026-06-02T09:34:48.070+0000] {logging_mixin.py:188} INFO - [2026-06-02T09:34:48.069+0000] {dagbag.py:350} ERROR - Failed to import: /opt/airflow/dags/dag_1.py
Traceback (most recent call last):
  File "/home/airflow/.local/lib/python3.8/site-packages/airflow/models/dagbag.py", line 346, in parse
    loader.exec_module(new_module)
  File "<frozen importlib._bootstrap_external>", line 839, in exec_module
  File "<frozen importlib._bootstrap_external>", line 976, in get_code
  File "<frozen importlib._bootstrap_external>", line 906, in source_to_code
  File "<frozen importlib._bootstrap>", line 219, in _call_with_frames_removed
  File "/opt/airflow/dags/dag_1.py", line 48
    
    ^
SyntaxError: unexpected EOF while parsing
[2026-06-02T09:34:48.071+0000] {processor.py:842} WARNING - No viable dags retrieved from /opt/airflow/dags/dag_1.py
[2026-06-02T09:34:48.089+0000] {processor.py:183} INFO - Processing /opt/airflow/dags/dag_1.py took 0.037 seconds
[2026-06-02T09:35:18.567+0000] {processor.py:161} INFO - Started process (PID=2207) to work on /opt/airflow/dags/dag_1.py
[2026-06-02T09:35:18.567+0000] {processor.py:830} INFO - Processing file /opt/airflow/dags/dag_1.py for tasks to queue
[2026-06-02T09:35:18.568+0000] {logging_mixin.py:188} INFO - [2026-06-02T09:35:18.568+0000] {dagbag.py:540} INFO - Filling up the DagBag from /opt/airflow/dags/dag_1.py
[2026-06-02T09:35:18.575+0000] {logging_mixin.py:188} INFO - [2026-06-02T09:35:18.575+0000] {dagbag.py:350} ERROR - Failed to import: /opt/airflow/dags/dag_1.py
Traceback (most recent call last):
  File "/home/airflow/.local/lib/python3.8/site-packages/airflow/models/dagbag.py", line 346, in parse
    loader.exec_module(new_module)
  File "<frozen importlib._bootstrap_external>", line 839, in exec_module
  File "<frozen importlib._bootstrap_external>", line 976, in get_code
  File "<frozen importlib._bootstrap_external>", line 906, in source_to_code
  File "<frozen importlib._bootstrap>", line 219, in _call_with_frames_removed
  File "/opt/airflow/dags/dag_1.py", line 48
    
    ^
SyntaxError: unexpected EOF while parsing
[2026-06-02T09:35:18.576+0000] {processor.py:842} WARNING - No viable dags retrieved from /opt/airflow/dags/dag_1.py
[2026-06-02T09:35:18.597+0000] {processor.py:183} INFO - Processing /opt/airflow/dags/dag_1.py took 0.033 seconds
[2026-06-02T09:35:41.900+0000] {processor.py:161} INFO - Started process (PID=2217) to work on /opt/airflow/dags/dag_1.py
[2026-06-02T09:35:41.901+0000] {processor.py:830} INFO - Processing file /opt/airflow/dags/dag_1.py for tasks to queue
[2026-06-02T09:35:41.902+0000] {logging_mixin.py:188} INFO - [2026-06-02T09:35:41.902+0000] {dagbag.py:540} INFO - Filling up the DagBag from /opt/airflow/dags/dag_1.py
[2026-06-02T09:35:41.913+0000] {logging_mixin.py:188} INFO - [2026-06-02T09:35:41.912+0000] {dagbag.py:350} ERROR - Failed to import: /opt/airflow/dags/dag_1.py
Traceback (most recent call last):
  File "/home/airflow/.local/lib/python3.8/site-packages/airflow/models/dagbag.py", line 346, in parse
    loader.exec_module(new_module)
  File "<frozen importlib._bootstrap_external>", line 839, in exec_module
  File "<frozen importlib._bootstrap_external>", line 976, in get_code
  File "<frozen importlib._bootstrap_external>", line 906, in source_to_code
  File "<frozen importlib._bootstrap>", line 219, in _call_with_frames_removed
  File "/opt/airflow/dags/dag_1.py", line 50
    
    ^
SyntaxError: unexpected EOF while parsing
[2026-06-02T09:35:41.914+0000] {processor.py:842} WARNING - No viable dags retrieved from /opt/airflow/dags/dag_1.py
[2026-06-02T09:35:41.938+0000] {processor.py:183} INFO - Processing /opt/airflow/dags/dag_1.py took 0.040 seconds
[2026-06-02T09:36:12.333+0000] {processor.py:161} INFO - Started process (PID=2227) to work on /opt/airflow/dags/dag_1.py
[2026-06-02T09:36:12.334+0000] {processor.py:830} INFO - Processing file /opt/airflow/dags/dag_1.py for tasks to queue
[2026-06-02T09:36:12.335+0000] {logging_mixin.py:188} INFO - [2026-06-02T09:36:12.334+0000] {dagbag.py:540} INFO - Filling up the DagBag from /opt/airflow/dags/dag_1.py
[2026-06-02T09:36:12.348+0000] {logging_mixin.py:188} INFO - [2026-06-02T09:36:12.347+0000] {dagbag.py:350} ERROR - Failed to import: /opt/airflow/dags/dag_1.py
Traceback (most recent call last):
  File "/home/airflow/.local/lib/python3.8/site-packages/airflow/models/dagbag.py", line 346, in parse
    loader.exec_module(new_module)
  File "<frozen importlib._bootstrap_external>", line 839, in exec_module
  File "<frozen importlib._bootstrap_external>", line 976, in get_code
  File "<frozen importlib._bootstrap_external>", line 906, in source_to_code
  File "<frozen importlib._bootstrap>", line 219, in _call_with_frames_removed
  File "/opt/airflow/dags/dag_1.py", line 50
    
    ^
SyntaxError: unexpected EOF while parsing
[2026-06-02T09:36:12.348+0000] {processor.py:842} WARNING - No viable dags retrieved from /opt/airflow/dags/dag_1.py
[2026-06-02T09:36:12.376+0000] {processor.py:183} INFO - Processing /opt/airflow/dags/dag_1.py took 0.048 seconds
[2026-06-02T09:36:42.716+0000] {processor.py:161} INFO - Started process (PID=2237) to work on /opt/airflow/dags/dag_1.py
[2026-06-02T09:36:42.717+0000] {processor.py:830} INFO - Processing file /opt/airflow/dags/dag_1.py for tasks to queue
[2026-06-02T09:36:42.718+0000] {logging_mixin.py:188} INFO - [2026-06-02T09:36:42.718+0000] {dagbag.py:540} INFO - Filling up the DagBag from /opt/airflow/dags/dag_1.py
[2026-06-02T09:36:42.729+0000] {logging_mixin.py:188} INFO - [2026-06-02T09:36:42.728+0000] {dagbag.py:350} ERROR - Failed to import: /opt/airflow/dags/dag_1.py
Traceback (most recent call last):
  File "/home/airflow/.local/lib/python3.8/site-packages/airflow/models/dagbag.py", line 346, in parse
    loader.exec_module(new_module)
  File "<frozen importlib._bootstrap_external>", line 839, in exec_module
  File "<frozen importlib._bootstrap_external>", line 976, in get_code
  File "<frozen importlib._bootstrap_external>", line 906, in source_to_code
  File "<frozen importlib._bootstrap>", line 219, in _call_with_frames_removed
  File "/opt/airflow/dags/dag_1.py", line 50
    
    ^
SyntaxError: unexpected EOF while parsing
[2026-06-02T09:36:42.729+0000] {processor.py:842} WARNING - No viable dags retrieved from /opt/airflow/dags/dag_1.py
[2026-06-02T09:36:42.752+0000] {processor.py:183} INFO - Processing /opt/airflow/dags/dag_1.py took 0.039 seconds
[2026-06-02T09:37:13.008+0000] {processor.py:161} INFO - Started process (PID=2247) to work on /opt/airflow/dags/dag_1.py
[2026-06-02T09:37:13.010+0000] {processor.py:830} INFO - Processing file /opt/airflow/dags/dag_1.py for tasks to queue
[2026-06-02T09:37:13.011+0000] {logging_mixin.py:188} INFO - [2026-06-02T09:37:13.011+0000] {dagbag.py:540} INFO - Filling up the DagBag from /opt/airflow/dags/dag_1.py
[2026-06-02T09:37:13.027+0000] {logging_mixin.py:188} INFO - [2026-06-02T09:37:13.026+0000] {dagbag.py:350} ERROR - Failed to import: /opt/airflow/dags/dag_1.py
Traceback (most recent call last):
  File "/home/airflow/.local/lib/python3.8/site-packages/airflow/models/dagbag.py", line 346, in parse
    loader.exec_module(new_module)
  File "<frozen importlib._bootstrap_external>", line 839, in exec_module
  File "<frozen importlib._bootstrap_external>", line 976, in get_code
  File "<frozen importlib._bootstrap_external>", line 906, in source_to_code
  File "<frozen importlib._bootstrap>", line 219, in _call_with_frames_removed
  File "/opt/airflow/dags/dag_1.py", line 50
    
    ^
SyntaxError: unexpected EOF while parsing
[2026-06-02T09:37:13.027+0000] {processor.py:842} WARNING - No viable dags retrieved from /opt/airflow/dags/dag_1.py
[2026-06-02T09:37:13.053+0000] {processor.py:183} INFO - Processing /opt/airflow/dags/dag_1.py took 0.047 seconds
[2026-06-02T09:37:43.438+0000] {processor.py:161} INFO - Started process (PID=2257) to work on /opt/airflow/dags/dag_1.py
[2026-06-02T09:37:43.439+0000] {processor.py:830} INFO - Processing file /opt/airflow/dags/dag_1.py for tasks to queue
[2026-06-02T09:37:43.440+0000] {logging_mixin.py:188} INFO - [2026-06-02T09:37:43.440+0000] {dagbag.py:540} INFO - Filling up the DagBag from /opt/airflow/dags/dag_1.py
[2026-06-02T09:37:43.450+0000] {logging_mixin.py:188} INFO - [2026-06-02T09:37:43.449+0000] {dagbag.py:350} ERROR - Failed to import: /opt/airflow/dags/dag_1.py
Traceback (most recent call last):
  File "/home/airflow/.local/lib/python3.8/site-packages/airflow/models/dagbag.py", line 346, in parse
    loader.exec_module(new_module)
  File "<frozen importlib._bootstrap_external>", line 839, in exec_module
  File "<frozen importlib._bootstrap_external>", line 976, in get_code
  File "<frozen importlib._bootstrap_external>", line 906, in source_to_code
  File "<frozen importlib._bootstrap>", line 219, in _call_with_frames_removed
  File "/opt/airflow/dags/dag_1.py", line 50
    
    ^
SyntaxError: unexpected EOF while parsing
[2026-06-02T09:37:43.450+0000] {processor.py:842} WARNING - No viable dags retrieved from /opt/airflow/dags/dag_1.py
[2026-06-02T09:37:43.470+0000] {processor.py:183} INFO - Processing /opt/airflow/dags/dag_1.py took 0.035 seconds
[2026-06-02T09:38:13.848+0000] {processor.py:161} INFO - Started process (PID=2267) to work on /opt/airflow/dags/dag_1.py
[2026-06-02T09:38:13.849+0000] {processor.py:830} INFO - Processing file /opt/airflow/dags/dag_1.py for tasks to queue
[2026-06-02T09:38:13.851+0000] {logging_mixin.py:188} INFO - [2026-06-02T09:38:13.851+0000] {dagbag.py:540} INFO - Filling up the DagBag from /opt/airflow/dags/dag_1.py
[2026-06-02T09:38:13.860+0000] {logging_mixin.py:188} INFO - [2026-06-02T09:38:13.860+0000] {dagbag.py:350} ERROR - Failed to import: /opt/airflow/dags/dag_1.py
Traceback (most recent call last):
  File "/home/airflow/.local/lib/python3.8/site-packages/airflow/models/dagbag.py", line 346, in parse
    loader.exec_module(new_module)
  File "<frozen importlib._bootstrap_external>", line 839, in exec_module
  File "<frozen importlib._bootstrap_external>", line 976, in get_code
  File "<frozen importlib._bootstrap_external>", line 906, in source_to_code
  File "<frozen importlib._bootstrap>", line 219, in _call_with_frames_removed
  File "/opt/airflow/dags/dag_1.py", line 50
    
    ^
SyntaxError: unexpected EOF while parsing
[2026-06-02T09:38:13.861+0000] {processor.py:842} WARNING - No viable dags retrieved from /opt/airflow/dags/dag_1.py
[2026-06-02T09:38:13.876+0000] {processor.py:183} INFO - Processing /opt/airflow/dags/dag_1.py took 0.031 seconds
[2026-06-02T09:38:37.242+0000] {processor.py:161} INFO - Started process (PID=2277) to work on /opt/airflow/dags/dag_1.py
[2026-06-02T09:38:37.243+0000] {processor.py:830} INFO - Processing file /opt/airflow/dags/dag_1.py for tasks to queue
[2026-06-02T09:38:37.244+0000] {logging_mixin.py:188} INFO - [2026-06-02T09:38:37.244+0000] {dagbag.py:540} INFO - Filling up the DagBag from /opt/airflow/dags/dag_1.py
[2026-06-02T09:38:37.255+0000] {logging_mixin.py:188} INFO - [2026-06-02T09:38:37.254+0000] {dagbag.py:350} ERROR - Failed to import: /opt/airflow/dags/dag_1.py
Traceback (most recent call last):
  File "/home/airflow/.local/lib/python3.8/site-packages/airflow/models/dagbag.py", line 346, in parse
    loader.exec_module(new_module)
  File "<frozen importlib._bootstrap_external>", line 839, in exec_module
  File "<frozen importlib._bootstrap_external>", line 976, in get_code
  File "<frozen importlib._bootstrap_external>", line 906, in source_to_code
  File "<frozen importlib._bootstrap>", line 219, in _call_with_frames_removed
  File "/opt/airflow/dags/dag_1.py", line 48
    
    ^
SyntaxError: unexpected EOF while parsing
[2026-06-02T09:38:37.256+0000] {processor.py:842} WARNING - No viable dags retrieved from /opt/airflow/dags/dag_1.py
[2026-06-02T09:38:37.276+0000] {processor.py:183} INFO - Processing /opt/airflow/dags/dag_1.py took 0.037 seconds
[2026-06-02T09:39:07.652+0000] {processor.py:161} INFO - Started process (PID=2287) to work on /opt/airflow/dags/dag_1.py
[2026-06-02T09:39:07.654+0000] {processor.py:830} INFO - Processing file /opt/airflow/dags/dag_1.py for tasks to queue
[2026-06-02T09:39:07.655+0000] {logging_mixin.py:188} INFO - [2026-06-02T09:39:07.654+0000] {dagbag.py:540} INFO - Filling up the DagBag from /opt/airflow/dags/dag_1.py
[2026-06-02T09:39:07.667+0000] {logging_mixin.py:188} INFO - [2026-06-02T09:39:07.667+0000] {dagbag.py:350} ERROR - Failed to import: /opt/airflow/dags/dag_1.py
Traceback (most recent call last):
  File "/home/airflow/.local/lib/python3.8/site-packages/airflow/models/dagbag.py", line 346, in parse
    loader.exec_module(new_module)
  File "<frozen importlib._bootstrap_external>", line 839, in exec_module
  File "<frozen importlib._bootstrap_external>", line 976, in get_code
  File "<frozen importlib._bootstrap_external>", line 906, in source_to_code
  File "<frozen importlib._bootstrap>", line 219, in _call_with_frames_removed
  File "/opt/airflow/dags/dag_1.py", line 48
    
    ^
SyntaxError: unexpected EOF while parsing
[2026-06-02T09:39:07.668+0000] {processor.py:842} WARNING - No viable dags retrieved from /opt/airflow/dags/dag_1.py
[2026-06-02T09:39:07.691+0000] {processor.py:183} INFO - Processing /opt/airflow/dags/dag_1.py took 0.041 seconds
[2026-06-02T09:39:38.046+0000] {processor.py:161} INFO - Started process (PID=2297) to work on /opt/airflow/dags/dag_1.py
[2026-06-02T09:39:38.047+0000] {processor.py:830} INFO - Processing file /opt/airflow/dags/dag_1.py for tasks to queue
[2026-06-02T09:39:38.048+0000] {logging_mixin.py:188} INFO - [2026-06-02T09:39:38.048+0000] {dagbag.py:540} INFO - Filling up the DagBag from /opt/airflow/dags/dag_1.py
[2026-06-02T09:39:38.057+0000] {logging_mixin.py:188} INFO - [2026-06-02T09:39:38.056+0000] {dagbag.py:350} ERROR - Failed to import: /opt/airflow/dags/dag_1.py
Traceback (most recent call last):
  File "/home/airflow/.local/lib/python3.8/site-packages/airflow/models/dagbag.py", line 346, in parse
    loader.exec_module(new_module)
  File "<frozen importlib._bootstrap_external>", line 839, in exec_module
  File "<frozen importlib._bootstrap_external>", line 976, in get_code
  File "<frozen importlib._bootstrap_external>", line 906, in source_to_code
  File "<frozen importlib._bootstrap>", line 219, in _call_with_frames_removed
  File "/opt/airflow/dags/dag_1.py", line 48
    
    ^
SyntaxError: unexpected EOF while parsing
[2026-06-02T09:39:38.057+0000] {processor.py:842} WARNING - No viable dags retrieved from /opt/airflow/dags/dag_1.py
[2026-06-02T09:39:38.073+0000] {processor.py:183} INFO - Processing /opt/airflow/dags/dag_1.py took 0.029 seconds
[2026-06-02T09:40:08.423+0000] {processor.py:161} INFO - Started process (PID=2307) to work on /opt/airflow/dags/dag_1.py
[2026-06-02T09:40:08.424+0000] {processor.py:830} INFO - Processing file /opt/airflow/dags/dag_1.py for tasks to queue
[2026-06-02T09:40:08.425+0000] {logging_mixin.py:188} INFO - [2026-06-02T09:40:08.425+0000] {dagbag.py:540} INFO - Filling up the DagBag from /opt/airflow/dags/dag_1.py
[2026-06-02T09:40:08.434+0000] {logging_mixin.py:188} INFO - [2026-06-02T09:40:08.434+0000] {dagbag.py:350} ERROR - Failed to import: /opt/airflow/dags/dag_1.py
Traceback (most recent call last):
  File "/home/airflow/.local/lib/python3.8/site-packages/airflow/models/dagbag.py", line 346, in parse
    loader.exec_module(new_module)
  File "<frozen importlib._bootstrap_external>", line 839, in exec_module
  File "<frozen importlib._bootstrap_external>", line 976, in get_code
  File "<frozen importlib._bootstrap_external>", line 906, in source_to_code
  File "<frozen importlib._bootstrap>", line 219, in _call_with_frames_removed
  File "/opt/airflow/dags/dag_1.py", line 48
    
    ^
SyntaxError: unexpected EOF while parsing
[2026-06-02T09:40:08.434+0000] {processor.py:842} WARNING - No viable dags retrieved from /opt/airflow/dags/dag_1.py
[2026-06-02T09:40:08.456+0000] {processor.py:183} INFO - Processing /opt/airflow/dags/dag_1.py took 0.035 seconds
[2026-06-02T09:40:38.761+0000] {processor.py:161} INFO - Started process (PID=2317) to work on /opt/airflow/dags/dag_1.py
[2026-06-02T09:40:38.762+0000] {processor.py:830} INFO - Processing file /opt/airflow/dags/dag_1.py for tasks to queue
[2026-06-02T09:40:38.763+0000] {logging_mixin.py:188} INFO - [2026-06-02T09:40:38.763+0000] {dagbag.py:540} INFO - Filling up the DagBag from /opt/airflow/dags/dag_1.py
[2026-06-02T09:40:38.773+0000] {logging_mixin.py:188} INFO - [2026-06-02T09:40:38.772+0000] {dagbag.py:350} ERROR - Failed to import: /opt/airflow/dags/dag_1.py
Traceback (most recent call last):
  File "/home/airflow/.local/lib/python3.8/site-packages/airflow/models/dagbag.py", line 346, in parse
    loader.exec_module(new_module)
  File "<frozen importlib._bootstrap_external>", line 839, in exec_module
  File "<frozen importlib._bootstrap_external>", line 976, in get_code
  File "<frozen importlib._bootstrap_external>", line 906, in source_to_code
  File "<frozen importlib._bootstrap>", line 219, in _call_with_frames_removed
  File "/opt/airflow/dags/dag_1.py", line 48
    
    ^
SyntaxError: unexpected EOF while parsing
[2026-06-02T09:40:38.773+0000] {processor.py:842} WARNING - No viable dags retrieved from /opt/airflow/dags/dag_1.py
[2026-06-02T09:40:38.796+0000] {processor.py:183} INFO - Processing /opt/airflow/dags/dag_1.py took 0.037 seconds
[2026-06-02T09:41:09.051+0000] {processor.py:161} INFO - Started process (PID=2327) to work on /opt/airflow/dags/dag_1.py
[2026-06-02T09:41:09.052+0000] {processor.py:830} INFO - Processing file /opt/airflow/dags/dag_1.py for tasks to queue
[2026-06-02T09:41:09.053+0000] {logging_mixin.py:188} INFO - [2026-06-02T09:41:09.052+0000] {dagbag.py:540} INFO - Filling up the DagBag from /opt/airflow/dags/dag_1.py
[2026-06-02T09:41:09.061+0000] {logging_mixin.py:188} INFO - [2026-06-02T09:41:09.061+0000] {dagbag.py:350} ERROR - Failed to import: /opt/airflow/dags/dag_1.py
Traceback (most recent call last):
  File "/home/airflow/.local/lib/python3.8/site-packages/airflow/models/dagbag.py", line 346, in parse
    loader.exec_module(new_module)
  File "<frozen importlib._bootstrap_external>", line 839, in exec_module
  File "<frozen importlib._bootstrap_external>", line 976, in get_code
  File "<frozen importlib._bootstrap_external>", line 906, in source_to_code
  File "<frozen importlib._bootstrap>", line 219, in _call_with_frames_removed
  File "/opt/airflow/dags/dag_1.py", line 48
    
    ^
SyntaxError: unexpected EOF while parsing
[2026-06-02T09:41:09.062+0000] {processor.py:842} WARNING - No viable dags retrieved from /opt/airflow/dags/dag_1.py
[2026-06-02T09:41:09.084+0000] {processor.py:183} INFO - Processing /opt/airflow/dags/dag_1.py took 0.036 seconds
[2026-06-02T09:41:16.119+0000] {processor.py:161} INFO - Started process (PID=2332) to work on /opt/airflow/dags/dag_1.py
[2026-06-02T09:41:16.120+0000] {processor.py:830} INFO - Processing file /opt/airflow/dags/dag_1.py for tasks to queue
[2026-06-02T09:41:16.121+0000] {logging_mixin.py:188} INFO - [2026-06-02T09:41:16.121+0000] {dagbag.py:540} INFO - Filling up the DagBag from /opt/airflow/dags/dag_1.py
[2026-06-02T09:41:16.135+0000] {logging_mixin.py:188} INFO - [2026-06-02T09:41:16.134+0000] {dagbag.py:350} ERROR - Failed to import: /opt/airflow/dags/dag_1.py
Traceback (most recent call last):
  File "/home/airflow/.local/lib/python3.8/site-packages/airflow/models/dagbag.py", line 346, in parse
    loader.exec_module(new_module)
  File "<frozen importlib._bootstrap_external>", line 839, in exec_module
  File "<frozen importlib._bootstrap_external>", line 976, in get_code
  File "<frozen importlib._bootstrap_external>", line 906, in source_to_code
  File "<frozen importlib._bootstrap>", line 219, in _call_with_frames_removed
  File "/opt/airflow/dags/dag_1.py", line 48
    kwargs['ti'].xcom_push(key='processed_file_name', value=file_to_process)
    ^
SyntaxError: invalid syntax
[2026-06-02T09:41:16.135+0000] {processor.py:842} WARNING - No viable dags retrieved from /opt/airflow/dags/dag_1.py
[2026-06-02T09:41:16.151+0000] {processor.py:183} INFO - Processing /opt/airflow/dags/dag_1.py took 0.034 seconds
[2026-06-02T09:41:46.537+0000] {processor.py:161} INFO - Started process (PID=2342) to work on /opt/airflow/dags/dag_1.py
[2026-06-02T09:41:46.538+0000] {processor.py:830} INFO - Processing file /opt/airflow/dags/dag_1.py for tasks to queue
[2026-06-02T09:41:46.539+0000] {logging_mixin.py:188} INFO - [2026-06-02T09:41:46.538+0000] {dagbag.py:540} INFO - Filling up the DagBag from /opt/airflow/dags/dag_1.py
[2026-06-02T09:41:46.549+0000] {logging_mixin.py:188} INFO - [2026-06-02T09:41:46.548+0000] {dagbag.py:350} ERROR - Failed to import: /opt/airflow/dags/dag_1.py
Traceback (most recent call last):
  File "/home/airflow/.local/lib/python3.8/site-packages/airflow/models/dagbag.py", line 346, in parse
    loader.exec_module(new_module)
  File "<frozen importlib._bootstrap_external>", line 839, in exec_module
  File "<frozen importlib._bootstrap_external>", line 976, in get_code
  File "<frozen importlib._bootstrap_external>", line 906, in source_to_code
  File "<frozen importlib._bootstrap>", line 219, in _call_with_frames_removed
  File "/opt/airflow/dags/dag_1.py", line 48
    kwargs['ti'].xcom_push(key='processed_file_name', value=file_to_process)
    ^
SyntaxError: invalid syntax
[2026-06-02T09:41:46.549+0000] {processor.py:842} WARNING - No viable dags retrieved from /opt/airflow/dags/dag_1.py
[2026-06-02T09:41:46.571+0000] {processor.py:183} INFO - Processing /opt/airflow/dags/dag_1.py took 0.038 seconds
[2026-06-02T09:42:17.031+0000] {processor.py:161} INFO - Started process (PID=2352) to work on /opt/airflow/dags/dag_1.py
[2026-06-02T09:42:17.032+0000] {processor.py:830} INFO - Processing file /opt/airflow/dags/dag_1.py for tasks to queue
[2026-06-02T09:42:17.033+0000] {logging_mixin.py:188} INFO - [2026-06-02T09:42:17.032+0000] {dagbag.py:540} INFO - Filling up the DagBag from /opt/airflow/dags/dag_1.py
[2026-06-02T09:42:17.041+0000] {logging_mixin.py:188} INFO - [2026-06-02T09:42:17.041+0000] {dagbag.py:350} ERROR - Failed to import: /opt/airflow/dags/dag_1.py
Traceback (most recent call last):
  File "/home/airflow/.local/lib/python3.8/site-packages/airflow/models/dagbag.py", line 346, in parse
    loader.exec_module(new_module)
  File "<frozen importlib._bootstrap_external>", line 839, in exec_module
  File "<frozen importlib._bootstrap_external>", line 976, in get_code
  File "<frozen importlib._bootstrap_external>", line 906, in source_to_code
  File "<frozen importlib._bootstrap>", line 219, in _call_with_frames_removed
  File "/opt/airflow/dags/dag_1.py", line 48
    kwargs['ti'].xcom_push(key='processed_file_name', value=file_to_process)
    ^
SyntaxError: invalid syntax
[2026-06-02T09:42:17.041+0000] {processor.py:842} WARNING - No viable dags retrieved from /opt/airflow/dags/dag_1.py
[2026-06-02T09:42:17.063+0000] {processor.py:183} INFO - Processing /opt/airflow/dags/dag_1.py took 0.034 seconds
[2026-06-02T09:42:47.489+0000] {processor.py:161} INFO - Started process (PID=2362) to work on /opt/airflow/dags/dag_1.py
[2026-06-02T09:42:47.489+0000] {processor.py:830} INFO - Processing file /opt/airflow/dags/dag_1.py for tasks to queue
[2026-06-02T09:42:47.490+0000] {logging_mixin.py:188} INFO - [2026-06-02T09:42:47.490+0000] {dagbag.py:540} INFO - Filling up the DagBag from /opt/airflow/dags/dag_1.py
[2026-06-02T09:42:47.499+0000] {logging_mixin.py:188} INFO - [2026-06-02T09:42:47.498+0000] {dagbag.py:350} ERROR - Failed to import: /opt/airflow/dags/dag_1.py
Traceback (most recent call last):
  File "/home/airflow/.local/lib/python3.8/site-packages/airflow/models/dagbag.py", line 346, in parse
    loader.exec_module(new_module)
  File "<frozen importlib._bootstrap_external>", line 839, in exec_module
  File "<frozen importlib._bootstrap_external>", line 976, in get_code
  File "<frozen importlib._bootstrap_external>", line 906, in source_to_code
  File "<frozen importlib._bootstrap>", line 219, in _call_with_frames_removed
  File "/opt/airflow/dags/dag_1.py", line 48
    kwargs['ti'].xcom_push(key='processed_file_name', value=file_to_process)
    ^
SyntaxError: invalid syntax
[2026-06-02T09:42:47.499+0000] {processor.py:842} WARNING - No viable dags retrieved from /opt/airflow/dags/dag_1.py
[2026-06-02T09:42:47.513+0000] {processor.py:183} INFO - Processing /opt/airflow/dags/dag_1.py took 0.027 seconds
[2026-06-02T09:43:18.029+0000] {processor.py:161} INFO - Started process (PID=2372) to work on /opt/airflow/dags/dag_1.py
[2026-06-02T09:43:18.030+0000] {processor.py:830} INFO - Processing file /opt/airflow/dags/dag_1.py for tasks to queue
[2026-06-02T09:43:18.030+0000] {logging_mixin.py:188} INFO - [2026-06-02T09:43:18.030+0000] {dagbag.py:540} INFO - Filling up the DagBag from /opt/airflow/dags/dag_1.py
[2026-06-02T09:43:18.040+0000] {logging_mixin.py:188} INFO - [2026-06-02T09:43:18.039+0000] {dagbag.py:350} ERROR - Failed to import: /opt/airflow/dags/dag_1.py
Traceback (most recent call last):
  File "/home/airflow/.local/lib/python3.8/site-packages/airflow/models/dagbag.py", line 346, in parse
    loader.exec_module(new_module)
  File "<frozen importlib._bootstrap_external>", line 839, in exec_module
  File "<frozen importlib._bootstrap_external>", line 976, in get_code
  File "<frozen importlib._bootstrap_external>", line 906, in source_to_code
  File "<frozen importlib._bootstrap>", line 219, in _call_with_frames_removed
  File "/opt/airflow/dags/dag_1.py", line 48
    kwargs['ti'].xcom_push(key='processed_file_name', value=file_to_process)
    ^
SyntaxError: invalid syntax
[2026-06-02T09:43:18.040+0000] {processor.py:842} WARNING - No viable dags retrieved from /opt/airflow/dags/dag_1.py
[2026-06-02T09:43:18.061+0000] {processor.py:183} INFO - Processing /opt/airflow/dags/dag_1.py took 0.035 seconds
[2026-06-02T09:43:48.551+0000] {processor.py:161} INFO - Started process (PID=2382) to work on /opt/airflow/dags/dag_1.py
[2026-06-02T09:43:48.552+0000] {processor.py:830} INFO - Processing file /opt/airflow/dags/dag_1.py for tasks to queue
[2026-06-02T09:43:48.553+0000] {logging_mixin.py:188} INFO - [2026-06-02T09:43:48.553+0000] {dagbag.py:540} INFO - Filling up the DagBag from /opt/airflow/dags/dag_1.py
[2026-06-02T09:43:48.561+0000] {logging_mixin.py:188} INFO - [2026-06-02T09:43:48.560+0000] {dagbag.py:350} ERROR - Failed to import: /opt/airflow/dags/dag_1.py
Traceback (most recent call last):
  File "/home/airflow/.local/lib/python3.8/site-packages/airflow/models/dagbag.py", line 346, in parse
    loader.exec_module(new_module)
  File "<frozen importlib._bootstrap_external>", line 839, in exec_module
  File "<frozen importlib._bootstrap_external>", line 976, in get_code
  File "<frozen importlib._bootstrap_external>", line 906, in source_to_code
  File "<frozen importlib._bootstrap>", line 219, in _call_with_frames_removed
  File "/opt/airflow/dags/dag_1.py", line 48
    kwargs['ti'].xcom_push(key='processed_file_name', value=file_to_process)
    ^
SyntaxError: invalid syntax
[2026-06-02T09:43:48.561+0000] {processor.py:842} WARNING - No viable dags retrieved from /opt/airflow/dags/dag_1.py
[2026-06-02T09:43:48.582+0000] {processor.py:183} INFO - Processing /opt/airflow/dags/dag_1.py took 0.033 seconds
[2026-06-02T09:44:19.033+0000] {processor.py:161} INFO - Started process (PID=2392) to work on /opt/airflow/dags/dag_1.py
[2026-06-02T09:44:19.034+0000] {processor.py:830} INFO - Processing file /opt/airflow/dags/dag_1.py for tasks to queue
[2026-06-02T09:44:19.035+0000] {logging_mixin.py:188} INFO - [2026-06-02T09:44:19.035+0000] {dagbag.py:540} INFO - Filling up the DagBag from /opt/airflow/dags/dag_1.py
[2026-06-02T09:44:19.044+0000] {logging_mixin.py:188} INFO - [2026-06-02T09:44:19.044+0000] {dagbag.py:350} ERROR - Failed to import: /opt/airflow/dags/dag_1.py
Traceback (most recent call last):
  File "/home/airflow/.local/lib/python3.8/site-packages/airflow/models/dagbag.py", line 346, in parse
    loader.exec_module(new_module)
  File "<frozen importlib._bootstrap_external>", line 839, in exec_module
  File "<frozen importlib._bootstrap_external>", line 976, in get_code
  File "<frozen importlib._bootstrap_external>", line 906, in source_to_code
  File "<frozen importlib._bootstrap>", line 219, in _call_with_frames_removed
  File "/opt/airflow/dags/dag_1.py", line 48
    kwargs['ti'].xcom_push(key='processed_file_name', value=file_to_process)
    ^
SyntaxError: invalid syntax
[2026-06-02T09:44:19.045+0000] {processor.py:842} WARNING - No viable dags retrieved from /opt/airflow/dags/dag_1.py
[2026-06-02T09:44:19.067+0000] {processor.py:183} INFO - Processing /opt/airflow/dags/dag_1.py took 0.036 seconds
[2026-06-02T09:44:49.498+0000] {processor.py:161} INFO - Started process (PID=2402) to work on /opt/airflow/dags/dag_1.py
[2026-06-02T09:44:49.499+0000] {processor.py:830} INFO - Processing file /opt/airflow/dags/dag_1.py for tasks to queue
[2026-06-02T09:44:49.500+0000] {logging_mixin.py:188} INFO - [2026-06-02T09:44:49.500+0000] {dagbag.py:540} INFO - Filling up the DagBag from /opt/airflow/dags/dag_1.py
[2026-06-02T09:44:49.509+0000] {logging_mixin.py:188} INFO - [2026-06-02T09:44:49.508+0000] {dagbag.py:350} ERROR - Failed to import: /opt/airflow/dags/dag_1.py
Traceback (most recent call last):
  File "/home/airflow/.local/lib/python3.8/site-packages/airflow/models/dagbag.py", line 346, in parse
    loader.exec_module(new_module)
  File "<frozen importlib._bootstrap_external>", line 839, in exec_module
  File "<frozen importlib._bootstrap_external>", line 976, in get_code
  File "<frozen importlib._bootstrap_external>", line 906, in source_to_code
  File "<frozen importlib._bootstrap>", line 219, in _call_with_frames_removed
  File "/opt/airflow/dags/dag_1.py", line 48
    kwargs['ti'].xcom_push(key='processed_file_name', value=file_to_process)
    ^
SyntaxError: invalid syntax
[2026-06-02T09:44:49.509+0000] {processor.py:842} WARNING - No viable dags retrieved from /opt/airflow/dags/dag_1.py
[2026-06-02T09:44:49.530+0000] {processor.py:183} INFO - Processing /opt/airflow/dags/dag_1.py took 0.033 seconds
[2026-06-02T09:45:19.968+0000] {processor.py:161} INFO - Started process (PID=2412) to work on /opt/airflow/dags/dag_1.py
[2026-06-02T09:45:19.968+0000] {processor.py:830} INFO - Processing file /opt/airflow/dags/dag_1.py for tasks to queue
[2026-06-02T09:45:19.969+0000] {logging_mixin.py:188} INFO - [2026-06-02T09:45:19.969+0000] {dagbag.py:540} INFO - Filling up the DagBag from /opt/airflow/dags/dag_1.py
[2026-06-02T09:45:19.976+0000] {logging_mixin.py:188} INFO - [2026-06-02T09:45:19.976+0000] {dagbag.py:350} ERROR - Failed to import: /opt/airflow/dags/dag_1.py
Traceback (most recent call last):
  File "/home/airflow/.local/lib/python3.8/site-packages/airflow/models/dagbag.py", line 346, in parse
    loader.exec_module(new_module)
  File "<frozen importlib._bootstrap_external>", line 839, in exec_module
  File "<frozen importlib._bootstrap_external>", line 976, in get_code
  File "<frozen importlib._bootstrap_external>", line 906, in source_to_code
  File "<frozen importlib._bootstrap>", line 219, in _call_with_frames_removed
  File "/opt/airflow/dags/dag_1.py", line 48
    kwargs['ti'].xcom_push(key='processed_file_name', value=file_to_process)
    ^
SyntaxError: invalid syntax
[2026-06-02T09:45:19.977+0000] {processor.py:842} WARNING - No viable dags retrieved from /opt/airflow/dags/dag_1.py
[2026-06-02T09:45:19.992+0000] {processor.py:183} INFO - Processing /opt/airflow/dags/dag_1.py took 0.026 seconds
[2026-06-02T09:45:50.439+0000] {processor.py:161} INFO - Started process (PID=2422) to work on /opt/airflow/dags/dag_1.py
[2026-06-02T09:45:50.440+0000] {processor.py:830} INFO - Processing file /opt/airflow/dags/dag_1.py for tasks to queue
[2026-06-02T09:45:50.441+0000] {logging_mixin.py:188} INFO - [2026-06-02T09:45:50.440+0000] {dagbag.py:540} INFO - Filling up the DagBag from /opt/airflow/dags/dag_1.py
[2026-06-02T09:45:50.453+0000] {logging_mixin.py:188} INFO - [2026-06-02T09:45:50.452+0000] {dagbag.py:350} ERROR - Failed to import: /opt/airflow/dags/dag_1.py
Traceback (most recent call last):
  File "/home/airflow/.local/lib/python3.8/site-packages/airflow/models/dagbag.py", line 346, in parse
    loader.exec_module(new_module)
  File "<frozen importlib._bootstrap_external>", line 839, in exec_module
  File "<frozen importlib._bootstrap_external>", line 976, in get_code
  File "<frozen importlib._bootstrap_external>", line 906, in source_to_code
  File "<frozen importlib._bootstrap>", line 219, in _call_with_frames_removed
  File "/opt/airflow/dags/dag_1.py", line 48
    kwargs['ti'].xcom_push(key='processed_file_name', value=file_to_process)
    ^
SyntaxError: invalid syntax
[2026-06-02T09:45:50.454+0000] {processor.py:842} WARNING - No viable dags retrieved from /opt/airflow/dags/dag_1.py
[2026-06-02T09:45:50.470+0000] {processor.py:183} INFO - Processing /opt/airflow/dags/dag_1.py took 0.033 seconds
[2026-06-02T09:46:20.896+0000] {processor.py:161} INFO - Started process (PID=2432) to work on /opt/airflow/dags/dag_1.py
[2026-06-02T09:46:20.897+0000] {processor.py:830} INFO - Processing file /opt/airflow/dags/dag_1.py for tasks to queue
[2026-06-02T09:46:20.897+0000] {logging_mixin.py:188} INFO - [2026-06-02T09:46:20.897+0000] {dagbag.py:540} INFO - Filling up the DagBag from /opt/airflow/dags/dag_1.py
[2026-06-02T09:46:20.909+0000] {logging_mixin.py:188} INFO - [2026-06-02T09:46:20.909+0000] {dagbag.py:350} ERROR - Failed to import: /opt/airflow/dags/dag_1.py
Traceback (most recent call last):
  File "/home/airflow/.local/lib/python3.8/site-packages/airflow/models/dagbag.py", line 346, in parse
    loader.exec_module(new_module)
  File "<frozen importlib._bootstrap_external>", line 839, in exec_module
  File "<frozen importlib._bootstrap_external>", line 976, in get_code
  File "<frozen importlib._bootstrap_external>", line 906, in source_to_code
  File "<frozen importlib._bootstrap>", line 219, in _call_with_frames_removed
  File "/opt/airflow/dags/dag_1.py", line 48
    kwargs['ti'].xcom_push(key='processed_file_name', value=file_to_process)
    ^
SyntaxError: invalid syntax
[2026-06-02T09:46:20.910+0000] {processor.py:842} WARNING - No viable dags retrieved from /opt/airflow/dags/dag_1.py
[2026-06-02T09:46:20.930+0000] {processor.py:183} INFO - Processing /opt/airflow/dags/dag_1.py took 0.036 seconds
[2026-06-02T09:46:51.474+0000] {processor.py:161} INFO - Started process (PID=2442) to work on /opt/airflow/dags/dag_1.py
[2026-06-02T09:46:51.475+0000] {processor.py:830} INFO - Processing file /opt/airflow/dags/dag_1.py for tasks to queue
[2026-06-02T09:46:51.475+0000] {logging_mixin.py:188} INFO - [2026-06-02T09:46:51.475+0000] {dagbag.py:540} INFO - Filling up the DagBag from /opt/airflow/dags/dag_1.py
[2026-06-02T09:46:51.484+0000] {logging_mixin.py:188} INFO - [2026-06-02T09:46:51.483+0000] {dagbag.py:350} ERROR - Failed to import: /opt/airflow/dags/dag_1.py
Traceback (most recent call last):
  File "/home/airflow/.local/lib/python3.8/site-packages/airflow/models/dagbag.py", line 346, in parse
    loader.exec_module(new_module)
  File "<frozen importlib._bootstrap_external>", line 839, in exec_module
  File "<frozen importlib._bootstrap_external>", line 976, in get_code
  File "<frozen importlib._bootstrap_external>", line 906, in source_to_code
  File "<frozen importlib._bootstrap>", line 219, in _call_with_frames_removed
  File "/opt/airflow/dags/dag_1.py", line 48
    kwargs['ti'].xcom_push(key='processed_file_name', value=file_to_process)
    ^
SyntaxError: invalid syntax
[2026-06-02T09:46:51.485+0000] {processor.py:842} WARNING - No viable dags retrieved from /opt/airflow/dags/dag_1.py
[2026-06-02T09:46:51.500+0000] {processor.py:183} INFO - Processing /opt/airflow/dags/dag_1.py took 0.028 seconds
[2026-06-02T09:47:21.940+0000] {processor.py:161} INFO - Started process (PID=2452) to work on /opt/airflow/dags/dag_1.py
[2026-06-02T09:47:21.941+0000] {processor.py:830} INFO - Processing file /opt/airflow/dags/dag_1.py for tasks to queue
[2026-06-02T09:47:21.942+0000] {logging_mixin.py:188} INFO - [2026-06-02T09:47:21.942+0000] {dagbag.py:540} INFO - Filling up the DagBag from /opt/airflow/dags/dag_1.py
[2026-06-02T09:47:21.951+0000] {logging_mixin.py:188} INFO - [2026-06-02T09:47:21.951+0000] {dagbag.py:350} ERROR - Failed to import: /opt/airflow/dags/dag_1.py
Traceback (most recent call last):
  File "/home/airflow/.local/lib/python3.8/site-packages/airflow/models/dagbag.py", line 346, in parse
    loader.exec_module(new_module)
  File "<frozen importlib._bootstrap_external>", line 839, in exec_module
  File "<frozen importlib._bootstrap_external>", line 976, in get_code
  File "<frozen importlib._bootstrap_external>", line 906, in source_to_code
  File "<frozen importlib._bootstrap>", line 219, in _call_with_frames_removed
  File "/opt/airflow/dags/dag_1.py", line 48
    kwargs['ti'].xcom_push(key='processed_file_name', value=file_to_process)
    ^
SyntaxError: invalid syntax
[2026-06-02T09:47:21.952+0000] {processor.py:842} WARNING - No viable dags retrieved from /opt/airflow/dags/dag_1.py
[2026-06-02T09:47:21.973+0000] {processor.py:183} INFO - Processing /opt/airflow/dags/dag_1.py took 0.036 seconds
[2026-06-02T09:47:52.358+0000] {processor.py:161} INFO - Started process (PID=2462) to work on /opt/airflow/dags/dag_1.py
[2026-06-02T09:47:52.359+0000] {processor.py:830} INFO - Processing file /opt/airflow/dags/dag_1.py for tasks to queue
[2026-06-02T09:47:52.360+0000] {logging_mixin.py:188} INFO - [2026-06-02T09:47:52.360+0000] {dagbag.py:540} INFO - Filling up the DagBag from /opt/airflow/dags/dag_1.py
[2026-06-02T09:47:52.368+0000] {logging_mixin.py:188} INFO - [2026-06-02T09:47:52.368+0000] {dagbag.py:350} ERROR - Failed to import: /opt/airflow/dags/dag_1.py
Traceback (most recent call last):
  File "/home/airflow/.local/lib/python3.8/site-packages/airflow/models/dagbag.py", line 346, in parse
    loader.exec_module(new_module)
  File "<frozen importlib._bootstrap_external>", line 839, in exec_module
  File "<frozen importlib._bootstrap_external>", line 976, in get_code
  File "<frozen importlib._bootstrap_external>", line 906, in source_to_code
  File "<frozen importlib._bootstrap>", line 219, in _call_with_frames_removed
  File "/opt/airflow/dags/dag_1.py", line 48
    kwargs['ti'].xcom_push(key='processed_file_name', value=file_to_process)
    ^
SyntaxError: invalid syntax
[2026-06-02T09:47:52.369+0000] {processor.py:842} WARNING - No viable dags retrieved from /opt/airflow/dags/dag_1.py
[2026-06-02T09:47:52.385+0000] {processor.py:183} INFO - Processing /opt/airflow/dags/dag_1.py took 0.029 seconds
[2026-06-02T09:48:22.824+0000] {processor.py:161} INFO - Started process (PID=2472) to work on /opt/airflow/dags/dag_1.py
[2026-06-02T09:48:22.824+0000] {processor.py:830} INFO - Processing file /opt/airflow/dags/dag_1.py for tasks to queue
[2026-06-02T09:48:22.825+0000] {logging_mixin.py:188} INFO - [2026-06-02T09:48:22.825+0000] {dagbag.py:540} INFO - Filling up the DagBag from /opt/airflow/dags/dag_1.py
[2026-06-02T09:48:22.834+0000] {logging_mixin.py:188} INFO - [2026-06-02T09:48:22.833+0000] {dagbag.py:350} ERROR - Failed to import: /opt/airflow/dags/dag_1.py
Traceback (most recent call last):
  File "/home/airflow/.local/lib/python3.8/site-packages/airflow/models/dagbag.py", line 346, in parse
    loader.exec_module(new_module)
  File "<frozen importlib._bootstrap_external>", line 839, in exec_module
  File "<frozen importlib._bootstrap_external>", line 976, in get_code
  File "<frozen importlib._bootstrap_external>", line 906, in source_to_code
  File "<frozen importlib._bootstrap>", line 219, in _call_with_frames_removed
  File "/opt/airflow/dags/dag_1.py", line 48
    kwargs['ti'].xcom_push(key='processed_file_name', value=file_to_process)
    ^
SyntaxError: invalid syntax
[2026-06-02T09:48:22.834+0000] {processor.py:842} WARNING - No viable dags retrieved from /opt/airflow/dags/dag_1.py
[2026-06-02T09:48:22.849+0000] {processor.py:183} INFO - Processing /opt/airflow/dags/dag_1.py took 0.028 seconds
[2026-06-02T09:48:53.291+0000] {processor.py:161} INFO - Started process (PID=2482) to work on /opt/airflow/dags/dag_1.py
[2026-06-02T09:48:53.291+0000] {processor.py:830} INFO - Processing file /opt/airflow/dags/dag_1.py for tasks to queue
[2026-06-02T09:48:53.292+0000] {logging_mixin.py:188} INFO - [2026-06-02T09:48:53.292+0000] {dagbag.py:540} INFO - Filling up the DagBag from /opt/airflow/dags/dag_1.py
[2026-06-02T09:48:53.302+0000] {logging_mixin.py:188} INFO - [2026-06-02T09:48:53.302+0000] {dagbag.py:350} ERROR - Failed to import: /opt/airflow/dags/dag_1.py
Traceback (most recent call last):
  File "/home/airflow/.local/lib/python3.8/site-packages/airflow/models/dagbag.py", line 346, in parse
    loader.exec_module(new_module)
  File "<frozen importlib._bootstrap_external>", line 839, in exec_module
  File "<frozen importlib._bootstrap_external>", line 976, in get_code
  File "<frozen importlib._bootstrap_external>", line 906, in source_to_code
  File "<frozen importlib._bootstrap>", line 219, in _call_with_frames_removed
  File "/opt/airflow/dags/dag_1.py", line 48
    kwargs['ti'].xcom_push(key='processed_file_name', value=file_to_process)
    ^
SyntaxError: invalid syntax
[2026-06-02T09:48:53.303+0000] {processor.py:842} WARNING - No viable dags retrieved from /opt/airflow/dags/dag_1.py
[2026-06-02T09:48:53.324+0000] {processor.py:183} INFO - Processing /opt/airflow/dags/dag_1.py took 0.036 seconds
[2026-06-02T09:49:23.791+0000] {processor.py:161} INFO - Started process (PID=2492) to work on /opt/airflow/dags/dag_1.py
[2026-06-02T09:49:23.792+0000] {processor.py:830} INFO - Processing file /opt/airflow/dags/dag_1.py for tasks to queue
[2026-06-02T09:49:23.793+0000] {logging_mixin.py:188} INFO - [2026-06-02T09:49:23.793+0000] {dagbag.py:540} INFO - Filling up the DagBag from /opt/airflow/dags/dag_1.py
[2026-06-02T09:49:23.801+0000] {logging_mixin.py:188} INFO - [2026-06-02T09:49:23.801+0000] {dagbag.py:350} ERROR - Failed to import: /opt/airflow/dags/dag_1.py
Traceback (most recent call last):
  File "/home/airflow/.local/lib/python3.8/site-packages/airflow/models/dagbag.py", line 346, in parse
    loader.exec_module(new_module)
  File "<frozen importlib._bootstrap_external>", line 839, in exec_module
  File "<frozen importlib._bootstrap_external>", line 976, in get_code
  File "<frozen importlib._bootstrap_external>", line 906, in source_to_code
  File "<frozen importlib._bootstrap>", line 219, in _call_with_frames_removed
  File "/opt/airflow/dags/dag_1.py", line 48
    kwargs['ti'].xcom_push(key='processed_file_name', value=file_to_process)
    ^
SyntaxError: invalid syntax
[2026-06-02T09:49:23.802+0000] {processor.py:842} WARNING - No viable dags retrieved from /opt/airflow/dags/dag_1.py
[2026-06-02T09:49:23.817+0000] {processor.py:183} INFO - Processing /opt/airflow/dags/dag_1.py took 0.028 seconds
[2026-06-02T09:49:54.311+0000] {processor.py:161} INFO - Started process (PID=2502) to work on /opt/airflow/dags/dag_1.py
[2026-06-02T09:49:54.312+0000] {processor.py:830} INFO - Processing file /opt/airflow/dags/dag_1.py for tasks to queue
[2026-06-02T09:49:54.313+0000] {logging_mixin.py:188} INFO - [2026-06-02T09:49:54.313+0000] {dagbag.py:540} INFO - Filling up the DagBag from /opt/airflow/dags/dag_1.py
[2026-06-02T09:49:54.332+0000] {logging_mixin.py:188} INFO - [2026-06-02T09:49:54.332+0000] {dagbag.py:350} ERROR - Failed to import: /opt/airflow/dags/dag_1.py
Traceback (most recent call last):
  File "/home/airflow/.local/lib/python3.8/site-packages/airflow/models/dagbag.py", line 346, in parse
    loader.exec_module(new_module)
  File "<frozen importlib._bootstrap_external>", line 839, in exec_module
  File "<frozen importlib._bootstrap_external>", line 976, in get_code
  File "<frozen importlib._bootstrap_external>", line 906, in source_to_code
  File "<frozen importlib._bootstrap>", line 219, in _call_with_frames_removed
  File "/opt/airflow/dags/dag_1.py", line 48
    kwargs['ti'].xcom_push(key='processed_file_name', value=file_to_process)
    ^
SyntaxError: invalid syntax
[2026-06-02T09:49:54.333+0000] {processor.py:842} WARNING - No viable dags retrieved from /opt/airflow/dags/dag_1.py
[2026-06-02T09:49:54.351+0000] {processor.py:183} INFO - Processing /opt/airflow/dags/dag_1.py took 0.042 seconds
[2026-06-02T09:50:24.855+0000] {processor.py:161} INFO - Started process (PID=2512) to work on /opt/airflow/dags/dag_1.py
[2026-06-02T09:50:24.856+0000] {processor.py:830} INFO - Processing file /opt/airflow/dags/dag_1.py for tasks to queue
[2026-06-02T09:50:24.857+0000] {logging_mixin.py:188} INFO - [2026-06-02T09:50:24.857+0000] {dagbag.py:540} INFO - Filling up the DagBag from /opt/airflow/dags/dag_1.py
[2026-06-02T09:50:24.866+0000] {logging_mixin.py:188} INFO - [2026-06-02T09:50:24.865+0000] {dagbag.py:350} ERROR - Failed to import: /opt/airflow/dags/dag_1.py
Traceback (most recent call last):
  File "/home/airflow/.local/lib/python3.8/site-packages/airflow/models/dagbag.py", line 346, in parse
    loader.exec_module(new_module)
  File "<frozen importlib._bootstrap_external>", line 839, in exec_module
  File "<frozen importlib._bootstrap_external>", line 976, in get_code
  File "<frozen importlib._bootstrap_external>", line 906, in source_to_code
  File "<frozen importlib._bootstrap>", line 219, in _call_with_frames_removed
  File "/opt/airflow/dags/dag_1.py", line 48
    kwargs['ti'].xcom_push(key='processed_file_name', value=file_to_process)
    ^
SyntaxError: invalid syntax
[2026-06-02T09:50:24.866+0000] {processor.py:842} WARNING - No viable dags retrieved from /opt/airflow/dags/dag_1.py
[2026-06-02T09:50:24.889+0000] {processor.py:183} INFO - Processing /opt/airflow/dags/dag_1.py took 0.035 seconds
[2026-06-02T09:50:55.293+0000] {processor.py:161} INFO - Started process (PID=2522) to work on /opt/airflow/dags/dag_1.py
[2026-06-02T09:50:55.294+0000] {processor.py:830} INFO - Processing file /opt/airflow/dags/dag_1.py for tasks to queue
[2026-06-02T09:50:55.294+0000] {logging_mixin.py:188} INFO - [2026-06-02T09:50:55.294+0000] {dagbag.py:540} INFO - Filling up the DagBag from /opt/airflow/dags/dag_1.py
[2026-06-02T09:50:55.303+0000] {logging_mixin.py:188} INFO - [2026-06-02T09:50:55.302+0000] {dagbag.py:350} ERROR - Failed to import: /opt/airflow/dags/dag_1.py
Traceback (most recent call last):
  File "/home/airflow/.local/lib/python3.8/site-packages/airflow/models/dagbag.py", line 346, in parse
    loader.exec_module(new_module)
  File "<frozen importlib._bootstrap_external>", line 839, in exec_module
  File "<frozen importlib._bootstrap_external>", line 976, in get_code
  File "<frozen importlib._bootstrap_external>", line 906, in source_to_code
  File "<frozen importlib._bootstrap>", line 219, in _call_with_frames_removed
  File "/opt/airflow/dags/dag_1.py", line 48
    kwargs['ti'].xcom_push(key='processed_file_name', value=file_to_process)
    ^
SyntaxError: invalid syntax
[2026-06-02T09:50:55.303+0000] {processor.py:842} WARNING - No viable dags retrieved from /opt/airflow/dags/dag_1.py
[2026-06-02T09:50:55.325+0000] {processor.py:183} INFO - Processing /opt/airflow/dags/dag_1.py took 0.034 seconds
[2026-06-02T09:51:25.811+0000] {processor.py:161} INFO - Started process (PID=2532) to work on /opt/airflow/dags/dag_1.py
[2026-06-02T09:51:25.812+0000] {processor.py:830} INFO - Processing file /opt/airflow/dags/dag_1.py for tasks to queue
[2026-06-02T09:51:25.813+0000] {logging_mixin.py:188} INFO - [2026-06-02T09:51:25.812+0000] {dagbag.py:540} INFO - Filling up the DagBag from /opt/airflow/dags/dag_1.py
[2026-06-02T09:51:25.822+0000] {logging_mixin.py:188} INFO - [2026-06-02T09:51:25.821+0000] {dagbag.py:350} ERROR - Failed to import: /opt/airflow/dags/dag_1.py
Traceback (most recent call last):
  File "/home/airflow/.local/lib/python3.8/site-packages/airflow/models/dagbag.py", line 346, in parse
    loader.exec_module(new_module)
  File "<frozen importlib._bootstrap_external>", line 839, in exec_module
  File "<frozen importlib._bootstrap_external>", line 976, in get_code
  File "<frozen importlib._bootstrap_external>", line 906, in source_to_code
  File "<frozen importlib._bootstrap>", line 219, in _call_with_frames_removed
  File "/opt/airflow/dags/dag_1.py", line 48
    kwargs['ti'].xcom_push(key='processed_file_name', value=file_to_process)
    ^
SyntaxError: invalid syntax
[2026-06-02T09:51:25.822+0000] {processor.py:842} WARNING - No viable dags retrieved from /opt/airflow/dags/dag_1.py
[2026-06-02T09:51:25.844+0000] {processor.py:183} INFO - Processing /opt/airflow/dags/dag_1.py took 0.036 seconds
[2026-06-02T09:51:56.260+0000] {processor.py:161} INFO - Started process (PID=2542) to work on /opt/airflow/dags/dag_1.py
[2026-06-02T09:51:56.261+0000] {processor.py:830} INFO - Processing file /opt/airflow/dags/dag_1.py for tasks to queue
[2026-06-02T09:51:56.262+0000] {logging_mixin.py:188} INFO - [2026-06-02T09:51:56.262+0000] {dagbag.py:540} INFO - Filling up the DagBag from /opt/airflow/dags/dag_1.py
[2026-06-02T09:51:56.272+0000] {logging_mixin.py:188} INFO - [2026-06-02T09:51:56.272+0000] {dagbag.py:350} ERROR - Failed to import: /opt/airflow/dags/dag_1.py
Traceback (most recent call last):
  File "/home/airflow/.local/lib/python3.8/site-packages/airflow/models/dagbag.py", line 346, in parse
    loader.exec_module(new_module)
  File "<frozen importlib._bootstrap_external>", line 839, in exec_module
  File "<frozen importlib._bootstrap_external>", line 976, in get_code
  File "<frozen importlib._bootstrap_external>", line 906, in source_to_code
  File "<frozen importlib._bootstrap>", line 219, in _call_with_frames_removed
  File "/opt/airflow/dags/dag_1.py", line 48
    kwargs['ti'].xcom_push(key='processed_file_name', value=file_to_process)
    ^
SyntaxError: invalid syntax
[2026-06-02T09:51:56.273+0000] {processor.py:842} WARNING - No viable dags retrieved from /opt/airflow/dags/dag_1.py
[2026-06-02T09:51:56.294+0000] {processor.py:183} INFO - Processing /opt/airflow/dags/dag_1.py took 0.036 seconds
[2026-06-02T09:52:26.654+0000] {processor.py:161} INFO - Started process (PID=2552) to work on /opt/airflow/dags/dag_1.py
[2026-06-02T09:52:26.656+0000] {processor.py:830} INFO - Processing file /opt/airflow/dags/dag_1.py for tasks to queue
[2026-06-02T09:52:26.657+0000] {logging_mixin.py:188} INFO - [2026-06-02T09:52:26.656+0000] {dagbag.py:540} INFO - Filling up the DagBag from /opt/airflow/dags/dag_1.py
[2026-06-02T09:52:26.666+0000] {logging_mixin.py:188} INFO - [2026-06-02T09:52:26.666+0000] {dagbag.py:350} ERROR - Failed to import: /opt/airflow/dags/dag_1.py
Traceback (most recent call last):
  File "/home/airflow/.local/lib/python3.8/site-packages/airflow/models/dagbag.py", line 346, in parse
    loader.exec_module(new_module)
  File "<frozen importlib._bootstrap_external>", line 839, in exec_module
  File "<frozen importlib._bootstrap_external>", line 976, in get_code
  File "<frozen importlib._bootstrap_external>", line 906, in source_to_code
  File "<frozen importlib._bootstrap>", line 219, in _call_with_frames_removed
  File "/opt/airflow/dags/dag_1.py", line 48
    kwargs['ti'].xcom_push(key='processed_file_name', value=file_to_process)
    ^
SyntaxError: invalid syntax
[2026-06-02T09:52:26.667+0000] {processor.py:842} WARNING - No viable dags retrieved from /opt/airflow/dags/dag_1.py
[2026-06-02T09:52:26.690+0000] {processor.py:183} INFO - Processing /opt/airflow/dags/dag_1.py took 0.039 seconds
[2026-06-02T09:52:57.120+0000] {processor.py:161} INFO - Started process (PID=2562) to work on /opt/airflow/dags/dag_1.py
[2026-06-02T09:52:57.121+0000] {processor.py:830} INFO - Processing file /opt/airflow/dags/dag_1.py for tasks to queue
[2026-06-02T09:52:57.122+0000] {logging_mixin.py:188} INFO - [2026-06-02T09:52:57.122+0000] {dagbag.py:540} INFO - Filling up the DagBag from /opt/airflow/dags/dag_1.py
[2026-06-02T09:52:57.133+0000] {logging_mixin.py:188} INFO - [2026-06-02T09:52:57.133+0000] {dagbag.py:350} ERROR - Failed to import: /opt/airflow/dags/dag_1.py
Traceback (most recent call last):
  File "/home/airflow/.local/lib/python3.8/site-packages/airflow/models/dagbag.py", line 346, in parse
    loader.exec_module(new_module)
  File "<frozen importlib._bootstrap_external>", line 839, in exec_module
  File "<frozen importlib._bootstrap_external>", line 976, in get_code
  File "<frozen importlib._bootstrap_external>", line 906, in source_to_code
  File "<frozen importlib._bootstrap>", line 219, in _call_with_frames_removed
  File "/opt/airflow/dags/dag_1.py", line 48
    kwargs['ti'].xcom_push(key='processed_file_name', value=file_to_process)
    ^
SyntaxError: invalid syntax
[2026-06-02T09:52:57.134+0000] {processor.py:842} WARNING - No viable dags retrieved from /opt/airflow/dags/dag_1.py
[2026-06-02T09:52:57.153+0000] {processor.py:183} INFO - Processing /opt/airflow/dags/dag_1.py took 0.037 seconds
[2026-06-02T09:53:27.574+0000] {processor.py:161} INFO - Started process (PID=2572) to work on /opt/airflow/dags/dag_1.py
[2026-06-02T09:53:27.575+0000] {processor.py:830} INFO - Processing file /opt/airflow/dags/dag_1.py for tasks to queue
[2026-06-02T09:53:27.577+0000] {logging_mixin.py:188} INFO - [2026-06-02T09:53:27.576+0000] {dagbag.py:540} INFO - Filling up the DagBag from /opt/airflow/dags/dag_1.py
[2026-06-02T09:53:27.585+0000] {logging_mixin.py:188} INFO - [2026-06-02T09:53:27.585+0000] {dagbag.py:350} ERROR - Failed to import: /opt/airflow/dags/dag_1.py
Traceback (most recent call last):
  File "/home/airflow/.local/lib/python3.8/site-packages/airflow/models/dagbag.py", line 346, in parse
    loader.exec_module(new_module)
  File "<frozen importlib._bootstrap_external>", line 839, in exec_module
  File "<frozen importlib._bootstrap_external>", line 976, in get_code
  File "<frozen importlib._bootstrap_external>", line 906, in source_to_code
  File "<frozen importlib._bootstrap>", line 219, in _call_with_frames_removed
  File "/opt/airflow/dags/dag_1.py", line 48
    kwargs['ti'].xcom_push(key='processed_file_name', value=file_to_process)
    ^
SyntaxError: invalid syntax
[2026-06-02T09:53:27.586+0000] {processor.py:842} WARNING - No viable dags retrieved from /opt/airflow/dags/dag_1.py
[2026-06-02T09:53:27.602+0000] {processor.py:183} INFO - Processing /opt/airflow/dags/dag_1.py took 0.030 seconds
[2026-06-02T09:53:57.880+0000] {processor.py:161} INFO - Started process (PID=2582) to work on /opt/airflow/dags/dag_1.py
[2026-06-02T09:53:57.881+0000] {processor.py:830} INFO - Processing file /opt/airflow/dags/dag_1.py for tasks to queue
[2026-06-02T09:53:57.882+0000] {logging_mixin.py:188} INFO - [2026-06-02T09:53:57.882+0000] {dagbag.py:540} INFO - Filling up the DagBag from /opt/airflow/dags/dag_1.py
[2026-06-02T09:53:57.891+0000] {logging_mixin.py:188} INFO - [2026-06-02T09:53:57.890+0000] {dagbag.py:350} ERROR - Failed to import: /opt/airflow/dags/dag_1.py
Traceback (most recent call last):
  File "/home/airflow/.local/lib/python3.8/site-packages/airflow/models/dagbag.py", line 346, in parse
    loader.exec_module(new_module)
  File "<frozen importlib._bootstrap_external>", line 839, in exec_module
  File "<frozen importlib._bootstrap_external>", line 976, in get_code
  File "<frozen importlib._bootstrap_external>", line 906, in source_to_code
  File "<frozen importlib._bootstrap>", line 219, in _call_with_frames_removed
  File "/opt/airflow/dags/dag_1.py", line 48
    kwargs['ti'].xcom_push(key='processed_file_name', value=file_to_process)
    ^
SyntaxError: invalid syntax
[2026-06-02T09:53:57.891+0000] {processor.py:842} WARNING - No viable dags retrieved from /opt/airflow/dags/dag_1.py
[2026-06-02T09:53:57.908+0000] {processor.py:183} INFO - Processing /opt/airflow/dags/dag_1.py took 0.030 seconds
[2026-06-02T09:54:28.229+0000] {processor.py:161} INFO - Started process (PID=2592) to work on /opt/airflow/dags/dag_1.py
[2026-06-02T09:54:28.230+0000] {processor.py:830} INFO - Processing file /opt/airflow/dags/dag_1.py for tasks to queue
[2026-06-02T09:54:28.231+0000] {logging_mixin.py:188} INFO - [2026-06-02T09:54:28.230+0000] {dagbag.py:540} INFO - Filling up the DagBag from /opt/airflow/dags/dag_1.py
[2026-06-02T09:54:28.240+0000] {logging_mixin.py:188} INFO - [2026-06-02T09:54:28.239+0000] {dagbag.py:350} ERROR - Failed to import: /opt/airflow/dags/dag_1.py
Traceback (most recent call last):
  File "/home/airflow/.local/lib/python3.8/site-packages/airflow/models/dagbag.py", line 346, in parse
    loader.exec_module(new_module)
  File "<frozen importlib._bootstrap_external>", line 839, in exec_module
  File "<frozen importlib._bootstrap_external>", line 976, in get_code
  File "<frozen importlib._bootstrap_external>", line 906, in source_to_code
  File "<frozen importlib._bootstrap>", line 219, in _call_with_frames_removed
  File "/opt/airflow/dags/dag_1.py", line 48
    kwargs['ti'].xcom_push(key='processed_file_name', value=file_to_process)
    ^
SyntaxError: invalid syntax
[2026-06-02T09:54:28.241+0000] {processor.py:842} WARNING - No viable dags retrieved from /opt/airflow/dags/dag_1.py
[2026-06-02T09:54:28.258+0000] {processor.py:183} INFO - Processing /opt/airflow/dags/dag_1.py took 0.031 seconds
[2026-06-02T09:54:58.577+0000] {processor.py:161} INFO - Started process (PID=2602) to work on /opt/airflow/dags/dag_1.py
[2026-06-02T09:54:58.578+0000] {processor.py:830} INFO - Processing file /opt/airflow/dags/dag_1.py for tasks to queue
[2026-06-02T09:54:58.579+0000] {logging_mixin.py:188} INFO - [2026-06-02T09:54:58.578+0000] {dagbag.py:540} INFO - Filling up the DagBag from /opt/airflow/dags/dag_1.py
[2026-06-02T09:54:58.588+0000] {logging_mixin.py:188} INFO - [2026-06-02T09:54:58.588+0000] {dagbag.py:350} ERROR - Failed to import: /opt/airflow/dags/dag_1.py
Traceback (most recent call last):
  File "/home/airflow/.local/lib/python3.8/site-packages/airflow/models/dagbag.py", line 346, in parse
    loader.exec_module(new_module)
  File "<frozen importlib._bootstrap_external>", line 839, in exec_module
  File "<frozen importlib._bootstrap_external>", line 976, in get_code
  File "<frozen importlib._bootstrap_external>", line 906, in source_to_code
  File "<frozen importlib._bootstrap>", line 219, in _call_with_frames_removed
  File "/opt/airflow/dags/dag_1.py", line 48
    kwargs['ti'].xcom_push(key='processed_file_name', value=file_to_process)
    ^
SyntaxError: invalid syntax
[2026-06-02T09:54:58.589+0000] {processor.py:842} WARNING - No viable dags retrieved from /opt/airflow/dags/dag_1.py
[2026-06-02T09:54:58.605+0000] {processor.py:183} INFO - Processing /opt/airflow/dags/dag_1.py took 0.031 seconds
[2026-06-02T09:55:29.005+0000] {processor.py:161} INFO - Started process (PID=2612) to work on /opt/airflow/dags/dag_1.py
[2026-06-02T09:55:29.006+0000] {processor.py:830} INFO - Processing file /opt/airflow/dags/dag_1.py for tasks to queue
[2026-06-02T09:55:29.007+0000] {logging_mixin.py:188} INFO - [2026-06-02T09:55:29.007+0000] {dagbag.py:540} INFO - Filling up the DagBag from /opt/airflow/dags/dag_1.py
[2026-06-02T09:55:29.020+0000] {logging_mixin.py:188} INFO - [2026-06-02T09:55:29.019+0000] {dagbag.py:350} ERROR - Failed to import: /opt/airflow/dags/dag_1.py
Traceback (most recent call last):
  File "/home/airflow/.local/lib/python3.8/site-packages/airflow/models/dagbag.py", line 346, in parse
    loader.exec_module(new_module)
  File "<frozen importlib._bootstrap_external>", line 839, in exec_module
  File "<frozen importlib._bootstrap_external>", line 976, in get_code
  File "<frozen importlib._bootstrap_external>", line 906, in source_to_code
  File "<frozen importlib._bootstrap>", line 219, in _call_with_frames_removed
  File "/opt/airflow/dags/dag_1.py", line 48
    kwargs['ti'].xcom_push(key='processed_file_name', value=file_to_process)
    ^
SyntaxError: invalid syntax
[2026-06-02T09:55:29.020+0000] {processor.py:842} WARNING - No viable dags retrieved from /opt/airflow/dags/dag_1.py
[2026-06-02T09:55:29.043+0000] {processor.py:183} INFO - Processing /opt/airflow/dags/dag_1.py took 0.040 seconds
[2026-06-02T09:55:59.385+0000] {processor.py:161} INFO - Started process (PID=2622) to work on /opt/airflow/dags/dag_1.py
[2026-06-02T09:55:59.386+0000] {processor.py:830} INFO - Processing file /opt/airflow/dags/dag_1.py for tasks to queue
[2026-06-02T09:55:59.387+0000] {logging_mixin.py:188} INFO - [2026-06-02T09:55:59.386+0000] {dagbag.py:540} INFO - Filling up the DagBag from /opt/airflow/dags/dag_1.py
[2026-06-02T09:55:59.396+0000] {logging_mixin.py:188} INFO - [2026-06-02T09:55:59.395+0000] {dagbag.py:350} ERROR - Failed to import: /opt/airflow/dags/dag_1.py
Traceback (most recent call last):
  File "/home/airflow/.local/lib/python3.8/site-packages/airflow/models/dagbag.py", line 346, in parse
    loader.exec_module(new_module)
  File "<frozen importlib._bootstrap_external>", line 839, in exec_module
  File "<frozen importlib._bootstrap_external>", line 976, in get_code
  File "<frozen importlib._bootstrap_external>", line 906, in source_to_code
  File "<frozen importlib._bootstrap>", line 219, in _call_with_frames_removed
  File "/opt/airflow/dags/dag_1.py", line 48
    kwargs['ti'].xcom_push(key='processed_file_name', value=file_to_process)
    ^
SyntaxError: invalid syntax
[2026-06-02T09:55:59.397+0000] {processor.py:842} WARNING - No viable dags retrieved from /opt/airflow/dags/dag_1.py
[2026-06-02T09:55:59.412+0000] {processor.py:183} INFO - Processing /opt/airflow/dags/dag_1.py took 0.030 seconds
[2026-06-02T09:56:29.886+0000] {processor.py:161} INFO - Started process (PID=2632) to work on /opt/airflow/dags/dag_1.py
[2026-06-02T09:56:29.887+0000] {processor.py:830} INFO - Processing file /opt/airflow/dags/dag_1.py for tasks to queue
[2026-06-02T09:56:29.888+0000] {logging_mixin.py:188} INFO - [2026-06-02T09:56:29.888+0000] {dagbag.py:540} INFO - Filling up the DagBag from /opt/airflow/dags/dag_1.py
[2026-06-02T09:56:29.898+0000] {logging_mixin.py:188} INFO - [2026-06-02T09:56:29.897+0000] {dagbag.py:350} ERROR - Failed to import: /opt/airflow/dags/dag_1.py
Traceback (most recent call last):
  File "/home/airflow/.local/lib/python3.8/site-packages/airflow/models/dagbag.py", line 346, in parse
    loader.exec_module(new_module)
  File "<frozen importlib._bootstrap_external>", line 839, in exec_module
  File "<frozen importlib._bootstrap_external>", line 976, in get_code
  File "<frozen importlib._bootstrap_external>", line 906, in source_to_code
  File "<frozen importlib._bootstrap>", line 219, in _call_with_frames_removed
  File "/opt/airflow/dags/dag_1.py", line 48
    kwargs['ti'].xcom_push(key='processed_file_name', value=file_to_process)
    ^
SyntaxError: invalid syntax
[2026-06-02T09:56:29.899+0000] {processor.py:842} WARNING - No viable dags retrieved from /opt/airflow/dags/dag_1.py
[2026-06-02T09:56:29.915+0000] {processor.py:183} INFO - Processing /opt/airflow/dags/dag_1.py took 0.031 seconds
[2026-06-02T09:56:44.092+0000] {processor.py:161} INFO - Started process (PID=2642) to work on /opt/airflow/dags/dag_1.py
[2026-06-02T09:56:44.094+0000] {processor.py:830} INFO - Processing file /opt/airflow/dags/dag_1.py for tasks to queue
[2026-06-02T09:56:44.095+0000] {logging_mixin.py:188} INFO - [2026-06-02T09:56:44.095+0000] {dagbag.py:540} INFO - Filling up the DagBag from /opt/airflow/dags/dag_1.py
[2026-06-02T09:56:44.108+0000] {logging_mixin.py:188} INFO - [2026-06-02T09:56:44.107+0000] {dagbag.py:350} ERROR - Failed to import: /opt/airflow/dags/dag_1.py
Traceback (most recent call last):
  File "/home/airflow/.local/lib/python3.8/site-packages/airflow/models/dagbag.py", line 346, in parse
    loader.exec_module(new_module)
  File "<frozen importlib._bootstrap_external>", line 839, in exec_module
  File "<frozen importlib._bootstrap_external>", line 976, in get_code
  File "<frozen importlib._bootstrap_external>", line 906, in source_to_code
  File "<frozen importlib._bootstrap>", line 219, in _call_with_frames_removed
  File "/opt/airflow/dags/dag_1.py", line 48
    kwargs['ti'].xcom_push(key='processed_file_name', value=file_to_process)
    ^
SyntaxError: invalid syntax
[2026-06-02T09:56:44.109+0000] {processor.py:842} WARNING - No viable dags retrieved from /opt/airflow/dags/dag_1.py
[2026-06-02T09:56:44.124+0000] {processor.py:183} INFO - Processing /opt/airflow/dags/dag_1.py took 0.035 seconds
[2026-06-02T09:57:14.448+0000] {processor.py:161} INFO - Started process (PID=2652) to work on /opt/airflow/dags/dag_1.py
[2026-06-02T09:57:14.449+0000] {processor.py:830} INFO - Processing file /opt/airflow/dags/dag_1.py for tasks to queue
[2026-06-02T09:57:14.451+0000] {logging_mixin.py:188} INFO - [2026-06-02T09:57:14.450+0000] {dagbag.py:540} INFO - Filling up the DagBag from /opt/airflow/dags/dag_1.py
[2026-06-02T09:57:14.461+0000] {logging_mixin.py:188} INFO - [2026-06-02T09:57:14.460+0000] {dagbag.py:350} ERROR - Failed to import: /opt/airflow/dags/dag_1.py
Traceback (most recent call last):
  File "/home/airflow/.local/lib/python3.8/site-packages/airflow/models/dagbag.py", line 346, in parse
    loader.exec_module(new_module)
  File "<frozen importlib._bootstrap_external>", line 839, in exec_module
  File "<frozen importlib._bootstrap_external>", line 976, in get_code
  File "<frozen importlib._bootstrap_external>", line 906, in source_to_code
  File "<frozen importlib._bootstrap>", line 219, in _call_with_frames_removed
  File "/opt/airflow/dags/dag_1.py", line 48
    kwargs['ti'].xcom_push(key='processed_file_name', value=file_to_process)
    ^
SyntaxError: invalid syntax
[2026-06-02T09:57:14.461+0000] {processor.py:842} WARNING - No viable dags retrieved from /opt/airflow/dags/dag_1.py
[2026-06-02T09:57:14.476+0000] {processor.py:183} INFO - Processing /opt/airflow/dags/dag_1.py took 0.031 seconds
[2026-06-02T09:57:44.794+0000] {processor.py:161} INFO - Started process (PID=2662) to work on /opt/airflow/dags/dag_1.py
[2026-06-02T09:57:44.795+0000] {processor.py:830} INFO - Processing file /opt/airflow/dags/dag_1.py for tasks to queue
[2026-06-02T09:57:44.797+0000] {logging_mixin.py:188} INFO - [2026-06-02T09:57:44.796+0000] {dagbag.py:540} INFO - Filling up the DagBag from /opt/airflow/dags/dag_1.py
[2026-06-02T09:57:44.807+0000] {logging_mixin.py:188} INFO - [2026-06-02T09:57:44.806+0000] {dagbag.py:350} ERROR - Failed to import: /opt/airflow/dags/dag_1.py
Traceback (most recent call last):
  File "/home/airflow/.local/lib/python3.8/site-packages/airflow/models/dagbag.py", line 346, in parse
    loader.exec_module(new_module)
  File "<frozen importlib._bootstrap_external>", line 839, in exec_module
  File "<frozen importlib._bootstrap_external>", line 976, in get_code
  File "<frozen importlib._bootstrap_external>", line 906, in source_to_code
  File "<frozen importlib._bootstrap>", line 219, in _call_with_frames_removed
  File "/opt/airflow/dags/dag_1.py", line 48
    kwargs['ti'].xcom_push(key='processed_file_name', value=file_to_process)
    ^
SyntaxError: invalid syntax
[2026-06-02T09:57:44.807+0000] {processor.py:842} WARNING - No viable dags retrieved from /opt/airflow/dags/dag_1.py
[2026-06-02T09:57:44.829+0000] {processor.py:183} INFO - Processing /opt/airflow/dags/dag_1.py took 0.038 seconds
[2026-06-02T09:58:06.023+0000] {processor.py:161} INFO - Started process (PID=2667) to work on /opt/airflow/dags/dag_1.py
[2026-06-02T09:58:06.024+0000] {processor.py:830} INFO - Processing file /opt/airflow/dags/dag_1.py for tasks to queue
[2026-06-02T09:58:06.027+0000] {logging_mixin.py:188} INFO - [2026-06-02T09:58:06.026+0000] {dagbag.py:540} INFO - Filling up the DagBag from /opt/airflow/dags/dag_1.py
[2026-06-02T09:58:06.054+0000] {logging_mixin.py:188} INFO - [2026-06-02T09:58:06.052+0000] {dagbag.py:350} ERROR - Failed to import: /opt/airflow/dags/dag_1.py
Traceback (most recent call last):
  File "/home/airflow/.local/lib/python3.8/site-packages/airflow/models/dagbag.py", line 346, in parse
    loader.exec_module(new_module)
  File "<frozen importlib._bootstrap_external>", line 839, in exec_module
  File "<frozen importlib._bootstrap_external>", line 976, in get_code
  File "<frozen importlib._bootstrap_external>", line 906, in source_to_code
  File "<frozen importlib._bootstrap>", line 219, in _call_with_frames_removed
  File "/opt/airflow/dags/dag_1.py", line 48
    kwargs['ti'].xcom_push(key='processed_file_name', value=file_to_process)
    ^
SyntaxError: invalid syntax
[2026-06-02T09:58:06.055+0000] {processor.py:842} WARNING - No viable dags retrieved from /opt/airflow/dags/dag_1.py
[2026-06-02T09:58:06.197+0000] {processor.py:183} INFO - Processing /opt/airflow/dags/dag_1.py took 0.178 seconds
[2026-06-02T09:58:18.223+0000] {processor.py:161} INFO - Started process (PID=2677) to work on /opt/airflow/dags/dag_1.py
[2026-06-02T09:58:18.224+0000] {processor.py:830} INFO - Processing file /opt/airflow/dags/dag_1.py for tasks to queue
[2026-06-02T09:58:18.225+0000] {logging_mixin.py:188} INFO - [2026-06-02T09:58:18.225+0000] {dagbag.py:540} INFO - Filling up the DagBag from /opt/airflow/dags/dag_1.py
[2026-06-02T09:58:18.237+0000] {logging_mixin.py:188} INFO - [2026-06-02T09:58:18.236+0000] {dagbag.py:350} ERROR - Failed to import: /opt/airflow/dags/dag_1.py
Traceback (most recent call last):
  File "/home/airflow/.local/lib/python3.8/site-packages/airflow/models/dagbag.py", line 346, in parse
    loader.exec_module(new_module)
  File "<frozen importlib._bootstrap_external>", line 839, in exec_module
  File "<frozen importlib._bootstrap_external>", line 976, in get_code
  File "<frozen importlib._bootstrap_external>", line 906, in source_to_code
  File "<frozen importlib._bootstrap>", line 219, in _call_with_frames_removed
  File "/opt/airflow/dags/dag_1.py", line 48
    kwargs['ti'].xcom_push(key='processed_file_name', value=file_to_process)
    ^
SyntaxError: invalid syntax
[2026-06-02T09:58:18.238+0000] {processor.py:842} WARNING - No viable dags retrieved from /opt/airflow/dags/dag_1.py
[2026-06-02T09:58:18.256+0000] {processor.py:183} INFO - Processing /opt/airflow/dags/dag_1.py took 0.036 seconds
[2026-06-02T09:58:48.733+0000] {processor.py:161} INFO - Started process (PID=2687) to work on /opt/airflow/dags/dag_1.py
[2026-06-02T09:58:48.734+0000] {processor.py:830} INFO - Processing file /opt/airflow/dags/dag_1.py for tasks to queue
[2026-06-02T09:58:48.735+0000] {logging_mixin.py:188} INFO - [2026-06-02T09:58:48.735+0000] {dagbag.py:540} INFO - Filling up the DagBag from /opt/airflow/dags/dag_1.py
[2026-06-02T09:58:48.784+0000] {logging_mixin.py:188} INFO - [2026-06-02T09:58:48.783+0000] {dagbag.py:350} ERROR - Failed to import: /opt/airflow/dags/dag_1.py
Traceback (most recent call last):
  File "/home/airflow/.local/lib/python3.8/site-packages/airflow/models/dagbag.py", line 346, in parse
    loader.exec_module(new_module)
  File "<frozen importlib._bootstrap_external>", line 839, in exec_module
  File "<frozen importlib._bootstrap_external>", line 976, in get_code
  File "<frozen importlib._bootstrap_external>", line 906, in source_to_code
  File "<frozen importlib._bootstrap>", line 219, in _call_with_frames_removed
  File "/opt/airflow/dags/dag_1.py", line 48
    kwargs['ti'].xcom_push(key='processed_file_name', value=file_to_process)
    ^
SyntaxError: invalid syntax
[2026-06-02T09:58:48.785+0000] {processor.py:842} WARNING - No viable dags retrieved from /opt/airflow/dags/dag_1.py
[2026-06-02T09:58:48.819+0000] {processor.py:183} INFO - Processing /opt/airflow/dags/dag_1.py took 0.089 seconds
[2026-06-02T09:59:19.242+0000] {processor.py:161} INFO - Started process (PID=2697) to work on /opt/airflow/dags/dag_1.py
[2026-06-02T09:59:19.243+0000] {processor.py:830} INFO - Processing file /opt/airflow/dags/dag_1.py for tasks to queue
[2026-06-02T09:59:19.244+0000] {logging_mixin.py:188} INFO - [2026-06-02T09:59:19.244+0000] {dagbag.py:540} INFO - Filling up the DagBag from /opt/airflow/dags/dag_1.py
[2026-06-02T09:59:19.258+0000] {logging_mixin.py:188} INFO - [2026-06-02T09:59:19.257+0000] {dagbag.py:350} ERROR - Failed to import: /opt/airflow/dags/dag_1.py
Traceback (most recent call last):
  File "/home/airflow/.local/lib/python3.8/site-packages/airflow/models/dagbag.py", line 346, in parse
    loader.exec_module(new_module)
  File "<frozen importlib._bootstrap_external>", line 839, in exec_module
  File "<frozen importlib._bootstrap_external>", line 976, in get_code
  File "<frozen importlib._bootstrap_external>", line 906, in source_to_code
  File "<frozen importlib._bootstrap>", line 219, in _call_with_frames_removed
  File "/opt/airflow/dags/dag_1.py", line 48
    kwargs['ti'].xcom_push(key='processed_file_name', value=file_to_process)
    ^
SyntaxError: invalid syntax
[2026-06-02T09:59:19.258+0000] {processor.py:842} WARNING - No viable dags retrieved from /opt/airflow/dags/dag_1.py
[2026-06-02T09:59:19.300+0000] {processor.py:183} INFO - Processing /opt/airflow/dags/dag_1.py took 0.060 seconds
[2026-06-02T09:59:26.304+0000] {processor.py:161} INFO - Started process (PID=2702) to work on /opt/airflow/dags/dag_1.py
[2026-06-02T09:59:26.305+0000] {processor.py:830} INFO - Processing file /opt/airflow/dags/dag_1.py for tasks to queue
[2026-06-02T09:59:26.306+0000] {logging_mixin.py:188} INFO - [2026-06-02T09:59:26.306+0000] {dagbag.py:540} INFO - Filling up the DagBag from /opt/airflow/dags/dag_1.py
[2026-06-02T09:59:26.319+0000] {logging_mixin.py:188} INFO - [2026-06-02T09:59:26.318+0000] {dagbag.py:350} ERROR - Failed to import: /opt/airflow/dags/dag_1.py
Traceback (most recent call last):
  File "/home/airflow/.local/lib/python3.8/site-packages/airflow/models/dagbag.py", line 346, in parse
    loader.exec_module(new_module)
  File "<frozen importlib._bootstrap_external>", line 839, in exec_module
  File "<frozen importlib._bootstrap_external>", line 976, in get_code
  File "<frozen importlib._bootstrap_external>", line 906, in source_to_code
  File "<frozen importlib._bootstrap>", line 219, in _call_with_frames_removed
  File "/opt/airflow/dags/dag_1.py", line 48
    kwargs['ti'].xcom_push(key='processed_file_name', value=file_to_process)
    ^
SyntaxError: invalid syntax
[2026-06-02T09:59:26.320+0000] {processor.py:842} WARNING - No viable dags retrieved from /opt/airflow/dags/dag_1.py
[2026-06-02T09:59:26.340+0000] {processor.py:183} INFO - Processing /opt/airflow/dags/dag_1.py took 0.039 seconds
[2026-06-02T09:59:42.483+0000] {processor.py:161} INFO - Started process (PID=2707) to work on /opt/airflow/dags/dag_1.py
[2026-06-02T09:59:42.484+0000] {processor.py:830} INFO - Processing file /opt/airflow/dags/dag_1.py for tasks to queue
[2026-06-02T09:59:42.485+0000] {logging_mixin.py:188} INFO - [2026-06-02T09:59:42.485+0000] {dagbag.py:540} INFO - Filling up the DagBag from /opt/airflow/dags/dag_1.py
[2026-06-02T09:59:42.496+0000] {logging_mixin.py:188} INFO - [2026-06-02T09:59:42.495+0000] {dagbag.py:350} ERROR - Failed to import: /opt/airflow/dags/dag_1.py
Traceback (most recent call last):
  File "/home/airflow/.local/lib/python3.8/site-packages/airflow/models/dagbag.py", line 346, in parse
    loader.exec_module(new_module)
  File "<frozen importlib._bootstrap_external>", line 839, in exec_module
  File "<frozen importlib._bootstrap_external>", line 976, in get_code
  File "<frozen importlib._bootstrap_external>", line 906, in source_to_code
  File "<frozen importlib._bootstrap>", line 219, in _call_with_frames_removed
  File "/opt/airflow/dags/dag_1.py", line 48
    kwargs['ti'].xcom_push(key='processed_file_name', value=file_to_process)
    ^
SyntaxError: invalid syntax
[2026-06-02T09:59:42.496+0000] {processor.py:842} WARNING - No viable dags retrieved from /opt/airflow/dags/dag_1.py
[2026-06-02T09:59:42.518+0000] {processor.py:183} INFO - Processing /opt/airflow/dags/dag_1.py took 0.038 seconds
[2026-06-02T10:00:12.848+0000] {processor.py:161} INFO - Started process (PID=2717) to work on /opt/airflow/dags/dag_1.py
[2026-06-02T10:00:12.849+0000] {processor.py:830} INFO - Processing file /opt/airflow/dags/dag_1.py for tasks to queue
[2026-06-02T10:00:12.849+0000] {logging_mixin.py:188} INFO - [2026-06-02T10:00:12.849+0000] {dagbag.py:540} INFO - Filling up the DagBag from /opt/airflow/dags/dag_1.py
[2026-06-02T10:00:12.858+0000] {logging_mixin.py:188} INFO - [2026-06-02T10:00:12.858+0000] {dagbag.py:350} ERROR - Failed to import: /opt/airflow/dags/dag_1.py
Traceback (most recent call last):
  File "/home/airflow/.local/lib/python3.8/site-packages/airflow/models/dagbag.py", line 346, in parse
    loader.exec_module(new_module)
  File "<frozen importlib._bootstrap_external>", line 839, in exec_module
  File "<frozen importlib._bootstrap_external>", line 976, in get_code
  File "<frozen importlib._bootstrap_external>", line 906, in source_to_code
  File "<frozen importlib._bootstrap>", line 219, in _call_with_frames_removed
  File "/opt/airflow/dags/dag_1.py", line 48
    kwargs['ti'].xcom_push(key='processed_file_name', value=file_to_process)
    ^
SyntaxError: invalid syntax
[2026-06-02T10:00:12.859+0000] {processor.py:842} WARNING - No viable dags retrieved from /opt/airflow/dags/dag_1.py
[2026-06-02T10:00:12.882+0000] {processor.py:183} INFO - Processing /opt/airflow/dags/dag_1.py took 0.037 seconds
[2026-06-02T10:00:23.070+0000] {processor.py:161} INFO - Started process (PID=2727) to work on /opt/airflow/dags/dag_1.py
[2026-06-02T10:00:23.072+0000] {processor.py:830} INFO - Processing file /opt/airflow/dags/dag_1.py for tasks to queue
[2026-06-02T10:00:23.073+0000] {logging_mixin.py:188} INFO - [2026-06-02T10:00:23.072+0000] {dagbag.py:540} INFO - Filling up the DagBag from /opt/airflow/dags/dag_1.py
[2026-06-02T10:00:23.088+0000] {logging_mixin.py:188} INFO - [2026-06-02T10:00:23.087+0000] {dagbag.py:350} ERROR - Failed to import: /opt/airflow/dags/dag_1.py
Traceback (most recent call last):
  File "/home/airflow/.local/lib/python3.8/site-packages/airflow/models/dagbag.py", line 346, in parse
    loader.exec_module(new_module)
  File "<frozen importlib._bootstrap_external>", line 839, in exec_module
  File "<frozen importlib._bootstrap_external>", line 976, in get_code
  File "<frozen importlib._bootstrap_external>", line 906, in source_to_code
  File "<frozen importlib._bootstrap>", line 219, in _call_with_frames_removed
  File "/opt/airflow/dags/dag_1.py", line 48
    kwargs['ti'].xcom_push(key='processed_file_name', value=file_to_process)
    ^
SyntaxError: invalid syntax
[2026-06-02T10:00:23.089+0000] {processor.py:842} WARNING - No viable dags retrieved from /opt/airflow/dags/dag_1.py
[2026-06-02T10:00:23.107+0000] {processor.py:183} INFO - Processing /opt/airflow/dags/dag_1.py took 0.039 seconds
[2026-06-02T10:00:53.561+0000] {processor.py:161} INFO - Started process (PID=2737) to work on /opt/airflow/dags/dag_1.py
[2026-06-02T10:00:53.562+0000] {processor.py:830} INFO - Processing file /opt/airflow/dags/dag_1.py for tasks to queue
[2026-06-02T10:00:53.563+0000] {logging_mixin.py:188} INFO - [2026-06-02T10:00:53.563+0000] {dagbag.py:540} INFO - Filling up the DagBag from /opt/airflow/dags/dag_1.py
[2026-06-02T10:00:53.582+0000] {logging_mixin.py:188} INFO - [2026-06-02T10:00:53.581+0000] {dagbag.py:350} ERROR - Failed to import: /opt/airflow/dags/dag_1.py
Traceback (most recent call last):
  File "/home/airflow/.local/lib/python3.8/site-packages/airflow/models/dagbag.py", line 346, in parse
    loader.exec_module(new_module)
  File "<frozen importlib._bootstrap_external>", line 839, in exec_module
  File "<frozen importlib._bootstrap_external>", line 976, in get_code
  File "<frozen importlib._bootstrap_external>", line 906, in source_to_code
  File "<frozen importlib._bootstrap>", line 219, in _call_with_frames_removed
  File "/opt/airflow/dags/dag_1.py", line 48
    kwargs['ti'].xcom_push(key='processed_file_name', value=file_to_process)
    ^
SyntaxError: invalid syntax
[2026-06-02T10:00:53.582+0000] {processor.py:842} WARNING - No viable dags retrieved from /opt/airflow/dags/dag_1.py
[2026-06-02T10:00:53.607+0000] {processor.py:183} INFO - Processing /opt/airflow/dags/dag_1.py took 0.050 seconds
[2026-06-02T10:01:23.953+0000] {processor.py:161} INFO - Started process (PID=2747) to work on /opt/airflow/dags/dag_1.py
[2026-06-02T10:01:23.954+0000] {processor.py:830} INFO - Processing file /opt/airflow/dags/dag_1.py for tasks to queue
[2026-06-02T10:01:23.955+0000] {logging_mixin.py:188} INFO - [2026-06-02T10:01:23.955+0000] {dagbag.py:540} INFO - Filling up the DagBag from /opt/airflow/dags/dag_1.py
[2026-06-02T10:01:23.976+0000] {logging_mixin.py:188} INFO - [2026-06-02T10:01:23.975+0000] {dagbag.py:350} ERROR - Failed to import: /opt/airflow/dags/dag_1.py
Traceback (most recent call last):
  File "/home/airflow/.local/lib/python3.8/site-packages/airflow/models/dagbag.py", line 346, in parse
    loader.exec_module(new_module)
  File "<frozen importlib._bootstrap_external>", line 839, in exec_module
  File "<frozen importlib._bootstrap_external>", line 976, in get_code
  File "<frozen importlib._bootstrap_external>", line 906, in source_to_code
  File "<frozen importlib._bootstrap>", line 219, in _call_with_frames_removed
  File "/opt/airflow/dags/dag_1.py", line 48
    kwargs['ti'].xcom_push(key='processed_file_name', value=file_to_process)
    ^
SyntaxError: invalid syntax
[2026-06-02T10:01:23.976+0000] {processor.py:842} WARNING - No viable dags retrieved from /opt/airflow/dags/dag_1.py
[2026-06-02T10:01:23.997+0000] {processor.py:183} INFO - Processing /opt/airflow/dags/dag_1.py took 0.047 seconds
[2026-06-02T10:01:54.520+0000] {processor.py:161} INFO - Started process (PID=2757) to work on /opt/airflow/dags/dag_1.py
[2026-06-02T10:01:54.522+0000] {processor.py:830} INFO - Processing file /opt/airflow/dags/dag_1.py for tasks to queue
[2026-06-02T10:01:54.523+0000] {logging_mixin.py:188} INFO - [2026-06-02T10:01:54.522+0000] {dagbag.py:540} INFO - Filling up the DagBag from /opt/airflow/dags/dag_1.py
[2026-06-02T10:01:54.610+0000] {logging_mixin.py:188} INFO - [2026-06-02T10:01:54.609+0000] {dagbag.py:350} ERROR - Failed to import: /opt/airflow/dags/dag_1.py
Traceback (most recent call last):
  File "/home/airflow/.local/lib/python3.8/site-packages/airflow/models/dagbag.py", line 346, in parse
    loader.exec_module(new_module)
  File "<frozen importlib._bootstrap_external>", line 839, in exec_module
  File "<frozen importlib._bootstrap_external>", line 976, in get_code
  File "<frozen importlib._bootstrap_external>", line 906, in source_to_code
  File "<frozen importlib._bootstrap>", line 219, in _call_with_frames_removed
  File "/opt/airflow/dags/dag_1.py", line 48
    kwargs['ti'].xcom_push(key='processed_file_name', value=file_to_process)
    ^
SyntaxError: invalid syntax
[2026-06-02T10:01:54.638+0000] {processor.py:842} WARNING - No viable dags retrieved from /opt/airflow/dags/dag_1.py
[2026-06-02T10:01:54.693+0000] {processor.py:183} INFO - Processing /opt/airflow/dags/dag_1.py took 0.178 seconds
[2026-06-02T10:02:25.393+0000] {processor.py:161} INFO - Started process (PID=2767) to work on /opt/airflow/dags/dag_1.py
[2026-06-02T10:02:25.397+0000] {processor.py:830} INFO - Processing file /opt/airflow/dags/dag_1.py for tasks to queue
[2026-06-02T10:02:25.400+0000] {logging_mixin.py:188} INFO - [2026-06-02T10:02:25.399+0000] {dagbag.py:540} INFO - Filling up the DagBag from /opt/airflow/dags/dag_1.py
[2026-06-02T10:02:25.451+0000] {logging_mixin.py:188} INFO - [2026-06-02T10:02:25.449+0000] {dagbag.py:350} ERROR - Failed to import: /opt/airflow/dags/dag_1.py
Traceback (most recent call last):
  File "/home/airflow/.local/lib/python3.8/site-packages/airflow/models/dagbag.py", line 346, in parse
    loader.exec_module(new_module)
  File "<frozen importlib._bootstrap_external>", line 839, in exec_module
  File "<frozen importlib._bootstrap_external>", line 976, in get_code
  File "<frozen importlib._bootstrap_external>", line 906, in source_to_code
  File "<frozen importlib._bootstrap>", line 219, in _call_with_frames_removed
  File "/opt/airflow/dags/dag_1.py", line 48
    kwargs['ti'].xcom_push(key='processed_file_name', value=file_to_process)
    ^
SyntaxError: invalid syntax
[2026-06-02T10:02:25.453+0000] {processor.py:842} WARNING - No viable dags retrieved from /opt/airflow/dags/dag_1.py
[2026-06-02T10:02:25.505+0000] {processor.py:183} INFO - Processing /opt/airflow/dags/dag_1.py took 0.122 seconds
[2026-06-02T10:02:55.952+0000] {processor.py:161} INFO - Started process (PID=2777) to work on /opt/airflow/dags/dag_1.py
[2026-06-02T10:02:55.953+0000] {processor.py:830} INFO - Processing file /opt/airflow/dags/dag_1.py for tasks to queue
[2026-06-02T10:02:55.955+0000] {logging_mixin.py:188} INFO - [2026-06-02T10:02:55.955+0000] {dagbag.py:540} INFO - Filling up the DagBag from /opt/airflow/dags/dag_1.py
[2026-06-02T10:02:55.978+0000] {logging_mixin.py:188} INFO - [2026-06-02T10:02:55.976+0000] {dagbag.py:350} ERROR - Failed to import: /opt/airflow/dags/dag_1.py
Traceback (most recent call last):
  File "/home/airflow/.local/lib/python3.8/site-packages/airflow/models/dagbag.py", line 346, in parse
    loader.exec_module(new_module)
  File "<frozen importlib._bootstrap_external>", line 839, in exec_module
  File "<frozen importlib._bootstrap_external>", line 976, in get_code
  File "<frozen importlib._bootstrap_external>", line 906, in source_to_code
  File "<frozen importlib._bootstrap>", line 219, in _call_with_frames_removed
  File "/opt/airflow/dags/dag_1.py", line 48
    kwargs['ti'].xcom_push(key='processed_file_name', value=file_to_process)
    ^
SyntaxError: invalid syntax
[2026-06-02T10:02:55.979+0000] {processor.py:842} WARNING - No viable dags retrieved from /opt/airflow/dags/dag_1.py
[2026-06-02T10:02:55.997+0000] {processor.py:183} INFO - Processing /opt/airflow/dags/dag_1.py took 0.050 seconds
[2026-06-02T10:03:26.719+0000] {processor.py:161} INFO - Started process (PID=2787) to work on /opt/airflow/dags/dag_1.py
[2026-06-02T10:03:26.721+0000] {processor.py:830} INFO - Processing file /opt/airflow/dags/dag_1.py for tasks to queue
[2026-06-02T10:03:26.722+0000] {logging_mixin.py:188} INFO - [2026-06-02T10:03:26.722+0000] {dagbag.py:540} INFO - Filling up the DagBag from /opt/airflow/dags/dag_1.py
[2026-06-02T10:03:26.751+0000] {logging_mixin.py:188} INFO - [2026-06-02T10:03:26.751+0000] {dagbag.py:350} ERROR - Failed to import: /opt/airflow/dags/dag_1.py
Traceback (most recent call last):
  File "/home/airflow/.local/lib/python3.8/site-packages/airflow/models/dagbag.py", line 346, in parse
    loader.exec_module(new_module)
  File "<frozen importlib._bootstrap_external>", line 839, in exec_module
  File "<frozen importlib._bootstrap_external>", line 976, in get_code
  File "<frozen importlib._bootstrap_external>", line 906, in source_to_code
  File "<frozen importlib._bootstrap>", line 219, in _call_with_frames_removed
  File "/opt/airflow/dags/dag_1.py", line 48
    kwargs['ti'].xcom_push(key='processed_file_name', value=file_to_process)
    ^
SyntaxError: invalid syntax
[2026-06-02T10:03:26.752+0000] {processor.py:842} WARNING - No viable dags retrieved from /opt/airflow/dags/dag_1.py
[2026-06-02T10:03:26.777+0000] {processor.py:183} INFO - Processing /opt/airflow/dags/dag_1.py took 0.061 seconds
[2026-06-02T10:03:57.206+0000] {processor.py:161} INFO - Started process (PID=2797) to work on /opt/airflow/dags/dag_1.py
[2026-06-02T10:03:57.208+0000] {processor.py:830} INFO - Processing file /opt/airflow/dags/dag_1.py for tasks to queue
[2026-06-02T10:03:57.209+0000] {logging_mixin.py:188} INFO - [2026-06-02T10:03:57.209+0000] {dagbag.py:540} INFO - Filling up the DagBag from /opt/airflow/dags/dag_1.py
[2026-06-02T10:03:57.252+0000] {logging_mixin.py:188} INFO - [2026-06-02T10:03:57.251+0000] {dagbag.py:350} ERROR - Failed to import: /opt/airflow/dags/dag_1.py
Traceback (most recent call last):
  File "/home/airflow/.local/lib/python3.8/site-packages/airflow/models/dagbag.py", line 346, in parse
    loader.exec_module(new_module)
  File "<frozen importlib._bootstrap_external>", line 839, in exec_module
  File "<frozen importlib._bootstrap_external>", line 976, in get_code
  File "<frozen importlib._bootstrap_external>", line 906, in source_to_code
  File "<frozen importlib._bootstrap>", line 219, in _call_with_frames_removed
  File "/opt/airflow/dags/dag_1.py", line 48
    kwargs['ti'].xcom_push(key='processed_file_name', value=file_to_process)
    ^
SyntaxError: invalid syntax
[2026-06-02T10:03:57.253+0000] {processor.py:842} WARNING - No viable dags retrieved from /opt/airflow/dags/dag_1.py
[2026-06-02T10:03:57.284+0000] {processor.py:183} INFO - Processing /opt/airflow/dags/dag_1.py took 0.081 seconds
[2026-06-02T10:04:27.755+0000] {processor.py:161} INFO - Started process (PID=2807) to work on /opt/airflow/dags/dag_1.py
[2026-06-02T10:04:27.756+0000] {processor.py:830} INFO - Processing file /opt/airflow/dags/dag_1.py for tasks to queue
[2026-06-02T10:04:27.757+0000] {logging_mixin.py:188} INFO - [2026-06-02T10:04:27.757+0000] {dagbag.py:540} INFO - Filling up the DagBag from /opt/airflow/dags/dag_1.py
[2026-06-02T10:04:27.779+0000] {logging_mixin.py:188} INFO - [2026-06-02T10:04:27.778+0000] {dagbag.py:350} ERROR - Failed to import: /opt/airflow/dags/dag_1.py
Traceback (most recent call last):
  File "/home/airflow/.local/lib/python3.8/site-packages/airflow/models/dagbag.py", line 346, in parse
    loader.exec_module(new_module)
  File "<frozen importlib._bootstrap_external>", line 839, in exec_module
  File "<frozen importlib._bootstrap_external>", line 976, in get_code
  File "<frozen importlib._bootstrap_external>", line 906, in source_to_code
  File "<frozen importlib._bootstrap>", line 219, in _call_with_frames_removed
  File "/opt/airflow/dags/dag_1.py", line 48
    kwargs['ti'].xcom_push(key='processed_file_name', value=file_to_process)
    ^
SyntaxError: invalid syntax
[2026-06-02T10:04:27.779+0000] {processor.py:842} WARNING - No viable dags retrieved from /opt/airflow/dags/dag_1.py
[2026-06-02T10:04:27.807+0000] {processor.py:183} INFO - Processing /opt/airflow/dags/dag_1.py took 0.055 seconds
[2026-06-02T10:04:58.291+0000] {processor.py:161} INFO - Started process (PID=2817) to work on /opt/airflow/dags/dag_1.py
[2026-06-02T10:04:58.297+0000] {processor.py:830} INFO - Processing file /opt/airflow/dags/dag_1.py for tasks to queue
[2026-06-02T10:04:58.301+0000] {logging_mixin.py:188} INFO - [2026-06-02T10:04:58.300+0000] {dagbag.py:540} INFO - Filling up the DagBag from /opt/airflow/dags/dag_1.py
[2026-06-02T10:04:58.374+0000] {logging_mixin.py:188} INFO - [2026-06-02T10:04:58.372+0000] {dagbag.py:350} ERROR - Failed to import: /opt/airflow/dags/dag_1.py
Traceback (most recent call last):
  File "/home/airflow/.local/lib/python3.8/site-packages/airflow/models/dagbag.py", line 346, in parse
    loader.exec_module(new_module)
  File "<frozen importlib._bootstrap_external>", line 839, in exec_module
  File "<frozen importlib._bootstrap_external>", line 976, in get_code
  File "<frozen importlib._bootstrap_external>", line 906, in source_to_code
  File "<frozen importlib._bootstrap>", line 219, in _call_with_frames_removed
  File "/opt/airflow/dags/dag_1.py", line 48
    kwargs['ti'].xcom_push(key='processed_file_name', value=file_to_process)
    ^
SyntaxError: invalid syntax
[2026-06-02T10:04:58.376+0000] {processor.py:842} WARNING - No viable dags retrieved from /opt/airflow/dags/dag_1.py
[2026-06-02T10:04:58.423+0000] {processor.py:183} INFO - Processing /opt/airflow/dags/dag_1.py took 0.149 seconds
[2026-06-02T10:05:29.001+0000] {processor.py:161} INFO - Started process (PID=2827) to work on /opt/airflow/dags/dag_1.py
[2026-06-02T10:05:29.002+0000] {processor.py:830} INFO - Processing file /opt/airflow/dags/dag_1.py for tasks to queue
[2026-06-02T10:05:29.004+0000] {logging_mixin.py:188} INFO - [2026-06-02T10:05:29.003+0000] {dagbag.py:540} INFO - Filling up the DagBag from /opt/airflow/dags/dag_1.py
[2026-06-02T10:05:29.024+0000] {logging_mixin.py:188} INFO - [2026-06-02T10:05:29.023+0000] {dagbag.py:350} ERROR - Failed to import: /opt/airflow/dags/dag_1.py
Traceback (most recent call last):
  File "/home/airflow/.local/lib/python3.8/site-packages/airflow/models/dagbag.py", line 346, in parse
    loader.exec_module(new_module)
  File "<frozen importlib._bootstrap_external>", line 839, in exec_module
  File "<frozen importlib._bootstrap_external>", line 976, in get_code
  File "<frozen importlib._bootstrap_external>", line 906, in source_to_code
  File "<frozen importlib._bootstrap>", line 219, in _call_with_frames_removed
  File "/opt/airflow/dags/dag_1.py", line 48
    kwargs['ti'].xcom_push(key='processed_file_name', value=file_to_process)
    ^
SyntaxError: invalid syntax
[2026-06-02T10:05:29.025+0000] {processor.py:842} WARNING - No viable dags retrieved from /opt/airflow/dags/dag_1.py
[2026-06-02T10:05:29.048+0000] {processor.py:183} INFO - Processing /opt/airflow/dags/dag_1.py took 0.050 seconds
[2026-06-02T10:05:59.490+0000] {processor.py:161} INFO - Started process (PID=2837) to work on /opt/airflow/dags/dag_1.py
[2026-06-02T10:05:59.491+0000] {processor.py:830} INFO - Processing file /opt/airflow/dags/dag_1.py for tasks to queue
[2026-06-02T10:05:59.492+0000] {logging_mixin.py:188} INFO - [2026-06-02T10:05:59.492+0000] {dagbag.py:540} INFO - Filling up the DagBag from /opt/airflow/dags/dag_1.py
[2026-06-02T10:05:59.546+0000] {logging_mixin.py:188} INFO - [2026-06-02T10:05:59.545+0000] {dagbag.py:350} ERROR - Failed to import: /opt/airflow/dags/dag_1.py
Traceback (most recent call last):
  File "/home/airflow/.local/lib/python3.8/site-packages/airflow/models/dagbag.py", line 346, in parse
    loader.exec_module(new_module)
  File "<frozen importlib._bootstrap_external>", line 839, in exec_module
  File "<frozen importlib._bootstrap_external>", line 976, in get_code
  File "<frozen importlib._bootstrap_external>", line 906, in source_to_code
  File "<frozen importlib._bootstrap>", line 219, in _call_with_frames_removed
  File "/opt/airflow/dags/dag_1.py", line 48
    kwargs['ti'].xcom_push(key='processed_file_name', value=file_to_process)
    ^
SyntaxError: invalid syntax
[2026-06-02T10:05:59.548+0000] {processor.py:842} WARNING - No viable dags retrieved from /opt/airflow/dags/dag_1.py
[2026-06-02T10:05:59.585+0000] {processor.py:183} INFO - Processing /opt/airflow/dags/dag_1.py took 0.098 seconds
[2026-06-02T10:06:30.448+0000] {processor.py:161} INFO - Started process (PID=2847) to work on /opt/airflow/dags/dag_1.py
[2026-06-02T10:06:30.449+0000] {processor.py:830} INFO - Processing file /opt/airflow/dags/dag_1.py for tasks to queue
[2026-06-02T10:06:30.450+0000] {logging_mixin.py:188} INFO - [2026-06-02T10:06:30.450+0000] {dagbag.py:540} INFO - Filling up the DagBag from /opt/airflow/dags/dag_1.py
[2026-06-02T10:06:30.464+0000] {logging_mixin.py:188} INFO - [2026-06-02T10:06:30.464+0000] {dagbag.py:350} ERROR - Failed to import: /opt/airflow/dags/dag_1.py
Traceback (most recent call last):
  File "/home/airflow/.local/lib/python3.8/site-packages/airflow/models/dagbag.py", line 346, in parse
    loader.exec_module(new_module)
  File "<frozen importlib._bootstrap_external>", line 839, in exec_module
  File "<frozen importlib._bootstrap_external>", line 976, in get_code
  File "<frozen importlib._bootstrap_external>", line 906, in source_to_code
  File "<frozen importlib._bootstrap>", line 219, in _call_with_frames_removed
  File "/opt/airflow/dags/dag_1.py", line 48
    kwargs['ti'].xcom_push(key='processed_file_name', value=file_to_process)
    ^
SyntaxError: invalid syntax
[2026-06-02T10:06:30.465+0000] {processor.py:842} WARNING - No viable dags retrieved from /opt/airflow/dags/dag_1.py
[2026-06-02T10:06:30.496+0000] {processor.py:183} INFO - Processing /opt/airflow/dags/dag_1.py took 0.052 seconds
[2026-06-02T10:07:01.135+0000] {processor.py:161} INFO - Started process (PID=2857) to work on /opt/airflow/dags/dag_1.py
[2026-06-02T10:07:01.137+0000] {processor.py:830} INFO - Processing file /opt/airflow/dags/dag_1.py for tasks to queue
[2026-06-02T10:07:01.138+0000] {logging_mixin.py:188} INFO - [2026-06-02T10:07:01.137+0000] {dagbag.py:540} INFO - Filling up the DagBag from /opt/airflow/dags/dag_1.py
[2026-06-02T10:07:01.154+0000] {logging_mixin.py:188} INFO - [2026-06-02T10:07:01.154+0000] {dagbag.py:350} ERROR - Failed to import: /opt/airflow/dags/dag_1.py
Traceback (most recent call last):
  File "/home/airflow/.local/lib/python3.8/site-packages/airflow/models/dagbag.py", line 346, in parse
    loader.exec_module(new_module)
  File "<frozen importlib._bootstrap_external>", line 839, in exec_module
  File "<frozen importlib._bootstrap_external>", line 976, in get_code
  File "<frozen importlib._bootstrap_external>", line 906, in source_to_code
  File "<frozen importlib._bootstrap>", line 219, in _call_with_frames_removed
  File "/opt/airflow/dags/dag_1.py", line 48
    kwargs['ti'].xcom_push(key='processed_file_name', value=file_to_process)
    ^
SyntaxError: invalid syntax
[2026-06-02T10:07:01.155+0000] {processor.py:842} WARNING - No viable dags retrieved from /opt/airflow/dags/dag_1.py
[2026-06-02T10:07:01.181+0000] {processor.py:183} INFO - Processing /opt/airflow/dags/dag_1.py took 0.049 seconds
[2026-06-02T10:07:29.731+0000] {processor.py:161} INFO - Started process (PID=2867) to work on /opt/airflow/dags/dag_1.py
[2026-06-02T10:07:29.734+0000] {processor.py:830} INFO - Processing file /opt/airflow/dags/dag_1.py for tasks to queue
[2026-06-02T10:07:29.736+0000] {logging_mixin.py:188} INFO - [2026-06-02T10:07:29.735+0000] {dagbag.py:540} INFO - Filling up the DagBag from /opt/airflow/dags/dag_1.py
[2026-06-02T10:07:29.756+0000] {logging_mixin.py:188} INFO - [2026-06-02T10:07:29.755+0000] {dagbag.py:350} ERROR - Failed to import: /opt/airflow/dags/dag_1.py
Traceback (most recent call last):
  File "/home/airflow/.local/lib/python3.8/site-packages/airflow/models/dagbag.py", line 346, in parse
    loader.exec_module(new_module)
  File "<frozen importlib._bootstrap_external>", line 839, in exec_module
  File "<frozen importlib._bootstrap_external>", line 976, in get_code
  File "<frozen importlib._bootstrap_external>", line 906, in source_to_code
  File "<frozen importlib._bootstrap>", line 219, in _call_with_frames_removed
  File "/opt/airflow/dags/dag_1.py", line 48
    kwargs['ti'].xcom_push(key='processed_file_name', value=file_to_process)
    ^
SyntaxError: invalid syntax
[2026-06-02T10:07:29.757+0000] {processor.py:842} WARNING - No viable dags retrieved from /opt/airflow/dags/dag_1.py
[2026-06-02T10:07:29.916+0000] {processor.py:183} INFO - Processing /opt/airflow/dags/dag_1.py took 0.192 seconds
[2026-06-02T10:07:43.529+0000] {processor.py:161} INFO - Started process (PID=2872) to work on /opt/airflow/dags/dag_1.py
[2026-06-02T10:07:43.531+0000] {processor.py:830} INFO - Processing file /opt/airflow/dags/dag_1.py for tasks to queue
[2026-06-02T10:07:43.532+0000] {logging_mixin.py:188} INFO - [2026-06-02T10:07:43.531+0000] {dagbag.py:540} INFO - Filling up the DagBag from /opt/airflow/dags/dag_1.py
[2026-06-02T10:07:43.561+0000] {logging_mixin.py:188} INFO - [2026-06-02T10:07:43.560+0000] {dagbag.py:350} ERROR - Failed to import: /opt/airflow/dags/dag_1.py
Traceback (most recent call last):
  File "/home/airflow/.local/lib/python3.8/site-packages/airflow/models/dagbag.py", line 346, in parse
    loader.exec_module(new_module)
  File "<frozen importlib._bootstrap_external>", line 839, in exec_module
  File "<frozen importlib._bootstrap_external>", line 976, in get_code
  File "<frozen importlib._bootstrap_external>", line 906, in source_to_code
  File "<frozen importlib._bootstrap>", line 219, in _call_with_frames_removed
  File "/opt/airflow/dags/dag_1.py", line 48
    kwargs['ti'].xcom_push(key='processed_file_name', value=file_to_process)
    ^
SyntaxError: invalid syntax
[2026-06-02T10:07:43.562+0000] {processor.py:842} WARNING - No viable dags retrieved from /opt/airflow/dags/dag_1.py
[2026-06-02T10:07:43.590+0000] {processor.py:183} INFO - Processing /opt/airflow/dags/dag_1.py took 0.064 seconds
[2026-06-02T10:08:00.282+0000] {processor.py:161} INFO - Started process (PID=2882) to work on /opt/airflow/dags/dag_1.py
[2026-06-02T10:08:00.284+0000] {processor.py:830} INFO - Processing file /opt/airflow/dags/dag_1.py for tasks to queue
[2026-06-02T10:08:00.286+0000] {logging_mixin.py:188} INFO - [2026-06-02T10:08:00.285+0000] {dagbag.py:540} INFO - Filling up the DagBag from /opt/airflow/dags/dag_1.py
[2026-06-02T10:08:00.317+0000] {logging_mixin.py:188} INFO - [2026-06-02T10:08:00.316+0000] {dagbag.py:350} ERROR - Failed to import: /opt/airflow/dags/dag_1.py
Traceback (most recent call last):
  File "/home/airflow/.local/lib/python3.8/site-packages/airflow/models/dagbag.py", line 346, in parse
    loader.exec_module(new_module)
  File "<frozen importlib._bootstrap_external>", line 839, in exec_module
  File "<frozen importlib._bootstrap_external>", line 976, in get_code
  File "<frozen importlib._bootstrap_external>", line 906, in source_to_code
  File "<frozen importlib._bootstrap>", line 219, in _call_with_frames_removed
  File "/opt/airflow/dags/dag_1.py", line 48
    kwargs['ti'].xcom_push(key='processed_file_name', value=file_to_process)
    ^
SyntaxError: invalid syntax
[2026-06-02T10:08:00.318+0000] {processor.py:842} WARNING - No viable dags retrieved from /opt/airflow/dags/dag_1.py
[2026-06-02T10:08:00.345+0000] {processor.py:183} INFO - Processing /opt/airflow/dags/dag_1.py took 0.069 seconds
[2026-06-02T10:08:30.696+0000] {processor.py:161} INFO - Started process (PID=2892) to work on /opt/airflow/dags/dag_1.py
[2026-06-02T10:08:30.697+0000] {processor.py:830} INFO - Processing file /opt/airflow/dags/dag_1.py for tasks to queue
[2026-06-02T10:08:30.698+0000] {logging_mixin.py:188} INFO - [2026-06-02T10:08:30.697+0000] {dagbag.py:540} INFO - Filling up the DagBag from /opt/airflow/dags/dag_1.py
[2026-06-02T10:08:30.712+0000] {logging_mixin.py:188} INFO - [2026-06-02T10:08:30.711+0000] {dagbag.py:350} ERROR - Failed to import: /opt/airflow/dags/dag_1.py
Traceback (most recent call last):
  File "/home/airflow/.local/lib/python3.8/site-packages/airflow/models/dagbag.py", line 346, in parse
    loader.exec_module(new_module)
  File "<frozen importlib._bootstrap_external>", line 839, in exec_module
  File "<frozen importlib._bootstrap_external>", line 976, in get_code
  File "<frozen importlib._bootstrap_external>", line 906, in source_to_code
  File "<frozen importlib._bootstrap>", line 219, in _call_with_frames_removed
  File "/opt/airflow/dags/dag_1.py", line 48
    kwargs['ti'].xcom_push(key='processed_file_name', value=file_to_process)
    ^
SyntaxError: invalid syntax
[2026-06-02T10:08:30.712+0000] {processor.py:842} WARNING - No viable dags retrieved from /opt/airflow/dags/dag_1.py
[2026-06-02T10:08:30.729+0000] {processor.py:183} INFO - Processing /opt/airflow/dags/dag_1.py took 0.037 seconds
[2026-06-02T10:09:01.178+0000] {processor.py:161} INFO - Started process (PID=2902) to work on /opt/airflow/dags/dag_1.py
[2026-06-02T10:09:01.180+0000] {processor.py:830} INFO - Processing file /opt/airflow/dags/dag_1.py for tasks to queue
[2026-06-02T10:09:01.181+0000] {logging_mixin.py:188} INFO - [2026-06-02T10:09:01.181+0000] {dagbag.py:540} INFO - Filling up the DagBag from /opt/airflow/dags/dag_1.py
[2026-06-02T10:09:01.291+0000] {logging_mixin.py:188} INFO - [2026-06-02T10:09:01.290+0000] {dagbag.py:350} ERROR - Failed to import: /opt/airflow/dags/dag_1.py
Traceback (most recent call last):
  File "/home/airflow/.local/lib/python3.8/site-packages/airflow/models/dagbag.py", line 346, in parse
    loader.exec_module(new_module)
  File "<frozen importlib._bootstrap_external>", line 839, in exec_module
  File "<frozen importlib._bootstrap_external>", line 976, in get_code
  File "<frozen importlib._bootstrap_external>", line 906, in source_to_code
  File "<frozen importlib._bootstrap>", line 219, in _call_with_frames_removed
  File "/opt/airflow/dags/dag_1.py", line 48
    kwargs['ti'].xcom_push(key='processed_file_name', value=file_to_process)
    ^
SyntaxError: invalid syntax
[2026-06-02T10:09:01.292+0000] {processor.py:842} WARNING - No viable dags retrieved from /opt/airflow/dags/dag_1.py
[2026-06-02T10:09:01.320+0000] {processor.py:183} INFO - Processing /opt/airflow/dags/dag_1.py took 0.145 seconds
[2026-06-02T10:09:05.422+0000] {processor.py:161} INFO - Started process (PID=2907) to work on /opt/airflow/dags/dag_1.py
[2026-06-02T10:09:05.423+0000] {processor.py:830} INFO - Processing file /opt/airflow/dags/dag_1.py for tasks to queue
[2026-06-02T10:09:05.425+0000] {logging_mixin.py:188} INFO - [2026-06-02T10:09:05.424+0000] {dagbag.py:540} INFO - Filling up the DagBag from /opt/airflow/dags/dag_1.py
[2026-06-02T10:09:05.443+0000] {logging_mixin.py:188} INFO - [2026-06-02T10:09:05.442+0000] {dagbag.py:350} ERROR - Failed to import: /opt/airflow/dags/dag_1.py
Traceback (most recent call last):
  File "/home/airflow/.local/lib/python3.8/site-packages/airflow/models/dagbag.py", line 346, in parse
    loader.exec_module(new_module)
  File "<frozen importlib._bootstrap_external>", line 839, in exec_module
  File "<frozen importlib._bootstrap_external>", line 976, in get_code
  File "<frozen importlib._bootstrap_external>", line 906, in source_to_code
  File "<frozen importlib._bootstrap>", line 219, in _call_with_frames_removed
  File "/opt/airflow/dags/dag_1.py", line 48
    kwargs['ti'].xcom_push(key='processed_file_name', value=file_to_process)
    ^
SyntaxError: invalid syntax
[2026-06-02T10:09:05.444+0000] {processor.py:842} WARNING - No viable dags retrieved from /opt/airflow/dags/dag_1.py
[2026-06-02T10:09:05.470+0000] {processor.py:183} INFO - Processing /opt/airflow/dags/dag_1.py took 0.050 seconds
[2026-06-02T10:09:20.730+0000] {processor.py:161} INFO - Started process (PID=2912) to work on /opt/airflow/dags/dag_1.py
[2026-06-02T10:09:20.732+0000] {processor.py:830} INFO - Processing file /opt/airflow/dags/dag_1.py for tasks to queue
[2026-06-02T10:09:20.734+0000] {logging_mixin.py:188} INFO - [2026-06-02T10:09:20.734+0000] {dagbag.py:540} INFO - Filling up the DagBag from /opt/airflow/dags/dag_1.py
[2026-06-02T10:09:20.766+0000] {logging_mixin.py:188} INFO - [2026-06-02T10:09:20.765+0000] {dagbag.py:350} ERROR - Failed to import: /opt/airflow/dags/dag_1.py
Traceback (most recent call last):
  File "/home/airflow/.local/lib/python3.8/site-packages/airflow/models/dagbag.py", line 346, in parse
    loader.exec_module(new_module)
  File "<frozen importlib._bootstrap_external>", line 839, in exec_module
  File "<frozen importlib._bootstrap_external>", line 976, in get_code
  File "<frozen importlib._bootstrap_external>", line 906, in source_to_code
  File "<frozen importlib._bootstrap>", line 219, in _call_with_frames_removed
  File "/opt/airflow/dags/dag_1.py", line 48
    kwargs['ti'].xcom_push(key='processed_file_name', value=file_to_process)
    ^
SyntaxError: invalid syntax
[2026-06-02T10:09:20.767+0000] {processor.py:842} WARNING - No viable dags retrieved from /opt/airflow/dags/dag_1.py
[2026-06-02T10:09:20.795+0000] {processor.py:183} INFO - Processing /opt/airflow/dags/dag_1.py took 0.067 seconds
[2026-06-02T10:09:51.159+0000] {processor.py:161} INFO - Started process (PID=2922) to work on /opt/airflow/dags/dag_1.py
[2026-06-02T10:09:51.160+0000] {processor.py:830} INFO - Processing file /opt/airflow/dags/dag_1.py for tasks to queue
[2026-06-02T10:09:51.160+0000] {logging_mixin.py:188} INFO - [2026-06-02T10:09:51.160+0000] {dagbag.py:540} INFO - Filling up the DagBag from /opt/airflow/dags/dag_1.py
[2026-06-02T10:09:51.174+0000] {logging_mixin.py:188} INFO - [2026-06-02T10:09:51.174+0000] {dagbag.py:350} ERROR - Failed to import: /opt/airflow/dags/dag_1.py
Traceback (most recent call last):
  File "/home/airflow/.local/lib/python3.8/site-packages/airflow/models/dagbag.py", line 346, in parse
    loader.exec_module(new_module)
  File "<frozen importlib._bootstrap_external>", line 839, in exec_module
  File "<frozen importlib._bootstrap_external>", line 976, in get_code
  File "<frozen importlib._bootstrap_external>", line 906, in source_to_code
  File "<frozen importlib._bootstrap>", line 219, in _call_with_frames_removed
  File "/opt/airflow/dags/dag_1.py", line 48
    kwargs['ti'].xcom_push(key='processed_file_name', value=file_to_process)
    ^
SyntaxError: invalid syntax
[2026-06-02T10:09:51.175+0000] {processor.py:842} WARNING - No viable dags retrieved from /opt/airflow/dags/dag_1.py
[2026-06-02T10:09:51.191+0000] {processor.py:183} INFO - Processing /opt/airflow/dags/dag_1.py took 0.035 seconds
[2026-06-02T10:10:19.519+0000] {processor.py:161} INFO - Started process (PID=2932) to work on /opt/airflow/dags/dag_1.py
[2026-06-02T10:10:19.520+0000] {processor.py:830} INFO - Processing file /opt/airflow/dags/dag_1.py for tasks to queue
[2026-06-02T10:10:19.521+0000] {logging_mixin.py:188} INFO - [2026-06-02T10:10:19.521+0000] {dagbag.py:540} INFO - Filling up the DagBag from /opt/airflow/dags/dag_1.py
[2026-06-02T10:10:19.532+0000] {logging_mixin.py:188} INFO - [2026-06-02T10:10:19.531+0000] {dagbag.py:350} ERROR - Failed to import: /opt/airflow/dags/dag_1.py
Traceback (most recent call last):
  File "/home/airflow/.local/lib/python3.8/site-packages/airflow/models/dagbag.py", line 346, in parse
    loader.exec_module(new_module)
  File "<frozen importlib._bootstrap_external>", line 839, in exec_module
  File "<frozen importlib._bootstrap_external>", line 976, in get_code
  File "<frozen importlib._bootstrap_external>", line 906, in source_to_code
  File "<frozen importlib._bootstrap>", line 219, in _call_with_frames_removed
  File "/opt/airflow/dags/dag_1.py", line 48
    kwargs['ti'].xcom_push(key='processed_file_name', value=file_to_process)
    ^
SyntaxError: invalid syntax
[2026-06-02T10:10:19.532+0000] {processor.py:842} WARNING - No viable dags retrieved from /opt/airflow/dags/dag_1.py
[2026-06-02T10:10:19.553+0000] {processor.py:183} INFO - Processing /opt/airflow/dags/dag_1.py took 0.036 seconds
[2026-06-02T10:10:49.883+0000] {processor.py:161} INFO - Started process (PID=2942) to work on /opt/airflow/dags/dag_1.py
[2026-06-02T10:10:49.884+0000] {processor.py:830} INFO - Processing file /opt/airflow/dags/dag_1.py for tasks to queue
[2026-06-02T10:10:49.885+0000] {logging_mixin.py:188} INFO - [2026-06-02T10:10:49.885+0000] {dagbag.py:540} INFO - Filling up the DagBag from /opt/airflow/dags/dag_1.py
[2026-06-02T10:10:49.893+0000] {logging_mixin.py:188} INFO - [2026-06-02T10:10:49.892+0000] {dagbag.py:350} ERROR - Failed to import: /opt/airflow/dags/dag_1.py
Traceback (most recent call last):
  File "/home/airflow/.local/lib/python3.8/site-packages/airflow/models/dagbag.py", line 346, in parse
    loader.exec_module(new_module)
  File "<frozen importlib._bootstrap_external>", line 839, in exec_module
  File "<frozen importlib._bootstrap_external>", line 976, in get_code
  File "<frozen importlib._bootstrap_external>", line 906, in source_to_code
  File "<frozen importlib._bootstrap>", line 219, in _call_with_frames_removed
  File "/opt/airflow/dags/dag_1.py", line 48
    kwargs['ti'].xcom_push(key='processed_file_name', value=file_to_process)
    ^
SyntaxError: invalid syntax
[2026-06-02T10:10:49.894+0000] {processor.py:842} WARNING - No viable dags retrieved from /opt/airflow/dags/dag_1.py
[2026-06-02T10:10:49.910+0000] {processor.py:183} INFO - Processing /opt/airflow/dags/dag_1.py took 0.029 seconds
[2026-06-02T10:11:15.328+0000] {processor.py:161} INFO - Started process (PID=2952) to work on /opt/airflow/dags/dag_1.py
[2026-06-02T10:11:15.329+0000] {processor.py:830} INFO - Processing file /opt/airflow/dags/dag_1.py for tasks to queue
[2026-06-02T10:11:15.330+0000] {logging_mixin.py:188} INFO - [2026-06-02T10:11:15.330+0000] {dagbag.py:540} INFO - Filling up the DagBag from /opt/airflow/dags/dag_1.py
[2026-06-02T10:11:15.342+0000] {logging_mixin.py:188} INFO - [2026-06-02T10:11:15.341+0000] {dagbag.py:350} ERROR - Failed to import: /opt/airflow/dags/dag_1.py
Traceback (most recent call last):
  File "/home/airflow/.local/lib/python3.8/site-packages/airflow/models/dagbag.py", line 346, in parse
    loader.exec_module(new_module)
  File "<frozen importlib._bootstrap_external>", line 839, in exec_module
  File "<frozen importlib._bootstrap_external>", line 976, in get_code
  File "<frozen importlib._bootstrap_external>", line 906, in source_to_code
  File "<frozen importlib._bootstrap>", line 219, in _call_with_frames_removed
  File "/opt/airflow/dags/dag_1.py", line 48
    kwargs['ti'].xcom_push(key='processed_file_name', value=file_to_process)
    ^
SyntaxError: invalid syntax
[2026-06-02T10:11:15.343+0000] {processor.py:842} WARNING - No viable dags retrieved from /opt/airflow/dags/dag_1.py
[2026-06-02T10:11:15.368+0000] {processor.py:183} INFO - Processing /opt/airflow/dags/dag_1.py took 0.043 seconds
[2026-06-02T10:11:45.661+0000] {processor.py:161} INFO - Started process (PID=2962) to work on /opt/airflow/dags/dag_1.py
[2026-06-02T10:11:45.663+0000] {processor.py:830} INFO - Processing file /opt/airflow/dags/dag_1.py for tasks to queue
[2026-06-02T10:11:45.664+0000] {logging_mixin.py:188} INFO - [2026-06-02T10:11:45.663+0000] {dagbag.py:540} INFO - Filling up the DagBag from /opt/airflow/dags/dag_1.py
[2026-06-02T10:11:45.680+0000] {logging_mixin.py:188} INFO - [2026-06-02T10:11:45.679+0000] {dagbag.py:350} ERROR - Failed to import: /opt/airflow/dags/dag_1.py
Traceback (most recent call last):
  File "/home/airflow/.local/lib/python3.8/site-packages/airflow/models/dagbag.py", line 346, in parse
    loader.exec_module(new_module)
  File "<frozen importlib._bootstrap_external>", line 839, in exec_module
  File "<frozen importlib._bootstrap_external>", line 976, in get_code
  File "<frozen importlib._bootstrap_external>", line 906, in source_to_code
  File "<frozen importlib._bootstrap>", line 219, in _call_with_frames_removed
  File "/opt/airflow/dags/dag_1.py", line 48
    kwargs['ti'].xcom_push(key='processed_file_name', value=file_to_process)
    ^
SyntaxError: invalid syntax
[2026-06-02T10:11:45.682+0000] {processor.py:842} WARNING - No viable dags retrieved from /opt/airflow/dags/dag_1.py
[2026-06-02T10:11:45.764+0000] {processor.py:183} INFO - Processing /opt/airflow/dags/dag_1.py took 0.106 seconds
[2026-06-02T10:12:16.038+0000] {processor.py:161} INFO - Started process (PID=2972) to work on /opt/airflow/dags/dag_1.py
[2026-06-02T10:12:16.039+0000] {processor.py:830} INFO - Processing file /opt/airflow/dags/dag_1.py for tasks to queue
[2026-06-02T10:12:16.040+0000] {logging_mixin.py:188} INFO - [2026-06-02T10:12:16.040+0000] {dagbag.py:540} INFO - Filling up the DagBag from /opt/airflow/dags/dag_1.py
[2026-06-02T10:12:16.052+0000] {logging_mixin.py:188} INFO - [2026-06-02T10:12:16.052+0000] {dagbag.py:350} ERROR - Failed to import: /opt/airflow/dags/dag_1.py
Traceback (most recent call last):
  File "/home/airflow/.local/lib/python3.8/site-packages/airflow/models/dagbag.py", line 346, in parse
    loader.exec_module(new_module)
  File "<frozen importlib._bootstrap_external>", line 839, in exec_module
  File "<frozen importlib._bootstrap_external>", line 976, in get_code
  File "<frozen importlib._bootstrap_external>", line 906, in source_to_code
  File "<frozen importlib._bootstrap>", line 219, in _call_with_frames_removed
  File "/opt/airflow/dags/dag_1.py", line 48
    kwargs['ti'].xcom_push(key='processed_file_name', value=file_to_process)
    ^
SyntaxError: invalid syntax
[2026-06-02T10:12:16.053+0000] {processor.py:842} WARNING - No viable dags retrieved from /opt/airflow/dags/dag_1.py
[2026-06-02T10:12:16.068+0000] {processor.py:183} INFO - Processing /opt/airflow/dags/dag_1.py took 0.032 seconds
[2026-06-02T10:12:46.443+0000] {processor.py:161} INFO - Started process (PID=2982) to work on /opt/airflow/dags/dag_1.py
[2026-06-02T10:12:46.444+0000] {processor.py:830} INFO - Processing file /opt/airflow/dags/dag_1.py for tasks to queue
[2026-06-02T10:12:46.444+0000] {logging_mixin.py:188} INFO - [2026-06-02T10:12:46.444+0000] {dagbag.py:540} INFO - Filling up the DagBag from /opt/airflow/dags/dag_1.py
[2026-06-02T10:12:46.454+0000] {logging_mixin.py:188} INFO - [2026-06-02T10:12:46.454+0000] {dagbag.py:350} ERROR - Failed to import: /opt/airflow/dags/dag_1.py
Traceback (most recent call last):
  File "/home/airflow/.local/lib/python3.8/site-packages/airflow/models/dagbag.py", line 346, in parse
    loader.exec_module(new_module)
  File "<frozen importlib._bootstrap_external>", line 839, in exec_module
  File "<frozen importlib._bootstrap_external>", line 976, in get_code
  File "<frozen importlib._bootstrap_external>", line 906, in source_to_code
  File "<frozen importlib._bootstrap>", line 219, in _call_with_frames_removed
  File "/opt/airflow/dags/dag_1.py", line 48
    kwargs['ti'].xcom_push(key='processed_file_name', value=file_to_process)
    ^
SyntaxError: invalid syntax
[2026-06-02T10:12:46.455+0000] {processor.py:842} WARNING - No viable dags retrieved from /opt/airflow/dags/dag_1.py
[2026-06-02T10:12:46.476+0000] {processor.py:183} INFO - Processing /opt/airflow/dags/dag_1.py took 0.036 seconds
[2026-06-02T10:13:16.834+0000] {processor.py:161} INFO - Started process (PID=2992) to work on /opt/airflow/dags/dag_1.py
[2026-06-02T10:13:16.835+0000] {processor.py:830} INFO - Processing file /opt/airflow/dags/dag_1.py for tasks to queue
[2026-06-02T10:13:16.836+0000] {logging_mixin.py:188} INFO - [2026-06-02T10:13:16.836+0000] {dagbag.py:540} INFO - Filling up the DagBag from /opt/airflow/dags/dag_1.py
[2026-06-02T10:13:16.845+0000] {logging_mixin.py:188} INFO - [2026-06-02T10:13:16.845+0000] {dagbag.py:350} ERROR - Failed to import: /opt/airflow/dags/dag_1.py
Traceback (most recent call last):
  File "/home/airflow/.local/lib/python3.8/site-packages/airflow/models/dagbag.py", line 346, in parse
    loader.exec_module(new_module)
  File "<frozen importlib._bootstrap_external>", line 839, in exec_module
  File "<frozen importlib._bootstrap_external>", line 976, in get_code
  File "<frozen importlib._bootstrap_external>", line 906, in source_to_code
  File "<frozen importlib._bootstrap>", line 219, in _call_with_frames_removed
  File "/opt/airflow/dags/dag_1.py", line 48
    kwargs['ti'].xcom_push(key='processed_file_name', value=file_to_process)
    ^
SyntaxError: invalid syntax
[2026-06-02T10:13:16.846+0000] {processor.py:842} WARNING - No viable dags retrieved from /opt/airflow/dags/dag_1.py
[2026-06-02T10:13:16.867+0000] {processor.py:183} INFO - Processing /opt/airflow/dags/dag_1.py took 0.035 seconds
[2026-06-02T10:13:47.384+0000] {processor.py:161} INFO - Started process (PID=3002) to work on /opt/airflow/dags/dag_1.py
[2026-06-02T10:13:47.385+0000] {processor.py:830} INFO - Processing file /opt/airflow/dags/dag_1.py for tasks to queue
[2026-06-02T10:13:47.386+0000] {logging_mixin.py:188} INFO - [2026-06-02T10:13:47.386+0000] {dagbag.py:540} INFO - Filling up the DagBag from /opt/airflow/dags/dag_1.py
[2026-06-02T10:13:47.395+0000] {logging_mixin.py:188} INFO - [2026-06-02T10:13:47.394+0000] {dagbag.py:350} ERROR - Failed to import: /opt/airflow/dags/dag_1.py
Traceback (most recent call last):
  File "/home/airflow/.local/lib/python3.8/site-packages/airflow/models/dagbag.py", line 346, in parse
    loader.exec_module(new_module)
  File "<frozen importlib._bootstrap_external>", line 839, in exec_module
  File "<frozen importlib._bootstrap_external>", line 976, in get_code
  File "<frozen importlib._bootstrap_external>", line 906, in source_to_code
  File "<frozen importlib._bootstrap>", line 219, in _call_with_frames_removed
  File "/opt/airflow/dags/dag_1.py", line 48
    kwargs['ti'].xcom_push(key='processed_file_name', value=file_to_process)
    ^
SyntaxError: invalid syntax
[2026-06-02T10:13:47.395+0000] {processor.py:842} WARNING - No viable dags retrieved from /opt/airflow/dags/dag_1.py
[2026-06-02T10:13:47.411+0000] {processor.py:183} INFO - Processing /opt/airflow/dags/dag_1.py took 0.030 seconds
[2026-06-02T10:14:13.675+0000] {processor.py:161} INFO - Started process (PID=3012) to work on /opt/airflow/dags/dag_1.py
[2026-06-02T10:14:13.676+0000] {processor.py:830} INFO - Processing file /opt/airflow/dags/dag_1.py for tasks to queue
[2026-06-02T10:14:13.677+0000] {logging_mixin.py:188} INFO - [2026-06-02T10:14:13.677+0000] {dagbag.py:540} INFO - Filling up the DagBag from /opt/airflow/dags/dag_1.py
[2026-06-02T10:14:13.687+0000] {logging_mixin.py:188} INFO - [2026-06-02T10:14:13.686+0000] {dagbag.py:350} ERROR - Failed to import: /opt/airflow/dags/dag_1.py
Traceback (most recent call last):
  File "/home/airflow/.local/lib/python3.8/site-packages/airflow/models/dagbag.py", line 346, in parse
    loader.exec_module(new_module)
  File "<frozen importlib._bootstrap_external>", line 839, in exec_module
  File "<frozen importlib._bootstrap_external>", line 976, in get_code
  File "<frozen importlib._bootstrap_external>", line 906, in source_to_code
  File "<frozen importlib._bootstrap>", line 219, in _call_with_frames_removed
  File "/opt/airflow/dags/dag_1.py", line 45
    cursor.execute("INSERT INTO processed_files (name) VALUES (%s);", (file_to_process,))
                                                                                        ^
IndentationError: unindent does not match any outer indentation level
[2026-06-02T10:14:13.687+0000] {processor.py:842} WARNING - No viable dags retrieved from /opt/airflow/dags/dag_1.py
[2026-06-02T10:14:13.702+0000] {processor.py:183} INFO - Processing /opt/airflow/dags/dag_1.py took 0.029 seconds
[2026-06-02T10:14:44.090+0000] {processor.py:161} INFO - Started process (PID=3022) to work on /opt/airflow/dags/dag_1.py
[2026-06-02T10:14:44.091+0000] {processor.py:830} INFO - Processing file /opt/airflow/dags/dag_1.py for tasks to queue
[2026-06-02T10:14:44.092+0000] {logging_mixin.py:188} INFO - [2026-06-02T10:14:44.091+0000] {dagbag.py:540} INFO - Filling up the DagBag from /opt/airflow/dags/dag_1.py
[2026-06-02T10:14:44.105+0000] {logging_mixin.py:188} INFO - [2026-06-02T10:14:44.105+0000] {dagbag.py:350} ERROR - Failed to import: /opt/airflow/dags/dag_1.py
Traceback (most recent call last):
  File "/home/airflow/.local/lib/python3.8/site-packages/airflow/models/dagbag.py", line 346, in parse
    loader.exec_module(new_module)
  File "<frozen importlib._bootstrap_external>", line 839, in exec_module
  File "<frozen importlib._bootstrap_external>", line 976, in get_code
  File "<frozen importlib._bootstrap_external>", line 906, in source_to_code
  File "<frozen importlib._bootstrap>", line 219, in _call_with_frames_removed
  File "/opt/airflow/dags/dag_1.py", line 45
    cursor.execute("INSERT INTO processed_files (name) VALUES (%s);", (file_to_process,))
                                                                                        ^
IndentationError: unindent does not match any outer indentation level
[2026-06-02T10:14:44.106+0000] {processor.py:842} WARNING - No viable dags retrieved from /opt/airflow/dags/dag_1.py
[2026-06-02T10:14:44.132+0000] {processor.py:183} INFO - Processing /opt/airflow/dags/dag_1.py took 0.045 seconds
[2026-06-02T10:15:14.542+0000] {processor.py:161} INFO - Started process (PID=3032) to work on /opt/airflow/dags/dag_1.py
[2026-06-02T10:15:14.542+0000] {processor.py:830} INFO - Processing file /opt/airflow/dags/dag_1.py for tasks to queue
[2026-06-02T10:15:14.543+0000] {logging_mixin.py:188} INFO - [2026-06-02T10:15:14.543+0000] {dagbag.py:540} INFO - Filling up the DagBag from /opt/airflow/dags/dag_1.py
[2026-06-02T10:15:14.552+0000] {logging_mixin.py:188} INFO - [2026-06-02T10:15:14.552+0000] {dagbag.py:350} ERROR - Failed to import: /opt/airflow/dags/dag_1.py
Traceback (most recent call last):
  File "/home/airflow/.local/lib/python3.8/site-packages/airflow/models/dagbag.py", line 346, in parse
    loader.exec_module(new_module)
  File "<frozen importlib._bootstrap_external>", line 839, in exec_module
  File "<frozen importlib._bootstrap_external>", line 976, in get_code
  File "<frozen importlib._bootstrap_external>", line 906, in source_to_code
  File "<frozen importlib._bootstrap>", line 219, in _call_with_frames_removed
  File "/opt/airflow/dags/dag_1.py", line 45
    cursor.execute("INSERT INTO processed_files (name) VALUES (%s);", (file_to_process,))
                                                                                        ^
IndentationError: unindent does not match any outer indentation level
[2026-06-02T10:15:14.553+0000] {processor.py:842} WARNING - No viable dags retrieved from /opt/airflow/dags/dag_1.py
[2026-06-02T10:15:14.574+0000] {processor.py:183} INFO - Processing /opt/airflow/dags/dag_1.py took 0.035 seconds
[2026-06-02T10:15:44.832+0000] {processor.py:161} INFO - Started process (PID=3042) to work on /opt/airflow/dags/dag_1.py
[2026-06-02T10:15:44.833+0000] {processor.py:830} INFO - Processing file /opt/airflow/dags/dag_1.py for tasks to queue
[2026-06-02T10:15:44.834+0000] {logging_mixin.py:188} INFO - [2026-06-02T10:15:44.834+0000] {dagbag.py:540} INFO - Filling up the DagBag from /opt/airflow/dags/dag_1.py
[2026-06-02T10:15:44.845+0000] {logging_mixin.py:188} INFO - [2026-06-02T10:15:44.844+0000] {dagbag.py:350} ERROR - Failed to import: /opt/airflow/dags/dag_1.py
Traceback (most recent call last):
  File "/home/airflow/.local/lib/python3.8/site-packages/airflow/models/dagbag.py", line 346, in parse
    loader.exec_module(new_module)
  File "<frozen importlib._bootstrap_external>", line 839, in exec_module
  File "<frozen importlib._bootstrap_external>", line 976, in get_code
  File "<frozen importlib._bootstrap_external>", line 906, in source_to_code
  File "<frozen importlib._bootstrap>", line 219, in _call_with_frames_removed
  File "/opt/airflow/dags/dag_1.py", line 45
    cursor.execute("INSERT INTO processed_files (name) VALUES (%s);", (file_to_process,))
                                                                                        ^
IndentationError: unindent does not match any outer indentation level
[2026-06-02T10:15:44.845+0000] {processor.py:842} WARNING - No viable dags retrieved from /opt/airflow/dags/dag_1.py
[2026-06-02T10:15:44.863+0000] {processor.py:183} INFO - Processing /opt/airflow/dags/dag_1.py took 0.033 seconds
[2026-06-02T10:16:15.197+0000] {processor.py:161} INFO - Started process (PID=3052) to work on /opt/airflow/dags/dag_1.py
[2026-06-02T10:16:15.197+0000] {processor.py:830} INFO - Processing file /opt/airflow/dags/dag_1.py for tasks to queue
[2026-06-02T10:16:15.198+0000] {logging_mixin.py:188} INFO - [2026-06-02T10:16:15.198+0000] {dagbag.py:540} INFO - Filling up the DagBag from /opt/airflow/dags/dag_1.py
[2026-06-02T10:16:15.208+0000] {logging_mixin.py:188} INFO - [2026-06-02T10:16:15.207+0000] {dagbag.py:350} ERROR - Failed to import: /opt/airflow/dags/dag_1.py
Traceback (most recent call last):
  File "/home/airflow/.local/lib/python3.8/site-packages/airflow/models/dagbag.py", line 346, in parse
    loader.exec_module(new_module)
  File "<frozen importlib._bootstrap_external>", line 839, in exec_module
  File "<frozen importlib._bootstrap_external>", line 976, in get_code
  File "<frozen importlib._bootstrap_external>", line 906, in source_to_code
  File "<frozen importlib._bootstrap>", line 219, in _call_with_frames_removed
  File "/opt/airflow/dags/dag_1.py", line 45
    cursor.execute("INSERT INTO processed_files (name) VALUES (%s);", (file_to_process,))
                                                                                        ^
IndentationError: unindent does not match any outer indentation level
[2026-06-02T10:16:15.208+0000] {processor.py:842} WARNING - No viable dags retrieved from /opt/airflow/dags/dag_1.py
[2026-06-02T10:16:15.225+0000] {processor.py:183} INFO - Processing /opt/airflow/dags/dag_1.py took 0.031 seconds
[2026-06-02T10:16:45.588+0000] {processor.py:161} INFO - Started process (PID=3062) to work on /opt/airflow/dags/dag_1.py
[2026-06-02T10:16:45.589+0000] {processor.py:830} INFO - Processing file /opt/airflow/dags/dag_1.py for tasks to queue
[2026-06-02T10:16:45.590+0000] {logging_mixin.py:188} INFO - [2026-06-02T10:16:45.590+0000] {dagbag.py:540} INFO - Filling up the DagBag from /opt/airflow/dags/dag_1.py
[2026-06-02T10:16:45.602+0000] {logging_mixin.py:188} INFO - [2026-06-02T10:16:45.600+0000] {dagbag.py:350} ERROR - Failed to import: /opt/airflow/dags/dag_1.py
Traceback (most recent call last):
  File "/home/airflow/.local/lib/python3.8/site-packages/airflow/models/dagbag.py", line 346, in parse
    loader.exec_module(new_module)
  File "<frozen importlib._bootstrap_external>", line 839, in exec_module
  File "<frozen importlib._bootstrap_external>", line 976, in get_code
  File "<frozen importlib._bootstrap_external>", line 906, in source_to_code
  File "<frozen importlib._bootstrap>", line 219, in _call_with_frames_removed
  File "/opt/airflow/dags/dag_1.py", line 45
    cursor.execute("INSERT INTO processed_files (name) VALUES (%s);", (file_to_process,))
                                                                                        ^
IndentationError: unindent does not match any outer indentation level
[2026-06-02T10:16:45.603+0000] {processor.py:842} WARNING - No viable dags retrieved from /opt/airflow/dags/dag_1.py
[2026-06-02T10:16:45.622+0000] {processor.py:183} INFO - Processing /opt/airflow/dags/dag_1.py took 0.037 seconds
[2026-06-02T10:17:16.000+0000] {processor.py:161} INFO - Started process (PID=3072) to work on /opt/airflow/dags/dag_1.py
[2026-06-02T10:17:16.001+0000] {processor.py:830} INFO - Processing file /opt/airflow/dags/dag_1.py for tasks to queue
[2026-06-02T10:17:16.002+0000] {logging_mixin.py:188} INFO - [2026-06-02T10:17:16.002+0000] {dagbag.py:540} INFO - Filling up the DagBag from /opt/airflow/dags/dag_1.py
[2026-06-02T10:17:16.012+0000] {logging_mixin.py:188} INFO - [2026-06-02T10:17:16.011+0000] {dagbag.py:350} ERROR - Failed to import: /opt/airflow/dags/dag_1.py
Traceback (most recent call last):
  File "/home/airflow/.local/lib/python3.8/site-packages/airflow/models/dagbag.py", line 346, in parse
    loader.exec_module(new_module)
  File "<frozen importlib._bootstrap_external>", line 839, in exec_module
  File "<frozen importlib._bootstrap_external>", line 976, in get_code
  File "<frozen importlib._bootstrap_external>", line 906, in source_to_code
  File "<frozen importlib._bootstrap>", line 219, in _call_with_frames_removed
  File "/opt/airflow/dags/dag_1.py", line 45
    cursor.execute("INSERT INTO processed_files (name) VALUES (%s);", (file_to_process,))
                                                                                        ^
IndentationError: unindent does not match any outer indentation level
[2026-06-02T10:17:16.012+0000] {processor.py:842} WARNING - No viable dags retrieved from /opt/airflow/dags/dag_1.py
[2026-06-02T10:17:16.034+0000] {processor.py:183} INFO - Processing /opt/airflow/dags/dag_1.py took 0.036 seconds
[2026-06-02T10:17:46.305+0000] {processor.py:161} INFO - Started process (PID=3082) to work on /opt/airflow/dags/dag_1.py
[2026-06-02T10:17:46.306+0000] {processor.py:830} INFO - Processing file /opt/airflow/dags/dag_1.py for tasks to queue
[2026-06-02T10:17:46.307+0000] {logging_mixin.py:188} INFO - [2026-06-02T10:17:46.307+0000] {dagbag.py:540} INFO - Filling up the DagBag from /opt/airflow/dags/dag_1.py
[2026-06-02T10:17:46.318+0000] {logging_mixin.py:188} INFO - [2026-06-02T10:17:46.317+0000] {dagbag.py:350} ERROR - Failed to import: /opt/airflow/dags/dag_1.py
Traceback (most recent call last):
  File "/home/airflow/.local/lib/python3.8/site-packages/airflow/models/dagbag.py", line 346, in parse
    loader.exec_module(new_module)
  File "<frozen importlib._bootstrap_external>", line 839, in exec_module
  File "<frozen importlib._bootstrap_external>", line 976, in get_code
  File "<frozen importlib._bootstrap_external>", line 906, in source_to_code
  File "<frozen importlib._bootstrap>", line 219, in _call_with_frames_removed
  File "/opt/airflow/dags/dag_1.py", line 45
    cursor.execute("INSERT INTO processed_files (name) VALUES (%s);", (file_to_process,))
                                                                                        ^
IndentationError: unindent does not match any outer indentation level
[2026-06-02T10:17:46.319+0000] {processor.py:842} WARNING - No viable dags retrieved from /opt/airflow/dags/dag_1.py
[2026-06-02T10:17:46.339+0000] {processor.py:183} INFO - Processing /opt/airflow/dags/dag_1.py took 0.037 seconds
[2026-06-02T10:18:16.598+0000] {processor.py:161} INFO - Started process (PID=3092) to work on /opt/airflow/dags/dag_1.py
[2026-06-02T10:18:16.599+0000] {processor.py:830} INFO - Processing file /opt/airflow/dags/dag_1.py for tasks to queue
[2026-06-02T10:18:16.600+0000] {logging_mixin.py:188} INFO - [2026-06-02T10:18:16.599+0000] {dagbag.py:540} INFO - Filling up the DagBag from /opt/airflow/dags/dag_1.py
[2026-06-02T10:18:16.613+0000] {logging_mixin.py:188} INFO - [2026-06-02T10:18:16.612+0000] {dagbag.py:350} ERROR - Failed to import: /opt/airflow/dags/dag_1.py
Traceback (most recent call last):
  File "/home/airflow/.local/lib/python3.8/site-packages/airflow/models/dagbag.py", line 346, in parse
    loader.exec_module(new_module)
  File "<frozen importlib._bootstrap_external>", line 839, in exec_module
  File "<frozen importlib._bootstrap_external>", line 976, in get_code
  File "<frozen importlib._bootstrap_external>", line 906, in source_to_code
  File "<frozen importlib._bootstrap>", line 219, in _call_with_frames_removed
  File "/opt/airflow/dags/dag_1.py", line 45
    cursor.execute("INSERT INTO processed_files (name) VALUES (%s);", (file_to_process,))
                                                                                        ^
IndentationError: unindent does not match any outer indentation level
[2026-06-02T10:18:16.613+0000] {processor.py:842} WARNING - No viable dags retrieved from /opt/airflow/dags/dag_1.py
[2026-06-02T10:18:16.641+0000] {processor.py:183} INFO - Processing /opt/airflow/dags/dag_1.py took 0.046 seconds
[2026-06-02T10:18:47.025+0000] {processor.py:161} INFO - Started process (PID=3102) to work on /opt/airflow/dags/dag_1.py
[2026-06-02T10:18:47.026+0000] {processor.py:830} INFO - Processing file /opt/airflow/dags/dag_1.py for tasks to queue
[2026-06-02T10:18:47.027+0000] {logging_mixin.py:188} INFO - [2026-06-02T10:18:47.027+0000] {dagbag.py:540} INFO - Filling up the DagBag from /opt/airflow/dags/dag_1.py
[2026-06-02T10:18:47.037+0000] {logging_mixin.py:188} INFO - [2026-06-02T10:18:47.037+0000] {dagbag.py:350} ERROR - Failed to import: /opt/airflow/dags/dag_1.py
Traceback (most recent call last):
  File "/home/airflow/.local/lib/python3.8/site-packages/airflow/models/dagbag.py", line 346, in parse
    loader.exec_module(new_module)
  File "<frozen importlib._bootstrap_external>", line 839, in exec_module
  File "<frozen importlib._bootstrap_external>", line 976, in get_code
  File "<frozen importlib._bootstrap_external>", line 906, in source_to_code
  File "<frozen importlib._bootstrap>", line 219, in _call_with_frames_removed
  File "/opt/airflow/dags/dag_1.py", line 45
    cursor.execute("INSERT INTO processed_files (name) VALUES (%s);", (file_to_process,))
                                                                                        ^
IndentationError: unindent does not match any outer indentation level
[2026-06-02T10:18:47.038+0000] {processor.py:842} WARNING - No viable dags retrieved from /opt/airflow/dags/dag_1.py
[2026-06-02T10:18:47.060+0000] {processor.py:183} INFO - Processing /opt/airflow/dags/dag_1.py took 0.037 seconds
[2026-06-02T10:19:17.380+0000] {processor.py:161} INFO - Started process (PID=3112) to work on /opt/airflow/dags/dag_1.py
[2026-06-02T10:19:17.381+0000] {processor.py:830} INFO - Processing file /opt/airflow/dags/dag_1.py for tasks to queue
[2026-06-02T10:19:17.382+0000] {logging_mixin.py:188} INFO - [2026-06-02T10:19:17.382+0000] {dagbag.py:540} INFO - Filling up the DagBag from /opt/airflow/dags/dag_1.py
[2026-06-02T10:19:17.392+0000] {logging_mixin.py:188} INFO - [2026-06-02T10:19:17.392+0000] {dagbag.py:350} ERROR - Failed to import: /opt/airflow/dags/dag_1.py
Traceback (most recent call last):
  File "/home/airflow/.local/lib/python3.8/site-packages/airflow/models/dagbag.py", line 346, in parse
    loader.exec_module(new_module)
  File "<frozen importlib._bootstrap_external>", line 839, in exec_module
  File "<frozen importlib._bootstrap_external>", line 976, in get_code
  File "<frozen importlib._bootstrap_external>", line 906, in source_to_code
  File "<frozen importlib._bootstrap>", line 219, in _call_with_frames_removed
  File "/opt/airflow/dags/dag_1.py", line 45
    cursor.execute("INSERT INTO processed_files (name) VALUES (%s);", (file_to_process,))
                                                                                        ^
IndentationError: unindent does not match any outer indentation level
[2026-06-02T10:19:17.393+0000] {processor.py:842} WARNING - No viable dags retrieved from /opt/airflow/dags/dag_1.py
[2026-06-02T10:19:17.416+0000] {processor.py:183} INFO - Processing /opt/airflow/dags/dag_1.py took 0.038 seconds
[2026-06-02T10:19:47.946+0000] {processor.py:161} INFO - Started process (PID=3122) to work on /opt/airflow/dags/dag_1.py
[2026-06-02T10:19:47.947+0000] {processor.py:830} INFO - Processing file /opt/airflow/dags/dag_1.py for tasks to queue
[2026-06-02T10:19:47.948+0000] {logging_mixin.py:188} INFO - [2026-06-02T10:19:47.948+0000] {dagbag.py:540} INFO - Filling up the DagBag from /opt/airflow/dags/dag_1.py
[2026-06-02T10:19:47.957+0000] {logging_mixin.py:188} INFO - [2026-06-02T10:19:47.957+0000] {dagbag.py:350} ERROR - Failed to import: /opt/airflow/dags/dag_1.py
Traceback (most recent call last):
  File "/home/airflow/.local/lib/python3.8/site-packages/airflow/models/dagbag.py", line 346, in parse
    loader.exec_module(new_module)
  File "<frozen importlib._bootstrap_external>", line 839, in exec_module
  File "<frozen importlib._bootstrap_external>", line 976, in get_code
  File "<frozen importlib._bootstrap_external>", line 906, in source_to_code
  File "<frozen importlib._bootstrap>", line 219, in _call_with_frames_removed
  File "/opt/airflow/dags/dag_1.py", line 45
    cursor.execute("INSERT INTO processed_files (name) VALUES (%s);", (file_to_process,))
                                                                                        ^
IndentationError: unindent does not match any outer indentation level
[2026-06-02T10:19:47.958+0000] {processor.py:842} WARNING - No viable dags retrieved from /opt/airflow/dags/dag_1.py
[2026-06-02T10:19:47.979+0000] {processor.py:183} INFO - Processing /opt/airflow/dags/dag_1.py took 0.035 seconds
[2026-06-02T10:20:18.263+0000] {processor.py:161} INFO - Started process (PID=3132) to work on /opt/airflow/dags/dag_1.py
[2026-06-02T10:20:18.264+0000] {processor.py:830} INFO - Processing file /opt/airflow/dags/dag_1.py for tasks to queue
[2026-06-02T10:20:18.265+0000] {logging_mixin.py:188} INFO - [2026-06-02T10:20:18.264+0000] {dagbag.py:540} INFO - Filling up the DagBag from /opt/airflow/dags/dag_1.py
[2026-06-02T10:20:18.275+0000] {logging_mixin.py:188} INFO - [2026-06-02T10:20:18.274+0000] {dagbag.py:350} ERROR - Failed to import: /opt/airflow/dags/dag_1.py
Traceback (most recent call last):
  File "/home/airflow/.local/lib/python3.8/site-packages/airflow/models/dagbag.py", line 346, in parse
    loader.exec_module(new_module)
  File "<frozen importlib._bootstrap_external>", line 839, in exec_module
  File "<frozen importlib._bootstrap_external>", line 976, in get_code
  File "<frozen importlib._bootstrap_external>", line 906, in source_to_code
  File "<frozen importlib._bootstrap>", line 219, in _call_with_frames_removed
  File "/opt/airflow/dags/dag_1.py", line 45
    cursor.execute("INSERT INTO processed_files (name) VALUES (%s);", (file_to_process,))
                                                                                        ^
IndentationError: unindent does not match any outer indentation level
[2026-06-02T10:20:18.275+0000] {processor.py:842} WARNING - No viable dags retrieved from /opt/airflow/dags/dag_1.py
[2026-06-02T10:20:18.296+0000] {processor.py:183} INFO - Processing /opt/airflow/dags/dag_1.py took 0.035 seconds
[2026-06-02T10:20:48.570+0000] {processor.py:161} INFO - Started process (PID=3142) to work on /opt/airflow/dags/dag_1.py
[2026-06-02T10:20:48.571+0000] {processor.py:830} INFO - Processing file /opt/airflow/dags/dag_1.py for tasks to queue
[2026-06-02T10:20:48.573+0000] {logging_mixin.py:188} INFO - [2026-06-02T10:20:48.573+0000] {dagbag.py:540} INFO - Filling up the DagBag from /opt/airflow/dags/dag_1.py
[2026-06-02T10:20:48.585+0000] {logging_mixin.py:188} INFO - [2026-06-02T10:20:48.584+0000] {dagbag.py:350} ERROR - Failed to import: /opt/airflow/dags/dag_1.py
Traceback (most recent call last):
  File "/home/airflow/.local/lib/python3.8/site-packages/airflow/models/dagbag.py", line 346, in parse
    loader.exec_module(new_module)
  File "<frozen importlib._bootstrap_external>", line 839, in exec_module
  File "<frozen importlib._bootstrap_external>", line 976, in get_code
  File "<frozen importlib._bootstrap_external>", line 906, in source_to_code
  File "<frozen importlib._bootstrap>", line 219, in _call_with_frames_removed
  File "/opt/airflow/dags/dag_1.py", line 45
    cursor.execute("INSERT INTO processed_files (name) VALUES (%s);", (file_to_process,))
                                                                                        ^
IndentationError: unindent does not match any outer indentation level
[2026-06-02T10:20:48.586+0000] {processor.py:842} WARNING - No viable dags retrieved from /opt/airflow/dags/dag_1.py
[2026-06-02T10:20:48.607+0000] {processor.py:183} INFO - Processing /opt/airflow/dags/dag_1.py took 0.040 seconds
[2026-06-02T10:21:18.870+0000] {processor.py:161} INFO - Started process (PID=3152) to work on /opt/airflow/dags/dag_1.py
[2026-06-02T10:21:18.870+0000] {processor.py:830} INFO - Processing file /opt/airflow/dags/dag_1.py for tasks to queue
[2026-06-02T10:21:18.871+0000] {logging_mixin.py:188} INFO - [2026-06-02T10:21:18.871+0000] {dagbag.py:540} INFO - Filling up the DagBag from /opt/airflow/dags/dag_1.py
[2026-06-02T10:21:18.880+0000] {logging_mixin.py:188} INFO - [2026-06-02T10:21:18.879+0000] {dagbag.py:350} ERROR - Failed to import: /opt/airflow/dags/dag_1.py
Traceback (most recent call last):
  File "/home/airflow/.local/lib/python3.8/site-packages/airflow/models/dagbag.py", line 346, in parse
    loader.exec_module(new_module)
  File "<frozen importlib._bootstrap_external>", line 839, in exec_module
  File "<frozen importlib._bootstrap_external>", line 976, in get_code
  File "<frozen importlib._bootstrap_external>", line 906, in source_to_code
  File "<frozen importlib._bootstrap>", line 219, in _call_with_frames_removed
  File "/opt/airflow/dags/dag_1.py", line 45
    cursor.execute("INSERT INTO processed_files (name) VALUES (%s);", (file_to_process,))
                                                                                        ^
IndentationError: unindent does not match any outer indentation level
[2026-06-02T10:21:18.880+0000] {processor.py:842} WARNING - No viable dags retrieved from /opt/airflow/dags/dag_1.py
[2026-06-02T10:21:18.896+0000] {processor.py:183} INFO - Processing /opt/airflow/dags/dag_1.py took 0.029 seconds
[2026-06-02T10:21:24.993+0000] {processor.py:161} INFO - Started process (PID=3157) to work on /opt/airflow/dags/dag_1.py
[2026-06-02T10:21:24.994+0000] {processor.py:830} INFO - Processing file /opt/airflow/dags/dag_1.py for tasks to queue
[2026-06-02T10:21:24.995+0000] {logging_mixin.py:188} INFO - [2026-06-02T10:21:24.995+0000] {dagbag.py:540} INFO - Filling up the DagBag from /opt/airflow/dags/dag_1.py
[2026-06-02T10:21:25.020+0000] {logging_mixin.py:188} INFO - [2026-06-02T10:21:25.014+0000] {dagbag.py:350} ERROR - Failed to import: /opt/airflow/dags/dag_1.py
Traceback (most recent call last):
  File "/home/airflow/.local/lib/python3.8/site-packages/airflow/models/dagbag.py", line 346, in parse
    loader.exec_module(new_module)
  File "<frozen importlib._bootstrap_external>", line 843, in exec_module
  File "<frozen importlib._bootstrap>", line 219, in _call_with_frames_removed
  File "/opt/airflow/dags/dag_1.py", line 69, in <module>
    dq = TriggerDagRunOperator(
  File "/home/airflow/.local/lib/python3.8/site-packages/airflow/models/baseoperator.py", line 437, in apply_defaults
    result = func(self, **kwargs, default_args=default_args)
  File "/home/airflow/.local/lib/python3.8/site-packages/airflow/operators/trigger_dagrun.py", line 130, in __init__
    self.allowed_states = [DagRunState(s) for s in allowed_states]
  File "/home/airflow/.local/lib/python3.8/site-packages/airflow/operators/trigger_dagrun.py", line 130, in <listcomp>
    self.allowed_states = [DagRunState(s) for s in allowed_states]
  File "/usr/local/lib/python3.8/enum.py", line 339, in __call__
    return cls.__new__(cls, value)
  File "/usr/local/lib/python3.8/enum.py", line 663, in __new__
    raise ve_exc
ValueError: 'SUCCESS' is not a valid DagRunState
[2026-06-02T10:21:25.020+0000] {processor.py:842} WARNING - No viable dags retrieved from /opt/airflow/dags/dag_1.py
[2026-06-02T10:21:25.035+0000] {processor.py:183} INFO - Processing /opt/airflow/dags/dag_1.py took 0.044 seconds
[2026-06-02T10:21:55.347+0000] {processor.py:161} INFO - Started process (PID=3167) to work on /opt/airflow/dags/dag_1.py
[2026-06-02T10:21:55.348+0000] {processor.py:830} INFO - Processing file /opt/airflow/dags/dag_1.py for tasks to queue
[2026-06-02T10:21:55.349+0000] {logging_mixin.py:188} INFO - [2026-06-02T10:21:55.349+0000] {dagbag.py:540} INFO - Filling up the DagBag from /opt/airflow/dags/dag_1.py
[2026-06-02T10:21:55.364+0000] {logging_mixin.py:188} INFO - [2026-06-02T10:21:55.361+0000] {dagbag.py:350} ERROR - Failed to import: /opt/airflow/dags/dag_1.py
Traceback (most recent call last):
  File "/home/airflow/.local/lib/python3.8/site-packages/airflow/models/dagbag.py", line 346, in parse
    loader.exec_module(new_module)
  File "<frozen importlib._bootstrap_external>", line 843, in exec_module
  File "<frozen importlib._bootstrap>", line 219, in _call_with_frames_removed
  File "/opt/airflow/dags/dag_1.py", line 69, in <module>
    dq = TriggerDagRunOperator(
  File "/home/airflow/.local/lib/python3.8/site-packages/airflow/models/baseoperator.py", line 437, in apply_defaults
    result = func(self, **kwargs, default_args=default_args)
  File "/home/airflow/.local/lib/python3.8/site-packages/airflow/operators/trigger_dagrun.py", line 130, in __init__
    self.allowed_states = [DagRunState(s) for s in allowed_states]
  File "/home/airflow/.local/lib/python3.8/site-packages/airflow/operators/trigger_dagrun.py", line 130, in <listcomp>
    self.allowed_states = [DagRunState(s) for s in allowed_states]
  File "/usr/local/lib/python3.8/enum.py", line 339, in __call__
    return cls.__new__(cls, value)
  File "/usr/local/lib/python3.8/enum.py", line 663, in __new__
    raise ve_exc
ValueError: 'SUCCESS' is not a valid DagRunState
[2026-06-02T10:21:55.364+0000] {processor.py:842} WARNING - No viable dags retrieved from /opt/airflow/dags/dag_1.py
[2026-06-02T10:21:55.379+0000] {processor.py:183} INFO - Processing /opt/airflow/dags/dag_1.py took 0.034 seconds
[2026-06-02T10:22:25.753+0000] {processor.py:161} INFO - Started process (PID=3177) to work on /opt/airflow/dags/dag_1.py
[2026-06-02T10:22:25.754+0000] {processor.py:830} INFO - Processing file /opt/airflow/dags/dag_1.py for tasks to queue
[2026-06-02T10:22:25.755+0000] {logging_mixin.py:188} INFO - [2026-06-02T10:22:25.754+0000] {dagbag.py:540} INFO - Filling up the DagBag from /opt/airflow/dags/dag_1.py
[2026-06-02T10:22:25.771+0000] {logging_mixin.py:188} INFO - [2026-06-02T10:22:25.767+0000] {dagbag.py:350} ERROR - Failed to import: /opt/airflow/dags/dag_1.py
Traceback (most recent call last):
  File "/home/airflow/.local/lib/python3.8/site-packages/airflow/models/dagbag.py", line 346, in parse
    loader.exec_module(new_module)
  File "<frozen importlib._bootstrap_external>", line 843, in exec_module
  File "<frozen importlib._bootstrap>", line 219, in _call_with_frames_removed
  File "/opt/airflow/dags/dag_1.py", line 69, in <module>
    dq = TriggerDagRunOperator(
  File "/home/airflow/.local/lib/python3.8/site-packages/airflow/models/baseoperator.py", line 437, in apply_defaults
    result = func(self, **kwargs, default_args=default_args)
  File "/home/airflow/.local/lib/python3.8/site-packages/airflow/operators/trigger_dagrun.py", line 130, in __init__
    self.allowed_states = [DagRunState(s) for s in allowed_states]
  File "/home/airflow/.local/lib/python3.8/site-packages/airflow/operators/trigger_dagrun.py", line 130, in <listcomp>
    self.allowed_states = [DagRunState(s) for s in allowed_states]
  File "/usr/local/lib/python3.8/enum.py", line 339, in __call__
    return cls.__new__(cls, value)
  File "/usr/local/lib/python3.8/enum.py", line 663, in __new__
    raise ve_exc
ValueError: 'SUCCESS' is not a valid DagRunState
[2026-06-02T10:22:25.771+0000] {processor.py:842} WARNING - No viable dags retrieved from /opt/airflow/dags/dag_1.py
[2026-06-02T10:22:25.790+0000] {processor.py:183} INFO - Processing /opt/airflow/dags/dag_1.py took 0.042 seconds
[2026-06-02T10:22:56.042+0000] {processor.py:161} INFO - Started process (PID=3187) to work on /opt/airflow/dags/dag_1.py
[2026-06-02T10:22:56.043+0000] {processor.py:830} INFO - Processing file /opt/airflow/dags/dag_1.py for tasks to queue
[2026-06-02T10:22:56.044+0000] {logging_mixin.py:188} INFO - [2026-06-02T10:22:56.044+0000] {dagbag.py:540} INFO - Filling up the DagBag from /opt/airflow/dags/dag_1.py
[2026-06-02T10:22:56.055+0000] {logging_mixin.py:188} INFO - [2026-06-02T10:22:56.053+0000] {dagbag.py:350} ERROR - Failed to import: /opt/airflow/dags/dag_1.py
Traceback (most recent call last):
  File "/home/airflow/.local/lib/python3.8/site-packages/airflow/models/dagbag.py", line 346, in parse
    loader.exec_module(new_module)
  File "<frozen importlib._bootstrap_external>", line 843, in exec_module
  File "<frozen importlib._bootstrap>", line 219, in _call_with_frames_removed
  File "/opt/airflow/dags/dag_1.py", line 69, in <module>
    dq = TriggerDagRunOperator(
  File "/home/airflow/.local/lib/python3.8/site-packages/airflow/models/baseoperator.py", line 437, in apply_defaults
    result = func(self, **kwargs, default_args=default_args)
  File "/home/airflow/.local/lib/python3.8/site-packages/airflow/operators/trigger_dagrun.py", line 130, in __init__
    self.allowed_states = [DagRunState(s) for s in allowed_states]
  File "/home/airflow/.local/lib/python3.8/site-packages/airflow/operators/trigger_dagrun.py", line 130, in <listcomp>
    self.allowed_states = [DagRunState(s) for s in allowed_states]
  File "/usr/local/lib/python3.8/enum.py", line 339, in __call__
    return cls.__new__(cls, value)
  File "/usr/local/lib/python3.8/enum.py", line 663, in __new__
    raise ve_exc
ValueError: 'SUCCESS' is not a valid DagRunState
[2026-06-02T10:22:56.056+0000] {processor.py:842} WARNING - No viable dags retrieved from /opt/airflow/dags/dag_1.py
[2026-06-02T10:22:56.077+0000] {processor.py:183} INFO - Processing /opt/airflow/dags/dag_1.py took 0.037 seconds
[2026-06-02T10:23:26.364+0000] {processor.py:161} INFO - Started process (PID=3197) to work on /opt/airflow/dags/dag_1.py
[2026-06-02T10:23:26.365+0000] {processor.py:830} INFO - Processing file /opt/airflow/dags/dag_1.py for tasks to queue
[2026-06-02T10:23:26.366+0000] {logging_mixin.py:188} INFO - [2026-06-02T10:23:26.365+0000] {dagbag.py:540} INFO - Filling up the DagBag from /opt/airflow/dags/dag_1.py
[2026-06-02T10:23:26.380+0000] {logging_mixin.py:188} INFO - [2026-06-02T10:23:26.377+0000] {dagbag.py:350} ERROR - Failed to import: /opt/airflow/dags/dag_1.py
Traceback (most recent call last):
  File "/home/airflow/.local/lib/python3.8/site-packages/airflow/models/dagbag.py", line 346, in parse
    loader.exec_module(new_module)
  File "<frozen importlib._bootstrap_external>", line 843, in exec_module
  File "<frozen importlib._bootstrap>", line 219, in _call_with_frames_removed
  File "/opt/airflow/dags/dag_1.py", line 69, in <module>
    dq = TriggerDagRunOperator(
  File "/home/airflow/.local/lib/python3.8/site-packages/airflow/models/baseoperator.py", line 437, in apply_defaults
    result = func(self, **kwargs, default_args=default_args)
  File "/home/airflow/.local/lib/python3.8/site-packages/airflow/operators/trigger_dagrun.py", line 130, in __init__
    self.allowed_states = [DagRunState(s) for s in allowed_states]
  File "/home/airflow/.local/lib/python3.8/site-packages/airflow/operators/trigger_dagrun.py", line 130, in <listcomp>
    self.allowed_states = [DagRunState(s) for s in allowed_states]
  File "/usr/local/lib/python3.8/enum.py", line 339, in __call__
    return cls.__new__(cls, value)
  File "/usr/local/lib/python3.8/enum.py", line 663, in __new__
    raise ve_exc
ValueError: 'SUCCESS' is not a valid DagRunState
[2026-06-02T10:23:26.380+0000] {processor.py:842} WARNING - No viable dags retrieved from /opt/airflow/dags/dag_1.py
[2026-06-02T10:23:26.394+0000] {processor.py:183} INFO - Processing /opt/airflow/dags/dag_1.py took 0.032 seconds
[2026-06-02T10:23:56.794+0000] {processor.py:161} INFO - Started process (PID=3207) to work on /opt/airflow/dags/dag_1.py
[2026-06-02T10:23:56.795+0000] {processor.py:830} INFO - Processing file /opt/airflow/dags/dag_1.py for tasks to queue
[2026-06-02T10:23:56.796+0000] {logging_mixin.py:188} INFO - [2026-06-02T10:23:56.796+0000] {dagbag.py:540} INFO - Filling up the DagBag from /opt/airflow/dags/dag_1.py
[2026-06-02T10:23:56.814+0000] {logging_mixin.py:188} INFO - [2026-06-02T10:23:56.811+0000] {dagbag.py:350} ERROR - Failed to import: /opt/airflow/dags/dag_1.py
Traceback (most recent call last):
  File "/home/airflow/.local/lib/python3.8/site-packages/airflow/models/dagbag.py", line 346, in parse
    loader.exec_module(new_module)
  File "<frozen importlib._bootstrap_external>", line 843, in exec_module
  File "<frozen importlib._bootstrap>", line 219, in _call_with_frames_removed
  File "/opt/airflow/dags/dag_1.py", line 69, in <module>
    dq = TriggerDagRunOperator(
  File "/home/airflow/.local/lib/python3.8/site-packages/airflow/models/baseoperator.py", line 437, in apply_defaults
    result = func(self, **kwargs, default_args=default_args)
  File "/home/airflow/.local/lib/python3.8/site-packages/airflow/operators/trigger_dagrun.py", line 130, in __init__
    self.allowed_states = [DagRunState(s) for s in allowed_states]
  File "/home/airflow/.local/lib/python3.8/site-packages/airflow/operators/trigger_dagrun.py", line 130, in <listcomp>
    self.allowed_states = [DagRunState(s) for s in allowed_states]
  File "/usr/local/lib/python3.8/enum.py", line 339, in __call__
    return cls.__new__(cls, value)
  File "/usr/local/lib/python3.8/enum.py", line 663, in __new__
    raise ve_exc
ValueError: 'SUCCESS' is not a valid DagRunState
[2026-06-02T10:23:56.815+0000] {processor.py:842} WARNING - No viable dags retrieved from /opt/airflow/dags/dag_1.py
[2026-06-02T10:23:56.837+0000] {processor.py:183} INFO - Processing /opt/airflow/dags/dag_1.py took 0.046 seconds
[2026-06-02T10:24:27.294+0000] {processor.py:161} INFO - Started process (PID=3217) to work on /opt/airflow/dags/dag_1.py
[2026-06-02T10:24:27.295+0000] {processor.py:830} INFO - Processing file /opt/airflow/dags/dag_1.py for tasks to queue
[2026-06-02T10:24:27.296+0000] {logging_mixin.py:188} INFO - [2026-06-02T10:24:27.295+0000] {dagbag.py:540} INFO - Filling up the DagBag from /opt/airflow/dags/dag_1.py
[2026-06-02T10:24:27.312+0000] {logging_mixin.py:188} INFO - [2026-06-02T10:24:27.309+0000] {dagbag.py:350} ERROR - Failed to import: /opt/airflow/dags/dag_1.py
Traceback (most recent call last):
  File "/home/airflow/.local/lib/python3.8/site-packages/airflow/models/dagbag.py", line 346, in parse
    loader.exec_module(new_module)
  File "<frozen importlib._bootstrap_external>", line 843, in exec_module
  File "<frozen importlib._bootstrap>", line 219, in _call_with_frames_removed
  File "/opt/airflow/dags/dag_1.py", line 69, in <module>
    dq = TriggerDagRunOperator(
  File "/home/airflow/.local/lib/python3.8/site-packages/airflow/models/baseoperator.py", line 437, in apply_defaults
    result = func(self, **kwargs, default_args=default_args)
  File "/home/airflow/.local/lib/python3.8/site-packages/airflow/operators/trigger_dagrun.py", line 130, in __init__
    self.allowed_states = [DagRunState(s) for s in allowed_states]
  File "/home/airflow/.local/lib/python3.8/site-packages/airflow/operators/trigger_dagrun.py", line 130, in <listcomp>
    self.allowed_states = [DagRunState(s) for s in allowed_states]
  File "/usr/local/lib/python3.8/enum.py", line 339, in __call__
    return cls.__new__(cls, value)
  File "/usr/local/lib/python3.8/enum.py", line 663, in __new__
    raise ve_exc
ValueError: 'SUCCESS' is not a valid DagRunState
[2026-06-02T10:24:27.313+0000] {processor.py:842} WARNING - No viable dags retrieved from /opt/airflow/dags/dag_1.py
[2026-06-02T10:24:27.337+0000] {processor.py:183} INFO - Processing /opt/airflow/dags/dag_1.py took 0.046 seconds
[2026-06-02T10:24:57.683+0000] {processor.py:161} INFO - Started process (PID=3227) to work on /opt/airflow/dags/dag_1.py
[2026-06-02T10:24:57.684+0000] {processor.py:830} INFO - Processing file /opt/airflow/dags/dag_1.py for tasks to queue
[2026-06-02T10:24:57.685+0000] {logging_mixin.py:188} INFO - [2026-06-02T10:24:57.685+0000] {dagbag.py:540} INFO - Filling up the DagBag from /opt/airflow/dags/dag_1.py
[2026-06-02T10:24:57.700+0000] {logging_mixin.py:188} INFO - [2026-06-02T10:24:57.697+0000] {dagbag.py:350} ERROR - Failed to import: /opt/airflow/dags/dag_1.py
Traceback (most recent call last):
  File "/home/airflow/.local/lib/python3.8/site-packages/airflow/models/dagbag.py", line 346, in parse
    loader.exec_module(new_module)
  File "<frozen importlib._bootstrap_external>", line 843, in exec_module
  File "<frozen importlib._bootstrap>", line 219, in _call_with_frames_removed
  File "/opt/airflow/dags/dag_1.py", line 69, in <module>
    dq = TriggerDagRunOperator(
  File "/home/airflow/.local/lib/python3.8/site-packages/airflow/models/baseoperator.py", line 437, in apply_defaults
    result = func(self, **kwargs, default_args=default_args)
  File "/home/airflow/.local/lib/python3.8/site-packages/airflow/operators/trigger_dagrun.py", line 130, in __init__
    self.allowed_states = [DagRunState(s) for s in allowed_states]
  File "/home/airflow/.local/lib/python3.8/site-packages/airflow/operators/trigger_dagrun.py", line 130, in <listcomp>
    self.allowed_states = [DagRunState(s) for s in allowed_states]
  File "/usr/local/lib/python3.8/enum.py", line 339, in __call__
    return cls.__new__(cls, value)
  File "/usr/local/lib/python3.8/enum.py", line 663, in __new__
    raise ve_exc
ValueError: 'SUCCESS' is not a valid DagRunState
[2026-06-02T10:24:57.700+0000] {processor.py:842} WARNING - No viable dags retrieved from /opt/airflow/dags/dag_1.py
[2026-06-02T10:24:57.716+0000] {processor.py:183} INFO - Processing /opt/airflow/dags/dag_1.py took 0.035 seconds
[2026-06-02T10:25:27.977+0000] {processor.py:161} INFO - Started process (PID=3237) to work on /opt/airflow/dags/dag_1.py
[2026-06-02T10:25:27.978+0000] {processor.py:830} INFO - Processing file /opt/airflow/dags/dag_1.py for tasks to queue
[2026-06-02T10:25:27.979+0000] {logging_mixin.py:188} INFO - [2026-06-02T10:25:27.979+0000] {dagbag.py:540} INFO - Filling up the DagBag from /opt/airflow/dags/dag_1.py
[2026-06-02T10:25:27.992+0000] {logging_mixin.py:188} INFO - [2026-06-02T10:25:27.990+0000] {dagbag.py:350} ERROR - Failed to import: /opt/airflow/dags/dag_1.py
Traceback (most recent call last):
  File "/home/airflow/.local/lib/python3.8/site-packages/airflow/models/dagbag.py", line 346, in parse
    loader.exec_module(new_module)
  File "<frozen importlib._bootstrap_external>", line 843, in exec_module
  File "<frozen importlib._bootstrap>", line 219, in _call_with_frames_removed
  File "/opt/airflow/dags/dag_1.py", line 69, in <module>
    dq = TriggerDagRunOperator(
  File "/home/airflow/.local/lib/python3.8/site-packages/airflow/models/baseoperator.py", line 437, in apply_defaults
    result = func(self, **kwargs, default_args=default_args)
  File "/home/airflow/.local/lib/python3.8/site-packages/airflow/operators/trigger_dagrun.py", line 130, in __init__
    self.allowed_states = [DagRunState(s) for s in allowed_states]
  File "/home/airflow/.local/lib/python3.8/site-packages/airflow/operators/trigger_dagrun.py", line 130, in <listcomp>
    self.allowed_states = [DagRunState(s) for s in allowed_states]
  File "/usr/local/lib/python3.8/enum.py", line 339, in __call__
    return cls.__new__(cls, value)
  File "/usr/local/lib/python3.8/enum.py", line 663, in __new__
    raise ve_exc
ValueError: 'SUCCESS' is not a valid DagRunState
[2026-06-02T10:25:27.993+0000] {processor.py:842} WARNING - No viable dags retrieved from /opt/airflow/dags/dag_1.py
[2026-06-02T10:25:28.010+0000] {processor.py:183} INFO - Processing /opt/airflow/dags/dag_1.py took 0.035 seconds
[2026-06-02T10:25:58.293+0000] {processor.py:161} INFO - Started process (PID=3247) to work on /opt/airflow/dags/dag_1.py
[2026-06-02T10:25:58.294+0000] {processor.py:830} INFO - Processing file /opt/airflow/dags/dag_1.py for tasks to queue
[2026-06-02T10:25:58.295+0000] {logging_mixin.py:188} INFO - [2026-06-02T10:25:58.295+0000] {dagbag.py:540} INFO - Filling up the DagBag from /opt/airflow/dags/dag_1.py
[2026-06-02T10:25:58.308+0000] {logging_mixin.py:188} INFO - [2026-06-02T10:25:58.305+0000] {dagbag.py:350} ERROR - Failed to import: /opt/airflow/dags/dag_1.py
Traceback (most recent call last):
  File "/home/airflow/.local/lib/python3.8/site-packages/airflow/models/dagbag.py", line 346, in parse
    loader.exec_module(new_module)
  File "<frozen importlib._bootstrap_external>", line 843, in exec_module
  File "<frozen importlib._bootstrap>", line 219, in _call_with_frames_removed
  File "/opt/airflow/dags/dag_1.py", line 69, in <module>
    dq = TriggerDagRunOperator(
  File "/home/airflow/.local/lib/python3.8/site-packages/airflow/models/baseoperator.py", line 437, in apply_defaults
    result = func(self, **kwargs, default_args=default_args)
  File "/home/airflow/.local/lib/python3.8/site-packages/airflow/operators/trigger_dagrun.py", line 130, in __init__
    self.allowed_states = [DagRunState(s) for s in allowed_states]
  File "/home/airflow/.local/lib/python3.8/site-packages/airflow/operators/trigger_dagrun.py", line 130, in <listcomp>
    self.allowed_states = [DagRunState(s) for s in allowed_states]
  File "/usr/local/lib/python3.8/enum.py", line 339, in __call__
    return cls.__new__(cls, value)
  File "/usr/local/lib/python3.8/enum.py", line 663, in __new__
    raise ve_exc
ValueError: 'SUCCESS' is not a valid DagRunState
[2026-06-02T10:25:58.308+0000] {processor.py:842} WARNING - No viable dags retrieved from /opt/airflow/dags/dag_1.py
[2026-06-02T10:25:58.323+0000] {processor.py:183} INFO - Processing /opt/airflow/dags/dag_1.py took 0.031 seconds
[2026-06-02T10:26:28.718+0000] {processor.py:161} INFO - Started process (PID=3257) to work on /opt/airflow/dags/dag_1.py
[2026-06-02T10:26:28.719+0000] {processor.py:830} INFO - Processing file /opt/airflow/dags/dag_1.py for tasks to queue
[2026-06-02T10:26:28.720+0000] {logging_mixin.py:188} INFO - [2026-06-02T10:26:28.719+0000] {dagbag.py:540} INFO - Filling up the DagBag from /opt/airflow/dags/dag_1.py
[2026-06-02T10:26:28.733+0000] {logging_mixin.py:188} INFO - [2026-06-02T10:26:28.730+0000] {dagbag.py:350} ERROR - Failed to import: /opt/airflow/dags/dag_1.py
Traceback (most recent call last):
  File "/home/airflow/.local/lib/python3.8/site-packages/airflow/models/dagbag.py", line 346, in parse
    loader.exec_module(new_module)
  File "<frozen importlib._bootstrap_external>", line 843, in exec_module
  File "<frozen importlib._bootstrap>", line 219, in _call_with_frames_removed
  File "/opt/airflow/dags/dag_1.py", line 69, in <module>
    dq = TriggerDagRunOperator(
  File "/home/airflow/.local/lib/python3.8/site-packages/airflow/models/baseoperator.py", line 437, in apply_defaults
    result = func(self, **kwargs, default_args=default_args)
  File "/home/airflow/.local/lib/python3.8/site-packages/airflow/operators/trigger_dagrun.py", line 130, in __init__
    self.allowed_states = [DagRunState(s) for s in allowed_states]
  File "/home/airflow/.local/lib/python3.8/site-packages/airflow/operators/trigger_dagrun.py", line 130, in <listcomp>
    self.allowed_states = [DagRunState(s) for s in allowed_states]
  File "/usr/local/lib/python3.8/enum.py", line 339, in __call__
    return cls.__new__(cls, value)
  File "/usr/local/lib/python3.8/enum.py", line 663, in __new__
    raise ve_exc
ValueError: 'SUCCESS' is not a valid DagRunState
[2026-06-02T10:26:28.734+0000] {processor.py:842} WARNING - No viable dags retrieved from /opt/airflow/dags/dag_1.py
[2026-06-02T10:26:28.754+0000] {processor.py:183} INFO - Processing /opt/airflow/dags/dag_1.py took 0.039 seconds
[2026-06-02T10:26:59.007+0000] {processor.py:161} INFO - Started process (PID=3267) to work on /opt/airflow/dags/dag_1.py
[2026-06-02T10:26:59.008+0000] {processor.py:830} INFO - Processing file /opt/airflow/dags/dag_1.py for tasks to queue
[2026-06-02T10:26:59.008+0000] {logging_mixin.py:188} INFO - [2026-06-02T10:26:59.008+0000] {dagbag.py:540} INFO - Filling up the DagBag from /opt/airflow/dags/dag_1.py
[2026-06-02T10:26:59.022+0000] {logging_mixin.py:188} INFO - [2026-06-02T10:26:59.020+0000] {dagbag.py:350} ERROR - Failed to import: /opt/airflow/dags/dag_1.py
Traceback (most recent call last):
  File "/home/airflow/.local/lib/python3.8/site-packages/airflow/models/dagbag.py", line 346, in parse
    loader.exec_module(new_module)
  File "<frozen importlib._bootstrap_external>", line 843, in exec_module
  File "<frozen importlib._bootstrap>", line 219, in _call_with_frames_removed
  File "/opt/airflow/dags/dag_1.py", line 69, in <module>
    dq = TriggerDagRunOperator(
  File "/home/airflow/.local/lib/python3.8/site-packages/airflow/models/baseoperator.py", line 437, in apply_defaults
    result = func(self, **kwargs, default_args=default_args)
  File "/home/airflow/.local/lib/python3.8/site-packages/airflow/operators/trigger_dagrun.py", line 130, in __init__
    self.allowed_states = [DagRunState(s) for s in allowed_states]
  File "/home/airflow/.local/lib/python3.8/site-packages/airflow/operators/trigger_dagrun.py", line 130, in <listcomp>
    self.allowed_states = [DagRunState(s) for s in allowed_states]
  File "/usr/local/lib/python3.8/enum.py", line 339, in __call__
    return cls.__new__(cls, value)
  File "/usr/local/lib/python3.8/enum.py", line 663, in __new__
    raise ve_exc
ValueError: 'SUCCESS' is not a valid DagRunState
[2026-06-02T10:26:59.023+0000] {processor.py:842} WARNING - No viable dags retrieved from /opt/airflow/dags/dag_1.py
[2026-06-02T10:26:59.044+0000] {processor.py:183} INFO - Processing /opt/airflow/dags/dag_1.py took 0.040 seconds
[2026-06-02T10:27:29.353+0000] {processor.py:161} INFO - Started process (PID=3277) to work on /opt/airflow/dags/dag_1.py
[2026-06-02T10:27:29.354+0000] {processor.py:830} INFO - Processing file /opt/airflow/dags/dag_1.py for tasks to queue
[2026-06-02T10:27:29.355+0000] {logging_mixin.py:188} INFO - [2026-06-02T10:27:29.355+0000] {dagbag.py:540} INFO - Filling up the DagBag from /opt/airflow/dags/dag_1.py
[2026-06-02T10:27:29.369+0000] {logging_mixin.py:188} INFO - [2026-06-02T10:27:29.366+0000] {dagbag.py:350} ERROR - Failed to import: /opt/airflow/dags/dag_1.py
Traceback (most recent call last):
  File "/home/airflow/.local/lib/python3.8/site-packages/airflow/models/dagbag.py", line 346, in parse
    loader.exec_module(new_module)
  File "<frozen importlib._bootstrap_external>", line 843, in exec_module
  File "<frozen importlib._bootstrap>", line 219, in _call_with_frames_removed
  File "/opt/airflow/dags/dag_1.py", line 69, in <module>
    dq = TriggerDagRunOperator(
  File "/home/airflow/.local/lib/python3.8/site-packages/airflow/models/baseoperator.py", line 437, in apply_defaults
    result = func(self, **kwargs, default_args=default_args)
  File "/home/airflow/.local/lib/python3.8/site-packages/airflow/operators/trigger_dagrun.py", line 130, in __init__
    self.allowed_states = [DagRunState(s) for s in allowed_states]
  File "/home/airflow/.local/lib/python3.8/site-packages/airflow/operators/trigger_dagrun.py", line 130, in <listcomp>
    self.allowed_states = [DagRunState(s) for s in allowed_states]
  File "/usr/local/lib/python3.8/enum.py", line 339, in __call__
    return cls.__new__(cls, value)
  File "/usr/local/lib/python3.8/enum.py", line 663, in __new__
    raise ve_exc
ValueError: 'SUCCESS' is not a valid DagRunState
[2026-06-02T10:27:29.369+0000] {processor.py:842} WARNING - No viable dags retrieved from /opt/airflow/dags/dag_1.py
[2026-06-02T10:27:29.384+0000] {processor.py:183} INFO - Processing /opt/airflow/dags/dag_1.py took 0.033 seconds
[2026-06-02T10:27:59.706+0000] {processor.py:161} INFO - Started process (PID=3287) to work on /opt/airflow/dags/dag_1.py
[2026-06-02T10:27:59.707+0000] {processor.py:830} INFO - Processing file /opt/airflow/dags/dag_1.py for tasks to queue
[2026-06-02T10:27:59.708+0000] {logging_mixin.py:188} INFO - [2026-06-02T10:27:59.707+0000] {dagbag.py:540} INFO - Filling up the DagBag from /opt/airflow/dags/dag_1.py
[2026-06-02T10:27:59.720+0000] {logging_mixin.py:188} INFO - [2026-06-02T10:27:59.717+0000] {dagbag.py:350} ERROR - Failed to import: /opt/airflow/dags/dag_1.py
Traceback (most recent call last):
  File "/home/airflow/.local/lib/python3.8/site-packages/airflow/models/dagbag.py", line 346, in parse
    loader.exec_module(new_module)
  File "<frozen importlib._bootstrap_external>", line 843, in exec_module
  File "<frozen importlib._bootstrap>", line 219, in _call_with_frames_removed
  File "/opt/airflow/dags/dag_1.py", line 69, in <module>
    dq = TriggerDagRunOperator(
  File "/home/airflow/.local/lib/python3.8/site-packages/airflow/models/baseoperator.py", line 437, in apply_defaults
    result = func(self, **kwargs, default_args=default_args)
  File "/home/airflow/.local/lib/python3.8/site-packages/airflow/operators/trigger_dagrun.py", line 130, in __init__
    self.allowed_states = [DagRunState(s) for s in allowed_states]
  File "/home/airflow/.local/lib/python3.8/site-packages/airflow/operators/trigger_dagrun.py", line 130, in <listcomp>
    self.allowed_states = [DagRunState(s) for s in allowed_states]
  File "/usr/local/lib/python3.8/enum.py", line 339, in __call__
    return cls.__new__(cls, value)
  File "/usr/local/lib/python3.8/enum.py", line 663, in __new__
    raise ve_exc
ValueError: 'SUCCESS' is not a valid DagRunState
[2026-06-02T10:27:59.720+0000] {processor.py:842} WARNING - No viable dags retrieved from /opt/airflow/dags/dag_1.py
[2026-06-02T10:27:59.734+0000] {processor.py:183} INFO - Processing /opt/airflow/dags/dag_1.py took 0.031 seconds
[2026-06-02T10:28:30.057+0000] {processor.py:161} INFO - Started process (PID=3297) to work on /opt/airflow/dags/dag_1.py
[2026-06-02T10:28:30.058+0000] {processor.py:830} INFO - Processing file /opt/airflow/dags/dag_1.py for tasks to queue
[2026-06-02T10:28:30.059+0000] {logging_mixin.py:188} INFO - [2026-06-02T10:28:30.059+0000] {dagbag.py:540} INFO - Filling up the DagBag from /opt/airflow/dags/dag_1.py
[2026-06-02T10:28:30.072+0000] {logging_mixin.py:188} INFO - [2026-06-02T10:28:30.070+0000] {dagbag.py:350} ERROR - Failed to import: /opt/airflow/dags/dag_1.py
Traceback (most recent call last):
  File "/home/airflow/.local/lib/python3.8/site-packages/airflow/models/dagbag.py", line 346, in parse
    loader.exec_module(new_module)
  File "<frozen importlib._bootstrap_external>", line 843, in exec_module
  File "<frozen importlib._bootstrap>", line 219, in _call_with_frames_removed
  File "/opt/airflow/dags/dag_1.py", line 69, in <module>
    dq = TriggerDagRunOperator(
  File "/home/airflow/.local/lib/python3.8/site-packages/airflow/models/baseoperator.py", line 437, in apply_defaults
    result = func(self, **kwargs, default_args=default_args)
  File "/home/airflow/.local/lib/python3.8/site-packages/airflow/operators/trigger_dagrun.py", line 130, in __init__
    self.allowed_states = [DagRunState(s) for s in allowed_states]
  File "/home/airflow/.local/lib/python3.8/site-packages/airflow/operators/trigger_dagrun.py", line 130, in <listcomp>
    self.allowed_states = [DagRunState(s) for s in allowed_states]
  File "/usr/local/lib/python3.8/enum.py", line 339, in __call__
    return cls.__new__(cls, value)
  File "/usr/local/lib/python3.8/enum.py", line 663, in __new__
    raise ve_exc
ValueError: 'SUCCESS' is not a valid DagRunState
[2026-06-02T10:28:30.072+0000] {processor.py:842} WARNING - No viable dags retrieved from /opt/airflow/dags/dag_1.py
[2026-06-02T10:28:30.093+0000] {processor.py:183} INFO - Processing /opt/airflow/dags/dag_1.py took 0.039 seconds
[2026-06-02T10:29:00.359+0000] {processor.py:161} INFO - Started process (PID=3307) to work on /opt/airflow/dags/dag_1.py
[2026-06-02T10:29:00.360+0000] {processor.py:830} INFO - Processing file /opt/airflow/dags/dag_1.py for tasks to queue
[2026-06-02T10:29:00.361+0000] {logging_mixin.py:188} INFO - [2026-06-02T10:29:00.361+0000] {dagbag.py:540} INFO - Filling up the DagBag from /opt/airflow/dags/dag_1.py
[2026-06-02T10:29:00.377+0000] {logging_mixin.py:188} INFO - [2026-06-02T10:29:00.373+0000] {dagbag.py:350} ERROR - Failed to import: /opt/airflow/dags/dag_1.py
Traceback (most recent call last):
  File "/home/airflow/.local/lib/python3.8/site-packages/airflow/models/dagbag.py", line 346, in parse
    loader.exec_module(new_module)
  File "<frozen importlib._bootstrap_external>", line 843, in exec_module
  File "<frozen importlib._bootstrap>", line 219, in _call_with_frames_removed
  File "/opt/airflow/dags/dag_1.py", line 69, in <module>
    dq = TriggerDagRunOperator(
  File "/home/airflow/.local/lib/python3.8/site-packages/airflow/models/baseoperator.py", line 437, in apply_defaults
    result = func(self, **kwargs, default_args=default_args)
  File "/home/airflow/.local/lib/python3.8/site-packages/airflow/operators/trigger_dagrun.py", line 130, in __init__
    self.allowed_states = [DagRunState(s) for s in allowed_states]
  File "/home/airflow/.local/lib/python3.8/site-packages/airflow/operators/trigger_dagrun.py", line 130, in <listcomp>
    self.allowed_states = [DagRunState(s) for s in allowed_states]
  File "/usr/local/lib/python3.8/enum.py", line 339, in __call__
    return cls.__new__(cls, value)
  File "/usr/local/lib/python3.8/enum.py", line 663, in __new__
    raise ve_exc
ValueError: 'SUCCESS' is not a valid DagRunState
[2026-06-02T10:29:00.377+0000] {processor.py:842} WARNING - No viable dags retrieved from /opt/airflow/dags/dag_1.py
[2026-06-02T10:29:00.400+0000] {processor.py:183} INFO - Processing /opt/airflow/dags/dag_1.py took 0.043 seconds
[2026-06-02T10:29:30.691+0000] {processor.py:161} INFO - Started process (PID=3317) to work on /opt/airflow/dags/dag_1.py
[2026-06-02T10:29:30.691+0000] {processor.py:830} INFO - Processing file /opt/airflow/dags/dag_1.py for tasks to queue
[2026-06-02T10:29:30.692+0000] {logging_mixin.py:188} INFO - [2026-06-02T10:29:30.692+0000] {dagbag.py:540} INFO - Filling up the DagBag from /opt/airflow/dags/dag_1.py
[2026-06-02T10:29:30.705+0000] {logging_mixin.py:188} INFO - [2026-06-02T10:29:30.703+0000] {dagbag.py:350} ERROR - Failed to import: /opt/airflow/dags/dag_1.py
Traceback (most recent call last):
  File "/home/airflow/.local/lib/python3.8/site-packages/airflow/models/dagbag.py", line 346, in parse
    loader.exec_module(new_module)
  File "<frozen importlib._bootstrap_external>", line 843, in exec_module
  File "<frozen importlib._bootstrap>", line 219, in _call_with_frames_removed
  File "/opt/airflow/dags/dag_1.py", line 69, in <module>
    dq = TriggerDagRunOperator(
  File "/home/airflow/.local/lib/python3.8/site-packages/airflow/models/baseoperator.py", line 437, in apply_defaults
    result = func(self, **kwargs, default_args=default_args)
  File "/home/airflow/.local/lib/python3.8/site-packages/airflow/operators/trigger_dagrun.py", line 130, in __init__
    self.allowed_states = [DagRunState(s) for s in allowed_states]
  File "/home/airflow/.local/lib/python3.8/site-packages/airflow/operators/trigger_dagrun.py", line 130, in <listcomp>
    self.allowed_states = [DagRunState(s) for s in allowed_states]
  File "/usr/local/lib/python3.8/enum.py", line 339, in __call__
    return cls.__new__(cls, value)
  File "/usr/local/lib/python3.8/enum.py", line 663, in __new__
    raise ve_exc
ValueError: 'SUCCESS' is not a valid DagRunState
[2026-06-02T10:29:30.706+0000] {processor.py:842} WARNING - No viable dags retrieved from /opt/airflow/dags/dag_1.py
[2026-06-02T10:29:30.721+0000] {processor.py:183} INFO - Processing /opt/airflow/dags/dag_1.py took 0.033 seconds
[2026-06-02T10:30:01.003+0000] {processor.py:161} INFO - Started process (PID=3327) to work on /opt/airflow/dags/dag_1.py
[2026-06-02T10:30:01.004+0000] {processor.py:830} INFO - Processing file /opt/airflow/dags/dag_1.py for tasks to queue
[2026-06-02T10:30:01.005+0000] {logging_mixin.py:188} INFO - [2026-06-02T10:30:01.005+0000] {dagbag.py:540} INFO - Filling up the DagBag from /opt/airflow/dags/dag_1.py
[2026-06-02T10:30:01.019+0000] {logging_mixin.py:188} INFO - [2026-06-02T10:30:01.016+0000] {dagbag.py:350} ERROR - Failed to import: /opt/airflow/dags/dag_1.py
Traceback (most recent call last):
  File "/home/airflow/.local/lib/python3.8/site-packages/airflow/models/dagbag.py", line 346, in parse
    loader.exec_module(new_module)
  File "<frozen importlib._bootstrap_external>", line 843, in exec_module
  File "<frozen importlib._bootstrap>", line 219, in _call_with_frames_removed
  File "/opt/airflow/dags/dag_1.py", line 69, in <module>
    dq = TriggerDagRunOperator(
  File "/home/airflow/.local/lib/python3.8/site-packages/airflow/models/baseoperator.py", line 437, in apply_defaults
    result = func(self, **kwargs, default_args=default_args)
  File "/home/airflow/.local/lib/python3.8/site-packages/airflow/operators/trigger_dagrun.py", line 130, in __init__
    self.allowed_states = [DagRunState(s) for s in allowed_states]
  File "/home/airflow/.local/lib/python3.8/site-packages/airflow/operators/trigger_dagrun.py", line 130, in <listcomp>
    self.allowed_states = [DagRunState(s) for s in allowed_states]
  File "/usr/local/lib/python3.8/enum.py", line 339, in __call__
    return cls.__new__(cls, value)
  File "/usr/local/lib/python3.8/enum.py", line 663, in __new__
    raise ve_exc
ValueError: 'SUCCESS' is not a valid DagRunState
[2026-06-02T10:30:01.019+0000] {processor.py:842} WARNING - No viable dags retrieved from /opt/airflow/dags/dag_1.py
[2026-06-02T10:30:01.035+0000] {processor.py:183} INFO - Processing /opt/airflow/dags/dag_1.py took 0.035 seconds
[2026-06-02T10:30:31.346+0000] {processor.py:161} INFO - Started process (PID=3337) to work on /opt/airflow/dags/dag_1.py
[2026-06-02T10:30:31.347+0000] {processor.py:830} INFO - Processing file /opt/airflow/dags/dag_1.py for tasks to queue
[2026-06-02T10:30:31.348+0000] {logging_mixin.py:188} INFO - [2026-06-02T10:30:31.348+0000] {dagbag.py:540} INFO - Filling up the DagBag from /opt/airflow/dags/dag_1.py
[2026-06-02T10:30:31.369+0000] {logging_mixin.py:188} INFO - [2026-06-02T10:30:31.365+0000] {dagbag.py:350} ERROR - Failed to import: /opt/airflow/dags/dag_1.py
Traceback (most recent call last):
  File "/home/airflow/.local/lib/python3.8/site-packages/airflow/models/dagbag.py", line 346, in parse
    loader.exec_module(new_module)
  File "<frozen importlib._bootstrap_external>", line 843, in exec_module
  File "<frozen importlib._bootstrap>", line 219, in _call_with_frames_removed
  File "/opt/airflow/dags/dag_1.py", line 69, in <module>
    dq = TriggerDagRunOperator(
  File "/home/airflow/.local/lib/python3.8/site-packages/airflow/models/baseoperator.py", line 437, in apply_defaults
    result = func(self, **kwargs, default_args=default_args)
  File "/home/airflow/.local/lib/python3.8/site-packages/airflow/operators/trigger_dagrun.py", line 130, in __init__
    self.allowed_states = [DagRunState(s) for s in allowed_states]
  File "/home/airflow/.local/lib/python3.8/site-packages/airflow/operators/trigger_dagrun.py", line 130, in <listcomp>
    self.allowed_states = [DagRunState(s) for s in allowed_states]
  File "/usr/local/lib/python3.8/enum.py", line 339, in __call__
    return cls.__new__(cls, value)
  File "/usr/local/lib/python3.8/enum.py", line 663, in __new__
    raise ve_exc
ValueError: 'SUCCESS' is not a valid DagRunState
[2026-06-02T10:30:31.369+0000] {processor.py:842} WARNING - No viable dags retrieved from /opt/airflow/dags/dag_1.py
[2026-06-02T10:30:31.386+0000] {processor.py:183} INFO - Processing /opt/airflow/dags/dag_1.py took 0.043 seconds
[2026-06-02T10:31:01.724+0000] {processor.py:161} INFO - Started process (PID=3347) to work on /opt/airflow/dags/dag_1.py
[2026-06-02T10:31:01.725+0000] {processor.py:830} INFO - Processing file /opt/airflow/dags/dag_1.py for tasks to queue
[2026-06-02T10:31:01.726+0000] {logging_mixin.py:188} INFO - [2026-06-02T10:31:01.726+0000] {dagbag.py:540} INFO - Filling up the DagBag from /opt/airflow/dags/dag_1.py
[2026-06-02T10:31:01.741+0000] {logging_mixin.py:188} INFO - [2026-06-02T10:31:01.738+0000] {dagbag.py:350} ERROR - Failed to import: /opt/airflow/dags/dag_1.py
Traceback (most recent call last):
  File "/home/airflow/.local/lib/python3.8/site-packages/airflow/models/dagbag.py", line 346, in parse
    loader.exec_module(new_module)
  File "<frozen importlib._bootstrap_external>", line 843, in exec_module
  File "<frozen importlib._bootstrap>", line 219, in _call_with_frames_removed
  File "/opt/airflow/dags/dag_1.py", line 69, in <module>
    dq = TriggerDagRunOperator(
  File "/home/airflow/.local/lib/python3.8/site-packages/airflow/models/baseoperator.py", line 437, in apply_defaults
    result = func(self, **kwargs, default_args=default_args)
  File "/home/airflow/.local/lib/python3.8/site-packages/airflow/operators/trigger_dagrun.py", line 130, in __init__
    self.allowed_states = [DagRunState(s) for s in allowed_states]
  File "/home/airflow/.local/lib/python3.8/site-packages/airflow/operators/trigger_dagrun.py", line 130, in <listcomp>
    self.allowed_states = [DagRunState(s) for s in allowed_states]
  File "/usr/local/lib/python3.8/enum.py", line 339, in __call__
    return cls.__new__(cls, value)
  File "/usr/local/lib/python3.8/enum.py", line 663, in __new__
    raise ve_exc
ValueError: 'SUCCESS' is not a valid DagRunState
[2026-06-02T10:31:01.742+0000] {processor.py:842} WARNING - No viable dags retrieved from /opt/airflow/dags/dag_1.py
[2026-06-02T10:31:01.765+0000] {processor.py:183} INFO - Processing /opt/airflow/dags/dag_1.py took 0.042 seconds
[2026-06-02T10:31:32.032+0000] {processor.py:161} INFO - Started process (PID=3357) to work on /opt/airflow/dags/dag_1.py
[2026-06-02T10:31:32.032+0000] {processor.py:830} INFO - Processing file /opt/airflow/dags/dag_1.py for tasks to queue
[2026-06-02T10:31:32.033+0000] {logging_mixin.py:188} INFO - [2026-06-02T10:31:32.033+0000] {dagbag.py:540} INFO - Filling up the DagBag from /opt/airflow/dags/dag_1.py
[2026-06-02T10:31:32.045+0000] {logging_mixin.py:188} INFO - [2026-06-02T10:31:32.043+0000] {dagbag.py:350} ERROR - Failed to import: /opt/airflow/dags/dag_1.py
Traceback (most recent call last):
  File "/home/airflow/.local/lib/python3.8/site-packages/airflow/models/dagbag.py", line 346, in parse
    loader.exec_module(new_module)
  File "<frozen importlib._bootstrap_external>", line 843, in exec_module
  File "<frozen importlib._bootstrap>", line 219, in _call_with_frames_removed
  File "/opt/airflow/dags/dag_1.py", line 69, in <module>
    dq = TriggerDagRunOperator(
  File "/home/airflow/.local/lib/python3.8/site-packages/airflow/models/baseoperator.py", line 437, in apply_defaults
    result = func(self, **kwargs, default_args=default_args)
  File "/home/airflow/.local/lib/python3.8/site-packages/airflow/operators/trigger_dagrun.py", line 130, in __init__
    self.allowed_states = [DagRunState(s) for s in allowed_states]
  File "/home/airflow/.local/lib/python3.8/site-packages/airflow/operators/trigger_dagrun.py", line 130, in <listcomp>
    self.allowed_states = [DagRunState(s) for s in allowed_states]
  File "/usr/local/lib/python3.8/enum.py", line 339, in __call__
    return cls.__new__(cls, value)
  File "/usr/local/lib/python3.8/enum.py", line 663, in __new__
    raise ve_exc
ValueError: 'SUCCESS' is not a valid DagRunState
[2026-06-02T10:31:32.046+0000] {processor.py:842} WARNING - No viable dags retrieved from /opt/airflow/dags/dag_1.py
[2026-06-02T10:31:32.061+0000] {processor.py:183} INFO - Processing /opt/airflow/dags/dag_1.py took 0.032 seconds
[2026-06-02T10:32:02.380+0000] {processor.py:161} INFO - Started process (PID=3367) to work on /opt/airflow/dags/dag_1.py
[2026-06-02T10:32:02.381+0000] {processor.py:830} INFO - Processing file /opt/airflow/dags/dag_1.py for tasks to queue
[2026-06-02T10:32:02.382+0000] {logging_mixin.py:188} INFO - [2026-06-02T10:32:02.382+0000] {dagbag.py:540} INFO - Filling up the DagBag from /opt/airflow/dags/dag_1.py
[2026-06-02T10:32:02.396+0000] {logging_mixin.py:188} INFO - [2026-06-02T10:32:02.393+0000] {dagbag.py:350} ERROR - Failed to import: /opt/airflow/dags/dag_1.py
Traceback (most recent call last):
  File "/home/airflow/.local/lib/python3.8/site-packages/airflow/models/dagbag.py", line 346, in parse
    loader.exec_module(new_module)
  File "<frozen importlib._bootstrap_external>", line 843, in exec_module
  File "<frozen importlib._bootstrap>", line 219, in _call_with_frames_removed
  File "/opt/airflow/dags/dag_1.py", line 69, in <module>
    dq = TriggerDagRunOperator(
  File "/home/airflow/.local/lib/python3.8/site-packages/airflow/models/baseoperator.py", line 437, in apply_defaults
    result = func(self, **kwargs, default_args=default_args)
  File "/home/airflow/.local/lib/python3.8/site-packages/airflow/operators/trigger_dagrun.py", line 130, in __init__
    self.allowed_states = [DagRunState(s) for s in allowed_states]
  File "/home/airflow/.local/lib/python3.8/site-packages/airflow/operators/trigger_dagrun.py", line 130, in <listcomp>
    self.allowed_states = [DagRunState(s) for s in allowed_states]
  File "/usr/local/lib/python3.8/enum.py", line 339, in __call__
    return cls.__new__(cls, value)
  File "/usr/local/lib/python3.8/enum.py", line 663, in __new__
    raise ve_exc
ValueError: 'SUCCESS' is not a valid DagRunState
[2026-06-02T10:32:02.397+0000] {processor.py:842} WARNING - No viable dags retrieved from /opt/airflow/dags/dag_1.py
[2026-06-02T10:32:02.412+0000] {processor.py:183} INFO - Processing /opt/airflow/dags/dag_1.py took 0.034 seconds
[2026-06-02T10:32:32.741+0000] {processor.py:161} INFO - Started process (PID=3382) to work on /opt/airflow/dags/dag_1.py
[2026-06-02T10:32:32.742+0000] {processor.py:830} INFO - Processing file /opt/airflow/dags/dag_1.py for tasks to queue
[2026-06-02T10:32:32.743+0000] {logging_mixin.py:188} INFO - [2026-06-02T10:32:32.743+0000] {dagbag.py:540} INFO - Filling up the DagBag from /opt/airflow/dags/dag_1.py
[2026-06-02T10:32:32.759+0000] {logging_mixin.py:188} INFO - [2026-06-02T10:32:32.756+0000] {dagbag.py:350} ERROR - Failed to import: /opt/airflow/dags/dag_1.py
Traceback (most recent call last):
  File "/home/airflow/.local/lib/python3.8/site-packages/airflow/models/dagbag.py", line 346, in parse
    loader.exec_module(new_module)
  File "<frozen importlib._bootstrap_external>", line 843, in exec_module
  File "<frozen importlib._bootstrap>", line 219, in _call_with_frames_removed
  File "/opt/airflow/dags/dag_1.py", line 69, in <module>
    dq = TriggerDagRunOperator(
  File "/home/airflow/.local/lib/python3.8/site-packages/airflow/models/baseoperator.py", line 437, in apply_defaults
    result = func(self, **kwargs, default_args=default_args)
  File "/home/airflow/.local/lib/python3.8/site-packages/airflow/operators/trigger_dagrun.py", line 130, in __init__
    self.allowed_states = [DagRunState(s) for s in allowed_states]
  File "/home/airflow/.local/lib/python3.8/site-packages/airflow/operators/trigger_dagrun.py", line 130, in <listcomp>
    self.allowed_states = [DagRunState(s) for s in allowed_states]
  File "/usr/local/lib/python3.8/enum.py", line 339, in __call__
    return cls.__new__(cls, value)
  File "/usr/local/lib/python3.8/enum.py", line 663, in __new__
    raise ve_exc
ValueError: 'SUCCESS' is not a valid DagRunState
[2026-06-02T10:32:32.760+0000] {processor.py:842} WARNING - No viable dags retrieved from /opt/airflow/dags/dag_1.py
[2026-06-02T10:32:32.782+0000] {processor.py:183} INFO - Processing /opt/airflow/dags/dag_1.py took 0.044 seconds
[2026-06-02T10:33:03.052+0000] {processor.py:161} INFO - Started process (PID=3392) to work on /opt/airflow/dags/dag_1.py
[2026-06-02T10:33:03.053+0000] {processor.py:830} INFO - Processing file /opt/airflow/dags/dag_1.py for tasks to queue
[2026-06-02T10:33:03.054+0000] {logging_mixin.py:188} INFO - [2026-06-02T10:33:03.054+0000] {dagbag.py:540} INFO - Filling up the DagBag from /opt/airflow/dags/dag_1.py
[2026-06-02T10:33:03.071+0000] {logging_mixin.py:188} INFO - [2026-06-02T10:33:03.068+0000] {dagbag.py:350} ERROR - Failed to import: /opt/airflow/dags/dag_1.py
Traceback (most recent call last):
  File "/home/airflow/.local/lib/python3.8/site-packages/airflow/models/dagbag.py", line 346, in parse
    loader.exec_module(new_module)
  File "<frozen importlib._bootstrap_external>", line 843, in exec_module
  File "<frozen importlib._bootstrap>", line 219, in _call_with_frames_removed
  File "/opt/airflow/dags/dag_1.py", line 69, in <module>
    dq = TriggerDagRunOperator(
  File "/home/airflow/.local/lib/python3.8/site-packages/airflow/models/baseoperator.py", line 437, in apply_defaults
    result = func(self, **kwargs, default_args=default_args)
  File "/home/airflow/.local/lib/python3.8/site-packages/airflow/operators/trigger_dagrun.py", line 130, in __init__
    self.allowed_states = [DagRunState(s) for s in allowed_states]
  File "/home/airflow/.local/lib/python3.8/site-packages/airflow/operators/trigger_dagrun.py", line 130, in <listcomp>
    self.allowed_states = [DagRunState(s) for s in allowed_states]
  File "/usr/local/lib/python3.8/enum.py", line 339, in __call__
    return cls.__new__(cls, value)
  File "/usr/local/lib/python3.8/enum.py", line 663, in __new__
    raise ve_exc
ValueError: 'SUCCESS' is not a valid DagRunState
[2026-06-02T10:33:03.107+0000] {processor.py:842} WARNING - No viable dags retrieved from /opt/airflow/dags/dag_1.py
[2026-06-02T10:33:03.130+0000] {processor.py:183} INFO - Processing /opt/airflow/dags/dag_1.py took 0.081 seconds
[2026-06-02T10:33:04.157+0000] {processor.py:161} INFO - Started process (PID=3397) to work on /opt/airflow/dags/dag_1.py
[2026-06-02T10:33:04.159+0000] {processor.py:830} INFO - Processing file /opt/airflow/dags/dag_1.py for tasks to queue
[2026-06-02T10:33:04.160+0000] {logging_mixin.py:188} INFO - [2026-06-02T10:33:04.159+0000] {dagbag.py:540} INFO - Filling up the DagBag from /opt/airflow/dags/dag_1.py
[2026-06-02T10:33:04.191+0000] {logging_mixin.py:188} INFO - [2026-06-02T10:33:04.188+0000] {dagbag.py:350} ERROR - Failed to import: /opt/airflow/dags/dag_1.py
Traceback (most recent call last):
  File "/home/airflow/.local/lib/python3.8/site-packages/airflow/models/dagbag.py", line 346, in parse
    loader.exec_module(new_module)
  File "<frozen importlib._bootstrap_external>", line 843, in exec_module
  File "<frozen importlib._bootstrap>", line 219, in _call_with_frames_removed
  File "/opt/airflow/dags/dag_1.py", line 69, in <module>
    dq = TriggerDagRunOperator(
  File "/home/airflow/.local/lib/python3.8/site-packages/airflow/models/baseoperator.py", line 437, in apply_defaults
    result = func(self, **kwargs, default_args=default_args)
  File "/home/airflow/.local/lib/python3.8/site-packages/airflow/operators/trigger_dagrun.py", line 130, in __init__
    self.allowed_states = [DagRunState(s) for s in allowed_states]
  File "/home/airflow/.local/lib/python3.8/site-packages/airflow/operators/trigger_dagrun.py", line 130, in <listcomp>
    self.allowed_states = [DagRunState(s) for s in allowed_states]
  File "/usr/local/lib/python3.8/enum.py", line 339, in __call__
    return cls.__new__(cls, value)
  File "/usr/local/lib/python3.8/enum.py", line 663, in __new__
    raise ve_exc
ValueError: 'SUCCESS' is not a valid DagRunState
[2026-06-02T10:33:04.192+0000] {processor.py:842} WARNING - No viable dags retrieved from /opt/airflow/dags/dag_1.py
[2026-06-02T10:33:04.216+0000] {processor.py:183} INFO - Processing /opt/airflow/dags/dag_1.py took 0.062 seconds
[2026-06-02T10:33:07.196+0000] {processor.py:161} INFO - Started process (PID=3402) to work on /opt/airflow/dags/dag_1.py
[2026-06-02T10:33:07.196+0000] {processor.py:830} INFO - Processing file /opt/airflow/dags/dag_1.py for tasks to queue
[2026-06-02T10:33:07.197+0000] {logging_mixin.py:188} INFO - [2026-06-02T10:33:07.197+0000] {dagbag.py:540} INFO - Filling up the DagBag from /opt/airflow/dags/dag_1.py
[2026-06-02T10:33:07.221+0000] {processor.py:840} INFO - DAG(s) 'etl_process' retrieved from /opt/airflow/dags/dag_1.py
[2026-06-02T10:33:07.394+0000] {logging_mixin.py:188} INFO - [2026-06-02T10:33:07.393+0000] {override.py:1769} INFO - Created Permission View: can read on DAG:etl_process
[2026-06-02T10:33:07.405+0000] {logging_mixin.py:188} INFO - [2026-06-02T10:33:07.405+0000] {override.py:1769} INFO - Created Permission View: can delete on DAG:etl_process
[2026-06-02T10:33:07.412+0000] {logging_mixin.py:188} INFO - [2026-06-02T10:33:07.412+0000] {override.py:1769} INFO - Created Permission View: can edit on DAG:etl_process
[2026-06-02T10:33:07.413+0000] {logging_mixin.py:188} INFO - [2026-06-02T10:33:07.413+0000] {dag.py:3047} INFO - Sync 1 DAGs
[2026-06-02T10:33:07.424+0000] {logging_mixin.py:188} INFO - [2026-06-02T10:33:07.424+0000] {dag.py:3069} INFO - Creating ORM DAG for etl_process
[2026-06-02T10:33:07.435+0000] {logging_mixin.py:188} INFO - [2026-06-02T10:33:07.435+0000] {dag.py:3834} INFO - Setting next_dagrun for etl_process to 2026-06-02 09:00:00+00:00, run_after=2026-06-02 10:00:00+00:00
[2026-06-02T10:33:07.453+0000] {processor.py:183} INFO - Processing /opt/airflow/dags/dag_1.py took 0.260 seconds
[2026-06-02T10:33:37.561+0000] {processor.py:161} INFO - Started process (PID=3412) to work on /opt/airflow/dags/dag_1.py
[2026-06-02T10:33:37.562+0000] {processor.py:830} INFO - Processing file /opt/airflow/dags/dag_1.py for tasks to queue
[2026-06-02T10:33:37.563+0000] {logging_mixin.py:188} INFO - [2026-06-02T10:33:37.562+0000] {dagbag.py:540} INFO - Filling up the DagBag from /opt/airflow/dags/dag_1.py
[2026-06-02T10:33:37.578+0000] {processor.py:840} INFO - DAG(s) 'etl_process' retrieved from /opt/airflow/dags/dag_1.py
[2026-06-02T10:33:37.596+0000] {logging_mixin.py:188} INFO - [2026-06-02T10:33:37.595+0000] {dag.py:3047} INFO - Sync 1 DAGs
[2026-06-02T10:33:37.620+0000] {logging_mixin.py:188} INFO - [2026-06-02T10:33:37.620+0000] {dag.py:3834} INFO - Setting next_dagrun for etl_process to 2026-06-02 09:00:00+00:00, run_after=2026-06-02 10:00:00+00:00
[2026-06-02T10:33:37.643+0000] {processor.py:183} INFO - Processing /opt/airflow/dags/dag_1.py took 0.084 seconds
[2026-06-02T10:34:08.006+0000] {processor.py:161} INFO - Started process (PID=3422) to work on /opt/airflow/dags/dag_1.py
[2026-06-02T10:34:08.007+0000] {processor.py:830} INFO - Processing file /opt/airflow/dags/dag_1.py for tasks to queue
[2026-06-02T10:34:08.007+0000] {logging_mixin.py:188} INFO - [2026-06-02T10:34:08.007+0000] {dagbag.py:540} INFO - Filling up the DagBag from /opt/airflow/dags/dag_1.py
[2026-06-02T10:34:08.021+0000] {processor.py:840} INFO - DAG(s) 'etl_process' retrieved from /opt/airflow/dags/dag_1.py
[2026-06-02T10:34:08.038+0000] {logging_mixin.py:188} INFO - [2026-06-02T10:34:08.037+0000] {dag.py:3047} INFO - Sync 1 DAGs
[2026-06-02T10:34:08.057+0000] {logging_mixin.py:188} INFO - [2026-06-02T10:34:08.057+0000] {dag.py:3834} INFO - Setting next_dagrun for etl_process to 2026-06-02 09:00:00+00:00, run_after=2026-06-02 10:00:00+00:00
[2026-06-02T10:34:08.082+0000] {processor.py:183} INFO - Processing /opt/airflow/dags/dag_1.py took 0.078 seconds
[2026-06-02T10:34:38.322+0000] {processor.py:161} INFO - Started process (PID=3432) to work on /opt/airflow/dags/dag_1.py
[2026-06-02T10:34:38.323+0000] {processor.py:830} INFO - Processing file /opt/airflow/dags/dag_1.py for tasks to queue
[2026-06-02T10:34:38.324+0000] {logging_mixin.py:188} INFO - [2026-06-02T10:34:38.324+0000] {dagbag.py:540} INFO - Filling up the DagBag from /opt/airflow/dags/dag_1.py
[2026-06-02T10:34:38.339+0000] {processor.py:840} INFO - DAG(s) 'etl_process' retrieved from /opt/airflow/dags/dag_1.py
[2026-06-02T10:34:38.357+0000] {logging_mixin.py:188} INFO - [2026-06-02T10:34:38.356+0000] {dag.py:3047} INFO - Sync 1 DAGs
[2026-06-02T10:34:38.378+0000] {logging_mixin.py:188} INFO - [2026-06-02T10:34:38.377+0000] {dag.py:3834} INFO - Setting next_dagrun for etl_process to 2026-06-02 09:00:00+00:00, run_after=2026-06-02 10:00:00+00:00
[2026-06-02T10:34:38.397+0000] {processor.py:183} INFO - Processing /opt/airflow/dags/dag_1.py took 0.077 seconds
[2026-06-02T10:35:08.737+0000] {processor.py:161} INFO - Started process (PID=3442) to work on /opt/airflow/dags/dag_1.py
[2026-06-02T10:35:08.738+0000] {processor.py:830} INFO - Processing file /opt/airflow/dags/dag_1.py for tasks to queue
[2026-06-02T10:35:08.739+0000] {logging_mixin.py:188} INFO - [2026-06-02T10:35:08.739+0000] {dagbag.py:540} INFO - Filling up the DagBag from /opt/airflow/dags/dag_1.py
[2026-06-02T10:35:08.755+0000] {processor.py:840} INFO - DAG(s) 'etl_process' retrieved from /opt/airflow/dags/dag_1.py
[2026-06-02T10:35:08.771+0000] {logging_mixin.py:188} INFO - [2026-06-02T10:35:08.771+0000] {dag.py:3047} INFO - Sync 1 DAGs
[2026-06-02T10:35:08.790+0000] {logging_mixin.py:188} INFO - [2026-06-02T10:35:08.790+0000] {dag.py:3834} INFO - Setting next_dagrun for etl_process to 2026-06-02 09:00:00+00:00, run_after=2026-06-02 10:00:00+00:00
[2026-06-02T10:35:08.816+0000] {processor.py:183} INFO - Processing /opt/airflow/dags/dag_1.py took 0.081 seconds
[2026-06-02T10:35:39.325+0000] {processor.py:161} INFO - Started process (PID=3452) to work on /opt/airflow/dags/dag_1.py
[2026-06-02T10:35:39.325+0000] {processor.py:830} INFO - Processing file /opt/airflow/dags/dag_1.py for tasks to queue
[2026-06-02T10:35:39.326+0000] {logging_mixin.py:188} INFO - [2026-06-02T10:35:39.326+0000] {dagbag.py:540} INFO - Filling up the DagBag from /opt/airflow/dags/dag_1.py
[2026-06-02T10:35:39.343+0000] {processor.py:840} INFO - DAG(s) 'etl_process' retrieved from /opt/airflow/dags/dag_1.py
[2026-06-02T10:35:39.358+0000] {logging_mixin.py:188} INFO - [2026-06-02T10:35:39.358+0000] {dag.py:3047} INFO - Sync 1 DAGs
[2026-06-02T10:35:39.376+0000] {logging_mixin.py:188} INFO - [2026-06-02T10:35:39.376+0000] {dag.py:3834} INFO - Setting next_dagrun for etl_process to 2026-06-02 09:00:00+00:00, run_after=2026-06-02 10:00:00+00:00
[2026-06-02T10:35:39.404+0000] {processor.py:183} INFO - Processing /opt/airflow/dags/dag_1.py took 0.082 seconds
[2026-06-02T10:36:09.761+0000] {processor.py:161} INFO - Started process (PID=3462) to work on /opt/airflow/dags/dag_1.py
[2026-06-02T10:36:09.762+0000] {processor.py:830} INFO - Processing file /opt/airflow/dags/dag_1.py for tasks to queue
[2026-06-02T10:36:09.762+0000] {logging_mixin.py:188} INFO - [2026-06-02T10:36:09.762+0000] {dagbag.py:540} INFO - Filling up the DagBag from /opt/airflow/dags/dag_1.py
[2026-06-02T10:36:09.776+0000] {processor.py:840} INFO - DAG(s) 'etl_process' retrieved from /opt/airflow/dags/dag_1.py
[2026-06-02T10:36:09.792+0000] {logging_mixin.py:188} INFO - [2026-06-02T10:36:09.792+0000] {dag.py:3047} INFO - Sync 1 DAGs
[2026-06-02T10:36:09.811+0000] {logging_mixin.py:188} INFO - [2026-06-02T10:36:09.811+0000] {dag.py:3834} INFO - Setting next_dagrun for etl_process to 2026-06-02 09:00:00+00:00, run_after=2026-06-02 10:00:00+00:00
[2026-06-02T10:36:09.829+0000] {processor.py:183} INFO - Processing /opt/airflow/dags/dag_1.py took 0.070 seconds
[2026-06-02T10:36:40.221+0000] {processor.py:161} INFO - Started process (PID=3472) to work on /opt/airflow/dags/dag_1.py
[2026-06-02T10:36:40.222+0000] {processor.py:830} INFO - Processing file /opt/airflow/dags/dag_1.py for tasks to queue
[2026-06-02T10:36:40.223+0000] {logging_mixin.py:188} INFO - [2026-06-02T10:36:40.222+0000] {dagbag.py:540} INFO - Filling up the DagBag from /opt/airflow/dags/dag_1.py
[2026-06-02T10:36:40.237+0000] {processor.py:840} INFO - DAG(s) 'etl_process' retrieved from /opt/airflow/dags/dag_1.py
[2026-06-02T10:36:40.254+0000] {logging_mixin.py:188} INFO - [2026-06-02T10:36:40.254+0000] {dag.py:3047} INFO - Sync 1 DAGs
[2026-06-02T10:36:40.276+0000] {logging_mixin.py:188} INFO - [2026-06-02T10:36:40.276+0000] {dag.py:3834} INFO - Setting next_dagrun for etl_process to 2026-06-02 09:00:00+00:00, run_after=2026-06-02 10:00:00+00:00
[2026-06-02T10:36:40.299+0000] {processor.py:183} INFO - Processing /opt/airflow/dags/dag_1.py took 0.080 seconds
[2026-06-02T10:37:10.546+0000] {processor.py:161} INFO - Started process (PID=3482) to work on /opt/airflow/dags/dag_1.py
[2026-06-02T10:37:10.548+0000] {processor.py:830} INFO - Processing file /opt/airflow/dags/dag_1.py for tasks to queue
[2026-06-02T10:37:10.549+0000] {logging_mixin.py:188} INFO - [2026-06-02T10:37:10.549+0000] {dagbag.py:540} INFO - Filling up the DagBag from /opt/airflow/dags/dag_1.py
[2026-06-02T10:37:10.566+0000] {processor.py:840} INFO - DAG(s) 'etl_process' retrieved from /opt/airflow/dags/dag_1.py
[2026-06-02T10:37:10.586+0000] {logging_mixin.py:188} INFO - [2026-06-02T10:37:10.586+0000] {dag.py:3047} INFO - Sync 1 DAGs
[2026-06-02T10:37:10.607+0000] {logging_mixin.py:188} INFO - [2026-06-02T10:37:10.607+0000] {dag.py:3834} INFO - Setting next_dagrun for etl_process to 2026-06-02 09:00:00+00:00, run_after=2026-06-02 10:00:00+00:00
[2026-06-02T10:37:10.626+0000] {processor.py:183} INFO - Processing /opt/airflow/dags/dag_1.py took 0.082 seconds
[2026-06-02T10:37:40.962+0000] {processor.py:161} INFO - Started process (PID=3492) to work on /opt/airflow/dags/dag_1.py
[2026-06-02T10:37:40.963+0000] {processor.py:830} INFO - Processing file /opt/airflow/dags/dag_1.py for tasks to queue
[2026-06-02T10:37:40.965+0000] {logging_mixin.py:188} INFO - [2026-06-02T10:37:40.964+0000] {dagbag.py:540} INFO - Filling up the DagBag from /opt/airflow/dags/dag_1.py
[2026-06-02T10:37:40.981+0000] {processor.py:840} INFO - DAG(s) 'etl_process' retrieved from /opt/airflow/dags/dag_1.py
[2026-06-02T10:37:40.998+0000] {logging_mixin.py:188} INFO - [2026-06-02T10:37:40.997+0000] {dag.py:3047} INFO - Sync 1 DAGs
[2026-06-02T10:37:41.017+0000] {logging_mixin.py:188} INFO - [2026-06-02T10:37:41.017+0000] {dag.py:3834} INFO - Setting next_dagrun for etl_process to 2026-06-02 09:00:00+00:00, run_after=2026-06-02 10:00:00+00:00
[2026-06-02T10:37:41.040+0000] {processor.py:183} INFO - Processing /opt/airflow/dags/dag_1.py took 0.080 seconds
[2026-06-02T10:38:11.288+0000] {processor.py:161} INFO - Started process (PID=3502) to work on /opt/airflow/dags/dag_1.py
[2026-06-02T10:38:11.289+0000] {processor.py:830} INFO - Processing file /opt/airflow/dags/dag_1.py for tasks to queue
[2026-06-02T10:38:11.290+0000] {logging_mixin.py:188} INFO - [2026-06-02T10:38:11.290+0000] {dagbag.py:540} INFO - Filling up the DagBag from /opt/airflow/dags/dag_1.py
[2026-06-02T10:38:11.304+0000] {processor.py:840} INFO - DAG(s) 'etl_process' retrieved from /opt/airflow/dags/dag_1.py
[2026-06-02T10:38:11.320+0000] {logging_mixin.py:188} INFO - [2026-06-02T10:38:11.320+0000] {dag.py:3047} INFO - Sync 1 DAGs
[2026-06-02T10:38:11.338+0000] {logging_mixin.py:188} INFO - [2026-06-02T10:38:11.338+0000] {dag.py:3834} INFO - Setting next_dagrun for etl_process to 2026-06-02 09:00:00+00:00, run_after=2026-06-02 10:00:00+00:00
[2026-06-02T10:38:11.361+0000] {processor.py:183} INFO - Processing /opt/airflow/dags/dag_1.py took 0.075 seconds
[2026-06-02T10:38:41.815+0000] {processor.py:161} INFO - Started process (PID=3512) to work on /opt/airflow/dags/dag_1.py
[2026-06-02T10:38:41.816+0000] {processor.py:830} INFO - Processing file /opt/airflow/dags/dag_1.py for tasks to queue
[2026-06-02T10:38:41.817+0000] {logging_mixin.py:188} INFO - [2026-06-02T10:38:41.816+0000] {dagbag.py:540} INFO - Filling up the DagBag from /opt/airflow/dags/dag_1.py
[2026-06-02T10:38:41.831+0000] {processor.py:840} INFO - DAG(s) 'etl_process' retrieved from /opt/airflow/dags/dag_1.py
[2026-06-02T10:38:41.848+0000] {logging_mixin.py:188} INFO - [2026-06-02T10:38:41.847+0000] {dag.py:3047} INFO - Sync 1 DAGs
[2026-06-02T10:38:41.868+0000] {logging_mixin.py:188} INFO - [2026-06-02T10:38:41.868+0000] {dag.py:3834} INFO - Setting next_dagrun for etl_process to 2026-06-02 09:00:00+00:00, run_after=2026-06-02 10:00:00+00:00
[2026-06-02T10:38:41.887+0000] {processor.py:183} INFO - Processing /opt/airflow/dags/dag_1.py took 0.074 seconds
[2026-06-02T10:39:12.251+0000] {processor.py:161} INFO - Started process (PID=3522) to work on /opt/airflow/dags/dag_1.py
[2026-06-02T10:39:12.252+0000] {processor.py:830} INFO - Processing file /opt/airflow/dags/dag_1.py for tasks to queue
[2026-06-02T10:39:12.253+0000] {logging_mixin.py:188} INFO - [2026-06-02T10:39:12.252+0000] {dagbag.py:540} INFO - Filling up the DagBag from /opt/airflow/dags/dag_1.py
[2026-06-02T10:39:12.265+0000] {processor.py:840} INFO - DAG(s) 'etl_process' retrieved from /opt/airflow/dags/dag_1.py
[2026-06-02T10:39:12.281+0000] {logging_mixin.py:188} INFO - [2026-06-02T10:39:12.281+0000] {dag.py:3047} INFO - Sync 1 DAGs
[2026-06-02T10:39:12.301+0000] {logging_mixin.py:188} INFO - [2026-06-02T10:39:12.301+0000] {dag.py:3834} INFO - Setting next_dagrun for etl_process to 2026-06-02 09:00:00+00:00, run_after=2026-06-02 10:00:00+00:00
[2026-06-02T10:39:12.318+0000] {processor.py:183} INFO - Processing /opt/airflow/dags/dag_1.py took 0.070 seconds
[2026-06-02T10:39:42.675+0000] {processor.py:161} INFO - Started process (PID=3537) to work on /opt/airflow/dags/dag_1.py
[2026-06-02T10:39:42.676+0000] {processor.py:830} INFO - Processing file /opt/airflow/dags/dag_1.py for tasks to queue
[2026-06-02T10:39:42.676+0000] {logging_mixin.py:188} INFO - [2026-06-02T10:39:42.676+0000] {dagbag.py:540} INFO - Filling up the DagBag from /opt/airflow/dags/dag_1.py
[2026-06-02T10:39:42.694+0000] {processor.py:840} INFO - DAG(s) 'etl_process' retrieved from /opt/airflow/dags/dag_1.py
[2026-06-02T10:39:42.711+0000] {logging_mixin.py:188} INFO - [2026-06-02T10:39:42.711+0000] {dag.py:3047} INFO - Sync 1 DAGs
[2026-06-02T10:39:42.729+0000] {logging_mixin.py:188} INFO - [2026-06-02T10:39:42.729+0000] {dag.py:3834} INFO - Setting next_dagrun for etl_process to 2026-06-02 09:00:00+00:00, run_after=2026-06-02 10:00:00+00:00
[2026-06-02T10:39:42.750+0000] {processor.py:183} INFO - Processing /opt/airflow/dags/dag_1.py took 0.078 seconds
[2026-06-02T10:40:13.057+0000] {processor.py:161} INFO - Started process (PID=3547) to work on /opt/airflow/dags/dag_1.py
[2026-06-02T10:40:13.058+0000] {processor.py:830} INFO - Processing file /opt/airflow/dags/dag_1.py for tasks to queue
[2026-06-02T10:40:13.059+0000] {logging_mixin.py:188} INFO - [2026-06-02T10:40:13.059+0000] {dagbag.py:540} INFO - Filling up the DagBag from /opt/airflow/dags/dag_1.py
[2026-06-02T10:40:13.073+0000] {processor.py:840} INFO - DAG(s) 'etl_process' retrieved from /opt/airflow/dags/dag_1.py
[2026-06-02T10:40:13.092+0000] {logging_mixin.py:188} INFO - [2026-06-02T10:40:13.091+0000] {dag.py:3047} INFO - Sync 1 DAGs
[2026-06-02T10:40:13.112+0000] {logging_mixin.py:188} INFO - [2026-06-02T10:40:13.112+0000] {dag.py:3834} INFO - Setting next_dagrun for etl_process to 2026-06-02 09:00:00+00:00, run_after=2026-06-02 10:00:00+00:00
[2026-06-02T10:40:13.133+0000] {processor.py:183} INFO - Processing /opt/airflow/dags/dag_1.py took 0.079 seconds
[2026-06-02T10:40:43.603+0000] {processor.py:161} INFO - Started process (PID=3562) to work on /opt/airflow/dags/dag_1.py
[2026-06-02T10:40:43.604+0000] {processor.py:830} INFO - Processing file /opt/airflow/dags/dag_1.py for tasks to queue
[2026-06-02T10:40:43.605+0000] {logging_mixin.py:188} INFO - [2026-06-02T10:40:43.605+0000] {dagbag.py:540} INFO - Filling up the DagBag from /opt/airflow/dags/dag_1.py
[2026-06-02T10:40:43.620+0000] {processor.py:840} INFO - DAG(s) 'etl_process' retrieved from /opt/airflow/dags/dag_1.py
[2026-06-02T10:40:43.636+0000] {logging_mixin.py:188} INFO - [2026-06-02T10:40:43.635+0000] {dag.py:3047} INFO - Sync 1 DAGs
[2026-06-02T10:40:43.657+0000] {logging_mixin.py:188} INFO - [2026-06-02T10:40:43.656+0000] {dag.py:3834} INFO - Setting next_dagrun for etl_process to 2026-06-02 09:00:00+00:00, run_after=2026-06-02 10:00:00+00:00
[2026-06-02T10:40:43.687+0000] {processor.py:183} INFO - Processing /opt/airflow/dags/dag_1.py took 0.086 seconds
[2026-06-02T10:41:14.030+0000] {processor.py:161} INFO - Started process (PID=3577) to work on /opt/airflow/dags/dag_1.py
[2026-06-02T10:41:14.031+0000] {processor.py:830} INFO - Processing file /opt/airflow/dags/dag_1.py for tasks to queue
[2026-06-02T10:41:14.032+0000] {logging_mixin.py:188} INFO - [2026-06-02T10:41:14.031+0000] {dagbag.py:540} INFO - Filling up the DagBag from /opt/airflow/dags/dag_1.py
[2026-06-02T10:41:14.046+0000] {processor.py:840} INFO - DAG(s) 'etl_process' retrieved from /opt/airflow/dags/dag_1.py
[2026-06-02T10:41:14.063+0000] {logging_mixin.py:188} INFO - [2026-06-02T10:41:14.062+0000] {dag.py:3047} INFO - Sync 1 DAGs
[2026-06-02T10:41:14.085+0000] {logging_mixin.py:188} INFO - [2026-06-02T10:41:14.085+0000] {dag.py:3834} INFO - Setting next_dagrun for etl_process to 2026-06-02 09:00:00+00:00, run_after=2026-06-02 10:00:00+00:00
[2026-06-02T10:41:14.104+0000] {processor.py:183} INFO - Processing /opt/airflow/dags/dag_1.py took 0.077 seconds
[2026-06-02T10:41:44.570+0000] {processor.py:161} INFO - Started process (PID=3592) to work on /opt/airflow/dags/dag_1.py
[2026-06-02T10:41:44.571+0000] {processor.py:830} INFO - Processing file /opt/airflow/dags/dag_1.py for tasks to queue
[2026-06-02T10:41:44.572+0000] {logging_mixin.py:188} INFO - [2026-06-02T10:41:44.572+0000] {dagbag.py:540} INFO - Filling up the DagBag from /opt/airflow/dags/dag_1.py
[2026-06-02T10:41:44.588+0000] {processor.py:840} INFO - DAG(s) 'etl_process' retrieved from /opt/airflow/dags/dag_1.py
[2026-06-02T10:41:44.605+0000] {logging_mixin.py:188} INFO - [2026-06-02T10:41:44.605+0000] {dag.py:3047} INFO - Sync 1 DAGs
[2026-06-02T10:41:44.630+0000] {logging_mixin.py:188} INFO - [2026-06-02T10:41:44.629+0000] {dag.py:3834} INFO - Setting next_dagrun for etl_process to 2026-06-02 09:00:00+00:00, run_after=2026-06-02 10:00:00+00:00
[2026-06-02T10:41:44.650+0000] {processor.py:183} INFO - Processing /opt/airflow/dags/dag_1.py took 0.082 seconds
[2026-06-02T10:42:14.906+0000] {processor.py:161} INFO - Started process (PID=3602) to work on /opt/airflow/dags/dag_1.py
[2026-06-02T10:42:14.908+0000] {processor.py:830} INFO - Processing file /opt/airflow/dags/dag_1.py for tasks to queue
[2026-06-02T10:42:14.909+0000] {logging_mixin.py:188} INFO - [2026-06-02T10:42:14.908+0000] {dagbag.py:540} INFO - Filling up the DagBag from /opt/airflow/dags/dag_1.py
[2026-06-02T10:42:14.926+0000] {processor.py:840} INFO - DAG(s) 'etl_process' retrieved from /opt/airflow/dags/dag_1.py
[2026-06-02T10:42:14.947+0000] {logging_mixin.py:188} INFO - [2026-06-02T10:42:14.947+0000] {dag.py:3047} INFO - Sync 1 DAGs
[2026-06-02T10:42:14.971+0000] {logging_mixin.py:188} INFO - [2026-06-02T10:42:14.971+0000] {dag.py:3834} INFO - Setting next_dagrun for etl_process to 2026-06-02 09:00:00+00:00, run_after=2026-06-02 10:00:00+00:00
[2026-06-02T10:42:14.998+0000] {processor.py:183} INFO - Processing /opt/airflow/dags/dag_1.py took 0.095 seconds
[2026-06-02T10:42:45.398+0000] {processor.py:161} INFO - Started process (PID=3617) to work on /opt/airflow/dags/dag_1.py
[2026-06-02T10:42:45.399+0000] {processor.py:830} INFO - Processing file /opt/airflow/dags/dag_1.py for tasks to queue
[2026-06-02T10:42:45.400+0000] {logging_mixin.py:188} INFO - [2026-06-02T10:42:45.400+0000] {dagbag.py:540} INFO - Filling up the DagBag from /opt/airflow/dags/dag_1.py
[2026-06-02T10:42:45.415+0000] {processor.py:840} INFO - DAG(s) 'etl_process' retrieved from /opt/airflow/dags/dag_1.py
[2026-06-02T10:42:45.433+0000] {logging_mixin.py:188} INFO - [2026-06-02T10:42:45.433+0000] {dag.py:3047} INFO - Sync 1 DAGs
[2026-06-02T10:42:45.455+0000] {logging_mixin.py:188} INFO - [2026-06-02T10:42:45.455+0000] {dag.py:3834} INFO - Setting next_dagrun for etl_process to 2026-06-02 09:00:00+00:00, run_after=2026-06-02 10:00:00+00:00
[2026-06-02T10:42:45.475+0000] {processor.py:183} INFO - Processing /opt/airflow/dags/dag_1.py took 0.080 seconds
[2026-06-02T10:43:15.811+0000] {processor.py:161} INFO - Started process (PID=3627) to work on /opt/airflow/dags/dag_1.py
[2026-06-02T10:43:15.812+0000] {processor.py:830} INFO - Processing file /opt/airflow/dags/dag_1.py for tasks to queue
[2026-06-02T10:43:15.813+0000] {logging_mixin.py:188} INFO - [2026-06-02T10:43:15.813+0000] {dagbag.py:540} INFO - Filling up the DagBag from /opt/airflow/dags/dag_1.py
[2026-06-02T10:43:15.833+0000] {processor.py:840} INFO - DAG(s) 'etl_process' retrieved from /opt/airflow/dags/dag_1.py
[2026-06-02T10:43:15.856+0000] {logging_mixin.py:188} INFO - [2026-06-02T10:43:15.856+0000] {dag.py:3047} INFO - Sync 1 DAGs
[2026-06-02T10:43:15.910+0000] {logging_mixin.py:188} INFO - [2026-06-02T10:43:15.910+0000] {dag.py:3834} INFO - Setting next_dagrun for etl_process to 2026-06-02 09:00:00+00:00, run_after=2026-06-02 10:00:00+00:00
[2026-06-02T10:43:15.955+0000] {processor.py:183} INFO - Processing /opt/airflow/dags/dag_1.py took 0.147 seconds
[2026-06-02T10:43:46.094+0000] {processor.py:161} INFO - Started process (PID=3637) to work on /opt/airflow/dags/dag_1.py
[2026-06-02T10:43:46.095+0000] {processor.py:830} INFO - Processing file /opt/airflow/dags/dag_1.py for tasks to queue
[2026-06-02T10:43:46.097+0000] {logging_mixin.py:188} INFO - [2026-06-02T10:43:46.096+0000] {dagbag.py:540} INFO - Filling up the DagBag from /opt/airflow/dags/dag_1.py
[2026-06-02T10:43:46.114+0000] {processor.py:840} INFO - DAG(s) 'etl_process' retrieved from /opt/airflow/dags/dag_1.py
[2026-06-02T10:43:46.138+0000] {logging_mixin.py:188} INFO - [2026-06-02T10:43:46.138+0000] {dag.py:3047} INFO - Sync 1 DAGs
[2026-06-02T10:43:46.161+0000] {logging_mixin.py:188} INFO - [2026-06-02T10:43:46.160+0000] {dag.py:3834} INFO - Setting next_dagrun for etl_process to 2026-06-02 09:00:00+00:00, run_after=2026-06-02 10:00:00+00:00
[2026-06-02T10:43:46.181+0000] {processor.py:183} INFO - Processing /opt/airflow/dags/dag_1.py took 0.089 seconds
[2026-06-02T10:44:16.405+0000] {processor.py:161} INFO - Started process (PID=3647) to work on /opt/airflow/dags/dag_1.py
[2026-06-02T10:44:16.406+0000] {processor.py:830} INFO - Processing file /opt/airflow/dags/dag_1.py for tasks to queue
[2026-06-02T10:44:16.406+0000] {logging_mixin.py:188} INFO - [2026-06-02T10:44:16.406+0000] {dagbag.py:540} INFO - Filling up the DagBag from /opt/airflow/dags/dag_1.py
[2026-06-02T10:44:16.421+0000] {processor.py:840} INFO - DAG(s) 'etl_process' retrieved from /opt/airflow/dags/dag_1.py
[2026-06-02T10:44:16.438+0000] {logging_mixin.py:188} INFO - [2026-06-02T10:44:16.438+0000] {dag.py:3047} INFO - Sync 1 DAGs
[2026-06-02T10:44:16.458+0000] {logging_mixin.py:188} INFO - [2026-06-02T10:44:16.457+0000] {dag.py:3834} INFO - Setting next_dagrun for etl_process to 2026-06-02 09:00:00+00:00, run_after=2026-06-02 10:00:00+00:00
[2026-06-02T10:44:16.483+0000] {processor.py:183} INFO - Processing /opt/airflow/dags/dag_1.py took 0.081 seconds
[2026-06-02T10:44:46.799+0000] {processor.py:161} INFO - Started process (PID=3657) to work on /opt/airflow/dags/dag_1.py
[2026-06-02T10:44:46.800+0000] {processor.py:830} INFO - Processing file /opt/airflow/dags/dag_1.py for tasks to queue
[2026-06-02T10:44:46.801+0000] {logging_mixin.py:188} INFO - [2026-06-02T10:44:46.800+0000] {dagbag.py:540} INFO - Filling up the DagBag from /opt/airflow/dags/dag_1.py
[2026-06-02T10:44:46.814+0000] {processor.py:840} INFO - DAG(s) 'etl_process' retrieved from /opt/airflow/dags/dag_1.py
[2026-06-02T10:44:46.829+0000] {logging_mixin.py:188} INFO - [2026-06-02T10:44:46.829+0000] {dag.py:3047} INFO - Sync 1 DAGs
[2026-06-02T10:44:46.847+0000] {logging_mixin.py:188} INFO - [2026-06-02T10:44:46.847+0000] {dag.py:3834} INFO - Setting next_dagrun for etl_process to 2026-06-02 09:00:00+00:00, run_after=2026-06-02 10:00:00+00:00
[2026-06-02T10:44:46.873+0000] {processor.py:183} INFO - Processing /opt/airflow/dags/dag_1.py took 0.076 seconds
[2026-06-02T10:45:17.290+0000] {processor.py:161} INFO - Started process (PID=3667) to work on /opt/airflow/dags/dag_1.py
[2026-06-02T10:45:17.290+0000] {processor.py:830} INFO - Processing file /opt/airflow/dags/dag_1.py for tasks to queue
[2026-06-02T10:45:17.291+0000] {logging_mixin.py:188} INFO - [2026-06-02T10:45:17.291+0000] {dagbag.py:540} INFO - Filling up the DagBag from /opt/airflow/dags/dag_1.py
[2026-06-02T10:45:17.304+0000] {processor.py:840} INFO - DAG(s) 'etl_process' retrieved from /opt/airflow/dags/dag_1.py
[2026-06-02T10:45:17.321+0000] {logging_mixin.py:188} INFO - [2026-06-02T10:45:17.321+0000] {dag.py:3047} INFO - Sync 1 DAGs
[2026-06-02T10:45:17.341+0000] {logging_mixin.py:188} INFO - [2026-06-02T10:45:17.341+0000] {dag.py:3834} INFO - Setting next_dagrun for etl_process to 2026-06-02 09:00:00+00:00, run_after=2026-06-02 10:00:00+00:00
[2026-06-02T10:45:17.360+0000] {processor.py:183} INFO - Processing /opt/airflow/dags/dag_1.py took 0.072 seconds
[2026-06-02T10:45:47.799+0000] {processor.py:161} INFO - Started process (PID=3677) to work on /opt/airflow/dags/dag_1.py
[2026-06-02T10:45:47.800+0000] {processor.py:830} INFO - Processing file /opt/airflow/dags/dag_1.py for tasks to queue
[2026-06-02T10:45:47.800+0000] {logging_mixin.py:188} INFO - [2026-06-02T10:45:47.800+0000] {dagbag.py:540} INFO - Filling up the DagBag from /opt/airflow/dags/dag_1.py
[2026-06-02T10:45:47.813+0000] {processor.py:840} INFO - DAG(s) 'etl_process' retrieved from /opt/airflow/dags/dag_1.py
[2026-06-02T10:45:47.830+0000] {logging_mixin.py:188} INFO - [2026-06-02T10:45:47.830+0000] {dag.py:3047} INFO - Sync 1 DAGs
[2026-06-02T10:45:47.848+0000] {logging_mixin.py:188} INFO - [2026-06-02T10:45:47.848+0000] {dag.py:3834} INFO - Setting next_dagrun for etl_process to 2026-06-02 09:00:00+00:00, run_after=2026-06-02 10:00:00+00:00
[2026-06-02T10:45:47.876+0000] {processor.py:183} INFO - Processing /opt/airflow/dags/dag_1.py took 0.079 seconds
[2026-06-02T10:46:18.243+0000] {processor.py:161} INFO - Started process (PID=3687) to work on /opt/airflow/dags/dag_1.py
[2026-06-02T10:46:18.244+0000] {processor.py:830} INFO - Processing file /opt/airflow/dags/dag_1.py for tasks to queue
[2026-06-02T10:46:18.245+0000] {logging_mixin.py:188} INFO - [2026-06-02T10:46:18.245+0000] {dagbag.py:540} INFO - Filling up the DagBag from /opt/airflow/dags/dag_1.py
[2026-06-02T10:46:18.257+0000] {processor.py:840} INFO - DAG(s) 'etl_process' retrieved from /opt/airflow/dags/dag_1.py
[2026-06-02T10:46:18.273+0000] {logging_mixin.py:188} INFO - [2026-06-02T10:46:18.273+0000] {dag.py:3047} INFO - Sync 1 DAGs
[2026-06-02T10:46:18.293+0000] {logging_mixin.py:188} INFO - [2026-06-02T10:46:18.293+0000] {dag.py:3834} INFO - Setting next_dagrun for etl_process to 2026-06-02 09:00:00+00:00, run_after=2026-06-02 10:00:00+00:00
[2026-06-02T10:46:18.312+0000] {processor.py:183} INFO - Processing /opt/airflow/dags/dag_1.py took 0.071 seconds
[2026-06-02T10:46:48.678+0000] {processor.py:161} INFO - Started process (PID=3697) to work on /opt/airflow/dags/dag_1.py
[2026-06-02T10:46:48.678+0000] {processor.py:830} INFO - Processing file /opt/airflow/dags/dag_1.py for tasks to queue
[2026-06-02T10:46:48.679+0000] {logging_mixin.py:188} INFO - [2026-06-02T10:46:48.679+0000] {dagbag.py:540} INFO - Filling up the DagBag from /opt/airflow/dags/dag_1.py
[2026-06-02T10:46:48.692+0000] {processor.py:840} INFO - DAG(s) 'etl_process' retrieved from /opt/airflow/dags/dag_1.py
[2026-06-02T10:46:48.708+0000] {logging_mixin.py:188} INFO - [2026-06-02T10:46:48.708+0000] {dag.py:3047} INFO - Sync 1 DAGs
[2026-06-02T10:46:48.727+0000] {logging_mixin.py:188} INFO - [2026-06-02T10:46:48.727+0000] {dag.py:3834} INFO - Setting next_dagrun for etl_process to 2026-06-02 09:00:00+00:00, run_after=2026-06-02 10:00:00+00:00
[2026-06-02T10:46:48.745+0000] {processor.py:183} INFO - Processing /opt/airflow/dags/dag_1.py took 0.070 seconds
[2026-06-02T10:47:19.147+0000] {processor.py:161} INFO - Started process (PID=3707) to work on /opt/airflow/dags/dag_1.py
[2026-06-02T10:47:19.148+0000] {processor.py:830} INFO - Processing file /opt/airflow/dags/dag_1.py for tasks to queue
[2026-06-02T10:47:19.149+0000] {logging_mixin.py:188} INFO - [2026-06-02T10:47:19.149+0000] {dagbag.py:540} INFO - Filling up the DagBag from /opt/airflow/dags/dag_1.py
[2026-06-02T10:47:19.162+0000] {processor.py:840} INFO - DAG(s) 'etl_process' retrieved from /opt/airflow/dags/dag_1.py
[2026-06-02T10:47:19.178+0000] {logging_mixin.py:188} INFO - [2026-06-02T10:47:19.178+0000] {dag.py:3047} INFO - Sync 1 DAGs
[2026-06-02T10:47:19.197+0000] {logging_mixin.py:188} INFO - [2026-06-02T10:47:19.197+0000] {dag.py:3834} INFO - Setting next_dagrun for etl_process to 2026-06-02 09:00:00+00:00, run_after=2026-06-02 10:00:00+00:00
[2026-06-02T10:47:19.218+0000] {processor.py:183} INFO - Processing /opt/airflow/dags/dag_1.py took 0.073 seconds
[2026-06-02T10:47:49.540+0000] {processor.py:161} INFO - Started process (PID=3717) to work on /opt/airflow/dags/dag_1.py
[2026-06-02T10:47:49.541+0000] {processor.py:830} INFO - Processing file /opt/airflow/dags/dag_1.py for tasks to queue
[2026-06-02T10:47:49.542+0000] {logging_mixin.py:188} INFO - [2026-06-02T10:47:49.542+0000] {dagbag.py:540} INFO - Filling up the DagBag from /opt/airflow/dags/dag_1.py
[2026-06-02T10:47:49.554+0000] {processor.py:840} INFO - DAG(s) 'etl_process' retrieved from /opt/airflow/dags/dag_1.py
[2026-06-02T10:47:49.571+0000] {logging_mixin.py:188} INFO - [2026-06-02T10:47:49.571+0000] {dag.py:3047} INFO - Sync 1 DAGs
[2026-06-02T10:47:49.589+0000] {logging_mixin.py:188} INFO - [2026-06-02T10:47:49.589+0000] {dag.py:3834} INFO - Setting next_dagrun for etl_process to 2026-06-02 09:00:00+00:00, run_after=2026-06-02 10:00:00+00:00
[2026-06-02T10:47:49.607+0000] {processor.py:183} INFO - Processing /opt/airflow/dags/dag_1.py took 0.069 seconds
[2026-06-02T10:48:19.881+0000] {processor.py:161} INFO - Started process (PID=3727) to work on /opt/airflow/dags/dag_1.py
[2026-06-02T10:48:19.882+0000] {processor.py:830} INFO - Processing file /opt/airflow/dags/dag_1.py for tasks to queue
[2026-06-02T10:48:19.883+0000] {logging_mixin.py:188} INFO - [2026-06-02T10:48:19.883+0000] {dagbag.py:540} INFO - Filling up the DagBag from /opt/airflow/dags/dag_1.py
[2026-06-02T10:48:19.896+0000] {processor.py:840} INFO - DAG(s) 'etl_process' retrieved from /opt/airflow/dags/dag_1.py
[2026-06-02T10:48:19.913+0000] {logging_mixin.py:188} INFO - [2026-06-02T10:48:19.913+0000] {dag.py:3047} INFO - Sync 1 DAGs
[2026-06-02T10:48:19.933+0000] {logging_mixin.py:188} INFO - [2026-06-02T10:48:19.933+0000] {dag.py:3834} INFO - Setting next_dagrun for etl_process to 2026-06-02 09:00:00+00:00, run_after=2026-06-02 10:00:00+00:00
[2026-06-02T10:48:19.954+0000] {processor.py:183} INFO - Processing /opt/airflow/dags/dag_1.py took 0.075 seconds
[2026-06-02T10:48:50.255+0000] {processor.py:161} INFO - Started process (PID=3737) to work on /opt/airflow/dags/dag_1.py
[2026-06-02T10:48:50.256+0000] {processor.py:830} INFO - Processing file /opt/airflow/dags/dag_1.py for tasks to queue
[2026-06-02T10:48:50.256+0000] {logging_mixin.py:188} INFO - [2026-06-02T10:48:50.256+0000] {dagbag.py:540} INFO - Filling up the DagBag from /opt/airflow/dags/dag_1.py
[2026-06-02T10:48:50.270+0000] {processor.py:840} INFO - DAG(s) 'etl_process' retrieved from /opt/airflow/dags/dag_1.py
[2026-06-02T10:48:50.287+0000] {logging_mixin.py:188} INFO - [2026-06-02T10:48:50.286+0000] {dag.py:3047} INFO - Sync 1 DAGs
[2026-06-02T10:48:50.308+0000] {logging_mixin.py:188} INFO - [2026-06-02T10:48:50.307+0000] {dag.py:3834} INFO - Setting next_dagrun for etl_process to 2026-06-02 09:00:00+00:00, run_after=2026-06-02 10:00:00+00:00
[2026-06-02T10:48:50.335+0000] {processor.py:183} INFO - Processing /opt/airflow/dags/dag_1.py took 0.082 seconds
[2026-06-02T10:49:20.635+0000] {processor.py:161} INFO - Started process (PID=3747) to work on /opt/airflow/dags/dag_1.py
[2026-06-02T10:49:20.636+0000] {processor.py:830} INFO - Processing file /opt/airflow/dags/dag_1.py for tasks to queue
[2026-06-02T10:49:20.637+0000] {logging_mixin.py:188} INFO - [2026-06-02T10:49:20.636+0000] {dagbag.py:540} INFO - Filling up the DagBag from /opt/airflow/dags/dag_1.py
[2026-06-02T10:49:20.650+0000] {processor.py:840} INFO - DAG(s) 'etl_process' retrieved from /opt/airflow/dags/dag_1.py
[2026-06-02T10:49:20.666+0000] {logging_mixin.py:188} INFO - [2026-06-02T10:49:20.666+0000] {dag.py:3047} INFO - Sync 1 DAGs
[2026-06-02T10:49:20.685+0000] {logging_mixin.py:188} INFO - [2026-06-02T10:49:20.685+0000] {dag.py:3834} INFO - Setting next_dagrun for etl_process to 2026-06-02 09:00:00+00:00, run_after=2026-06-02 10:00:00+00:00
[2026-06-02T10:49:20.711+0000] {processor.py:183} INFO - Processing /opt/airflow/dags/dag_1.py took 0.078 seconds
[2026-06-02T10:49:51.049+0000] {processor.py:161} INFO - Started process (PID=3757) to work on /opt/airflow/dags/dag_1.py
[2026-06-02T10:49:51.050+0000] {processor.py:830} INFO - Processing file /opt/airflow/dags/dag_1.py for tasks to queue
[2026-06-02T10:49:51.050+0000] {logging_mixin.py:188} INFO - [2026-06-02T10:49:51.050+0000] {dagbag.py:540} INFO - Filling up the DagBag from /opt/airflow/dags/dag_1.py
[2026-06-02T10:49:51.065+0000] {processor.py:840} INFO - DAG(s) 'etl_process' retrieved from /opt/airflow/dags/dag_1.py
[2026-06-02T10:49:51.082+0000] {logging_mixin.py:188} INFO - [2026-06-02T10:49:51.082+0000] {dag.py:3047} INFO - Sync 1 DAGs
[2026-06-02T10:49:51.105+0000] {logging_mixin.py:188} INFO - [2026-06-02T10:49:51.105+0000] {dag.py:3834} INFO - Setting next_dagrun for etl_process to 2026-06-02 09:00:00+00:00, run_after=2026-06-02 10:00:00+00:00
[2026-06-02T10:49:51.126+0000] {processor.py:183} INFO - Processing /opt/airflow/dags/dag_1.py took 0.079 seconds
[2026-06-02T10:50:21.470+0000] {processor.py:161} INFO - Started process (PID=3767) to work on /opt/airflow/dags/dag_1.py
[2026-06-02T10:50:21.470+0000] {processor.py:830} INFO - Processing file /opt/airflow/dags/dag_1.py for tasks to queue
[2026-06-02T10:50:21.471+0000] {logging_mixin.py:188} INFO - [2026-06-02T10:50:21.471+0000] {dagbag.py:540} INFO - Filling up the DagBag from /opt/airflow/dags/dag_1.py
[2026-06-02T10:50:21.486+0000] {processor.py:840} INFO - DAG(s) 'etl_process' retrieved from /opt/airflow/dags/dag_1.py
[2026-06-02T10:50:21.502+0000] {logging_mixin.py:188} INFO - [2026-06-02T10:50:21.502+0000] {dag.py:3047} INFO - Sync 1 DAGs
[2026-06-02T10:50:21.522+0000] {logging_mixin.py:188} INFO - [2026-06-02T10:50:21.522+0000] {dag.py:3834} INFO - Setting next_dagrun for etl_process to 2026-06-02 09:00:00+00:00, run_after=2026-06-02 10:00:00+00:00
[2026-06-02T10:50:21.549+0000] {processor.py:183} INFO - Processing /opt/airflow/dags/dag_1.py took 0.081 seconds
[2026-06-02T10:50:51.800+0000] {processor.py:161} INFO - Started process (PID=3777) to work on /opt/airflow/dags/dag_1.py
[2026-06-02T10:50:51.801+0000] {processor.py:830} INFO - Processing file /opt/airflow/dags/dag_1.py for tasks to queue
[2026-06-02T10:50:51.802+0000] {logging_mixin.py:188} INFO - [2026-06-02T10:50:51.802+0000] {dagbag.py:540} INFO - Filling up the DagBag from /opt/airflow/dags/dag_1.py
[2026-06-02T10:50:51.816+0000] {processor.py:840} INFO - DAG(s) 'etl_process' retrieved from /opt/airflow/dags/dag_1.py
[2026-06-02T10:50:51.833+0000] {logging_mixin.py:188} INFO - [2026-06-02T10:50:51.833+0000] {dag.py:3047} INFO - Sync 1 DAGs
[2026-06-02T10:50:51.853+0000] {logging_mixin.py:188} INFO - [2026-06-02T10:50:51.852+0000] {dag.py:3834} INFO - Setting next_dagrun for etl_process to 2026-06-02 09:00:00+00:00, run_after=2026-06-02 10:00:00+00:00
[2026-06-02T10:50:51.879+0000] {processor.py:183} INFO - Processing /opt/airflow/dags/dag_1.py took 0.081 seconds
[2026-06-02T10:51:22.161+0000] {processor.py:161} INFO - Started process (PID=3787) to work on /opt/airflow/dags/dag_1.py
[2026-06-02T10:51:22.162+0000] {processor.py:830} INFO - Processing file /opt/airflow/dags/dag_1.py for tasks to queue
[2026-06-02T10:51:22.163+0000] {logging_mixin.py:188} INFO - [2026-06-02T10:51:22.163+0000] {dagbag.py:540} INFO - Filling up the DagBag from /opt/airflow/dags/dag_1.py
[2026-06-02T10:51:22.178+0000] {processor.py:840} INFO - DAG(s) 'etl_process' retrieved from /opt/airflow/dags/dag_1.py
[2026-06-02T10:51:22.195+0000] {logging_mixin.py:188} INFO - [2026-06-02T10:51:22.195+0000] {dag.py:3047} INFO - Sync 1 DAGs
[2026-06-02T10:51:22.216+0000] {logging_mixin.py:188} INFO - [2026-06-02T10:51:22.216+0000] {dag.py:3834} INFO - Setting next_dagrun for etl_process to 2026-06-02 09:00:00+00:00, run_after=2026-06-02 10:00:00+00:00
[2026-06-02T10:51:22.243+0000] {processor.py:183} INFO - Processing /opt/airflow/dags/dag_1.py took 0.084 seconds
[2026-06-02T10:51:52.489+0000] {processor.py:161} INFO - Started process (PID=3797) to work on /opt/airflow/dags/dag_1.py
[2026-06-02T10:51:52.490+0000] {processor.py:830} INFO - Processing file /opt/airflow/dags/dag_1.py for tasks to queue
[2026-06-02T10:51:52.491+0000] {logging_mixin.py:188} INFO - [2026-06-02T10:51:52.490+0000] {dagbag.py:540} INFO - Filling up the DagBag from /opt/airflow/dags/dag_1.py
[2026-06-02T10:51:52.505+0000] {processor.py:840} INFO - DAG(s) 'etl_process' retrieved from /opt/airflow/dags/dag_1.py
[2026-06-02T10:51:52.523+0000] {logging_mixin.py:188} INFO - [2026-06-02T10:51:52.523+0000] {dag.py:3047} INFO - Sync 1 DAGs
[2026-06-02T10:51:52.545+0000] {logging_mixin.py:188} INFO - [2026-06-02T10:51:52.545+0000] {dag.py:3834} INFO - Setting next_dagrun for etl_process to 2026-06-02 09:00:00+00:00, run_after=2026-06-02 10:00:00+00:00
[2026-06-02T10:51:52.566+0000] {processor.py:183} INFO - Processing /opt/airflow/dags/dag_1.py took 0.079 seconds
[2026-06-02T10:52:22.772+0000] {processor.py:161} INFO - Started process (PID=3807) to work on /opt/airflow/dags/dag_1.py
[2026-06-02T10:52:22.773+0000] {processor.py:830} INFO - Processing file /opt/airflow/dags/dag_1.py for tasks to queue
[2026-06-02T10:52:22.773+0000] {logging_mixin.py:188} INFO - [2026-06-02T10:52:22.773+0000] {dagbag.py:540} INFO - Filling up the DagBag from /opt/airflow/dags/dag_1.py
[2026-06-02T10:52:22.793+0000] {processor.py:840} INFO - DAG(s) 'etl_process' retrieved from /opt/airflow/dags/dag_1.py
[2026-06-02T10:52:22.831+0000] {logging_mixin.py:188} INFO - [2026-06-02T10:52:22.831+0000] {dag.py:3047} INFO - Sync 1 DAGs
[2026-06-02T10:52:22.850+0000] {logging_mixin.py:188} INFO - [2026-06-02T10:52:22.850+0000] {dag.py:3834} INFO - Setting next_dagrun for etl_process to 2026-06-02 09:00:00+00:00, run_after=2026-06-02 10:00:00+00:00
[2026-06-02T10:52:22.869+0000] {processor.py:183} INFO - Processing /opt/airflow/dags/dag_1.py took 0.100 seconds
[2026-06-02T10:52:53.146+0000] {processor.py:161} INFO - Started process (PID=3817) to work on /opt/airflow/dags/dag_1.py
[2026-06-02T10:52:53.147+0000] {processor.py:830} INFO - Processing file /opt/airflow/dags/dag_1.py for tasks to queue
[2026-06-02T10:52:53.147+0000] {logging_mixin.py:188} INFO - [2026-06-02T10:52:53.147+0000] {dagbag.py:540} INFO - Filling up the DagBag from /opt/airflow/dags/dag_1.py
[2026-06-02T10:52:53.160+0000] {processor.py:840} INFO - DAG(s) 'etl_process' retrieved from /opt/airflow/dags/dag_1.py
[2026-06-02T10:52:53.178+0000] {logging_mixin.py:188} INFO - [2026-06-02T10:52:53.177+0000] {dag.py:3047} INFO - Sync 1 DAGs
[2026-06-02T10:52:53.198+0000] {logging_mixin.py:188} INFO - [2026-06-02T10:52:53.198+0000] {dag.py:3834} INFO - Setting next_dagrun for etl_process to 2026-06-02 09:00:00+00:00, run_after=2026-06-02 10:00:00+00:00
[2026-06-02T10:52:53.225+0000] {processor.py:183} INFO - Processing /opt/airflow/dags/dag_1.py took 0.081 seconds
[2026-06-02T10:53:23.449+0000] {processor.py:161} INFO - Started process (PID=3832) to work on /opt/airflow/dags/dag_1.py
[2026-06-02T10:53:23.450+0000] {processor.py:830} INFO - Processing file /opt/airflow/dags/dag_1.py for tasks to queue
[2026-06-02T10:53:23.451+0000] {logging_mixin.py:188} INFO - [2026-06-02T10:53:23.451+0000] {dagbag.py:540} INFO - Filling up the DagBag from /opt/airflow/dags/dag_1.py
[2026-06-02T10:53:23.464+0000] {processor.py:840} INFO - DAG(s) 'etl_process' retrieved from /opt/airflow/dags/dag_1.py
[2026-06-02T10:53:23.480+0000] {logging_mixin.py:188} INFO - [2026-06-02T10:53:23.480+0000] {dag.py:3047} INFO - Sync 1 DAGs
[2026-06-02T10:53:23.498+0000] {logging_mixin.py:188} INFO - [2026-06-02T10:53:23.497+0000] {dag.py:3834} INFO - Setting next_dagrun for etl_process to 2026-06-02 09:00:00+00:00, run_after=2026-06-02 10:00:00+00:00
[2026-06-02T10:53:23.524+0000] {processor.py:183} INFO - Processing /opt/airflow/dags/dag_1.py took 0.078 seconds
[2026-06-02T10:53:53.784+0000] {processor.py:161} INFO - Started process (PID=3842) to work on /opt/airflow/dags/dag_1.py
[2026-06-02T10:53:53.785+0000] {processor.py:830} INFO - Processing file /opt/airflow/dags/dag_1.py for tasks to queue
[2026-06-02T10:53:53.786+0000] {logging_mixin.py:188} INFO - [2026-06-02T10:53:53.786+0000] {dagbag.py:540} INFO - Filling up the DagBag from /opt/airflow/dags/dag_1.py
[2026-06-02T10:53:53.799+0000] {processor.py:840} INFO - DAG(s) 'etl_process' retrieved from /opt/airflow/dags/dag_1.py
[2026-06-02T10:53:53.816+0000] {logging_mixin.py:188} INFO - [2026-06-02T10:53:53.816+0000] {dag.py:3047} INFO - Sync 1 DAGs
[2026-06-02T10:53:53.837+0000] {logging_mixin.py:188} INFO - [2026-06-02T10:53:53.837+0000] {dag.py:3834} INFO - Setting next_dagrun for etl_process to 2026-06-02 09:00:00+00:00, run_after=2026-06-02 10:00:00+00:00
[2026-06-02T10:53:53.857+0000] {processor.py:183} INFO - Processing /opt/airflow/dags/dag_1.py took 0.074 seconds
[2026-06-02T10:54:24.095+0000] {processor.py:161} INFO - Started process (PID=3857) to work on /opt/airflow/dags/dag_1.py
[2026-06-02T10:54:24.096+0000] {processor.py:830} INFO - Processing file /opt/airflow/dags/dag_1.py for tasks to queue
[2026-06-02T10:54:24.097+0000] {logging_mixin.py:188} INFO - [2026-06-02T10:54:24.097+0000] {dagbag.py:540} INFO - Filling up the DagBag from /opt/airflow/dags/dag_1.py
[2026-06-02T10:54:24.115+0000] {processor.py:840} INFO - DAG(s) 'etl_process' retrieved from /opt/airflow/dags/dag_1.py
[2026-06-02T10:54:24.132+0000] {logging_mixin.py:188} INFO - [2026-06-02T10:54:24.131+0000] {dag.py:3047} INFO - Sync 1 DAGs
[2026-06-02T10:54:24.152+0000] {logging_mixin.py:188} INFO - [2026-06-02T10:54:24.152+0000] {dag.py:3834} INFO - Setting next_dagrun for etl_process to 2026-06-02 09:00:00+00:00, run_after=2026-06-02 10:00:00+00:00
[2026-06-02T10:54:24.177+0000] {processor.py:183} INFO - Processing /opt/airflow/dags/dag_1.py took 0.085 seconds
[2026-06-02T10:54:54.415+0000] {processor.py:161} INFO - Started process (PID=3867) to work on /opt/airflow/dags/dag_1.py
[2026-06-02T10:54:54.416+0000] {processor.py:830} INFO - Processing file /opt/airflow/dags/dag_1.py for tasks to queue
[2026-06-02T10:54:54.417+0000] {logging_mixin.py:188} INFO - [2026-06-02T10:54:54.417+0000] {dagbag.py:540} INFO - Filling up the DagBag from /opt/airflow/dags/dag_1.py
[2026-06-02T10:54:54.429+0000] {processor.py:840} INFO - DAG(s) 'etl_process' retrieved from /opt/airflow/dags/dag_1.py
[2026-06-02T10:54:54.447+0000] {logging_mixin.py:188} INFO - [2026-06-02T10:54:54.446+0000] {dag.py:3047} INFO - Sync 1 DAGs
[2026-06-02T10:54:54.466+0000] {logging_mixin.py:188} INFO - [2026-06-02T10:54:54.466+0000] {dag.py:3834} INFO - Setting next_dagrun for etl_process to 2026-06-02 09:00:00+00:00, run_after=2026-06-02 10:00:00+00:00
[2026-06-02T10:54:54.486+0000] {processor.py:183} INFO - Processing /opt/airflow/dags/dag_1.py took 0.073 seconds
[2026-06-02T10:55:25.032+0000] {processor.py:161} INFO - Started process (PID=3877) to work on /opt/airflow/dags/dag_1.py
[2026-06-02T10:55:25.033+0000] {processor.py:830} INFO - Processing file /opt/airflow/dags/dag_1.py for tasks to queue
[2026-06-02T10:55:25.033+0000] {logging_mixin.py:188} INFO - [2026-06-02T10:55:25.033+0000] {dagbag.py:540} INFO - Filling up the DagBag from /opt/airflow/dags/dag_1.py
[2026-06-02T10:55:25.046+0000] {processor.py:840} INFO - DAG(s) 'etl_process' retrieved from /opt/airflow/dags/dag_1.py
[2026-06-02T10:55:25.062+0000] {logging_mixin.py:188} INFO - [2026-06-02T10:55:25.062+0000] {dag.py:3047} INFO - Sync 1 DAGs
[2026-06-02T10:55:25.081+0000] {logging_mixin.py:188} INFO - [2026-06-02T10:55:25.081+0000] {dag.py:3834} INFO - Setting next_dagrun for etl_process to 2026-06-02 09:00:00+00:00, run_after=2026-06-02 10:00:00+00:00
[2026-06-02T10:55:25.107+0000] {processor.py:183} INFO - Processing /opt/airflow/dags/dag_1.py took 0.077 seconds
[2026-06-02T10:55:55.409+0000] {processor.py:161} INFO - Started process (PID=3892) to work on /opt/airflow/dags/dag_1.py
[2026-06-02T10:55:55.410+0000] {processor.py:830} INFO - Processing file /opt/airflow/dags/dag_1.py for tasks to queue
[2026-06-02T10:55:55.411+0000] {logging_mixin.py:188} INFO - [2026-06-02T10:55:55.410+0000] {dagbag.py:540} INFO - Filling up the DagBag from /opt/airflow/dags/dag_1.py
[2026-06-02T10:55:55.430+0000] {processor.py:840} INFO - DAG(s) 'etl_process' retrieved from /opt/airflow/dags/dag_1.py
[2026-06-02T10:55:55.452+0000] {logging_mixin.py:188} INFO - [2026-06-02T10:55:55.452+0000] {dag.py:3047} INFO - Sync 1 DAGs
[2026-06-02T10:55:55.479+0000] {logging_mixin.py:188} INFO - [2026-06-02T10:55:55.479+0000] {dag.py:3834} INFO - Setting next_dagrun for etl_process to 2026-06-02 09:00:00+00:00, run_after=2026-06-02 10:00:00+00:00
[2026-06-02T10:55:55.507+0000] {processor.py:183} INFO - Processing /opt/airflow/dags/dag_1.py took 0.101 seconds
[2026-06-02T10:56:25.760+0000] {processor.py:161} INFO - Started process (PID=3902) to work on /opt/airflow/dags/dag_1.py
[2026-06-02T10:56:25.761+0000] {processor.py:830} INFO - Processing file /opt/airflow/dags/dag_1.py for tasks to queue
[2026-06-02T10:56:25.761+0000] {logging_mixin.py:188} INFO - [2026-06-02T10:56:25.761+0000] {dagbag.py:540} INFO - Filling up the DagBag from /opt/airflow/dags/dag_1.py
[2026-06-02T10:56:25.778+0000] {processor.py:840} INFO - DAG(s) 'etl_process' retrieved from /opt/airflow/dags/dag_1.py
[2026-06-02T10:56:25.797+0000] {logging_mixin.py:188} INFO - [2026-06-02T10:56:25.797+0000] {dag.py:3047} INFO - Sync 1 DAGs
[2026-06-02T10:56:25.830+0000] {logging_mixin.py:188} INFO - [2026-06-02T10:56:25.830+0000] {dag.py:3834} INFO - Setting next_dagrun for etl_process to 2026-06-02 09:00:00+00:00, run_after=2026-06-02 10:00:00+00:00
[2026-06-02T10:56:25.856+0000] {processor.py:183} INFO - Processing /opt/airflow/dags/dag_1.py took 0.099 seconds
[2026-06-02T10:56:56.225+0000] {processor.py:161} INFO - Started process (PID=3912) to work on /opt/airflow/dags/dag_1.py
[2026-06-02T10:56:56.226+0000] {processor.py:830} INFO - Processing file /opt/airflow/dags/dag_1.py for tasks to queue
[2026-06-02T10:56:56.227+0000] {logging_mixin.py:188} INFO - [2026-06-02T10:56:56.226+0000] {dagbag.py:540} INFO - Filling up the DagBag from /opt/airflow/dags/dag_1.py
[2026-06-02T10:56:56.242+0000] {processor.py:840} INFO - DAG(s) 'etl_process' retrieved from /opt/airflow/dags/dag_1.py
[2026-06-02T10:56:56.260+0000] {logging_mixin.py:188} INFO - [2026-06-02T10:56:56.259+0000] {dag.py:3047} INFO - Sync 1 DAGs
[2026-06-02T10:56:56.283+0000] {logging_mixin.py:188} INFO - [2026-06-02T10:56:56.282+0000] {dag.py:3834} INFO - Setting next_dagrun for etl_process to 2026-06-02 09:00:00+00:00, run_after=2026-06-02 10:00:00+00:00
[2026-06-02T10:56:56.312+0000] {processor.py:183} INFO - Processing /opt/airflow/dags/dag_1.py took 0.089 seconds
[2026-06-02T10:57:26.605+0000] {processor.py:161} INFO - Started process (PID=3927) to work on /opt/airflow/dags/dag_1.py
[2026-06-02T10:57:26.606+0000] {processor.py:830} INFO - Processing file /opt/airflow/dags/dag_1.py for tasks to queue
[2026-06-02T10:57:26.607+0000] {logging_mixin.py:188} INFO - [2026-06-02T10:57:26.606+0000] {dagbag.py:540} INFO - Filling up the DagBag from /opt/airflow/dags/dag_1.py
[2026-06-02T10:57:26.628+0000] {processor.py:840} INFO - DAG(s) 'etl_process' retrieved from /opt/airflow/dags/dag_1.py
[2026-06-02T10:57:26.645+0000] {logging_mixin.py:188} INFO - [2026-06-02T10:57:26.645+0000] {dag.py:3047} INFO - Sync 1 DAGs
[2026-06-02T10:57:26.667+0000] {logging_mixin.py:188} INFO - [2026-06-02T10:57:26.667+0000] {dag.py:3834} INFO - Setting next_dagrun for etl_process to 2026-06-02 09:00:00+00:00, run_after=2026-06-02 10:00:00+00:00
[2026-06-02T10:57:26.686+0000] {processor.py:183} INFO - Processing /opt/airflow/dags/dag_1.py took 0.084 seconds
[2026-06-02T10:57:57.022+0000] {processor.py:161} INFO - Started process (PID=3937) to work on /opt/airflow/dags/dag_1.py
[2026-06-02T10:57:57.023+0000] {processor.py:830} INFO - Processing file /opt/airflow/dags/dag_1.py for tasks to queue
[2026-06-02T10:57:57.024+0000] {logging_mixin.py:188} INFO - [2026-06-02T10:57:57.024+0000] {dagbag.py:540} INFO - Filling up the DagBag from /opt/airflow/dags/dag_1.py
[2026-06-02T10:57:57.037+0000] {processor.py:840} INFO - DAG(s) 'etl_process' retrieved from /opt/airflow/dags/dag_1.py
[2026-06-02T10:57:57.054+0000] {logging_mixin.py:188} INFO - [2026-06-02T10:57:57.053+0000] {dag.py:3047} INFO - Sync 1 DAGs
[2026-06-02T10:57:57.073+0000] {logging_mixin.py:188} INFO - [2026-06-02T10:57:57.073+0000] {dag.py:3834} INFO - Setting next_dagrun for etl_process to 2026-06-02 09:00:00+00:00, run_after=2026-06-02 10:00:00+00:00
[2026-06-02T10:57:57.091+0000] {processor.py:183} INFO - Processing /opt/airflow/dags/dag_1.py took 0.071 seconds
[2026-06-02T10:58:27.458+0000] {processor.py:161} INFO - Started process (PID=3947) to work on /opt/airflow/dags/dag_1.py
[2026-06-02T10:58:27.459+0000] {processor.py:830} INFO - Processing file /opt/airflow/dags/dag_1.py for tasks to queue
[2026-06-02T10:58:27.460+0000] {logging_mixin.py:188} INFO - [2026-06-02T10:58:27.459+0000] {dagbag.py:540} INFO - Filling up the DagBag from /opt/airflow/dags/dag_1.py
[2026-06-02T10:58:27.473+0000] {processor.py:840} INFO - DAG(s) 'etl_process' retrieved from /opt/airflow/dags/dag_1.py
[2026-06-02T10:58:27.489+0000] {logging_mixin.py:188} INFO - [2026-06-02T10:58:27.489+0000] {dag.py:3047} INFO - Sync 1 DAGs
[2026-06-02T10:58:27.507+0000] {logging_mixin.py:188} INFO - [2026-06-02T10:58:27.507+0000] {dag.py:3834} INFO - Setting next_dagrun for etl_process to 2026-06-02 09:00:00+00:00, run_after=2026-06-02 10:00:00+00:00
[2026-06-02T10:58:27.527+0000] {processor.py:183} INFO - Processing /opt/airflow/dags/dag_1.py took 0.071 seconds
[2026-06-02T10:58:57.994+0000] {processor.py:161} INFO - Started process (PID=3957) to work on /opt/airflow/dags/dag_1.py
[2026-06-02T10:58:57.995+0000] {processor.py:830} INFO - Processing file /opt/airflow/dags/dag_1.py for tasks to queue
[2026-06-02T10:58:57.996+0000] {logging_mixin.py:188} INFO - [2026-06-02T10:58:57.996+0000] {dagbag.py:540} INFO - Filling up the DagBag from /opt/airflow/dags/dag_1.py
[2026-06-02T10:58:58.009+0000] {processor.py:840} INFO - DAG(s) 'etl_process' retrieved from /opt/airflow/dags/dag_1.py
[2026-06-02T10:58:58.025+0000] {logging_mixin.py:188} INFO - [2026-06-02T10:58:58.025+0000] {dag.py:3047} INFO - Sync 1 DAGs
[2026-06-02T10:58:58.044+0000] {logging_mixin.py:188} INFO - [2026-06-02T10:58:58.043+0000] {dag.py:3834} INFO - Setting next_dagrun for etl_process to 2026-06-02 09:00:00+00:00, run_after=2026-06-02 10:00:00+00:00
[2026-06-02T10:58:58.065+0000] {processor.py:183} INFO - Processing /opt/airflow/dags/dag_1.py took 0.073 seconds
[2026-06-02T10:59:28.466+0000] {processor.py:161} INFO - Started process (PID=3967) to work on /opt/airflow/dags/dag_1.py
[2026-06-02T10:59:28.467+0000] {processor.py:830} INFO - Processing file /opt/airflow/dags/dag_1.py for tasks to queue
[2026-06-02T10:59:28.467+0000] {logging_mixin.py:188} INFO - [2026-06-02T10:59:28.467+0000] {dagbag.py:540} INFO - Filling up the DagBag from /opt/airflow/dags/dag_1.py
[2026-06-02T10:59:28.483+0000] {processor.py:840} INFO - DAG(s) 'etl_process' retrieved from /opt/airflow/dags/dag_1.py
[2026-06-02T10:59:28.499+0000] {logging_mixin.py:188} INFO - [2026-06-02T10:59:28.499+0000] {dag.py:3047} INFO - Sync 1 DAGs
[2026-06-02T10:59:28.520+0000] {logging_mixin.py:188} INFO - [2026-06-02T10:59:28.520+0000] {dag.py:3834} INFO - Setting next_dagrun for etl_process to 2026-06-02 09:00:00+00:00, run_after=2026-06-02 10:00:00+00:00
[2026-06-02T10:59:28.540+0000] {processor.py:183} INFO - Processing /opt/airflow/dags/dag_1.py took 0.076 seconds
[2026-06-02T10:59:58.987+0000] {processor.py:161} INFO - Started process (PID=3977) to work on /opt/airflow/dags/dag_1.py
[2026-06-02T10:59:58.988+0000] {processor.py:830} INFO - Processing file /opt/airflow/dags/dag_1.py for tasks to queue
[2026-06-02T10:59:58.989+0000] {logging_mixin.py:188} INFO - [2026-06-02T10:59:58.988+0000] {dagbag.py:540} INFO - Filling up the DagBag from /opt/airflow/dags/dag_1.py
[2026-06-02T10:59:59.001+0000] {processor.py:840} INFO - DAG(s) 'etl_process' retrieved from /opt/airflow/dags/dag_1.py
[2026-06-02T10:59:59.018+0000] {logging_mixin.py:188} INFO - [2026-06-02T10:59:59.018+0000] {dag.py:3047} INFO - Sync 1 DAGs
[2026-06-02T10:59:59.036+0000] {logging_mixin.py:188} INFO - [2026-06-02T10:59:59.036+0000] {dag.py:3834} INFO - Setting next_dagrun for etl_process to 2026-06-02 09:00:00+00:00, run_after=2026-06-02 10:00:00+00:00
[2026-06-02T10:59:59.057+0000] {processor.py:183} INFO - Processing /opt/airflow/dags/dag_1.py took 0.072 seconds
[2026-06-02T11:00:29.637+0000] {processor.py:161} INFO - Started process (PID=3987) to work on /opt/airflow/dags/dag_1.py
[2026-06-02T11:00:29.638+0000] {processor.py:830} INFO - Processing file /opt/airflow/dags/dag_1.py for tasks to queue
[2026-06-02T11:00:29.639+0000] {logging_mixin.py:188} INFO - [2026-06-02T11:00:29.639+0000] {dagbag.py:540} INFO - Filling up the DagBag from /opt/airflow/dags/dag_1.py
[2026-06-02T11:00:29.654+0000] {processor.py:840} INFO - DAG(s) 'etl_process' retrieved from /opt/airflow/dags/dag_1.py
[2026-06-02T11:00:29.671+0000] {logging_mixin.py:188} INFO - [2026-06-02T11:00:29.670+0000] {dag.py:3047} INFO - Sync 1 DAGs
[2026-06-02T11:00:29.690+0000] {logging_mixin.py:188} INFO - [2026-06-02T11:00:29.690+0000] {dag.py:3834} INFO - Setting next_dagrun for etl_process to 2026-06-02 10:00:00+00:00, run_after=2026-06-02 11:00:00+00:00
[2026-06-02T11:00:29.710+0000] {processor.py:183} INFO - Processing /opt/airflow/dags/dag_1.py took 0.075 seconds
[2026-06-02T11:01:00.216+0000] {processor.py:161} INFO - Started process (PID=3997) to work on /opt/airflow/dags/dag_1.py
[2026-06-02T11:01:00.217+0000] {processor.py:830} INFO - Processing file /opt/airflow/dags/dag_1.py for tasks to queue
[2026-06-02T11:01:00.218+0000] {logging_mixin.py:188} INFO - [2026-06-02T11:01:00.217+0000] {dagbag.py:540} INFO - Filling up the DagBag from /opt/airflow/dags/dag_1.py
[2026-06-02T11:01:00.230+0000] {processor.py:840} INFO - DAG(s) 'etl_process' retrieved from /opt/airflow/dags/dag_1.py
[2026-06-02T11:01:00.246+0000] {logging_mixin.py:188} INFO - [2026-06-02T11:01:00.246+0000] {dag.py:3047} INFO - Sync 1 DAGs
[2026-06-02T11:01:00.265+0000] {logging_mixin.py:188} INFO - [2026-06-02T11:01:00.265+0000] {dag.py:3834} INFO - Setting next_dagrun for etl_process to 2026-06-02 10:00:00+00:00, run_after=2026-06-02 11:00:00+00:00
[2026-06-02T11:01:00.283+0000] {processor.py:183} INFO - Processing /opt/airflow/dags/dag_1.py took 0.070 seconds
[2026-06-02T11:01:30.750+0000] {processor.py:161} INFO - Started process (PID=4007) to work on /opt/airflow/dags/dag_1.py
[2026-06-02T11:01:30.751+0000] {processor.py:830} INFO - Processing file /opt/airflow/dags/dag_1.py for tasks to queue
[2026-06-02T11:01:30.752+0000] {logging_mixin.py:188} INFO - [2026-06-02T11:01:30.752+0000] {dagbag.py:540} INFO - Filling up the DagBag from /opt/airflow/dags/dag_1.py
[2026-06-02T11:01:30.765+0000] {processor.py:840} INFO - DAG(s) 'etl_process' retrieved from /opt/airflow/dags/dag_1.py
[2026-06-02T11:01:30.781+0000] {logging_mixin.py:188} INFO - [2026-06-02T11:01:30.781+0000] {dag.py:3047} INFO - Sync 1 DAGs
[2026-06-02T11:01:30.800+0000] {logging_mixin.py:188} INFO - [2026-06-02T11:01:30.800+0000] {dag.py:3834} INFO - Setting next_dagrun for etl_process to 2026-06-02 10:00:00+00:00, run_after=2026-06-02 11:00:00+00:00
[2026-06-02T11:01:30.822+0000] {processor.py:183} INFO - Processing /opt/airflow/dags/dag_1.py took 0.074 seconds
[2026-06-02T11:02:01.230+0000] {processor.py:161} INFO - Started process (PID=4017) to work on /opt/airflow/dags/dag_1.py
[2026-06-02T11:02:01.231+0000] {processor.py:830} INFO - Processing file /opt/airflow/dags/dag_1.py for tasks to queue
[2026-06-02T11:02:01.232+0000] {logging_mixin.py:188} INFO - [2026-06-02T11:02:01.232+0000] {dagbag.py:540} INFO - Filling up the DagBag from /opt/airflow/dags/dag_1.py
[2026-06-02T11:02:01.246+0000] {processor.py:840} INFO - DAG(s) 'etl_process' retrieved from /opt/airflow/dags/dag_1.py
[2026-06-02T11:02:01.263+0000] {logging_mixin.py:188} INFO - [2026-06-02T11:02:01.262+0000] {dag.py:3047} INFO - Sync 1 DAGs
[2026-06-02T11:02:01.283+0000] {logging_mixin.py:188} INFO - [2026-06-02T11:02:01.282+0000] {dag.py:3834} INFO - Setting next_dagrun for etl_process to 2026-06-02 10:00:00+00:00, run_after=2026-06-02 11:00:00+00:00
[2026-06-02T11:02:01.307+0000] {processor.py:183} INFO - Processing /opt/airflow/dags/dag_1.py took 0.079 seconds
[2026-06-02T11:02:31.783+0000] {processor.py:161} INFO - Started process (PID=4027) to work on /opt/airflow/dags/dag_1.py
[2026-06-02T11:02:31.784+0000] {processor.py:830} INFO - Processing file /opt/airflow/dags/dag_1.py for tasks to queue
[2026-06-02T11:02:31.785+0000] {logging_mixin.py:188} INFO - [2026-06-02T11:02:31.784+0000] {dagbag.py:540} INFO - Filling up the DagBag from /opt/airflow/dags/dag_1.py
[2026-06-02T11:02:31.801+0000] {processor.py:840} INFO - DAG(s) 'etl_process' retrieved from /opt/airflow/dags/dag_1.py
[2026-06-02T11:02:31.820+0000] {logging_mixin.py:188} INFO - [2026-06-02T11:02:31.819+0000] {dag.py:3047} INFO - Sync 1 DAGs
[2026-06-02T11:02:31.839+0000] {logging_mixin.py:188} INFO - [2026-06-02T11:02:31.839+0000] {dag.py:3834} INFO - Setting next_dagrun for etl_process to 2026-06-02 10:00:00+00:00, run_after=2026-06-02 11:00:00+00:00
[2026-06-02T11:02:31.865+0000] {processor.py:183} INFO - Processing /opt/airflow/dags/dag_1.py took 0.085 seconds
[2026-06-02T11:03:02.360+0000] {processor.py:161} INFO - Started process (PID=4037) to work on /opt/airflow/dags/dag_1.py
[2026-06-02T11:03:02.361+0000] {processor.py:830} INFO - Processing file /opt/airflow/dags/dag_1.py for tasks to queue
[2026-06-02T11:03:02.362+0000] {logging_mixin.py:188} INFO - [2026-06-02T11:03:02.362+0000] {dagbag.py:540} INFO - Filling up the DagBag from /opt/airflow/dags/dag_1.py
[2026-06-02T11:03:02.376+0000] {processor.py:840} INFO - DAG(s) 'etl_process' retrieved from /opt/airflow/dags/dag_1.py
[2026-06-02T11:03:02.392+0000] {logging_mixin.py:188} INFO - [2026-06-02T11:03:02.391+0000] {dag.py:3047} INFO - Sync 1 DAGs
[2026-06-02T11:03:02.411+0000] {logging_mixin.py:188} INFO - [2026-06-02T11:03:02.411+0000] {dag.py:3834} INFO - Setting next_dagrun for etl_process to 2026-06-02 10:00:00+00:00, run_after=2026-06-02 11:00:00+00:00
[2026-06-02T11:03:02.436+0000] {processor.py:183} INFO - Processing /opt/airflow/dags/dag_1.py took 0.078 seconds
[2026-06-02T11:03:32.911+0000] {processor.py:161} INFO - Started process (PID=4047) to work on /opt/airflow/dags/dag_1.py
[2026-06-02T11:03:32.912+0000] {processor.py:830} INFO - Processing file /opt/airflow/dags/dag_1.py for tasks to queue
[2026-06-02T11:03:32.913+0000] {logging_mixin.py:188} INFO - [2026-06-02T11:03:32.913+0000] {dagbag.py:540} INFO - Filling up the DagBag from /opt/airflow/dags/dag_1.py
[2026-06-02T11:03:32.929+0000] {processor.py:840} INFO - DAG(s) 'etl_process' retrieved from /opt/airflow/dags/dag_1.py
[2026-06-02T11:03:32.945+0000] {logging_mixin.py:188} INFO - [2026-06-02T11:03:32.945+0000] {dag.py:3047} INFO - Sync 1 DAGs
[2026-06-02T11:03:32.964+0000] {logging_mixin.py:188} INFO - [2026-06-02T11:03:32.964+0000] {dag.py:3834} INFO - Setting next_dagrun for etl_process to 2026-06-02 10:00:00+00:00, run_after=2026-06-02 11:00:00+00:00
[2026-06-02T11:03:32.983+0000] {processor.py:183} INFO - Processing /opt/airflow/dags/dag_1.py took 0.074 seconds
[2026-06-02T11:04:03.467+0000] {processor.py:161} INFO - Started process (PID=4057) to work on /opt/airflow/dags/dag_1.py
[2026-06-02T11:04:03.468+0000] {processor.py:830} INFO - Processing file /opt/airflow/dags/dag_1.py for tasks to queue
[2026-06-02T11:04:03.469+0000] {logging_mixin.py:188} INFO - [2026-06-02T11:04:03.469+0000] {dagbag.py:540} INFO - Filling up the DagBag from /opt/airflow/dags/dag_1.py
[2026-06-02T11:04:03.483+0000] {processor.py:840} INFO - DAG(s) 'etl_process' retrieved from /opt/airflow/dags/dag_1.py
[2026-06-02T11:04:03.500+0000] {logging_mixin.py:188} INFO - [2026-06-02T11:04:03.500+0000] {dag.py:3047} INFO - Sync 1 DAGs
[2026-06-02T11:04:03.519+0000] {logging_mixin.py:188} INFO - [2026-06-02T11:04:03.519+0000] {dag.py:3834} INFO - Setting next_dagrun for etl_process to 2026-06-02 10:00:00+00:00, run_after=2026-06-02 11:00:00+00:00
[2026-06-02T11:04:03.538+0000] {processor.py:183} INFO - Processing /opt/airflow/dags/dag_1.py took 0.073 seconds
[2026-06-02T11:04:34.029+0000] {processor.py:161} INFO - Started process (PID=4067) to work on /opt/airflow/dags/dag_1.py
[2026-06-02T11:04:34.030+0000] {processor.py:830} INFO - Processing file /opt/airflow/dags/dag_1.py for tasks to queue
[2026-06-02T11:04:34.031+0000] {logging_mixin.py:188} INFO - [2026-06-02T11:04:34.030+0000] {dagbag.py:540} INFO - Filling up the DagBag from /opt/airflow/dags/dag_1.py
[2026-06-02T11:04:34.045+0000] {processor.py:840} INFO - DAG(s) 'etl_process' retrieved from /opt/airflow/dags/dag_1.py
[2026-06-02T11:04:34.061+0000] {logging_mixin.py:188} INFO - [2026-06-02T11:04:34.061+0000] {dag.py:3047} INFO - Sync 1 DAGs
[2026-06-02T11:04:34.082+0000] {logging_mixin.py:188} INFO - [2026-06-02T11:04:34.081+0000] {dag.py:3834} INFO - Setting next_dagrun for etl_process to 2026-06-02 10:00:00+00:00, run_after=2026-06-02 11:00:00+00:00
[2026-06-02T11:04:34.106+0000] {processor.py:183} INFO - Processing /opt/airflow/dags/dag_1.py took 0.080 seconds
[2026-06-02T11:05:04.668+0000] {processor.py:161} INFO - Started process (PID=4077) to work on /opt/airflow/dags/dag_1.py
[2026-06-02T11:05:04.669+0000] {processor.py:830} INFO - Processing file /opt/airflow/dags/dag_1.py for tasks to queue
[2026-06-02T11:05:04.669+0000] {logging_mixin.py:188} INFO - [2026-06-02T11:05:04.669+0000] {dagbag.py:540} INFO - Filling up the DagBag from /opt/airflow/dags/dag_1.py
[2026-06-02T11:05:04.684+0000] {processor.py:840} INFO - DAG(s) 'etl_process' retrieved from /opt/airflow/dags/dag_1.py
[2026-06-02T11:05:04.700+0000] {logging_mixin.py:188} INFO - [2026-06-02T11:05:04.700+0000] {dag.py:3047} INFO - Sync 1 DAGs
[2026-06-02T11:05:04.718+0000] {logging_mixin.py:188} INFO - [2026-06-02T11:05:04.718+0000] {dag.py:3834} INFO - Setting next_dagrun for etl_process to 2026-06-02 10:00:00+00:00, run_after=2026-06-02 11:00:00+00:00
[2026-06-02T11:05:04.739+0000] {processor.py:183} INFO - Processing /opt/airflow/dags/dag_1.py took 0.073 seconds
[2026-06-02T11:05:35.240+0000] {processor.py:161} INFO - Started process (PID=4087) to work on /opt/airflow/dags/dag_1.py
[2026-06-02T11:05:35.241+0000] {processor.py:830} INFO - Processing file /opt/airflow/dags/dag_1.py for tasks to queue
[2026-06-02T11:05:35.242+0000] {logging_mixin.py:188} INFO - [2026-06-02T11:05:35.242+0000] {dagbag.py:540} INFO - Filling up the DagBag from /opt/airflow/dags/dag_1.py
[2026-06-02T11:05:35.257+0000] {processor.py:840} INFO - DAG(s) 'etl_process' retrieved from /opt/airflow/dags/dag_1.py
[2026-06-02T11:05:35.272+0000] {logging_mixin.py:188} INFO - [2026-06-02T11:05:35.272+0000] {dag.py:3047} INFO - Sync 1 DAGs
[2026-06-02T11:05:35.291+0000] {logging_mixin.py:188} INFO - [2026-06-02T11:05:35.291+0000] {dag.py:3834} INFO - Setting next_dagrun for etl_process to 2026-06-02 10:00:00+00:00, run_after=2026-06-02 11:00:00+00:00
[2026-06-02T11:05:35.317+0000] {processor.py:183} INFO - Processing /opt/airflow/dags/dag_1.py took 0.079 seconds
[2026-06-02T11:06:05.762+0000] {processor.py:161} INFO - Started process (PID=4097) to work on /opt/airflow/dags/dag_1.py
[2026-06-02T11:06:05.763+0000] {processor.py:830} INFO - Processing file /opt/airflow/dags/dag_1.py for tasks to queue
[2026-06-02T11:06:05.764+0000] {logging_mixin.py:188} INFO - [2026-06-02T11:06:05.763+0000] {dagbag.py:540} INFO - Filling up the DagBag from /opt/airflow/dags/dag_1.py
[2026-06-02T11:06:05.777+0000] {processor.py:840} INFO - DAG(s) 'etl_process' retrieved from /opt/airflow/dags/dag_1.py
[2026-06-02T11:06:05.794+0000] {logging_mixin.py:188} INFO - [2026-06-02T11:06:05.794+0000] {dag.py:3047} INFO - Sync 1 DAGs
[2026-06-02T11:06:05.812+0000] {logging_mixin.py:188} INFO - [2026-06-02T11:06:05.812+0000] {dag.py:3834} INFO - Setting next_dagrun for etl_process to 2026-06-02 10:00:00+00:00, run_after=2026-06-02 11:00:00+00:00
[2026-06-02T11:06:05.838+0000] {processor.py:183} INFO - Processing /opt/airflow/dags/dag_1.py took 0.078 seconds
[2026-06-02T11:06:36.308+0000] {processor.py:161} INFO - Started process (PID=4107) to work on /opt/airflow/dags/dag_1.py
[2026-06-02T11:06:36.309+0000] {processor.py:830} INFO - Processing file /opt/airflow/dags/dag_1.py for tasks to queue
[2026-06-02T11:06:36.309+0000] {logging_mixin.py:188} INFO - [2026-06-02T11:06:36.309+0000] {dagbag.py:540} INFO - Filling up the DagBag from /opt/airflow/dags/dag_1.py
[2026-06-02T11:06:36.322+0000] {processor.py:840} INFO - DAG(s) 'etl_process' retrieved from /opt/airflow/dags/dag_1.py
[2026-06-02T11:06:36.338+0000] {logging_mixin.py:188} INFO - [2026-06-02T11:06:36.338+0000] {dag.py:3047} INFO - Sync 1 DAGs
[2026-06-02T11:06:36.356+0000] {logging_mixin.py:188} INFO - [2026-06-02T11:06:36.356+0000] {dag.py:3834} INFO - Setting next_dagrun for etl_process to 2026-06-02 10:00:00+00:00, run_after=2026-06-02 11:00:00+00:00
[2026-06-02T11:06:36.375+0000] {processor.py:183} INFO - Processing /opt/airflow/dags/dag_1.py took 0.069 seconds
[2026-06-02T11:07:06.917+0000] {processor.py:161} INFO - Started process (PID=4117) to work on /opt/airflow/dags/dag_1.py
[2026-06-02T11:07:06.919+0000] {processor.py:830} INFO - Processing file /opt/airflow/dags/dag_1.py for tasks to queue
[2026-06-02T11:07:06.920+0000] {logging_mixin.py:188} INFO - [2026-06-02T11:07:06.920+0000] {dagbag.py:540} INFO - Filling up the DagBag from /opt/airflow/dags/dag_1.py
[2026-06-02T11:07:06.934+0000] {processor.py:840} INFO - DAG(s) 'etl_process' retrieved from /opt/airflow/dags/dag_1.py
[2026-06-02T11:07:06.950+0000] {logging_mixin.py:188} INFO - [2026-06-02T11:07:06.950+0000] {dag.py:3047} INFO - Sync 1 DAGs
[2026-06-02T11:07:06.968+0000] {logging_mixin.py:188} INFO - [2026-06-02T11:07:06.968+0000] {dag.py:3834} INFO - Setting next_dagrun for etl_process to 2026-06-02 10:00:00+00:00, run_after=2026-06-02 11:00:00+00:00
[2026-06-02T11:07:06.996+0000] {processor.py:183} INFO - Processing /opt/airflow/dags/dag_1.py took 0.081 seconds
[2026-06-02T11:07:37.270+0000] {processor.py:161} INFO - Started process (PID=4127) to work on /opt/airflow/dags/dag_1.py
[2026-06-02T11:07:37.270+0000] {processor.py:830} INFO - Processing file /opt/airflow/dags/dag_1.py for tasks to queue
[2026-06-02T11:07:37.271+0000] {logging_mixin.py:188} INFO - [2026-06-02T11:07:37.271+0000] {dagbag.py:540} INFO - Filling up the DagBag from /opt/airflow/dags/dag_1.py
[2026-06-02T11:07:37.285+0000] {processor.py:840} INFO - DAG(s) 'etl_process' retrieved from /opt/airflow/dags/dag_1.py
[2026-06-02T11:07:37.302+0000] {logging_mixin.py:188} INFO - [2026-06-02T11:07:37.302+0000] {dag.py:3047} INFO - Sync 1 DAGs
[2026-06-02T11:07:37.323+0000] {logging_mixin.py:188} INFO - [2026-06-02T11:07:37.322+0000] {dag.py:3834} INFO - Setting next_dagrun for etl_process to 2026-06-02 10:00:00+00:00, run_after=2026-06-02 11:00:00+00:00
[2026-06-02T11:07:37.341+0000] {processor.py:183} INFO - Processing /opt/airflow/dags/dag_1.py took 0.074 seconds
[2026-06-02T11:08:07.714+0000] {processor.py:161} INFO - Started process (PID=4137) to work on /opt/airflow/dags/dag_1.py
[2026-06-02T11:08:07.715+0000] {processor.py:830} INFO - Processing file /opt/airflow/dags/dag_1.py for tasks to queue
[2026-06-02T11:08:07.716+0000] {logging_mixin.py:188} INFO - [2026-06-02T11:08:07.716+0000] {dagbag.py:540} INFO - Filling up the DagBag from /opt/airflow/dags/dag_1.py
[2026-06-02T11:08:07.730+0000] {processor.py:840} INFO - DAG(s) 'etl_process' retrieved from /opt/airflow/dags/dag_1.py
[2026-06-02T11:08:07.746+0000] {logging_mixin.py:188} INFO - [2026-06-02T11:08:07.746+0000] {dag.py:3047} INFO - Sync 1 DAGs
[2026-06-02T11:08:07.766+0000] {logging_mixin.py:188} INFO - [2026-06-02T11:08:07.765+0000] {dag.py:3834} INFO - Setting next_dagrun for etl_process to 2026-06-02 10:00:00+00:00, run_after=2026-06-02 11:00:00+00:00
[2026-06-02T11:08:07.783+0000] {processor.py:183} INFO - Processing /opt/airflow/dags/dag_1.py took 0.071 seconds
[2026-06-02T11:08:38.103+0000] {processor.py:161} INFO - Started process (PID=4147) to work on /opt/airflow/dags/dag_1.py
[2026-06-02T11:08:38.104+0000] {processor.py:830} INFO - Processing file /opt/airflow/dags/dag_1.py for tasks to queue
[2026-06-02T11:08:38.105+0000] {logging_mixin.py:188} INFO - [2026-06-02T11:08:38.104+0000] {dagbag.py:540} INFO - Filling up the DagBag from /opt/airflow/dags/dag_1.py
[2026-06-02T11:08:38.119+0000] {processor.py:840} INFO - DAG(s) 'etl_process' retrieved from /opt/airflow/dags/dag_1.py
[2026-06-02T11:08:38.136+0000] {logging_mixin.py:188} INFO - [2026-06-02T11:08:38.135+0000] {dag.py:3047} INFO - Sync 1 DAGs
[2026-06-02T11:08:38.156+0000] {logging_mixin.py:188} INFO - [2026-06-02T11:08:38.155+0000] {dag.py:3834} INFO - Setting next_dagrun for etl_process to 2026-06-02 10:00:00+00:00, run_after=2026-06-02 11:00:00+00:00
[2026-06-02T11:08:38.185+0000] {processor.py:183} INFO - Processing /opt/airflow/dags/dag_1.py took 0.084 seconds
[2026-06-02T11:09:08.508+0000] {processor.py:161} INFO - Started process (PID=4157) to work on /opt/airflow/dags/dag_1.py
[2026-06-02T11:09:08.509+0000] {processor.py:830} INFO - Processing file /opt/airflow/dags/dag_1.py for tasks to queue
[2026-06-02T11:09:08.510+0000] {logging_mixin.py:188} INFO - [2026-06-02T11:09:08.509+0000] {dagbag.py:540} INFO - Filling up the DagBag from /opt/airflow/dags/dag_1.py
[2026-06-02T11:09:08.521+0000] {processor.py:840} INFO - DAG(s) 'etl_process' retrieved from /opt/airflow/dags/dag_1.py
[2026-06-02T11:09:08.538+0000] {logging_mixin.py:188} INFO - [2026-06-02T11:09:08.538+0000] {dag.py:3047} INFO - Sync 1 DAGs
[2026-06-02T11:09:08.556+0000] {logging_mixin.py:188} INFO - [2026-06-02T11:09:08.555+0000] {dag.py:3834} INFO - Setting next_dagrun for etl_process to 2026-06-02 10:00:00+00:00, run_after=2026-06-02 11:00:00+00:00
[2026-06-02T11:09:08.584+0000] {processor.py:183} INFO - Processing /opt/airflow/dags/dag_1.py took 0.078 seconds
[2026-06-02T11:09:38.829+0000] {processor.py:161} INFO - Started process (PID=4167) to work on /opt/airflow/dags/dag_1.py
[2026-06-02T11:09:38.830+0000] {processor.py:830} INFO - Processing file /opt/airflow/dags/dag_1.py for tasks to queue
[2026-06-02T11:09:38.834+0000] {logging_mixin.py:188} INFO - [2026-06-02T11:09:38.831+0000] {dagbag.py:540} INFO - Filling up the DagBag from /opt/airflow/dags/dag_1.py
[2026-06-02T11:09:38.850+0000] {processor.py:840} INFO - DAG(s) 'etl_process' retrieved from /opt/airflow/dags/dag_1.py
[2026-06-02T11:09:38.869+0000] {logging_mixin.py:188} INFO - [2026-06-02T11:09:38.869+0000] {dag.py:3047} INFO - Sync 1 DAGs
[2026-06-02T11:09:38.891+0000] {logging_mixin.py:188} INFO - [2026-06-02T11:09:38.891+0000] {dag.py:3834} INFO - Setting next_dagrun for etl_process to 2026-06-02 10:00:00+00:00, run_after=2026-06-02 11:00:00+00:00
[2026-06-02T11:09:38.914+0000] {processor.py:183} INFO - Processing /opt/airflow/dags/dag_1.py took 0.088 seconds
[2026-06-02T11:10:09.184+0000] {processor.py:161} INFO - Started process (PID=4177) to work on /opt/airflow/dags/dag_1.py
[2026-06-02T11:10:09.185+0000] {processor.py:830} INFO - Processing file /opt/airflow/dags/dag_1.py for tasks to queue
[2026-06-02T11:10:09.186+0000] {logging_mixin.py:188} INFO - [2026-06-02T11:10:09.186+0000] {dagbag.py:540} INFO - Filling up the DagBag from /opt/airflow/dags/dag_1.py
[2026-06-02T11:10:09.201+0000] {processor.py:840} INFO - DAG(s) 'etl_process' retrieved from /opt/airflow/dags/dag_1.py
[2026-06-02T11:10:09.222+0000] {logging_mixin.py:188} INFO - [2026-06-02T11:10:09.221+0000] {dag.py:3047} INFO - Sync 1 DAGs
[2026-06-02T11:10:09.245+0000] {logging_mixin.py:188} INFO - [2026-06-02T11:10:09.245+0000] {dag.py:3834} INFO - Setting next_dagrun for etl_process to 2026-06-02 10:00:00+00:00, run_after=2026-06-02 11:00:00+00:00
[2026-06-02T11:10:09.266+0000] {processor.py:183} INFO - Processing /opt/airflow/dags/dag_1.py took 0.085 seconds
[2026-06-02T11:10:39.604+0000] {processor.py:161} INFO - Started process (PID=4187) to work on /opt/airflow/dags/dag_1.py
[2026-06-02T11:10:39.605+0000] {processor.py:830} INFO - Processing file /opt/airflow/dags/dag_1.py for tasks to queue
[2026-06-02T11:10:39.606+0000] {logging_mixin.py:188} INFO - [2026-06-02T11:10:39.606+0000] {dagbag.py:540} INFO - Filling up the DagBag from /opt/airflow/dags/dag_1.py
[2026-06-02T11:10:39.619+0000] {processor.py:840} INFO - DAG(s) 'etl_process' retrieved from /opt/airflow/dags/dag_1.py
[2026-06-02T11:10:39.636+0000] {logging_mixin.py:188} INFO - [2026-06-02T11:10:39.635+0000] {dag.py:3047} INFO - Sync 1 DAGs
[2026-06-02T11:10:39.657+0000] {logging_mixin.py:188} INFO - [2026-06-02T11:10:39.656+0000] {dag.py:3834} INFO - Setting next_dagrun for etl_process to 2026-06-02 10:00:00+00:00, run_after=2026-06-02 11:00:00+00:00
[2026-06-02T11:10:39.682+0000] {processor.py:183} INFO - Processing /opt/airflow/dags/dag_1.py took 0.080 seconds
[2026-06-02T11:11:09.988+0000] {processor.py:161} INFO - Started process (PID=4197) to work on /opt/airflow/dags/dag_1.py
[2026-06-02T11:11:09.989+0000] {processor.py:830} INFO - Processing file /opt/airflow/dags/dag_1.py for tasks to queue
[2026-06-02T11:11:09.989+0000] {logging_mixin.py:188} INFO - [2026-06-02T11:11:09.989+0000] {dagbag.py:540} INFO - Filling up the DagBag from /opt/airflow/dags/dag_1.py
[2026-06-02T11:11:10.006+0000] {processor.py:840} INFO - DAG(s) 'etl_process' retrieved from /opt/airflow/dags/dag_1.py
[2026-06-02T11:11:10.023+0000] {logging_mixin.py:188} INFO - [2026-06-02T11:11:10.023+0000] {dag.py:3047} INFO - Sync 1 DAGs
[2026-06-02T11:11:10.046+0000] {logging_mixin.py:188} INFO - [2026-06-02T11:11:10.046+0000] {dag.py:3834} INFO - Setting next_dagrun for etl_process to 2026-06-02 10:00:00+00:00, run_after=2026-06-02 11:00:00+00:00
[2026-06-02T11:11:10.064+0000] {processor.py:183} INFO - Processing /opt/airflow/dags/dag_1.py took 0.079 seconds
[2026-06-02T11:11:40.405+0000] {processor.py:161} INFO - Started process (PID=4207) to work on /opt/airflow/dags/dag_1.py
[2026-06-02T11:11:40.406+0000] {processor.py:830} INFO - Processing file /opt/airflow/dags/dag_1.py for tasks to queue
[2026-06-02T11:11:40.407+0000] {logging_mixin.py:188} INFO - [2026-06-02T11:11:40.407+0000] {dagbag.py:540} INFO - Filling up the DagBag from /opt/airflow/dags/dag_1.py
[2026-06-02T11:11:40.423+0000] {processor.py:840} INFO - DAG(s) 'etl_process' retrieved from /opt/airflow/dags/dag_1.py
[2026-06-02T11:11:40.442+0000] {logging_mixin.py:188} INFO - [2026-06-02T11:11:40.442+0000] {dag.py:3047} INFO - Sync 1 DAGs
[2026-06-02T11:11:40.464+0000] {logging_mixin.py:188} INFO - [2026-06-02T11:11:40.464+0000] {dag.py:3834} INFO - Setting next_dagrun for etl_process to 2026-06-02 10:00:00+00:00, run_after=2026-06-02 11:00:00+00:00
[2026-06-02T11:11:40.483+0000] {processor.py:183} INFO - Processing /opt/airflow/dags/dag_1.py took 0.081 seconds
[2026-06-02T11:12:10.762+0000] {processor.py:161} INFO - Started process (PID=4217) to work on /opt/airflow/dags/dag_1.py
[2026-06-02T11:12:10.763+0000] {processor.py:830} INFO - Processing file /opt/airflow/dags/dag_1.py for tasks to queue
[2026-06-02T11:12:10.764+0000] {logging_mixin.py:188} INFO - [2026-06-02T11:12:10.763+0000] {dagbag.py:540} INFO - Filling up the DagBag from /opt/airflow/dags/dag_1.py
[2026-06-02T11:12:10.777+0000] {processor.py:840} INFO - DAG(s) 'etl_process' retrieved from /opt/airflow/dags/dag_1.py
[2026-06-02T11:12:10.793+0000] {logging_mixin.py:188} INFO - [2026-06-02T11:12:10.793+0000] {dag.py:3047} INFO - Sync 1 DAGs
[2026-06-02T11:12:10.813+0000] {logging_mixin.py:188} INFO - [2026-06-02T11:12:10.812+0000] {dag.py:3834} INFO - Setting next_dagrun for etl_process to 2026-06-02 10:00:00+00:00, run_after=2026-06-02 11:00:00+00:00
[2026-06-02T11:12:10.834+0000] {processor.py:183} INFO - Processing /opt/airflow/dags/dag_1.py took 0.074 seconds
[2026-06-02T11:12:41.184+0000] {processor.py:161} INFO - Started process (PID=4227) to work on /opt/airflow/dags/dag_1.py
[2026-06-02T11:12:41.185+0000] {processor.py:830} INFO - Processing file /opt/airflow/dags/dag_1.py for tasks to queue
[2026-06-02T11:12:41.186+0000] {logging_mixin.py:188} INFO - [2026-06-02T11:12:41.186+0000] {dagbag.py:540} INFO - Filling up the DagBag from /opt/airflow/dags/dag_1.py
[2026-06-02T11:12:41.198+0000] {processor.py:840} INFO - DAG(s) 'etl_process' retrieved from /opt/airflow/dags/dag_1.py
[2026-06-02T11:12:41.215+0000] {logging_mixin.py:188} INFO - [2026-06-02T11:12:41.215+0000] {dag.py:3047} INFO - Sync 1 DAGs
[2026-06-02T11:12:41.233+0000] {logging_mixin.py:188} INFO - [2026-06-02T11:12:41.233+0000] {dag.py:3834} INFO - Setting next_dagrun for etl_process to 2026-06-02 10:00:00+00:00, run_after=2026-06-02 11:00:00+00:00
[2026-06-02T11:12:41.259+0000] {processor.py:183} INFO - Processing /opt/airflow/dags/dag_1.py took 0.076 seconds
[2026-06-02T11:13:11.579+0000] {processor.py:161} INFO - Started process (PID=4237) to work on /opt/airflow/dags/dag_1.py
[2026-06-02T11:13:11.580+0000] {processor.py:830} INFO - Processing file /opt/airflow/dags/dag_1.py for tasks to queue
[2026-06-02T11:13:11.581+0000] {logging_mixin.py:188} INFO - [2026-06-02T11:13:11.581+0000] {dagbag.py:540} INFO - Filling up the DagBag from /opt/airflow/dags/dag_1.py
[2026-06-02T11:13:11.597+0000] {processor.py:840} INFO - DAG(s) 'etl_process' retrieved from /opt/airflow/dags/dag_1.py
[2026-06-02T11:13:11.615+0000] {logging_mixin.py:188} INFO - [2026-06-02T11:13:11.614+0000] {dag.py:3047} INFO - Sync 1 DAGs
[2026-06-02T11:13:11.635+0000] {logging_mixin.py:188} INFO - [2026-06-02T11:13:11.635+0000] {dag.py:3834} INFO - Setting next_dagrun for etl_process to 2026-06-02 10:00:00+00:00, run_after=2026-06-02 11:00:00+00:00
[2026-06-02T11:13:11.662+0000] {processor.py:183} INFO - Processing /opt/airflow/dags/dag_1.py took 0.085 seconds
[2026-06-02T11:13:42.113+0000] {processor.py:161} INFO - Started process (PID=4247) to work on /opt/airflow/dags/dag_1.py
[2026-06-02T11:13:42.113+0000] {processor.py:830} INFO - Processing file /opt/airflow/dags/dag_1.py for tasks to queue
[2026-06-02T11:13:42.114+0000] {logging_mixin.py:188} INFO - [2026-06-02T11:13:42.114+0000] {dagbag.py:540} INFO - Filling up the DagBag from /opt/airflow/dags/dag_1.py
[2026-06-02T11:13:42.126+0000] {processor.py:840} INFO - DAG(s) 'etl_process' retrieved from /opt/airflow/dags/dag_1.py
[2026-06-02T11:13:42.142+0000] {logging_mixin.py:188} INFO - [2026-06-02T11:13:42.142+0000] {dag.py:3047} INFO - Sync 1 DAGs
[2026-06-02T11:13:42.160+0000] {logging_mixin.py:188} INFO - [2026-06-02T11:13:42.160+0000] {dag.py:3834} INFO - Setting next_dagrun for etl_process to 2026-06-02 10:00:00+00:00, run_after=2026-06-02 11:00:00+00:00
[2026-06-02T11:13:42.190+0000] {processor.py:183} INFO - Processing /opt/airflow/dags/dag_1.py took 0.080 seconds
[2026-06-02T11:14:12.521+0000] {processor.py:161} INFO - Started process (PID=4257) to work on /opt/airflow/dags/dag_1.py
[2026-06-02T11:14:12.522+0000] {processor.py:830} INFO - Processing file /opt/airflow/dags/dag_1.py for tasks to queue
[2026-06-02T11:14:12.522+0000] {logging_mixin.py:188} INFO - [2026-06-02T11:14:12.522+0000] {dagbag.py:540} INFO - Filling up the DagBag from /opt/airflow/dags/dag_1.py
[2026-06-02T11:14:12.537+0000] {processor.py:840} INFO - DAG(s) 'etl_process' retrieved from /opt/airflow/dags/dag_1.py
[2026-06-02T11:14:12.554+0000] {logging_mixin.py:188} INFO - [2026-06-02T11:14:12.553+0000] {dag.py:3047} INFO - Sync 1 DAGs
[2026-06-02T11:14:12.574+0000] {logging_mixin.py:188} INFO - [2026-06-02T11:14:12.574+0000] {dag.py:3834} INFO - Setting next_dagrun for etl_process to 2026-06-02 10:00:00+00:00, run_after=2026-06-02 11:00:00+00:00
[2026-06-02T11:14:12.600+0000] {processor.py:183} INFO - Processing /opt/airflow/dags/dag_1.py took 0.082 seconds
[2026-06-02T11:14:43.036+0000] {processor.py:161} INFO - Started process (PID=4267) to work on /opt/airflow/dags/dag_1.py
[2026-06-02T11:14:43.037+0000] {processor.py:830} INFO - Processing file /opt/airflow/dags/dag_1.py for tasks to queue
[2026-06-02T11:14:43.038+0000] {logging_mixin.py:188} INFO - [2026-06-02T11:14:43.037+0000] {dagbag.py:540} INFO - Filling up the DagBag from /opt/airflow/dags/dag_1.py
[2026-06-02T11:14:43.053+0000] {processor.py:840} INFO - DAG(s) 'etl_process' retrieved from /opt/airflow/dags/dag_1.py
[2026-06-02T11:14:43.071+0000] {logging_mixin.py:188} INFO - [2026-06-02T11:14:43.071+0000] {dag.py:3047} INFO - Sync 1 DAGs
[2026-06-02T11:14:43.091+0000] {logging_mixin.py:188} INFO - [2026-06-02T11:14:43.091+0000] {dag.py:3834} INFO - Setting next_dagrun for etl_process to 2026-06-02 10:00:00+00:00, run_after=2026-06-02 11:00:00+00:00
[2026-06-02T11:14:43.110+0000] {processor.py:183} INFO - Processing /opt/airflow/dags/dag_1.py took 0.077 seconds
[2026-06-02T11:15:13.445+0000] {processor.py:161} INFO - Started process (PID=4283) to work on /opt/airflow/dags/dag_1.py
[2026-06-02T11:15:13.446+0000] {processor.py:830} INFO - Processing file /opt/airflow/dags/dag_1.py for tasks to queue
[2026-06-02T11:15:13.447+0000] {logging_mixin.py:188} INFO - [2026-06-02T11:15:13.446+0000] {dagbag.py:540} INFO - Filling up the DagBag from /opt/airflow/dags/dag_1.py
[2026-06-02T11:15:13.463+0000] {processor.py:840} INFO - DAG(s) 'etl_process' retrieved from /opt/airflow/dags/dag_1.py
[2026-06-02T11:15:13.484+0000] {logging_mixin.py:188} INFO - [2026-06-02T11:15:13.483+0000] {dag.py:3047} INFO - Sync 1 DAGs
[2026-06-02T11:15:13.510+0000] {logging_mixin.py:188} INFO - [2026-06-02T11:15:13.510+0000] {dag.py:3834} INFO - Setting next_dagrun for etl_process to 2026-06-02 11:00:00+00:00, run_after=2026-06-02 12:00:00+00:00
[2026-06-02T11:15:13.533+0000] {processor.py:183} INFO - Processing /opt/airflow/dags/dag_1.py took 0.090 seconds
[2026-06-02T11:15:43.807+0000] {processor.py:161} INFO - Started process (PID=4293) to work on /opt/airflow/dags/dag_1.py
[2026-06-02T11:15:43.808+0000] {processor.py:830} INFO - Processing file /opt/airflow/dags/dag_1.py for tasks to queue
[2026-06-02T11:15:43.809+0000] {logging_mixin.py:188} INFO - [2026-06-02T11:15:43.809+0000] {dagbag.py:540} INFO - Filling up the DagBag from /opt/airflow/dags/dag_1.py
[2026-06-02T11:15:43.829+0000] {processor.py:840} INFO - DAG(s) 'etl_process' retrieved from /opt/airflow/dags/dag_1.py
[2026-06-02T11:15:43.858+0000] {logging_mixin.py:188} INFO - [2026-06-02T11:15:43.858+0000] {dag.py:3047} INFO - Sync 1 DAGs
[2026-06-02T11:15:43.884+0000] {logging_mixin.py:188} INFO - [2026-06-02T11:15:43.884+0000] {dag.py:3834} INFO - Setting next_dagrun for etl_process to 2026-06-02 11:00:00+00:00, run_after=2026-06-02 12:00:00+00:00
[2026-06-02T11:15:43.917+0000] {processor.py:183} INFO - Processing /opt/airflow/dags/dag_1.py took 0.113 seconds
[2026-06-02T11:16:14.053+0000] {processor.py:161} INFO - Started process (PID=4303) to work on /opt/airflow/dags/dag_1.py
[2026-06-02T11:16:14.054+0000] {processor.py:830} INFO - Processing file /opt/airflow/dags/dag_1.py for tasks to queue
[2026-06-02T11:16:14.054+0000] {logging_mixin.py:188} INFO - [2026-06-02T11:16:14.054+0000] {dagbag.py:540} INFO - Filling up the DagBag from /opt/airflow/dags/dag_1.py
[2026-06-02T11:16:14.071+0000] {processor.py:840} INFO - DAG(s) 'etl_process' retrieved from /opt/airflow/dags/dag_1.py
[2026-06-02T11:16:14.092+0000] {logging_mixin.py:188} INFO - [2026-06-02T11:16:14.091+0000] {dag.py:3047} INFO - Sync 1 DAGs
[2026-06-02T11:16:14.114+0000] {logging_mixin.py:188} INFO - [2026-06-02T11:16:14.114+0000] {dag.py:3834} INFO - Setting next_dagrun for etl_process to 2026-06-02 11:00:00+00:00, run_after=2026-06-02 12:00:00+00:00
[2026-06-02T11:16:14.135+0000] {processor.py:183} INFO - Processing /opt/airflow/dags/dag_1.py took 0.085 seconds
[2026-06-02T11:16:44.420+0000] {processor.py:161} INFO - Started process (PID=4313) to work on /opt/airflow/dags/dag_1.py
[2026-06-02T11:16:44.421+0000] {processor.py:830} INFO - Processing file /opt/airflow/dags/dag_1.py for tasks to queue
[2026-06-02T11:16:44.422+0000] {logging_mixin.py:188} INFO - [2026-06-02T11:16:44.422+0000] {dagbag.py:540} INFO - Filling up the DagBag from /opt/airflow/dags/dag_1.py
[2026-06-02T11:16:44.439+0000] {processor.py:840} INFO - DAG(s) 'etl_process' retrieved from /opt/airflow/dags/dag_1.py
[2026-06-02T11:16:44.460+0000] {logging_mixin.py:188} INFO - [2026-06-02T11:16:44.460+0000] {dag.py:3047} INFO - Sync 1 DAGs
[2026-06-02T11:16:44.486+0000] {logging_mixin.py:188} INFO - [2026-06-02T11:16:44.486+0000] {dag.py:3834} INFO - Setting next_dagrun for etl_process to 2026-06-02 11:00:00+00:00, run_after=2026-06-02 12:00:00+00:00
[2026-06-02T11:16:44.509+0000] {processor.py:183} INFO - Processing /opt/airflow/dags/dag_1.py took 0.092 seconds
[2026-06-02T11:17:14.802+0000] {processor.py:161} INFO - Started process (PID=4323) to work on /opt/airflow/dags/dag_1.py
[2026-06-02T11:17:14.804+0000] {processor.py:830} INFO - Processing file /opt/airflow/dags/dag_1.py for tasks to queue
[2026-06-02T11:17:14.805+0000] {logging_mixin.py:188} INFO - [2026-06-02T11:17:14.805+0000] {dagbag.py:540} INFO - Filling up the DagBag from /opt/airflow/dags/dag_1.py
[2026-06-02T11:17:14.820+0000] {processor.py:840} INFO - DAG(s) 'etl_process' retrieved from /opt/airflow/dags/dag_1.py
[2026-06-02T11:17:14.842+0000] {logging_mixin.py:188} INFO - [2026-06-02T11:17:14.841+0000] {dag.py:3047} INFO - Sync 1 DAGs
[2026-06-02T11:17:14.866+0000] {logging_mixin.py:188} INFO - [2026-06-02T11:17:14.866+0000] {dag.py:3834} INFO - Setting next_dagrun for etl_process to 2026-06-02 11:00:00+00:00, run_after=2026-06-02 12:00:00+00:00
[2026-06-02T11:17:14.895+0000] {processor.py:183} INFO - Processing /opt/airflow/dags/dag_1.py took 0.096 seconds
[2026-06-02T11:17:45.217+0000] {processor.py:161} INFO - Started process (PID=4333) to work on /opt/airflow/dags/dag_1.py
[2026-06-02T11:17:45.218+0000] {processor.py:830} INFO - Processing file /opt/airflow/dags/dag_1.py for tasks to queue
[2026-06-02T11:17:45.219+0000] {logging_mixin.py:188} INFO - [2026-06-02T11:17:45.218+0000] {dagbag.py:540} INFO - Filling up the DagBag from /opt/airflow/dags/dag_1.py
[2026-06-02T11:17:45.237+0000] {processor.py:840} INFO - DAG(s) 'etl_process' retrieved from /opt/airflow/dags/dag_1.py
[2026-06-02T11:17:45.254+0000] {logging_mixin.py:188} INFO - [2026-06-02T11:17:45.254+0000] {dag.py:3047} INFO - Sync 1 DAGs
[2026-06-02T11:17:45.275+0000] {logging_mixin.py:188} INFO - [2026-06-02T11:17:45.275+0000] {dag.py:3834} INFO - Setting next_dagrun for etl_process to 2026-06-02 11:00:00+00:00, run_after=2026-06-02 12:00:00+00:00
[2026-06-02T11:17:45.296+0000] {processor.py:183} INFO - Processing /opt/airflow/dags/dag_1.py took 0.082 seconds
[2026-06-02T11:18:15.586+0000] {processor.py:161} INFO - Started process (PID=4343) to work on /opt/airflow/dags/dag_1.py
[2026-06-02T11:18:15.586+0000] {processor.py:830} INFO - Processing file /opt/airflow/dags/dag_1.py for tasks to queue
[2026-06-02T11:18:15.587+0000] {logging_mixin.py:188} INFO - [2026-06-02T11:18:15.587+0000] {dagbag.py:540} INFO - Filling up the DagBag from /opt/airflow/dags/dag_1.py
[2026-06-02T11:18:15.601+0000] {processor.py:840} INFO - DAG(s) 'etl_process' retrieved from /opt/airflow/dags/dag_1.py
[2026-06-02T11:18:15.617+0000] {logging_mixin.py:188} INFO - [2026-06-02T11:18:15.617+0000] {dag.py:3047} INFO - Sync 1 DAGs
[2026-06-02T11:18:15.637+0000] {logging_mixin.py:188} INFO - [2026-06-02T11:18:15.637+0000] {dag.py:3834} INFO - Setting next_dagrun for etl_process to 2026-06-02 11:00:00+00:00, run_after=2026-06-02 12:00:00+00:00
[2026-06-02T11:18:15.666+0000] {processor.py:183} INFO - Processing /opt/airflow/dags/dag_1.py took 0.082 seconds
[2026-06-02T11:18:45.831+0000] {processor.py:161} INFO - Started process (PID=4353) to work on /opt/airflow/dags/dag_1.py
[2026-06-02T11:18:45.832+0000] {processor.py:830} INFO - Processing file /opt/airflow/dags/dag_1.py for tasks to queue
[2026-06-02T11:18:45.833+0000] {logging_mixin.py:188} INFO - [2026-06-02T11:18:45.833+0000] {dagbag.py:540} INFO - Filling up the DagBag from /opt/airflow/dags/dag_1.py
[2026-06-02T11:18:45.851+0000] {processor.py:840} INFO - DAG(s) 'etl_process' retrieved from /opt/airflow/dags/dag_1.py
[2026-06-02T11:18:45.875+0000] {logging_mixin.py:188} INFO - [2026-06-02T11:18:45.875+0000] {dag.py:3047} INFO - Sync 1 DAGs
[2026-06-02T11:18:45.899+0000] {logging_mixin.py:188} INFO - [2026-06-02T11:18:45.899+0000] {dag.py:3834} INFO - Setting next_dagrun for etl_process to 2026-06-02 11:00:00+00:00, run_after=2026-06-02 12:00:00+00:00
[2026-06-02T11:18:45.923+0000] {processor.py:183} INFO - Processing /opt/airflow/dags/dag_1.py took 0.095 seconds
[2026-06-02T11:19:16.196+0000] {processor.py:161} INFO - Started process (PID=4363) to work on /opt/airflow/dags/dag_1.py
[2026-06-02T11:19:16.197+0000] {processor.py:830} INFO - Processing file /opt/airflow/dags/dag_1.py for tasks to queue
[2026-06-02T11:19:16.199+0000] {logging_mixin.py:188} INFO - [2026-06-02T11:19:16.198+0000] {dagbag.py:540} INFO - Filling up the DagBag from /opt/airflow/dags/dag_1.py
[2026-06-02T11:19:16.226+0000] {processor.py:840} INFO - DAG(s) 'etl_process' retrieved from /opt/airflow/dags/dag_1.py
[2026-06-02T11:19:16.260+0000] {logging_mixin.py:188} INFO - [2026-06-02T11:19:16.260+0000] {dag.py:3047} INFO - Sync 1 DAGs
[2026-06-02T11:19:16.298+0000] {logging_mixin.py:188} INFO - [2026-06-02T11:19:16.298+0000] {dag.py:3834} INFO - Setting next_dagrun for etl_process to 2026-06-02 11:00:00+00:00, run_after=2026-06-02 12:00:00+00:00
[2026-06-02T11:19:16.326+0000] {processor.py:183} INFO - Processing /opt/airflow/dags/dag_1.py took 0.134 seconds
[2026-06-02T11:19:46.768+0000] {processor.py:161} INFO - Started process (PID=4373) to work on /opt/airflow/dags/dag_1.py
[2026-06-02T11:19:46.769+0000] {processor.py:830} INFO - Processing file /opt/airflow/dags/dag_1.py for tasks to queue
[2026-06-02T11:19:46.770+0000] {logging_mixin.py:188} INFO - [2026-06-02T11:19:46.770+0000] {dagbag.py:540} INFO - Filling up the DagBag from /opt/airflow/dags/dag_1.py
[2026-06-02T11:19:46.790+0000] {processor.py:840} INFO - DAG(s) 'etl_process' retrieved from /opt/airflow/dags/dag_1.py
[2026-06-02T11:19:46.810+0000] {logging_mixin.py:188} INFO - [2026-06-02T11:19:46.810+0000] {dag.py:3047} INFO - Sync 1 DAGs
[2026-06-02T11:19:46.839+0000] {logging_mixin.py:188} INFO - [2026-06-02T11:19:46.839+0000] {dag.py:3834} INFO - Setting next_dagrun for etl_process to 2026-06-02 11:00:00+00:00, run_after=2026-06-02 12:00:00+00:00
[2026-06-02T11:19:46.871+0000] {processor.py:183} INFO - Processing /opt/airflow/dags/dag_1.py took 0.105 seconds
[2026-06-02T11:20:17.126+0000] {processor.py:161} INFO - Started process (PID=4387) to work on /opt/airflow/dags/dag_1.py
[2026-06-02T11:20:17.128+0000] {processor.py:830} INFO - Processing file /opt/airflow/dags/dag_1.py for tasks to queue
[2026-06-02T11:20:17.129+0000] {logging_mixin.py:188} INFO - [2026-06-02T11:20:17.129+0000] {dagbag.py:540} INFO - Filling up the DagBag from /opt/airflow/dags/dag_1.py
[2026-06-02T11:20:17.155+0000] {processor.py:840} INFO - DAG(s) 'etl_process' retrieved from /opt/airflow/dags/dag_1.py
[2026-06-02T11:20:17.179+0000] {logging_mixin.py:188} INFO - [2026-06-02T11:20:17.179+0000] {dag.py:3047} INFO - Sync 1 DAGs
[2026-06-02T11:20:17.202+0000] {logging_mixin.py:188} INFO - [2026-06-02T11:20:17.202+0000] {dag.py:3834} INFO - Setting next_dagrun for etl_process to 2026-06-02 11:00:00+00:00, run_after=2026-06-02 12:00:00+00:00
[2026-06-02T11:20:17.227+0000] {processor.py:183} INFO - Processing /opt/airflow/dags/dag_1.py took 0.105 seconds
[2026-06-02T11:20:47.514+0000] {processor.py:161} INFO - Started process (PID=4397) to work on /opt/airflow/dags/dag_1.py
[2026-06-02T11:20:47.516+0000] {processor.py:830} INFO - Processing file /opt/airflow/dags/dag_1.py for tasks to queue
[2026-06-02T11:20:47.517+0000] {logging_mixin.py:188} INFO - [2026-06-02T11:20:47.516+0000] {dagbag.py:540} INFO - Filling up the DagBag from /opt/airflow/dags/dag_1.py
[2026-06-02T11:20:47.539+0000] {processor.py:840} INFO - DAG(s) 'etl_process' retrieved from /opt/airflow/dags/dag_1.py
[2026-06-02T11:20:47.564+0000] {logging_mixin.py:188} INFO - [2026-06-02T11:20:47.563+0000] {dag.py:3047} INFO - Sync 1 DAGs
[2026-06-02T11:20:47.600+0000] {logging_mixin.py:188} INFO - [2026-06-02T11:20:47.599+0000] {dag.py:3834} INFO - Setting next_dagrun for etl_process to 2026-06-02 11:00:00+00:00, run_after=2026-06-02 12:00:00+00:00
[2026-06-02T11:20:47.629+0000] {processor.py:183} INFO - Processing /opt/airflow/dags/dag_1.py took 0.118 seconds
[2026-06-02T11:21:17.823+0000] {processor.py:161} INFO - Started process (PID=4407) to work on /opt/airflow/dags/dag_1.py
[2026-06-02T11:21:17.824+0000] {processor.py:830} INFO - Processing file /opt/airflow/dags/dag_1.py for tasks to queue
[2026-06-02T11:21:17.825+0000] {logging_mixin.py:188} INFO - [2026-06-02T11:21:17.825+0000] {dagbag.py:540} INFO - Filling up the DagBag from /opt/airflow/dags/dag_1.py
[2026-06-02T11:21:17.845+0000] {processor.py:840} INFO - DAG(s) 'etl_process' retrieved from /opt/airflow/dags/dag_1.py
[2026-06-02T11:21:17.869+0000] {logging_mixin.py:188} INFO - [2026-06-02T11:21:17.869+0000] {dag.py:3047} INFO - Sync 1 DAGs
[2026-06-02T11:21:17.900+0000] {logging_mixin.py:188} INFO - [2026-06-02T11:21:17.900+0000] {dag.py:3834} INFO - Setting next_dagrun for etl_process to 2026-06-02 11:00:00+00:00, run_after=2026-06-02 12:00:00+00:00
[2026-06-02T11:21:17.933+0000] {processor.py:183} INFO - Processing /opt/airflow/dags/dag_1.py took 0.114 seconds
[2026-06-02T11:21:48.317+0000] {processor.py:161} INFO - Started process (PID=4417) to work on /opt/airflow/dags/dag_1.py
[2026-06-02T11:21:48.318+0000] {processor.py:830} INFO - Processing file /opt/airflow/dags/dag_1.py for tasks to queue
[2026-06-02T11:21:48.319+0000] {logging_mixin.py:188} INFO - [2026-06-02T11:21:48.318+0000] {dagbag.py:540} INFO - Filling up the DagBag from /opt/airflow/dags/dag_1.py
[2026-06-02T11:21:48.335+0000] {processor.py:840} INFO - DAG(s) 'etl_process' retrieved from /opt/airflow/dags/dag_1.py
[2026-06-02T11:21:48.354+0000] {logging_mixin.py:188} INFO - [2026-06-02T11:21:48.354+0000] {dag.py:3047} INFO - Sync 1 DAGs
[2026-06-02T11:21:48.376+0000] {logging_mixin.py:188} INFO - [2026-06-02T11:21:48.376+0000] {dag.py:3834} INFO - Setting next_dagrun for etl_process to 2026-06-02 11:00:00+00:00, run_after=2026-06-02 12:00:00+00:00
[2026-06-02T11:21:48.401+0000] {processor.py:183} INFO - Processing /opt/airflow/dags/dag_1.py took 0.087 seconds
[2026-06-02T11:22:18.724+0000] {processor.py:161} INFO - Started process (PID=4427) to work on /opt/airflow/dags/dag_1.py
[2026-06-02T11:22:18.725+0000] {processor.py:830} INFO - Processing file /opt/airflow/dags/dag_1.py for tasks to queue
[2026-06-02T11:22:18.726+0000] {logging_mixin.py:188} INFO - [2026-06-02T11:22:18.726+0000] {dagbag.py:540} INFO - Filling up the DagBag from /opt/airflow/dags/dag_1.py
[2026-06-02T11:22:18.741+0000] {processor.py:840} INFO - DAG(s) 'etl_process' retrieved from /opt/airflow/dags/dag_1.py
[2026-06-02T11:22:18.757+0000] {logging_mixin.py:188} INFO - [2026-06-02T11:22:18.757+0000] {dag.py:3047} INFO - Sync 1 DAGs
[2026-06-02T11:22:18.778+0000] {logging_mixin.py:188} INFO - [2026-06-02T11:22:18.777+0000] {dag.py:3834} INFO - Setting next_dagrun for etl_process to 2026-06-02 11:00:00+00:00, run_after=2026-06-02 12:00:00+00:00
[2026-06-02T11:22:18.798+0000] {processor.py:183} INFO - Processing /opt/airflow/dags/dag_1.py took 0.076 seconds
[2026-06-02T11:22:33.978+0000] {processor.py:161} INFO - Started process (PID=4437) to work on /opt/airflow/dags/dag_1.py
[2026-06-02T11:22:33.979+0000] {processor.py:830} INFO - Processing file /opt/airflow/dags/dag_1.py for tasks to queue
[2026-06-02T11:22:33.979+0000] {logging_mixin.py:188} INFO - [2026-06-02T11:22:33.979+0000] {dagbag.py:540} INFO - Filling up the DagBag from /opt/airflow/dags/dag_1.py
[2026-06-02T11:22:34.000+0000] {processor.py:840} INFO - DAG(s) 'etl_process' retrieved from /opt/airflow/dags/dag_1.py
[2026-06-02T11:22:34.016+0000] {logging_mixin.py:188} INFO - [2026-06-02T11:22:34.016+0000] {dag.py:3047} INFO - Sync 1 DAGs
[2026-06-02T11:22:34.036+0000] {logging_mixin.py:188} INFO - [2026-06-02T11:22:34.036+0000] {dag.py:3834} INFO - Setting next_dagrun for etl_process to 2026-06-02 11:00:00+00:00, run_after=2026-06-02 12:00:00+00:00
[2026-06-02T11:22:34.058+0000] {processor.py:183} INFO - Processing /opt/airflow/dags/dag_1.py took 0.082 seconds
[2026-06-02T11:23:04.541+0000] {processor.py:161} INFO - Started process (PID=4453) to work on /opt/airflow/dags/dag_1.py
[2026-06-02T11:23:04.542+0000] {processor.py:830} INFO - Processing file /opt/airflow/dags/dag_1.py for tasks to queue
[2026-06-02T11:23:04.542+0000] {logging_mixin.py:188} INFO - [2026-06-02T11:23:04.542+0000] {dagbag.py:540} INFO - Filling up the DagBag from /opt/airflow/dags/dag_1.py
[2026-06-02T11:23:04.557+0000] {processor.py:840} INFO - DAG(s) 'etl_process' retrieved from /opt/airflow/dags/dag_1.py
[2026-06-02T11:23:04.573+0000] {logging_mixin.py:188} INFO - [2026-06-02T11:23:04.573+0000] {dag.py:3047} INFO - Sync 1 DAGs
[2026-06-02T11:23:04.595+0000] {logging_mixin.py:188} INFO - [2026-06-02T11:23:04.595+0000] {dag.py:3834} INFO - Setting next_dagrun for etl_process to 2026-06-02 11:00:00+00:00, run_after=2026-06-02 12:00:00+00:00
[2026-06-02T11:23:04.624+0000] {processor.py:183} INFO - Processing /opt/airflow/dags/dag_1.py took 0.086 seconds
[2026-06-02T11:23:34.874+0000] {processor.py:161} INFO - Started process (PID=4469) to work on /opt/airflow/dags/dag_1.py
[2026-06-02T11:23:34.875+0000] {processor.py:830} INFO - Processing file /opt/airflow/dags/dag_1.py for tasks to queue
[2026-06-02T11:23:34.876+0000] {logging_mixin.py:188} INFO - [2026-06-02T11:23:34.876+0000] {dagbag.py:540} INFO - Filling up the DagBag from /opt/airflow/dags/dag_1.py
[2026-06-02T11:23:34.892+0000] {processor.py:840} INFO - DAG(s) 'etl_process' retrieved from /opt/airflow/dags/dag_1.py
[2026-06-02T11:23:34.908+0000] {logging_mixin.py:188} INFO - [2026-06-02T11:23:34.908+0000] {dag.py:3047} INFO - Sync 1 DAGs
[2026-06-02T11:23:34.928+0000] {logging_mixin.py:188} INFO - [2026-06-02T11:23:34.928+0000] {dag.py:3834} INFO - Setting next_dagrun for etl_process to 2026-06-02 11:00:00+00:00, run_after=2026-06-02 12:00:00+00:00
[2026-06-02T11:23:34.952+0000] {processor.py:183} INFO - Processing /opt/airflow/dags/dag_1.py took 0.080 seconds
[2026-06-02T11:24:05.269+0000] {processor.py:161} INFO - Started process (PID=4479) to work on /opt/airflow/dags/dag_1.py
[2026-06-02T11:24:05.270+0000] {processor.py:830} INFO - Processing file /opt/airflow/dags/dag_1.py for tasks to queue
[2026-06-02T11:24:05.271+0000] {logging_mixin.py:188} INFO - [2026-06-02T11:24:05.271+0000] {dagbag.py:540} INFO - Filling up the DagBag from /opt/airflow/dags/dag_1.py
[2026-06-02T11:24:05.285+0000] {processor.py:840} INFO - DAG(s) 'etl_process' retrieved from /opt/airflow/dags/dag_1.py
[2026-06-02T11:24:05.305+0000] {logging_mixin.py:188} INFO - [2026-06-02T11:24:05.304+0000] {dag.py:3047} INFO - Sync 1 DAGs
[2026-06-02T11:24:05.328+0000] {logging_mixin.py:188} INFO - [2026-06-02T11:24:05.328+0000] {dag.py:3834} INFO - Setting next_dagrun for etl_process to 2026-06-02 11:00:00+00:00, run_after=2026-06-02 12:00:00+00:00
[2026-06-02T11:24:05.355+0000] {processor.py:183} INFO - Processing /opt/airflow/dags/dag_1.py took 0.088 seconds
[2026-06-02T11:24:35.657+0000] {processor.py:161} INFO - Started process (PID=4489) to work on /opt/airflow/dags/dag_1.py
[2026-06-02T11:24:35.658+0000] {processor.py:830} INFO - Processing file /opt/airflow/dags/dag_1.py for tasks to queue
[2026-06-02T11:24:35.659+0000] {logging_mixin.py:188} INFO - [2026-06-02T11:24:35.659+0000] {dagbag.py:540} INFO - Filling up the DagBag from /opt/airflow/dags/dag_1.py
[2026-06-02T11:24:35.675+0000] {processor.py:840} INFO - DAG(s) 'etl_process' retrieved from /opt/airflow/dags/dag_1.py
[2026-06-02T11:24:35.694+0000] {logging_mixin.py:188} INFO - [2026-06-02T11:24:35.694+0000] {dag.py:3047} INFO - Sync 1 DAGs
[2026-06-02T11:24:35.719+0000] {logging_mixin.py:188} INFO - [2026-06-02T11:24:35.719+0000] {dag.py:3834} INFO - Setting next_dagrun for etl_process to 2026-06-02 11:00:00+00:00, run_after=2026-06-02 12:00:00+00:00
[2026-06-02T11:24:35.740+0000] {processor.py:183} INFO - Processing /opt/airflow/dags/dag_1.py took 0.086 seconds
[2026-06-02T11:25:06.005+0000] {processor.py:161} INFO - Started process (PID=4499) to work on /opt/airflow/dags/dag_1.py
[2026-06-02T11:25:06.006+0000] {processor.py:830} INFO - Processing file /opt/airflow/dags/dag_1.py for tasks to queue
[2026-06-02T11:25:06.007+0000] {logging_mixin.py:188} INFO - [2026-06-02T11:25:06.006+0000] {dagbag.py:540} INFO - Filling up the DagBag from /opt/airflow/dags/dag_1.py
[2026-06-02T11:25:06.022+0000] {processor.py:840} INFO - DAG(s) 'etl_process' retrieved from /opt/airflow/dags/dag_1.py
[2026-06-02T11:25:06.037+0000] {logging_mixin.py:188} INFO - [2026-06-02T11:25:06.037+0000] {dag.py:3047} INFO - Sync 1 DAGs
[2026-06-02T11:25:06.057+0000] {logging_mixin.py:188} INFO - [2026-06-02T11:25:06.057+0000] {dag.py:3834} INFO - Setting next_dagrun for etl_process to 2026-06-02 11:00:00+00:00, run_after=2026-06-02 12:00:00+00:00
[2026-06-02T11:25:06.076+0000] {processor.py:183} INFO - Processing /opt/airflow/dags/dag_1.py took 0.074 seconds
[2026-06-02T11:25:36.331+0000] {processor.py:161} INFO - Started process (PID=4509) to work on /opt/airflow/dags/dag_1.py
[2026-06-02T11:25:36.332+0000] {processor.py:830} INFO - Processing file /opt/airflow/dags/dag_1.py for tasks to queue
[2026-06-02T11:25:36.333+0000] {logging_mixin.py:188} INFO - [2026-06-02T11:25:36.333+0000] {dagbag.py:540} INFO - Filling up the DagBag from /opt/airflow/dags/dag_1.py
[2026-06-02T11:25:36.351+0000] {processor.py:840} INFO - DAG(s) 'etl_process' retrieved from /opt/airflow/dags/dag_1.py
[2026-06-02T11:25:36.375+0000] {logging_mixin.py:188} INFO - [2026-06-02T11:25:36.374+0000] {dag.py:3047} INFO - Sync 1 DAGs
[2026-06-02T11:25:36.406+0000] {logging_mixin.py:188} INFO - [2026-06-02T11:25:36.406+0000] {dag.py:3834} INFO - Setting next_dagrun for etl_process to 2026-06-02 11:00:00+00:00, run_after=2026-06-02 12:00:00+00:00
[2026-06-02T11:25:36.435+0000] {processor.py:183} INFO - Processing /opt/airflow/dags/dag_1.py took 0.107 seconds
[2026-06-02T11:26:06.888+0000] {processor.py:161} INFO - Started process (PID=4519) to work on /opt/airflow/dags/dag_1.py
[2026-06-02T11:26:06.889+0000] {processor.py:830} INFO - Processing file /opt/airflow/dags/dag_1.py for tasks to queue
[2026-06-02T11:26:06.890+0000] {logging_mixin.py:188} INFO - [2026-06-02T11:26:06.890+0000] {dagbag.py:540} INFO - Filling up the DagBag from /opt/airflow/dags/dag_1.py
[2026-06-02T11:26:06.906+0000] {processor.py:840} INFO - DAG(s) 'etl_process' retrieved from /opt/airflow/dags/dag_1.py
[2026-06-02T11:26:06.924+0000] {logging_mixin.py:188} INFO - [2026-06-02T11:26:06.924+0000] {dag.py:3047} INFO - Sync 1 DAGs
[2026-06-02T11:26:06.947+0000] {logging_mixin.py:188} INFO - [2026-06-02T11:26:06.947+0000] {dag.py:3834} INFO - Setting next_dagrun for etl_process to 2026-06-02 11:00:00+00:00, run_after=2026-06-02 12:00:00+00:00
[2026-06-02T11:26:06.975+0000] {processor.py:183} INFO - Processing /opt/airflow/dags/dag_1.py took 0.089 seconds
[2026-06-02T11:26:37.248+0000] {processor.py:161} INFO - Started process (PID=4529) to work on /opt/airflow/dags/dag_1.py
[2026-06-02T11:26:37.249+0000] {processor.py:830} INFO - Processing file /opt/airflow/dags/dag_1.py for tasks to queue
[2026-06-02T11:26:37.251+0000] {logging_mixin.py:188} INFO - [2026-06-02T11:26:37.251+0000] {dagbag.py:540} INFO - Filling up the DagBag from /opt/airflow/dags/dag_1.py
[2026-06-02T11:26:37.265+0000] {processor.py:840} INFO - DAG(s) 'etl_process' retrieved from /opt/airflow/dags/dag_1.py
[2026-06-02T11:26:37.282+0000] {logging_mixin.py:188} INFO - [2026-06-02T11:26:37.282+0000] {dag.py:3047} INFO - Sync 1 DAGs
[2026-06-02T11:26:37.303+0000] {logging_mixin.py:188} INFO - [2026-06-02T11:26:37.303+0000] {dag.py:3834} INFO - Setting next_dagrun for etl_process to 2026-06-02 11:00:00+00:00, run_after=2026-06-02 12:00:00+00:00
[2026-06-02T11:26:37.324+0000] {processor.py:183} INFO - Processing /opt/airflow/dags/dag_1.py took 0.078 seconds
[2026-06-02T11:27:07.591+0000] {processor.py:161} INFO - Started process (PID=4539) to work on /opt/airflow/dags/dag_1.py
[2026-06-02T11:27:07.592+0000] {processor.py:830} INFO - Processing file /opt/airflow/dags/dag_1.py for tasks to queue
[2026-06-02T11:27:07.593+0000] {logging_mixin.py:188} INFO - [2026-06-02T11:27:07.592+0000] {dagbag.py:540} INFO - Filling up the DagBag from /opt/airflow/dags/dag_1.py
[2026-06-02T11:27:07.609+0000] {processor.py:840} INFO - DAG(s) 'etl_process' retrieved from /opt/airflow/dags/dag_1.py
[2026-06-02T11:27:07.627+0000] {logging_mixin.py:188} INFO - [2026-06-02T11:27:07.627+0000] {dag.py:3047} INFO - Sync 1 DAGs
[2026-06-02T11:27:07.647+0000] {logging_mixin.py:188} INFO - [2026-06-02T11:27:07.647+0000] {dag.py:3834} INFO - Setting next_dagrun for etl_process to 2026-06-02 11:00:00+00:00, run_after=2026-06-02 12:00:00+00:00
[2026-06-02T11:27:07.672+0000] {processor.py:183} INFO - Processing /opt/airflow/dags/dag_1.py took 0.086 seconds
[2026-06-02T11:27:37.940+0000] {processor.py:161} INFO - Started process (PID=4549) to work on /opt/airflow/dags/dag_1.py
[2026-06-02T11:27:37.941+0000] {processor.py:830} INFO - Processing file /opt/airflow/dags/dag_1.py for tasks to queue
[2026-06-02T11:27:37.942+0000] {logging_mixin.py:188} INFO - [2026-06-02T11:27:37.942+0000] {dagbag.py:540} INFO - Filling up the DagBag from /opt/airflow/dags/dag_1.py
[2026-06-02T11:27:37.959+0000] {processor.py:840} INFO - DAG(s) 'etl_process' retrieved from /opt/airflow/dags/dag_1.py
[2026-06-02T11:27:37.979+0000] {logging_mixin.py:188} INFO - [2026-06-02T11:27:37.979+0000] {dag.py:3047} INFO - Sync 1 DAGs
[2026-06-02T11:27:38.003+0000] {logging_mixin.py:188} INFO - [2026-06-02T11:27:38.003+0000] {dag.py:3834} INFO - Setting next_dagrun for etl_process to 2026-06-02 11:00:00+00:00, run_after=2026-06-02 12:00:00+00:00
[2026-06-02T11:27:38.027+0000] {processor.py:183} INFO - Processing /opt/airflow/dags/dag_1.py took 0.089 seconds
[2026-06-02T11:28:08.283+0000] {processor.py:161} INFO - Started process (PID=4559) to work on /opt/airflow/dags/dag_1.py
[2026-06-02T11:28:08.285+0000] {processor.py:830} INFO - Processing file /opt/airflow/dags/dag_1.py for tasks to queue
[2026-06-02T11:28:08.287+0000] {logging_mixin.py:188} INFO - [2026-06-02T11:28:08.286+0000] {dagbag.py:540} INFO - Filling up the DagBag from /opt/airflow/dags/dag_1.py
[2026-06-02T11:28:08.316+0000] {processor.py:840} INFO - DAG(s) 'etl_process' retrieved from /opt/airflow/dags/dag_1.py
[2026-06-02T11:28:08.347+0000] {logging_mixin.py:188} INFO - [2026-06-02T11:28:08.346+0000] {dag.py:3047} INFO - Sync 1 DAGs
[2026-06-02T11:28:08.375+0000] {logging_mixin.py:188} INFO - [2026-06-02T11:28:08.375+0000] {dag.py:3834} INFO - Setting next_dagrun for etl_process to 2026-06-02 11:00:00+00:00, run_after=2026-06-02 12:00:00+00:00
[2026-06-02T11:28:08.395+0000] {processor.py:183} INFO - Processing /opt/airflow/dags/dag_1.py took 0.116 seconds
[2026-06-02T11:28:38.802+0000] {processor.py:161} INFO - Started process (PID=4569) to work on /opt/airflow/dags/dag_1.py
[2026-06-02T11:28:38.803+0000] {processor.py:830} INFO - Processing file /opt/airflow/dags/dag_1.py for tasks to queue
[2026-06-02T11:28:38.804+0000] {logging_mixin.py:188} INFO - [2026-06-02T11:28:38.803+0000] {dagbag.py:540} INFO - Filling up the DagBag from /opt/airflow/dags/dag_1.py
[2026-06-02T11:28:38.823+0000] {processor.py:840} INFO - DAG(s) 'etl_process' retrieved from /opt/airflow/dags/dag_1.py
[2026-06-02T11:28:38.848+0000] {logging_mixin.py:188} INFO - [2026-06-02T11:28:38.847+0000] {dag.py:3047} INFO - Sync 1 DAGs
[2026-06-02T11:28:38.874+0000] {logging_mixin.py:188} INFO - [2026-06-02T11:28:38.874+0000] {dag.py:3834} INFO - Setting next_dagrun for etl_process to 2026-06-02 11:00:00+00:00, run_after=2026-06-02 12:00:00+00:00
[2026-06-02T11:28:38.901+0000] {processor.py:183} INFO - Processing /opt/airflow/dags/dag_1.py took 0.102 seconds
[2026-06-02T11:29:09.280+0000] {processor.py:161} INFO - Started process (PID=4579) to work on /opt/airflow/dags/dag_1.py
[2026-06-02T11:29:09.281+0000] {processor.py:830} INFO - Processing file /opt/airflow/dags/dag_1.py for tasks to queue
[2026-06-02T11:29:09.281+0000] {logging_mixin.py:188} INFO - [2026-06-02T11:29:09.281+0000] {dagbag.py:540} INFO - Filling up the DagBag from /opt/airflow/dags/dag_1.py
[2026-06-02T11:29:09.296+0000] {processor.py:840} INFO - DAG(s) 'etl_process' retrieved from /opt/airflow/dags/dag_1.py
[2026-06-02T11:29:09.313+0000] {logging_mixin.py:188} INFO - [2026-06-02T11:29:09.312+0000] {dag.py:3047} INFO - Sync 1 DAGs
[2026-06-02T11:29:09.337+0000] {logging_mixin.py:188} INFO - [2026-06-02T11:29:09.336+0000] {dag.py:3834} INFO - Setting next_dagrun for etl_process to 2026-06-02 11:00:00+00:00, run_after=2026-06-02 12:00:00+00:00
[2026-06-02T11:29:09.363+0000] {processor.py:183} INFO - Processing /opt/airflow/dags/dag_1.py took 0.085 seconds
[2026-06-02T11:29:39.647+0000] {processor.py:161} INFO - Started process (PID=4589) to work on /opt/airflow/dags/dag_1.py
[2026-06-02T11:29:39.648+0000] {processor.py:830} INFO - Processing file /opt/airflow/dags/dag_1.py for tasks to queue
[2026-06-02T11:29:39.649+0000] {logging_mixin.py:188} INFO - [2026-06-02T11:29:39.649+0000] {dagbag.py:540} INFO - Filling up the DagBag from /opt/airflow/dags/dag_1.py
[2026-06-02T11:29:39.667+0000] {processor.py:840} INFO - DAG(s) 'etl_process' retrieved from /opt/airflow/dags/dag_1.py
[2026-06-02T11:29:39.691+0000] {logging_mixin.py:188} INFO - [2026-06-02T11:29:39.690+0000] {dag.py:3047} INFO - Sync 1 DAGs
[2026-06-02T11:29:39.718+0000] {logging_mixin.py:188} INFO - [2026-06-02T11:29:39.718+0000] {dag.py:3834} INFO - Setting next_dagrun for etl_process to 2026-06-02 11:00:00+00:00, run_after=2026-06-02 12:00:00+00:00
[2026-06-02T11:29:39.736+0000] {processor.py:183} INFO - Processing /opt/airflow/dags/dag_1.py took 0.092 seconds
[2026-06-02T11:30:09.908+0000] {processor.py:161} INFO - Started process (PID=4599) to work on /opt/airflow/dags/dag_1.py
[2026-06-02T11:30:09.909+0000] {processor.py:830} INFO - Processing file /opt/airflow/dags/dag_1.py for tasks to queue
[2026-06-02T11:30:09.910+0000] {logging_mixin.py:188} INFO - [2026-06-02T11:30:09.909+0000] {dagbag.py:540} INFO - Filling up the DagBag from /opt/airflow/dags/dag_1.py
[2026-06-02T11:30:09.925+0000] {processor.py:840} INFO - DAG(s) 'etl_process' retrieved from /opt/airflow/dags/dag_1.py
[2026-06-02T11:30:09.942+0000] {logging_mixin.py:188} INFO - [2026-06-02T11:30:09.941+0000] {dag.py:3047} INFO - Sync 1 DAGs
[2026-06-02T11:30:09.963+0000] {logging_mixin.py:188} INFO - [2026-06-02T11:30:09.963+0000] {dag.py:3834} INFO - Setting next_dagrun for etl_process to 2026-06-02 11:00:00+00:00, run_after=2026-06-02 12:00:00+00:00
[2026-06-02T11:30:09.989+0000] {processor.py:183} INFO - Processing /opt/airflow/dags/dag_1.py took 0.083 seconds
[2026-06-02T11:30:40.303+0000] {processor.py:161} INFO - Started process (PID=4609) to work on /opt/airflow/dags/dag_1.py
[2026-06-02T11:30:40.304+0000] {processor.py:830} INFO - Processing file /opt/airflow/dags/dag_1.py for tasks to queue
[2026-06-02T11:30:40.305+0000] {logging_mixin.py:188} INFO - [2026-06-02T11:30:40.305+0000] {dagbag.py:540} INFO - Filling up the DagBag from /opt/airflow/dags/dag_1.py
[2026-06-02T11:30:40.322+0000] {processor.py:840} INFO - DAG(s) 'etl_process' retrieved from /opt/airflow/dags/dag_1.py
[2026-06-02T11:30:40.342+0000] {logging_mixin.py:188} INFO - [2026-06-02T11:30:40.341+0000] {dag.py:3047} INFO - Sync 1 DAGs
[2026-06-02T11:30:40.369+0000] {logging_mixin.py:188} INFO - [2026-06-02T11:30:40.369+0000] {dag.py:3834} INFO - Setting next_dagrun for etl_process to 2026-06-02 11:00:00+00:00, run_after=2026-06-02 12:00:00+00:00
[2026-06-02T11:30:40.387+0000] {processor.py:183} INFO - Processing /opt/airflow/dags/dag_1.py took 0.087 seconds
[2026-06-02T11:31:10.649+0000] {processor.py:161} INFO - Started process (PID=4619) to work on /opt/airflow/dags/dag_1.py
[2026-06-02T11:31:10.649+0000] {processor.py:830} INFO - Processing file /opt/airflow/dags/dag_1.py for tasks to queue
[2026-06-02T11:31:10.650+0000] {logging_mixin.py:188} INFO - [2026-06-02T11:31:10.650+0000] {dagbag.py:540} INFO - Filling up the DagBag from /opt/airflow/dags/dag_1.py
[2026-06-02T11:31:10.664+0000] {processor.py:840} INFO - DAG(s) 'etl_process' retrieved from /opt/airflow/dags/dag_1.py
[2026-06-02T11:31:10.681+0000] {logging_mixin.py:188} INFO - [2026-06-02T11:31:10.681+0000] {dag.py:3047} INFO - Sync 1 DAGs
[2026-06-02T11:31:10.705+0000] {logging_mixin.py:188} INFO - [2026-06-02T11:31:10.705+0000] {dag.py:3834} INFO - Setting next_dagrun for etl_process to 2026-06-02 11:00:00+00:00, run_after=2026-06-02 12:00:00+00:00
[2026-06-02T11:31:10.731+0000] {processor.py:183} INFO - Processing /opt/airflow/dags/dag_1.py took 0.085 seconds
[2026-06-02T11:31:41.018+0000] {processor.py:161} INFO - Started process (PID=4629) to work on /opt/airflow/dags/dag_1.py
[2026-06-02T11:31:41.020+0000] {processor.py:830} INFO - Processing file /opt/airflow/dags/dag_1.py for tasks to queue
[2026-06-02T11:31:41.021+0000] {logging_mixin.py:188} INFO - [2026-06-02T11:31:41.020+0000] {dagbag.py:540} INFO - Filling up the DagBag from /opt/airflow/dags/dag_1.py
[2026-06-02T11:31:41.042+0000] {processor.py:840} INFO - DAG(s) 'etl_process' retrieved from /opt/airflow/dags/dag_1.py
[2026-06-02T11:31:41.066+0000] {logging_mixin.py:188} INFO - [2026-06-02T11:31:41.065+0000] {dag.py:3047} INFO - Sync 1 DAGs
[2026-06-02T11:31:41.097+0000] {logging_mixin.py:188} INFO - [2026-06-02T11:31:41.097+0000] {dag.py:3834} INFO - Setting next_dagrun for etl_process to 2026-06-02 11:00:00+00:00, run_after=2026-06-02 12:00:00+00:00
[2026-06-02T11:31:41.126+0000] {processor.py:183} INFO - Processing /opt/airflow/dags/dag_1.py took 0.111 seconds
[2026-06-02T11:32:11.426+0000] {processor.py:161} INFO - Started process (PID=4639) to work on /opt/airflow/dags/dag_1.py
[2026-06-02T11:32:11.427+0000] {processor.py:830} INFO - Processing file /opt/airflow/dags/dag_1.py for tasks to queue
[2026-06-02T11:32:11.428+0000] {logging_mixin.py:188} INFO - [2026-06-02T11:32:11.427+0000] {dagbag.py:540} INFO - Filling up the DagBag from /opt/airflow/dags/dag_1.py
[2026-06-02T11:32:11.440+0000] {processor.py:840} INFO - DAG(s) 'etl_process' retrieved from /opt/airflow/dags/dag_1.py
[2026-06-02T11:32:11.456+0000] {logging_mixin.py:188} INFO - [2026-06-02T11:32:11.455+0000] {dag.py:3047} INFO - Sync 1 DAGs
[2026-06-02T11:32:11.475+0000] {logging_mixin.py:188} INFO - [2026-06-02T11:32:11.474+0000] {dag.py:3834} INFO - Setting next_dagrun for etl_process to 2026-06-02 11:00:00+00:00, run_after=2026-06-02 12:00:00+00:00
[2026-06-02T11:32:11.492+0000] {processor.py:183} INFO - Processing /opt/airflow/dags/dag_1.py took 0.069 seconds
[2026-06-02T11:32:41.786+0000] {processor.py:161} INFO - Started process (PID=4649) to work on /opt/airflow/dags/dag_1.py
[2026-06-02T11:32:41.787+0000] {processor.py:830} INFO - Processing file /opt/airflow/dags/dag_1.py for tasks to queue
[2026-06-02T11:32:41.787+0000] {logging_mixin.py:188} INFO - [2026-06-02T11:32:41.787+0000] {dagbag.py:540} INFO - Filling up the DagBag from /opt/airflow/dags/dag_1.py
[2026-06-02T11:32:41.801+0000] {processor.py:840} INFO - DAG(s) 'etl_process' retrieved from /opt/airflow/dags/dag_1.py
[2026-06-02T11:32:41.817+0000] {logging_mixin.py:188} INFO - [2026-06-02T11:32:41.816+0000] {dag.py:3047} INFO - Sync 1 DAGs
[2026-06-02T11:32:41.836+0000] {logging_mixin.py:188} INFO - [2026-06-02T11:32:41.835+0000] {dag.py:3834} INFO - Setting next_dagrun for etl_process to 2026-06-02 11:00:00+00:00, run_after=2026-06-02 12:00:00+00:00
[2026-06-02T11:32:41.857+0000] {processor.py:183} INFO - Processing /opt/airflow/dags/dag_1.py took 0.074 seconds
[2026-06-02T11:33:12.122+0000] {processor.py:161} INFO - Started process (PID=4659) to work on /opt/airflow/dags/dag_1.py
[2026-06-02T11:33:12.123+0000] {processor.py:830} INFO - Processing file /opt/airflow/dags/dag_1.py for tasks to queue
[2026-06-02T11:33:12.124+0000] {logging_mixin.py:188} INFO - [2026-06-02T11:33:12.124+0000] {dagbag.py:540} INFO - Filling up the DagBag from /opt/airflow/dags/dag_1.py
[2026-06-02T11:33:12.136+0000] {processor.py:840} INFO - DAG(s) 'etl_process' retrieved from /opt/airflow/dags/dag_1.py
[2026-06-02T11:33:12.153+0000] {logging_mixin.py:188} INFO - [2026-06-02T11:33:12.153+0000] {dag.py:3047} INFO - Sync 1 DAGs
[2026-06-02T11:33:12.172+0000] {logging_mixin.py:188} INFO - [2026-06-02T11:33:12.172+0000] {dag.py:3834} INFO - Setting next_dagrun for etl_process to 2026-06-02 11:00:00+00:00, run_after=2026-06-02 12:00:00+00:00
[2026-06-02T11:33:12.192+0000] {processor.py:183} INFO - Processing /opt/airflow/dags/dag_1.py took 0.072 seconds
[2026-06-02T11:33:42.684+0000] {processor.py:161} INFO - Started process (PID=4669) to work on /opt/airflow/dags/dag_1.py
[2026-06-02T11:33:42.685+0000] {processor.py:830} INFO - Processing file /opt/airflow/dags/dag_1.py for tasks to queue
[2026-06-02T11:33:42.686+0000] {logging_mixin.py:188} INFO - [2026-06-02T11:33:42.686+0000] {dagbag.py:540} INFO - Filling up the DagBag from /opt/airflow/dags/dag_1.py
[2026-06-02T11:33:42.700+0000] {processor.py:840} INFO - DAG(s) 'etl_process' retrieved from /opt/airflow/dags/dag_1.py
[2026-06-02T11:33:42.718+0000] {logging_mixin.py:188} INFO - [2026-06-02T11:33:42.718+0000] {dag.py:3047} INFO - Sync 1 DAGs
[2026-06-02T11:33:42.738+0000] {logging_mixin.py:188} INFO - [2026-06-02T11:33:42.738+0000] {dag.py:3834} INFO - Setting next_dagrun for etl_process to 2026-06-02 11:00:00+00:00, run_after=2026-06-02 12:00:00+00:00
[2026-06-02T11:33:42.766+0000] {processor.py:183} INFO - Processing /opt/airflow/dags/dag_1.py took 0.085 seconds
[2026-06-02T11:34:12.998+0000] {processor.py:161} INFO - Started process (PID=4679) to work on /opt/airflow/dags/dag_1.py
[2026-06-02T11:34:12.999+0000] {processor.py:830} INFO - Processing file /opt/airflow/dags/dag_1.py for tasks to queue
[2026-06-02T11:34:13.002+0000] {logging_mixin.py:188} INFO - [2026-06-02T11:34:13.001+0000] {dagbag.py:540} INFO - Filling up the DagBag from /opt/airflow/dags/dag_1.py
[2026-06-02T11:34:13.025+0000] {processor.py:840} INFO - DAG(s) 'etl_process' retrieved from /opt/airflow/dags/dag_1.py
[2026-06-02T11:34:13.048+0000] {logging_mixin.py:188} INFO - [2026-06-02T11:34:13.047+0000] {dag.py:3047} INFO - Sync 1 DAGs
[2026-06-02T11:34:13.073+0000] {logging_mixin.py:188} INFO - [2026-06-02T11:34:13.073+0000] {dag.py:3834} INFO - Setting next_dagrun for etl_process to 2026-06-02 11:00:00+00:00, run_after=2026-06-02 12:00:00+00:00
[2026-06-02T11:34:13.093+0000] {processor.py:183} INFO - Processing /opt/airflow/dags/dag_1.py took 0.099 seconds
[2026-06-02T11:34:43.532+0000] {processor.py:161} INFO - Started process (PID=4689) to work on /opt/airflow/dags/dag_1.py
[2026-06-02T11:34:43.533+0000] {processor.py:830} INFO - Processing file /opt/airflow/dags/dag_1.py for tasks to queue
[2026-06-02T11:34:43.533+0000] {logging_mixin.py:188} INFO - [2026-06-02T11:34:43.533+0000] {dagbag.py:540} INFO - Filling up the DagBag from /opt/airflow/dags/dag_1.py
[2026-06-02T11:34:43.551+0000] {processor.py:840} INFO - DAG(s) 'etl_process' retrieved from /opt/airflow/dags/dag_1.py
[2026-06-02T11:34:43.571+0000] {logging_mixin.py:188} INFO - [2026-06-02T11:34:43.571+0000] {dag.py:3047} INFO - Sync 1 DAGs
[2026-06-02T11:34:43.598+0000] {logging_mixin.py:188} INFO - [2026-06-02T11:34:43.598+0000] {dag.py:3834} INFO - Setting next_dagrun for etl_process to 2026-06-02 11:00:00+00:00, run_after=2026-06-02 12:00:00+00:00
[2026-06-02T11:34:43.627+0000] {processor.py:183} INFO - Processing /opt/airflow/dags/dag_1.py took 0.098 seconds
[2026-06-02T11:35:13.897+0000] {processor.py:161} INFO - Started process (PID=4699) to work on /opt/airflow/dags/dag_1.py
[2026-06-02T11:35:13.898+0000] {processor.py:830} INFO - Processing file /opt/airflow/dags/dag_1.py for tasks to queue
[2026-06-02T11:35:13.899+0000] {logging_mixin.py:188} INFO - [2026-06-02T11:35:13.899+0000] {dagbag.py:540} INFO - Filling up the DagBag from /opt/airflow/dags/dag_1.py
[2026-06-02T11:35:13.916+0000] {processor.py:840} INFO - DAG(s) 'etl_process' retrieved from /opt/airflow/dags/dag_1.py
[2026-06-02T11:35:13.937+0000] {logging_mixin.py:188} INFO - [2026-06-02T11:35:13.937+0000] {dag.py:3047} INFO - Sync 1 DAGs
[2026-06-02T11:35:13.963+0000] {logging_mixin.py:188} INFO - [2026-06-02T11:35:13.962+0000] {dag.py:3834} INFO - Setting next_dagrun for etl_process to 2026-06-02 11:00:00+00:00, run_after=2026-06-02 12:00:00+00:00
[2026-06-02T11:35:13.993+0000] {processor.py:183} INFO - Processing /opt/airflow/dags/dag_1.py took 0.099 seconds
[2026-06-02T11:35:44.269+0000] {processor.py:161} INFO - Started process (PID=4709) to work on /opt/airflow/dags/dag_1.py
[2026-06-02T11:35:44.271+0000] {processor.py:830} INFO - Processing file /opt/airflow/dags/dag_1.py for tasks to queue
[2026-06-02T11:35:44.272+0000] {logging_mixin.py:188} INFO - [2026-06-02T11:35:44.272+0000] {dagbag.py:540} INFO - Filling up the DagBag from /opt/airflow/dags/dag_1.py
[2026-06-02T11:35:44.296+0000] {processor.py:840} INFO - DAG(s) 'etl_process' retrieved from /opt/airflow/dags/dag_1.py
[2026-06-02T11:35:44.326+0000] {logging_mixin.py:188} INFO - [2026-06-02T11:35:44.326+0000] {dag.py:3047} INFO - Sync 1 DAGs
[2026-06-02T11:35:44.358+0000] {logging_mixin.py:188} INFO - [2026-06-02T11:35:44.358+0000] {dag.py:3834} INFO - Setting next_dagrun for etl_process to 2026-06-02 11:00:00+00:00, run_after=2026-06-02 12:00:00+00:00
[2026-06-02T11:35:44.382+0000] {processor.py:183} INFO - Processing /opt/airflow/dags/dag_1.py took 0.116 seconds
[2026-06-02T11:36:15.202+0000] {processor.py:161} INFO - Started process (PID=4719) to work on /opt/airflow/dags/dag_1.py
[2026-06-02T11:36:15.203+0000] {processor.py:830} INFO - Processing file /opt/airflow/dags/dag_1.py for tasks to queue
[2026-06-02T11:36:15.205+0000] {logging_mixin.py:188} INFO - [2026-06-02T11:36:15.204+0000] {dagbag.py:540} INFO - Filling up the DagBag from /opt/airflow/dags/dag_1.py
[2026-06-02T11:36:15.228+0000] {processor.py:840} INFO - DAG(s) 'etl_process' retrieved from /opt/airflow/dags/dag_1.py
[2026-06-02T11:36:15.250+0000] {logging_mixin.py:188} INFO - [2026-06-02T11:36:15.249+0000] {dag.py:3047} INFO - Sync 1 DAGs
[2026-06-02T11:36:15.277+0000] {logging_mixin.py:188} INFO - [2026-06-02T11:36:15.276+0000] {dag.py:3834} INFO - Setting next_dagrun for etl_process to 2026-06-02 11:00:00+00:00, run_after=2026-06-02 12:00:00+00:00
[2026-06-02T11:36:15.303+0000] {processor.py:183} INFO - Processing /opt/airflow/dags/dag_1.py took 0.104 seconds
[2026-06-02T11:36:46.260+0000] {processor.py:161} INFO - Started process (PID=4730) to work on /opt/airflow/dags/dag_1.py
[2026-06-02T11:36:46.261+0000] {processor.py:830} INFO - Processing file /opt/airflow/dags/dag_1.py for tasks to queue
[2026-06-02T11:36:46.262+0000] {logging_mixin.py:188} INFO - [2026-06-02T11:36:46.262+0000] {dagbag.py:540} INFO - Filling up the DagBag from /opt/airflow/dags/dag_1.py
[2026-06-02T11:36:46.306+0000] {processor.py:840} INFO - DAG(s) 'etl_process' retrieved from /opt/airflow/dags/dag_1.py
[2026-06-02T11:36:46.416+0000] {logging_mixin.py:188} INFO - [2026-06-02T11:36:46.416+0000] {dag.py:3047} INFO - Sync 1 DAGs
[2026-06-02T11:36:46.518+0000] {logging_mixin.py:188} INFO - [2026-06-02T11:36:46.517+0000] {dag.py:3834} INFO - Setting next_dagrun for etl_process to 2026-06-02 11:00:00+00:00, run_after=2026-06-02 12:00:00+00:00
[2026-06-02T11:36:46.613+0000] {processor.py:183} INFO - Processing /opt/airflow/dags/dag_1.py took 0.357 seconds
[2026-06-02T11:37:17.455+0000] {processor.py:161} INFO - Started process (PID=4745) to work on /opt/airflow/dags/dag_1.py
[2026-06-02T11:37:17.459+0000] {processor.py:830} INFO - Processing file /opt/airflow/dags/dag_1.py for tasks to queue
[2026-06-02T11:37:17.462+0000] {logging_mixin.py:188} INFO - [2026-06-02T11:37:17.461+0000] {dagbag.py:540} INFO - Filling up the DagBag from /opt/airflow/dags/dag_1.py
[2026-06-02T11:37:17.539+0000] {processor.py:840} INFO - DAG(s) 'etl_process' retrieved from /opt/airflow/dags/dag_1.py
[2026-06-02T11:37:17.581+0000] {logging_mixin.py:188} INFO - [2026-06-02T11:37:17.580+0000] {dag.py:3047} INFO - Sync 1 DAGs
[2026-06-02T11:37:17.624+0000] {logging_mixin.py:188} INFO - [2026-06-02T11:37:17.624+0000] {dag.py:3834} INFO - Setting next_dagrun for etl_process to 2026-06-02 11:00:00+00:00, run_after=2026-06-02 12:00:00+00:00
[2026-06-02T11:37:17.671+0000] {processor.py:183} INFO - Processing /opt/airflow/dags/dag_1.py took 0.221 seconds
[2026-06-02T11:37:47.994+0000] {processor.py:161} INFO - Started process (PID=4755) to work on /opt/airflow/dags/dag_1.py
[2026-06-02T11:37:47.995+0000] {processor.py:830} INFO - Processing file /opt/airflow/dags/dag_1.py for tasks to queue
[2026-06-02T11:37:47.996+0000] {logging_mixin.py:188} INFO - [2026-06-02T11:37:47.996+0000] {dagbag.py:540} INFO - Filling up the DagBag from /opt/airflow/dags/dag_1.py
[2026-06-02T11:37:48.016+0000] {processor.py:840} INFO - DAG(s) 'etl_process' retrieved from /opt/airflow/dags/dag_1.py
[2026-06-02T11:37:48.037+0000] {logging_mixin.py:188} INFO - [2026-06-02T11:37:48.037+0000] {dag.py:3047} INFO - Sync 1 DAGs
[2026-06-02T11:37:48.062+0000] {logging_mixin.py:188} INFO - [2026-06-02T11:37:48.062+0000] {dag.py:3834} INFO - Setting next_dagrun for etl_process to 2026-06-02 11:00:00+00:00, run_after=2026-06-02 12:00:00+00:00
[2026-06-02T11:37:48.084+0000] {processor.py:183} INFO - Processing /opt/airflow/dags/dag_1.py took 0.093 seconds
[2026-06-02T11:38:18.942+0000] {processor.py:161} INFO - Started process (PID=4765) to work on /opt/airflow/dags/dag_1.py
[2026-06-02T11:38:18.943+0000] {processor.py:830} INFO - Processing file /opt/airflow/dags/dag_1.py for tasks to queue
[2026-06-02T11:38:18.944+0000] {logging_mixin.py:188} INFO - [2026-06-02T11:38:18.944+0000] {dagbag.py:540} INFO - Filling up the DagBag from /opt/airflow/dags/dag_1.py
[2026-06-02T11:38:18.964+0000] {processor.py:840} INFO - DAG(s) 'etl_process' retrieved from /opt/airflow/dags/dag_1.py
[2026-06-02T11:38:18.981+0000] {logging_mixin.py:188} INFO - [2026-06-02T11:38:18.981+0000] {dag.py:3047} INFO - Sync 1 DAGs
[2026-06-02T11:38:19.006+0000] {logging_mixin.py:188} INFO - [2026-06-02T11:38:19.006+0000] {dag.py:3834} INFO - Setting next_dagrun for etl_process to 2026-06-02 11:00:00+00:00, run_after=2026-06-02 12:00:00+00:00
[2026-06-02T11:38:19.025+0000] {processor.py:183} INFO - Processing /opt/airflow/dags/dag_1.py took 0.085 seconds
[2026-06-02T11:38:49.362+0000] {processor.py:161} INFO - Started process (PID=4775) to work on /opt/airflow/dags/dag_1.py
[2026-06-02T11:38:49.363+0000] {processor.py:830} INFO - Processing file /opt/airflow/dags/dag_1.py for tasks to queue
[2026-06-02T11:38:49.364+0000] {logging_mixin.py:188} INFO - [2026-06-02T11:38:49.364+0000] {dagbag.py:540} INFO - Filling up the DagBag from /opt/airflow/dags/dag_1.py
[2026-06-02T11:38:49.378+0000] {processor.py:840} INFO - DAG(s) 'etl_process' retrieved from /opt/airflow/dags/dag_1.py
[2026-06-02T11:38:49.396+0000] {logging_mixin.py:188} INFO - [2026-06-02T11:38:49.395+0000] {dag.py:3047} INFO - Sync 1 DAGs
[2026-06-02T11:38:49.414+0000] {logging_mixin.py:188} INFO - [2026-06-02T11:38:49.414+0000] {dag.py:3834} INFO - Setting next_dagrun for etl_process to 2026-06-02 11:00:00+00:00, run_after=2026-06-02 12:00:00+00:00
[2026-06-02T11:38:49.439+0000] {processor.py:183} INFO - Processing /opt/airflow/dags/dag_1.py took 0.079 seconds
[2026-06-02T11:39:19.751+0000] {processor.py:161} INFO - Started process (PID=4785) to work on /opt/airflow/dags/dag_1.py
[2026-06-02T11:39:19.752+0000] {processor.py:830} INFO - Processing file /opt/airflow/dags/dag_1.py for tasks to queue
[2026-06-02T11:39:19.753+0000] {logging_mixin.py:188} INFO - [2026-06-02T11:39:19.753+0000] {dagbag.py:540} INFO - Filling up the DagBag from /opt/airflow/dags/dag_1.py
[2026-06-02T11:39:19.765+0000] {processor.py:840} INFO - DAG(s) 'etl_process' retrieved from /opt/airflow/dags/dag_1.py
[2026-06-02T11:39:19.782+0000] {logging_mixin.py:188} INFO - [2026-06-02T11:39:19.781+0000] {dag.py:3047} INFO - Sync 1 DAGs
[2026-06-02T11:39:19.802+0000] {logging_mixin.py:188} INFO - [2026-06-02T11:39:19.802+0000] {dag.py:3834} INFO - Setting next_dagrun for etl_process to 2026-06-02 11:00:00+00:00, run_after=2026-06-02 12:00:00+00:00
[2026-06-02T11:39:19.821+0000] {processor.py:183} INFO - Processing /opt/airflow/dags/dag_1.py took 0.072 seconds
[2026-06-02T11:39:50.794+0000] {processor.py:161} INFO - Started process (PID=4795) to work on /opt/airflow/dags/dag_1.py
[2026-06-02T11:39:50.795+0000] {processor.py:830} INFO - Processing file /opt/airflow/dags/dag_1.py for tasks to queue
[2026-06-02T11:39:50.796+0000] {logging_mixin.py:188} INFO - [2026-06-02T11:39:50.795+0000] {dagbag.py:540} INFO - Filling up the DagBag from /opt/airflow/dags/dag_1.py
[2026-06-02T11:39:50.813+0000] {processor.py:840} INFO - DAG(s) 'etl_process' retrieved from /opt/airflow/dags/dag_1.py
[2026-06-02T11:39:50.833+0000] {logging_mixin.py:188} INFO - [2026-06-02T11:39:50.833+0000] {dag.py:3047} INFO - Sync 1 DAGs
[2026-06-02T11:39:50.862+0000] {logging_mixin.py:188} INFO - [2026-06-02T11:39:50.862+0000] {dag.py:3834} INFO - Setting next_dagrun for etl_process to 2026-06-02 11:00:00+00:00, run_after=2026-06-02 12:00:00+00:00
[2026-06-02T11:39:50.882+0000] {processor.py:183} INFO - Processing /opt/airflow/dags/dag_1.py took 0.091 seconds
[2026-06-02T11:40:21.888+0000] {processor.py:161} INFO - Started process (PID=4805) to work on /opt/airflow/dags/dag_1.py
[2026-06-02T11:40:21.888+0000] {processor.py:830} INFO - Processing file /opt/airflow/dags/dag_1.py for tasks to queue
[2026-06-02T11:40:21.889+0000] {logging_mixin.py:188} INFO - [2026-06-02T11:40:21.889+0000] {dagbag.py:540} INFO - Filling up the DagBag from /opt/airflow/dags/dag_1.py
[2026-06-02T11:40:21.902+0000] {processor.py:840} INFO - DAG(s) 'etl_process' retrieved from /opt/airflow/dags/dag_1.py
[2026-06-02T11:40:21.918+0000] {logging_mixin.py:188} INFO - [2026-06-02T11:40:21.918+0000] {dag.py:3047} INFO - Sync 1 DAGs
[2026-06-02T11:40:21.937+0000] {logging_mixin.py:188} INFO - [2026-06-02T11:40:21.937+0000] {dag.py:3834} INFO - Setting next_dagrun for etl_process to 2026-06-02 11:00:00+00:00, run_after=2026-06-02 12:00:00+00:00
[2026-06-02T11:40:21.955+0000] {processor.py:183} INFO - Processing /opt/airflow/dags/dag_1.py took 0.070 seconds
[2026-06-02T11:40:52.531+0000] {processor.py:161} INFO - Started process (PID=4815) to work on /opt/airflow/dags/dag_1.py
[2026-06-02T11:40:52.533+0000] {processor.py:830} INFO - Processing file /opt/airflow/dags/dag_1.py for tasks to queue
[2026-06-02T11:40:52.534+0000] {logging_mixin.py:188} INFO - [2026-06-02T11:40:52.533+0000] {dagbag.py:540} INFO - Filling up the DagBag from /opt/airflow/dags/dag_1.py
[2026-06-02T11:40:52.551+0000] {processor.py:840} INFO - DAG(s) 'etl_process' retrieved from /opt/airflow/dags/dag_1.py
[2026-06-02T11:40:52.574+0000] {logging_mixin.py:188} INFO - [2026-06-02T11:40:52.573+0000] {dag.py:3047} INFO - Sync 1 DAGs
[2026-06-02T11:40:52.603+0000] {logging_mixin.py:188} INFO - [2026-06-02T11:40:52.603+0000] {dag.py:3834} INFO - Setting next_dagrun for etl_process to 2026-06-02 11:00:00+00:00, run_after=2026-06-02 12:00:00+00:00
[2026-06-02T11:40:52.632+0000] {processor.py:183} INFO - Processing /opt/airflow/dags/dag_1.py took 0.104 seconds
[2026-06-02T11:41:22.941+0000] {processor.py:161} INFO - Started process (PID=4825) to work on /opt/airflow/dags/dag_1.py
[2026-06-02T11:41:22.942+0000] {processor.py:830} INFO - Processing file /opt/airflow/dags/dag_1.py for tasks to queue
[2026-06-02T11:41:22.943+0000] {logging_mixin.py:188} INFO - [2026-06-02T11:41:22.943+0000] {dagbag.py:540} INFO - Filling up the DagBag from /opt/airflow/dags/dag_1.py
[2026-06-02T11:41:22.956+0000] {processor.py:840} INFO - DAG(s) 'etl_process' retrieved from /opt/airflow/dags/dag_1.py
[2026-06-02T11:41:22.973+0000] {logging_mixin.py:188} INFO - [2026-06-02T11:41:22.973+0000] {dag.py:3047} INFO - Sync 1 DAGs
[2026-06-02T11:41:22.992+0000] {logging_mixin.py:188} INFO - [2026-06-02T11:41:22.992+0000] {dag.py:3834} INFO - Setting next_dagrun for etl_process to 2026-06-02 11:00:00+00:00, run_after=2026-06-02 12:00:00+00:00
[2026-06-02T11:41:23.018+0000] {processor.py:183} INFO - Processing /opt/airflow/dags/dag_1.py took 0.079 seconds
[2026-06-02T11:41:53.362+0000] {processor.py:161} INFO - Started process (PID=4835) to work on /opt/airflow/dags/dag_1.py
[2026-06-02T11:41:53.363+0000] {processor.py:830} INFO - Processing file /opt/airflow/dags/dag_1.py for tasks to queue
[2026-06-02T11:41:53.364+0000] {logging_mixin.py:188} INFO - [2026-06-02T11:41:53.364+0000] {dagbag.py:540} INFO - Filling up the DagBag from /opt/airflow/dags/dag_1.py
[2026-06-02T11:41:53.380+0000] {processor.py:840} INFO - DAG(s) 'etl_process' retrieved from /opt/airflow/dags/dag_1.py
[2026-06-02T11:41:53.398+0000] {logging_mixin.py:188} INFO - [2026-06-02T11:41:53.398+0000] {dag.py:3047} INFO - Sync 1 DAGs
[2026-06-02T11:41:53.420+0000] {logging_mixin.py:188} INFO - [2026-06-02T11:41:53.420+0000] {dag.py:3834} INFO - Setting next_dagrun for etl_process to 2026-06-02 11:00:00+00:00, run_after=2026-06-02 12:00:00+00:00
[2026-06-02T11:41:53.441+0000] {processor.py:183} INFO - Processing /opt/airflow/dags/dag_1.py took 0.081 seconds
[2026-06-02T11:42:23.872+0000] {processor.py:161} INFO - Started process (PID=4845) to work on /opt/airflow/dags/dag_1.py
[2026-06-02T11:42:23.873+0000] {processor.py:830} INFO - Processing file /opt/airflow/dags/dag_1.py for tasks to queue
[2026-06-02T11:42:23.874+0000] {logging_mixin.py:188} INFO - [2026-06-02T11:42:23.874+0000] {dagbag.py:540} INFO - Filling up the DagBag from /opt/airflow/dags/dag_1.py
[2026-06-02T11:42:23.891+0000] {processor.py:840} INFO - DAG(s) 'etl_process' retrieved from /opt/airflow/dags/dag_1.py
[2026-06-02T11:42:23.909+0000] {logging_mixin.py:188} INFO - [2026-06-02T11:42:23.909+0000] {dag.py:3047} INFO - Sync 1 DAGs
[2026-06-02T11:42:23.932+0000] {logging_mixin.py:188} INFO - [2026-06-02T11:42:23.932+0000] {dag.py:3834} INFO - Setting next_dagrun for etl_process to 2026-06-02 11:00:00+00:00, run_after=2026-06-02 12:00:00+00:00
[2026-06-02T11:42:23.958+0000] {processor.py:183} INFO - Processing /opt/airflow/dags/dag_1.py took 0.090 seconds
[2026-06-02T11:42:54.646+0000] {processor.py:161} INFO - Started process (PID=4855) to work on /opt/airflow/dags/dag_1.py
[2026-06-02T11:42:54.647+0000] {processor.py:830} INFO - Processing file /opt/airflow/dags/dag_1.py for tasks to queue
[2026-06-02T11:42:54.648+0000] {logging_mixin.py:188} INFO - [2026-06-02T11:42:54.648+0000] {dagbag.py:540} INFO - Filling up the DagBag from /opt/airflow/dags/dag_1.py
[2026-06-02T11:42:54.667+0000] {processor.py:840} INFO - DAG(s) 'etl_process' retrieved from /opt/airflow/dags/dag_1.py
[2026-06-02T11:42:54.683+0000] {logging_mixin.py:188} INFO - [2026-06-02T11:42:54.683+0000] {dag.py:3047} INFO - Sync 1 DAGs
[2026-06-02T11:42:54.704+0000] {logging_mixin.py:188} INFO - [2026-06-02T11:42:54.704+0000] {dag.py:3834} INFO - Setting next_dagrun for etl_process to 2026-06-02 11:00:00+00:00, run_after=2026-06-02 12:00:00+00:00
[2026-06-02T11:42:54.725+0000] {processor.py:183} INFO - Processing /opt/airflow/dags/dag_1.py took 0.081 seconds
[2026-06-02T11:43:25.344+0000] {processor.py:161} INFO - Started process (PID=4865) to work on /opt/airflow/dags/dag_1.py
[2026-06-02T11:43:25.345+0000] {processor.py:830} INFO - Processing file /opt/airflow/dags/dag_1.py for tasks to queue
[2026-06-02T11:43:25.346+0000] {logging_mixin.py:188} INFO - [2026-06-02T11:43:25.346+0000] {dagbag.py:540} INFO - Filling up the DagBag from /opt/airflow/dags/dag_1.py
[2026-06-02T11:43:25.361+0000] {processor.py:840} INFO - DAG(s) 'etl_process' retrieved from /opt/airflow/dags/dag_1.py
[2026-06-02T11:43:25.381+0000] {logging_mixin.py:188} INFO - [2026-06-02T11:43:25.380+0000] {dag.py:3047} INFO - Sync 1 DAGs
[2026-06-02T11:43:25.409+0000] {logging_mixin.py:188} INFO - [2026-06-02T11:43:25.409+0000] {dag.py:3834} INFO - Setting next_dagrun for etl_process to 2026-06-02 11:00:00+00:00, run_after=2026-06-02 12:00:00+00:00
[2026-06-02T11:43:25.433+0000] {processor.py:183} INFO - Processing /opt/airflow/dags/dag_1.py took 0.092 seconds
[2026-06-02T11:43:55.889+0000] {processor.py:161} INFO - Started process (PID=4875) to work on /opt/airflow/dags/dag_1.py
[2026-06-02T11:43:55.890+0000] {processor.py:830} INFO - Processing file /opt/airflow/dags/dag_1.py for tasks to queue
[2026-06-02T11:43:55.892+0000] {logging_mixin.py:188} INFO - [2026-06-02T11:43:55.891+0000] {dagbag.py:540} INFO - Filling up the DagBag from /opt/airflow/dags/dag_1.py
[2026-06-02T11:43:55.911+0000] {processor.py:840} INFO - DAG(s) 'etl_process' retrieved from /opt/airflow/dags/dag_1.py
[2026-06-02T11:43:55.931+0000] {logging_mixin.py:188} INFO - [2026-06-02T11:43:55.931+0000] {dag.py:3047} INFO - Sync 1 DAGs
[2026-06-02T11:43:55.954+0000] {logging_mixin.py:188} INFO - [2026-06-02T11:43:55.953+0000] {dag.py:3834} INFO - Setting next_dagrun for etl_process to 2026-06-02 11:00:00+00:00, run_after=2026-06-02 12:00:00+00:00
[2026-06-02T11:43:55.981+0000] {processor.py:183} INFO - Processing /opt/airflow/dags/dag_1.py took 0.095 seconds
