[2026-06-02T07:55:06.775+0000] {processor.py:161} INFO - Started process (PID=167) to work on /opt/airflow/dags/dag_2.py
[2026-06-02T07:55:06.776+0000] {processor.py:830} INFO - Processing file /opt/airflow/dags/dag_2.py for tasks to queue
[2026-06-02T07:55:06.777+0000] {logging_mixin.py:188} INFO - [2026-06-02T07:55:06.777+0000] {dagbag.py:540} INFO - Filling up the DagBag from /opt/airflow/dags/dag_2.py
[2026-06-02T07:55:06.797+0000] {processor.py:840} INFO - DAG(s) 'my_first_test_dag2' retrieved from /opt/airflow/dags/dag_2.py
[2026-06-02T07:55:06.837+0000] {logging_mixin.py:188} INFO - [2026-06-02T07:55:06.836+0000] {dag.py:3047} INFO - Sync 1 DAGs
[2026-06-02T07:55:06.850+0000] {logging_mixin.py:188} INFO - [2026-06-02T07:55:06.849+0000] {dag.py:3834} INFO - Setting next_dagrun for my_first_test_dag2 to None, run_after=None
[2026-06-02T07:55:06.869+0000] {processor.py:183} INFO - Processing /opt/airflow/dags/dag_2.py took 0.098 seconds
[2026-06-02T07:55:37.049+0000] {processor.py:161} INFO - Started process (PID=177) to work on /opt/airflow/dags/dag_2.py
[2026-06-02T07:55:37.050+0000] {processor.py:830} INFO - Processing file /opt/airflow/dags/dag_2.py for tasks to queue
[2026-06-02T07:55:37.050+0000] {logging_mixin.py:188} INFO - [2026-06-02T07:55:37.050+0000] {dagbag.py:540} INFO - Filling up the DagBag from /opt/airflow/dags/dag_2.py
[2026-06-02T07:55:37.064+0000] {processor.py:840} INFO - DAG(s) 'my_first_test_dag2' retrieved from /opt/airflow/dags/dag_2.py
[2026-06-02T07:55:37.088+0000] {logging_mixin.py:188} INFO - [2026-06-02T07:55:37.087+0000] {dag.py:3047} INFO - Sync 1 DAGs
[2026-06-02T07:55:37.101+0000] {logging_mixin.py:188} INFO - [2026-06-02T07:55:37.100+0000] {dag.py:3834} INFO - Setting next_dagrun for my_first_test_dag2 to None, run_after=None
[2026-06-02T07:55:37.123+0000] {processor.py:183} INFO - Processing /opt/airflow/dags/dag_2.py took 0.078 seconds
[2026-06-02T07:56:07.462+0000] {processor.py:161} INFO - Started process (PID=187) to work on /opt/airflow/dags/dag_2.py
[2026-06-02T07:56:07.463+0000] {processor.py:830} INFO - Processing file /opt/airflow/dags/dag_2.py for tasks to queue
[2026-06-02T07:56:07.464+0000] {logging_mixin.py:188} INFO - [2026-06-02T07:56:07.463+0000] {dagbag.py:540} INFO - Filling up the DagBag from /opt/airflow/dags/dag_2.py
[2026-06-02T07:56:07.476+0000] {processor.py:840} INFO - DAG(s) 'my_first_test_dag2' retrieved from /opt/airflow/dags/dag_2.py
[2026-06-02T07:56:07.501+0000] {logging_mixin.py:188} INFO - [2026-06-02T07:56:07.500+0000] {dag.py:3047} INFO - Sync 1 DAGs
[2026-06-02T07:56:07.511+0000] {logging_mixin.py:188} INFO - [2026-06-02T07:56:07.511+0000] {dag.py:3834} INFO - Setting next_dagrun for my_first_test_dag2 to None, run_after=None
[2026-06-02T07:56:07.536+0000] {processor.py:183} INFO - Processing /opt/airflow/dags/dag_2.py took 0.076 seconds
[2026-06-02T07:56:37.862+0000] {processor.py:161} INFO - Started process (PID=197) to work on /opt/airflow/dags/dag_2.py
[2026-06-02T07:56:37.863+0000] {processor.py:830} INFO - Processing file /opt/airflow/dags/dag_2.py for tasks to queue
[2026-06-02T07:56:37.864+0000] {logging_mixin.py:188} INFO - [2026-06-02T07:56:37.864+0000] {dagbag.py:540} INFO - Filling up the DagBag from /opt/airflow/dags/dag_2.py
[2026-06-02T07:56:37.881+0000] {processor.py:840} INFO - DAG(s) 'my_first_test_dag2' retrieved from /opt/airflow/dags/dag_2.py
[2026-06-02T07:56:37.910+0000] {logging_mixin.py:188} INFO - [2026-06-02T07:56:37.909+0000] {dag.py:3047} INFO - Sync 1 DAGs
[2026-06-02T07:56:37.927+0000] {logging_mixin.py:188} INFO - [2026-06-02T07:56:37.927+0000] {dag.py:3834} INFO - Setting next_dagrun for my_first_test_dag2 to None, run_after=None
[2026-06-02T07:56:37.947+0000] {processor.py:183} INFO - Processing /opt/airflow/dags/dag_2.py took 0.087 seconds
[2026-06-02T07:57:08.382+0000] {processor.py:161} INFO - Started process (PID=207) to work on /opt/airflow/dags/dag_2.py
[2026-06-02T07:57:08.383+0000] {processor.py:830} INFO - Processing file /opt/airflow/dags/dag_2.py for tasks to queue
[2026-06-02T07:57:08.384+0000] {logging_mixin.py:188} INFO - [2026-06-02T07:57:08.383+0000] {dagbag.py:540} INFO - Filling up the DagBag from /opt/airflow/dags/dag_2.py
[2026-06-02T07:57:08.397+0000] {processor.py:840} INFO - DAG(s) 'my_first_test_dag2' retrieved from /opt/airflow/dags/dag_2.py
[2026-06-02T07:57:08.420+0000] {logging_mixin.py:188} INFO - [2026-06-02T07:57:08.419+0000] {dag.py:3047} INFO - Sync 1 DAGs
[2026-06-02T07:57:08.431+0000] {logging_mixin.py:188} INFO - [2026-06-02T07:57:08.431+0000] {dag.py:3834} INFO - Setting next_dagrun for my_first_test_dag2 to None, run_after=None
[2026-06-02T07:57:08.451+0000] {processor.py:183} INFO - Processing /opt/airflow/dags/dag_2.py took 0.072 seconds
[2026-06-02T07:57:38.731+0000] {processor.py:161} INFO - Started process (PID=217) to work on /opt/airflow/dags/dag_2.py
[2026-06-02T07:57:38.731+0000] {processor.py:830} INFO - Processing file /opt/airflow/dags/dag_2.py for tasks to queue
[2026-06-02T07:57:38.732+0000] {logging_mixin.py:188} INFO - [2026-06-02T07:57:38.732+0000] {dagbag.py:540} INFO - Filling up the DagBag from /opt/airflow/dags/dag_2.py
[2026-06-02T07:57:38.743+0000] {processor.py:840} INFO - DAG(s) 'my_first_test_dag2' retrieved from /opt/airflow/dags/dag_2.py
[2026-06-02T07:57:38.765+0000] {logging_mixin.py:188} INFO - [2026-06-02T07:57:38.765+0000] {dag.py:3047} INFO - Sync 1 DAGs
[2026-06-02T07:57:38.776+0000] {logging_mixin.py:188} INFO - [2026-06-02T07:57:38.776+0000] {dag.py:3834} INFO - Setting next_dagrun for my_first_test_dag2 to None, run_after=None
[2026-06-02T07:57:38.802+0000] {processor.py:183} INFO - Processing /opt/airflow/dags/dag_2.py took 0.074 seconds
[2026-06-02T07:58:09.061+0000] {processor.py:161} INFO - Started process (PID=227) to work on /opt/airflow/dags/dag_2.py
[2026-06-02T07:58:09.061+0000] {processor.py:830} INFO - Processing file /opt/airflow/dags/dag_2.py for tasks to queue
[2026-06-02T07:58:09.062+0000] {logging_mixin.py:188} INFO - [2026-06-02T07:58:09.062+0000] {dagbag.py:540} INFO - Filling up the DagBag from /opt/airflow/dags/dag_2.py
[2026-06-02T07:58:09.073+0000] {processor.py:840} INFO - DAG(s) 'my_first_test_dag2' retrieved from /opt/airflow/dags/dag_2.py
[2026-06-02T07:58:09.095+0000] {logging_mixin.py:188} INFO - [2026-06-02T07:58:09.094+0000] {dag.py:3047} INFO - Sync 1 DAGs
[2026-06-02T07:58:09.106+0000] {logging_mixin.py:188} INFO - [2026-06-02T07:58:09.106+0000] {dag.py:3834} INFO - Setting next_dagrun for my_first_test_dag2 to None, run_after=None
[2026-06-02T07:58:09.125+0000] {processor.py:183} INFO - Processing /opt/airflow/dags/dag_2.py took 0.067 seconds
[2026-06-02T07:58:39.409+0000] {processor.py:161} INFO - Started process (PID=237) to work on /opt/airflow/dags/dag_2.py
[2026-06-02T07:58:39.409+0000] {processor.py:830} INFO - Processing file /opt/airflow/dags/dag_2.py for tasks to queue
[2026-06-02T07:58:39.410+0000] {logging_mixin.py:188} INFO - [2026-06-02T07:58:39.410+0000] {dagbag.py:540} INFO - Filling up the DagBag from /opt/airflow/dags/dag_2.py
[2026-06-02T07:58:39.423+0000] {processor.py:840} INFO - DAG(s) 'my_first_test_dag2' retrieved from /opt/airflow/dags/dag_2.py
[2026-06-02T07:58:39.444+0000] {logging_mixin.py:188} INFO - [2026-06-02T07:58:39.444+0000] {dag.py:3047} INFO - Sync 1 DAGs
[2026-06-02T07:58:39.455+0000] {logging_mixin.py:188} INFO - [2026-06-02T07:58:39.455+0000] {dag.py:3834} INFO - Setting next_dagrun for my_first_test_dag2 to None, run_after=None
[2026-06-02T07:58:39.474+0000] {processor.py:183} INFO - Processing /opt/airflow/dags/dag_2.py took 0.068 seconds
[2026-06-02T07:59:09.721+0000] {processor.py:161} INFO - Started process (PID=247) to work on /opt/airflow/dags/dag_2.py
[2026-06-02T07:59:09.722+0000] {processor.py:830} INFO - Processing file /opt/airflow/dags/dag_2.py for tasks to queue
[2026-06-02T07:59:09.723+0000] {logging_mixin.py:188} INFO - [2026-06-02T07:59:09.723+0000] {dagbag.py:540} INFO - Filling up the DagBag from /opt/airflow/dags/dag_2.py
[2026-06-02T07:59:09.734+0000] {processor.py:840} INFO - DAG(s) 'my_first_test_dag2' retrieved from /opt/airflow/dags/dag_2.py
[2026-06-02T07:59:09.755+0000] {logging_mixin.py:188} INFO - [2026-06-02T07:59:09.754+0000] {dag.py:3047} INFO - Sync 1 DAGs
[2026-06-02T07:59:09.765+0000] {logging_mixin.py:188} INFO - [2026-06-02T07:59:09.765+0000] {dag.py:3834} INFO - Setting next_dagrun for my_first_test_dag2 to None, run_after=None
[2026-06-02T07:59:09.783+0000] {processor.py:183} INFO - Processing /opt/airflow/dags/dag_2.py took 0.064 seconds
[2026-06-02T07:59:40.065+0000] {processor.py:161} INFO - Started process (PID=257) to work on /opt/airflow/dags/dag_2.py
[2026-06-02T07:59:40.065+0000] {processor.py:830} INFO - Processing file /opt/airflow/dags/dag_2.py for tasks to queue
[2026-06-02T07:59:40.066+0000] {logging_mixin.py:188} INFO - [2026-06-02T07:59:40.066+0000] {dagbag.py:540} INFO - Filling up the DagBag from /opt/airflow/dags/dag_2.py
[2026-06-02T07:59:40.079+0000] {processor.py:840} INFO - DAG(s) 'my_first_test_dag2' retrieved from /opt/airflow/dags/dag_2.py
[2026-06-02T07:59:40.104+0000] {logging_mixin.py:188} INFO - [2026-06-02T07:59:40.103+0000] {dag.py:3047} INFO - Sync 1 DAGs
[2026-06-02T07:59:40.115+0000] {logging_mixin.py:188} INFO - [2026-06-02T07:59:40.114+0000] {dag.py:3834} INFO - Setting next_dagrun for my_first_test_dag2 to None, run_after=None
[2026-06-02T07:59:40.135+0000] {processor.py:183} INFO - Processing /opt/airflow/dags/dag_2.py took 0.073 seconds
[2026-06-02T08:00:10.368+0000] {processor.py:161} INFO - Started process (PID=267) to work on /opt/airflow/dags/dag_2.py
[2026-06-02T08:00:10.369+0000] {processor.py:830} INFO - Processing file /opt/airflow/dags/dag_2.py for tasks to queue
[2026-06-02T08:00:10.370+0000] {logging_mixin.py:188} INFO - [2026-06-02T08:00:10.370+0000] {dagbag.py:540} INFO - Filling up the DagBag from /opt/airflow/dags/dag_2.py
[2026-06-02T08:00:10.383+0000] {processor.py:840} INFO - DAG(s) 'my_first_test_dag2' retrieved from /opt/airflow/dags/dag_2.py
[2026-06-02T08:00:10.405+0000] {logging_mixin.py:188} INFO - [2026-06-02T08:00:10.405+0000] {dag.py:3047} INFO - Sync 1 DAGs
[2026-06-02T08:00:10.417+0000] {logging_mixin.py:188} INFO - [2026-06-02T08:00:10.417+0000] {dag.py:3834} INFO - Setting next_dagrun for my_first_test_dag2 to None, run_after=None
[2026-06-02T08:00:10.438+0000] {processor.py:183} INFO - Processing /opt/airflow/dags/dag_2.py took 0.073 seconds
[2026-06-02T08:00:40.837+0000] {processor.py:161} INFO - Started process (PID=277) to work on /opt/airflow/dags/dag_2.py
[2026-06-02T08:00:40.838+0000] {processor.py:830} INFO - Processing file /opt/airflow/dags/dag_2.py for tasks to queue
[2026-06-02T08:00:40.839+0000] {logging_mixin.py:188} INFO - [2026-06-02T08:00:40.839+0000] {dagbag.py:540} INFO - Filling up the DagBag from /opt/airflow/dags/dag_2.py
[2026-06-02T08:00:40.863+0000] {processor.py:840} INFO - DAG(s) 'my_first_test_dag2' retrieved from /opt/airflow/dags/dag_2.py
[2026-06-02T08:00:40.884+0000] {logging_mixin.py:188} INFO - [2026-06-02T08:00:40.884+0000] {dag.py:3047} INFO - Sync 1 DAGs
[2026-06-02T08:00:40.896+0000] {logging_mixin.py:188} INFO - [2026-06-02T08:00:40.895+0000] {dag.py:3834} INFO - Setting next_dagrun for my_first_test_dag2 to None, run_after=None
[2026-06-02T08:00:40.915+0000] {processor.py:183} INFO - Processing /opt/airflow/dags/dag_2.py took 0.080 seconds
[2026-06-02T08:01:11.201+0000] {processor.py:161} INFO - Started process (PID=287) to work on /opt/airflow/dags/dag_2.py
[2026-06-02T08:01:11.202+0000] {processor.py:830} INFO - Processing file /opt/airflow/dags/dag_2.py for tasks to queue
[2026-06-02T08:01:11.203+0000] {logging_mixin.py:188} INFO - [2026-06-02T08:01:11.203+0000] {dagbag.py:540} INFO - Filling up the DagBag from /opt/airflow/dags/dag_2.py
[2026-06-02T08:01:11.212+0000] {processor.py:840} INFO - DAG(s) 'my_first_test_dag2' retrieved from /opt/airflow/dags/dag_2.py
[2026-06-02T08:01:11.233+0000] {logging_mixin.py:188} INFO - [2026-06-02T08:01:11.232+0000] {dag.py:3047} INFO - Sync 1 DAGs
[2026-06-02T08:01:11.244+0000] {logging_mixin.py:188} INFO - [2026-06-02T08:01:11.244+0000] {dag.py:3834} INFO - Setting next_dagrun for my_first_test_dag2 to None, run_after=None
[2026-06-02T08:01:11.263+0000] {processor.py:183} INFO - Processing /opt/airflow/dags/dag_2.py took 0.065 seconds
[2026-06-02T08:01:41.613+0000] {processor.py:161} INFO - Started process (PID=297) to work on /opt/airflow/dags/dag_2.py
[2026-06-02T08:01:41.614+0000] {processor.py:830} INFO - Processing file /opt/airflow/dags/dag_2.py for tasks to queue
[2026-06-02T08:01:41.614+0000] {logging_mixin.py:188} INFO - [2026-06-02T08:01:41.614+0000] {dagbag.py:540} INFO - Filling up the DagBag from /opt/airflow/dags/dag_2.py
[2026-06-02T08:01:41.629+0000] {processor.py:840} INFO - DAG(s) 'my_first_test_dag2' retrieved from /opt/airflow/dags/dag_2.py
[2026-06-02T08:01:41.650+0000] {logging_mixin.py:188} INFO - [2026-06-02T08:01:41.649+0000] {dag.py:3047} INFO - Sync 1 DAGs
[2026-06-02T08:01:41.662+0000] {logging_mixin.py:188} INFO - [2026-06-02T08:01:41.661+0000] {dag.py:3834} INFO - Setting next_dagrun for my_first_test_dag2 to None, run_after=None
[2026-06-02T08:01:41.686+0000] {processor.py:183} INFO - Processing /opt/airflow/dags/dag_2.py took 0.077 seconds
[2026-06-02T08:02:11.979+0000] {processor.py:161} INFO - Started process (PID=307) to work on /opt/airflow/dags/dag_2.py
[2026-06-02T08:02:11.980+0000] {processor.py:830} INFO - Processing file /opt/airflow/dags/dag_2.py for tasks to queue
[2026-06-02T08:02:11.981+0000] {logging_mixin.py:188} INFO - [2026-06-02T08:02:11.980+0000] {dagbag.py:540} INFO - Filling up the DagBag from /opt/airflow/dags/dag_2.py
[2026-06-02T08:02:11.992+0000] {processor.py:840} INFO - DAG(s) 'my_first_test_dag2' retrieved from /opt/airflow/dags/dag_2.py
[2026-06-02T08:02:12.017+0000] {logging_mixin.py:188} INFO - [2026-06-02T08:02:12.017+0000] {dag.py:3047} INFO - Sync 1 DAGs
[2026-06-02T08:02:12.027+0000] {logging_mixin.py:188} INFO - [2026-06-02T08:02:12.027+0000] {dag.py:3834} INFO - Setting next_dagrun for my_first_test_dag2 to None, run_after=None
[2026-06-02T08:02:12.047+0000] {processor.py:183} INFO - Processing /opt/airflow/dags/dag_2.py took 0.070 seconds
[2026-06-02T08:02:42.283+0000] {processor.py:161} INFO - Started process (PID=317) to work on /opt/airflow/dags/dag_2.py
[2026-06-02T08:02:42.284+0000] {processor.py:830} INFO - Processing file /opt/airflow/dags/dag_2.py for tasks to queue
[2026-06-02T08:02:42.285+0000] {logging_mixin.py:188} INFO - [2026-06-02T08:02:42.285+0000] {dagbag.py:540} INFO - Filling up the DagBag from /opt/airflow/dags/dag_2.py
[2026-06-02T08:02:42.296+0000] {processor.py:840} INFO - DAG(s) 'my_first_test_dag2' retrieved from /opt/airflow/dags/dag_2.py
[2026-06-02T08:02:42.323+0000] {logging_mixin.py:188} INFO - [2026-06-02T08:02:42.322+0000] {dag.py:3047} INFO - Sync 1 DAGs
[2026-06-02T08:02:42.341+0000] {logging_mixin.py:188} INFO - [2026-06-02T08:02:42.341+0000] {dag.py:3834} INFO - Setting next_dagrun for my_first_test_dag2 to None, run_after=None
[2026-06-02T08:02:42.370+0000] {processor.py:183} INFO - Processing /opt/airflow/dags/dag_2.py took 0.089 seconds
[2026-06-02T08:03:12.729+0000] {processor.py:161} INFO - Started process (PID=327) to work on /opt/airflow/dags/dag_2.py
[2026-06-02T08:03:12.730+0000] {processor.py:830} INFO - Processing file /opt/airflow/dags/dag_2.py for tasks to queue
[2026-06-02T08:03:12.731+0000] {logging_mixin.py:188} INFO - [2026-06-02T08:03:12.731+0000] {dagbag.py:540} INFO - Filling up the DagBag from /opt/airflow/dags/dag_2.py
[2026-06-02T08:03:12.742+0000] {processor.py:840} INFO - DAG(s) 'my_first_test_dag2' retrieved from /opt/airflow/dags/dag_2.py
[2026-06-02T08:03:12.761+0000] {logging_mixin.py:188} INFO - [2026-06-02T08:03:12.761+0000] {dag.py:3047} INFO - Sync 1 DAGs
[2026-06-02T08:03:12.773+0000] {logging_mixin.py:188} INFO - [2026-06-02T08:03:12.772+0000] {dag.py:3834} INFO - Setting next_dagrun for my_first_test_dag2 to None, run_after=None
[2026-06-02T08:03:12.797+0000] {processor.py:183} INFO - Processing /opt/airflow/dags/dag_2.py took 0.071 seconds
[2026-06-02T08:03:43.168+0000] {processor.py:161} INFO - Started process (PID=337) to work on /opt/airflow/dags/dag_2.py
[2026-06-02T08:03:43.169+0000] {processor.py:830} INFO - Processing file /opt/airflow/dags/dag_2.py for tasks to queue
[2026-06-02T08:03:43.170+0000] {logging_mixin.py:188} INFO - [2026-06-02T08:03:43.170+0000] {dagbag.py:540} INFO - Filling up the DagBag from /opt/airflow/dags/dag_2.py
[2026-06-02T08:03:43.203+0000] {processor.py:840} INFO - DAG(s) 'my_first_test_dag2' retrieved from /opt/airflow/dags/dag_2.py
[2026-06-02T08:03:43.236+0000] {logging_mixin.py:188} INFO - [2026-06-02T08:03:43.236+0000] {dag.py:3047} INFO - Sync 1 DAGs
[2026-06-02T08:03:43.246+0000] {logging_mixin.py:188} INFO - [2026-06-02T08:03:43.246+0000] {dag.py:3834} INFO - Setting next_dagrun for my_first_test_dag2 to None, run_after=None
[2026-06-02T08:03:43.262+0000] {processor.py:183} INFO - Processing /opt/airflow/dags/dag_2.py took 0.097 seconds
[2026-06-02T08:04:13.444+0000] {processor.py:161} INFO - Started process (PID=347) to work on /opt/airflow/dags/dag_2.py
[2026-06-02T08:04:13.445+0000] {processor.py:830} INFO - Processing file /opt/airflow/dags/dag_2.py for tasks to queue
[2026-06-02T08:04:13.446+0000] {logging_mixin.py:188} INFO - [2026-06-02T08:04:13.446+0000] {dagbag.py:540} INFO - Filling up the DagBag from /opt/airflow/dags/dag_2.py
[2026-06-02T08:04:13.463+0000] {processor.py:840} INFO - DAG(s) 'my_first_test_dag2' retrieved from /opt/airflow/dags/dag_2.py
[2026-06-02T08:04:13.488+0000] {logging_mixin.py:188} INFO - [2026-06-02T08:04:13.487+0000] {dag.py:3047} INFO - Sync 1 DAGs
[2026-06-02T08:04:13.500+0000] {logging_mixin.py:188} INFO - [2026-06-02T08:04:13.499+0000] {dag.py:3834} INFO - Setting next_dagrun for my_first_test_dag2 to None, run_after=None
[2026-06-02T08:04:13.518+0000] {processor.py:183} INFO - Processing /opt/airflow/dags/dag_2.py took 0.077 seconds
[2026-06-02T08:04:43.961+0000] {processor.py:161} INFO - Started process (PID=357) to work on /opt/airflow/dags/dag_2.py
[2026-06-02T08:04:43.961+0000] {processor.py:830} INFO - Processing file /opt/airflow/dags/dag_2.py for tasks to queue
[2026-06-02T08:04:43.962+0000] {logging_mixin.py:188} INFO - [2026-06-02T08:04:43.962+0000] {dagbag.py:540} INFO - Filling up the DagBag from /opt/airflow/dags/dag_2.py
[2026-06-02T08:04:43.973+0000] {processor.py:840} INFO - DAG(s) 'my_first_test_dag2' retrieved from /opt/airflow/dags/dag_2.py
[2026-06-02T08:04:43.993+0000] {logging_mixin.py:188} INFO - [2026-06-02T08:04:43.993+0000] {dag.py:3047} INFO - Sync 1 DAGs
[2026-06-02T08:04:44.003+0000] {logging_mixin.py:188} INFO - [2026-06-02T08:04:44.003+0000] {dag.py:3834} INFO - Setting next_dagrun for my_first_test_dag2 to None, run_after=None
[2026-06-02T08:04:44.029+0000] {processor.py:183} INFO - Processing /opt/airflow/dags/dag_2.py took 0.071 seconds
[2026-06-02T08:05:14.332+0000] {processor.py:161} INFO - Started process (PID=367) to work on /opt/airflow/dags/dag_2.py
[2026-06-02T08:05:14.332+0000] {processor.py:830} INFO - Processing file /opt/airflow/dags/dag_2.py for tasks to queue
[2026-06-02T08:05:14.334+0000] {logging_mixin.py:188} INFO - [2026-06-02T08:05:14.333+0000] {dagbag.py:540} INFO - Filling up the DagBag from /opt/airflow/dags/dag_2.py
[2026-06-02T08:05:14.345+0000] {processor.py:840} INFO - DAG(s) 'my_first_test_dag2' retrieved from /opt/airflow/dags/dag_2.py
[2026-06-02T08:05:14.365+0000] {logging_mixin.py:188} INFO - [2026-06-02T08:05:14.365+0000] {dag.py:3047} INFO - Sync 1 DAGs
[2026-06-02T08:05:14.375+0000] {logging_mixin.py:188} INFO - [2026-06-02T08:05:14.375+0000] {dag.py:3834} INFO - Setting next_dagrun for my_first_test_dag2 to None, run_after=None
[2026-06-02T08:05:14.400+0000] {processor.py:183} INFO - Processing /opt/airflow/dags/dag_2.py took 0.071 seconds
[2026-06-02T08:05:44.754+0000] {processor.py:161} INFO - Started process (PID=377) to work on /opt/airflow/dags/dag_2.py
[2026-06-02T08:05:44.755+0000] {processor.py:830} INFO - Processing file /opt/airflow/dags/dag_2.py for tasks to queue
[2026-06-02T08:05:44.756+0000] {logging_mixin.py:188} INFO - [2026-06-02T08:05:44.756+0000] {dagbag.py:540} INFO - Filling up the DagBag from /opt/airflow/dags/dag_2.py
[2026-06-02T08:05:44.768+0000] {processor.py:840} INFO - DAG(s) 'my_first_test_dag2' retrieved from /opt/airflow/dags/dag_2.py
[2026-06-02T08:05:44.789+0000] {logging_mixin.py:188} INFO - [2026-06-02T08:05:44.789+0000] {dag.py:3047} INFO - Sync 1 DAGs
[2026-06-02T08:05:44.802+0000] {logging_mixin.py:188} INFO - [2026-06-02T08:05:44.801+0000] {dag.py:3834} INFO - Setting next_dagrun for my_first_test_dag2 to None, run_after=None
[2026-06-02T08:05:44.821+0000] {processor.py:183} INFO - Processing /opt/airflow/dags/dag_2.py took 0.070 seconds
[2026-06-02T08:06:15.159+0000] {processor.py:161} INFO - Started process (PID=387) to work on /opt/airflow/dags/dag_2.py
[2026-06-02T08:06:15.160+0000] {processor.py:830} INFO - Processing file /opt/airflow/dags/dag_2.py for tasks to queue
[2026-06-02T08:06:15.161+0000] {logging_mixin.py:188} INFO - [2026-06-02T08:06:15.160+0000] {dagbag.py:540} INFO - Filling up the DagBag from /opt/airflow/dags/dag_2.py
[2026-06-02T08:06:15.171+0000] {processor.py:840} INFO - DAG(s) 'my_first_test_dag2' retrieved from /opt/airflow/dags/dag_2.py
[2026-06-02T08:06:15.190+0000] {logging_mixin.py:188} INFO - [2026-06-02T08:06:15.190+0000] {dag.py:3047} INFO - Sync 1 DAGs
[2026-06-02T08:06:15.201+0000] {logging_mixin.py:188} INFO - [2026-06-02T08:06:15.201+0000] {dag.py:3834} INFO - Setting next_dagrun for my_first_test_dag2 to None, run_after=None
[2026-06-02T08:06:15.226+0000] {processor.py:183} INFO - Processing /opt/airflow/dags/dag_2.py took 0.069 seconds
[2026-06-02T08:06:45.518+0000] {processor.py:161} INFO - Started process (PID=397) to work on /opt/airflow/dags/dag_2.py
[2026-06-02T08:06:45.519+0000] {processor.py:830} INFO - Processing file /opt/airflow/dags/dag_2.py for tasks to queue
[2026-06-02T08:06:45.520+0000] {logging_mixin.py:188} INFO - [2026-06-02T08:06:45.520+0000] {dagbag.py:540} INFO - Filling up the DagBag from /opt/airflow/dags/dag_2.py
[2026-06-02T08:06:45.535+0000] {processor.py:840} INFO - DAG(s) 'my_first_test_dag2' retrieved from /opt/airflow/dags/dag_2.py
[2026-06-02T08:06:45.560+0000] {logging_mixin.py:188} INFO - [2026-06-02T08:06:45.560+0000] {dag.py:3047} INFO - Sync 1 DAGs
[2026-06-02T08:06:45.573+0000] {logging_mixin.py:188} INFO - [2026-06-02T08:06:45.572+0000] {dag.py:3834} INFO - Setting next_dagrun for my_first_test_dag2 to None, run_after=None
[2026-06-02T08:06:45.592+0000] {processor.py:183} INFO - Processing /opt/airflow/dags/dag_2.py took 0.077 seconds
[2026-06-02T08:07:16.002+0000] {processor.py:161} INFO - Started process (PID=407) to work on /opt/airflow/dags/dag_2.py
[2026-06-02T08:07:16.003+0000] {processor.py:830} INFO - Processing file /opt/airflow/dags/dag_2.py for tasks to queue
[2026-06-02T08:07:16.004+0000] {logging_mixin.py:188} INFO - [2026-06-02T08:07:16.003+0000] {dagbag.py:540} INFO - Filling up the DagBag from /opt/airflow/dags/dag_2.py
[2026-06-02T08:07:16.017+0000] {processor.py:840} INFO - DAG(s) 'my_first_test_dag2' retrieved from /opt/airflow/dags/dag_2.py
[2026-06-02T08:07:16.039+0000] {logging_mixin.py:188} INFO - [2026-06-02T08:07:16.038+0000] {dag.py:3047} INFO - Sync 1 DAGs
[2026-06-02T08:07:16.050+0000] {logging_mixin.py:188} INFO - [2026-06-02T08:07:16.050+0000] {dag.py:3834} INFO - Setting next_dagrun for my_first_test_dag2 to None, run_after=None
[2026-06-02T08:07:16.069+0000] {processor.py:183} INFO - Processing /opt/airflow/dags/dag_2.py took 0.070 seconds
[2026-06-02T08:07:46.298+0000] {processor.py:161} INFO - Started process (PID=417) to work on /opt/airflow/dags/dag_2.py
[2026-06-02T08:07:46.299+0000] {processor.py:830} INFO - Processing file /opt/airflow/dags/dag_2.py for tasks to queue
[2026-06-02T08:07:46.300+0000] {logging_mixin.py:188} INFO - [2026-06-02T08:07:46.299+0000] {dagbag.py:540} INFO - Filling up the DagBag from /opt/airflow/dags/dag_2.py
[2026-06-02T08:07:46.311+0000] {processor.py:840} INFO - DAG(s) 'my_first_test_dag2' retrieved from /opt/airflow/dags/dag_2.py
[2026-06-02T08:07:46.333+0000] {logging_mixin.py:188} INFO - [2026-06-02T08:07:46.333+0000] {dag.py:3047} INFO - Sync 1 DAGs
[2026-06-02T08:07:46.345+0000] {logging_mixin.py:188} INFO - [2026-06-02T08:07:46.345+0000] {dag.py:3834} INFO - Setting next_dagrun for my_first_test_dag2 to None, run_after=None
[2026-06-02T08:07:46.362+0000] {processor.py:183} INFO - Processing /opt/airflow/dags/dag_2.py took 0.067 seconds
[2026-06-02T08:08:16.716+0000] {processor.py:161} INFO - Started process (PID=427) to work on /opt/airflow/dags/dag_2.py
[2026-06-02T08:08:16.717+0000] {processor.py:830} INFO - Processing file /opt/airflow/dags/dag_2.py for tasks to queue
[2026-06-02T08:08:16.718+0000] {logging_mixin.py:188} INFO - [2026-06-02T08:08:16.718+0000] {dagbag.py:540} INFO - Filling up the DagBag from /opt/airflow/dags/dag_2.py
[2026-06-02T08:08:16.728+0000] {processor.py:840} INFO - DAG(s) 'my_first_test_dag2' retrieved from /opt/airflow/dags/dag_2.py
[2026-06-02T08:08:16.748+0000] {logging_mixin.py:188} INFO - [2026-06-02T08:08:16.748+0000] {dag.py:3047} INFO - Sync 1 DAGs
[2026-06-02T08:08:16.759+0000] {logging_mixin.py:188} INFO - [2026-06-02T08:08:16.759+0000] {dag.py:3834} INFO - Setting next_dagrun for my_first_test_dag2 to None, run_after=None
[2026-06-02T08:08:16.778+0000] {processor.py:183} INFO - Processing /opt/airflow/dags/dag_2.py took 0.065 seconds
[2026-06-02T08:08:47.135+0000] {processor.py:161} INFO - Started process (PID=437) to work on /opt/airflow/dags/dag_2.py
[2026-06-02T08:08:47.136+0000] {processor.py:830} INFO - Processing file /opt/airflow/dags/dag_2.py for tasks to queue
[2026-06-02T08:08:47.137+0000] {logging_mixin.py:188} INFO - [2026-06-02T08:08:47.137+0000] {dagbag.py:540} INFO - Filling up the DagBag from /opt/airflow/dags/dag_2.py
[2026-06-02T08:08:47.147+0000] {processor.py:840} INFO - DAG(s) 'my_first_test_dag2' retrieved from /opt/airflow/dags/dag_2.py
[2026-06-02T08:08:47.168+0000] {logging_mixin.py:188} INFO - [2026-06-02T08:08:47.167+0000] {dag.py:3047} INFO - Sync 1 DAGs
[2026-06-02T08:08:47.178+0000] {logging_mixin.py:188} INFO - [2026-06-02T08:08:47.177+0000] {dag.py:3834} INFO - Setting next_dagrun for my_first_test_dag2 to None, run_after=None
[2026-06-02T08:08:47.197+0000] {processor.py:183} INFO - Processing /opt/airflow/dags/dag_2.py took 0.065 seconds
[2026-06-02T08:09:17.557+0000] {processor.py:161} INFO - Started process (PID=447) to work on /opt/airflow/dags/dag_2.py
[2026-06-02T08:09:17.557+0000] {processor.py:830} INFO - Processing file /opt/airflow/dags/dag_2.py for tasks to queue
[2026-06-02T08:09:17.558+0000] {logging_mixin.py:188} INFO - [2026-06-02T08:09:17.558+0000] {dagbag.py:540} INFO - Filling up the DagBag from /opt/airflow/dags/dag_2.py
[2026-06-02T08:09:17.571+0000] {processor.py:840} INFO - DAG(s) 'my_first_test_dag2' retrieved from /opt/airflow/dags/dag_2.py
[2026-06-02T08:09:17.592+0000] {logging_mixin.py:188} INFO - [2026-06-02T08:09:17.592+0000] {dag.py:3047} INFO - Sync 1 DAGs
[2026-06-02T08:09:17.604+0000] {logging_mixin.py:188} INFO - [2026-06-02T08:09:17.604+0000] {dag.py:3834} INFO - Setting next_dagrun for my_first_test_dag2 to None, run_after=None
[2026-06-02T08:09:17.626+0000] {processor.py:183} INFO - Processing /opt/airflow/dags/dag_2.py took 0.073 seconds
[2026-06-02T08:09:47.990+0000] {processor.py:161} INFO - Started process (PID=457) to work on /opt/airflow/dags/dag_2.py
[2026-06-02T08:09:47.991+0000] {processor.py:830} INFO - Processing file /opt/airflow/dags/dag_2.py for tasks to queue
[2026-06-02T08:09:47.992+0000] {logging_mixin.py:188} INFO - [2026-06-02T08:09:47.991+0000] {dagbag.py:540} INFO - Filling up the DagBag from /opt/airflow/dags/dag_2.py
[2026-06-02T08:09:48.003+0000] {processor.py:840} INFO - DAG(s) 'my_first_test_dag2' retrieved from /opt/airflow/dags/dag_2.py
[2026-06-02T08:09:48.024+0000] {logging_mixin.py:188} INFO - [2026-06-02T08:09:48.024+0000] {dag.py:3047} INFO - Sync 1 DAGs
[2026-06-02T08:09:48.035+0000] {logging_mixin.py:188} INFO - [2026-06-02T08:09:48.034+0000] {dag.py:3834} INFO - Setting next_dagrun for my_first_test_dag2 to None, run_after=None
[2026-06-02T08:09:48.058+0000] {processor.py:183} INFO - Processing /opt/airflow/dags/dag_2.py took 0.071 seconds
[2026-06-02T08:10:18.286+0000] {processor.py:161} INFO - Started process (PID=467) to work on /opt/airflow/dags/dag_2.py
[2026-06-02T08:10:18.287+0000] {processor.py:830} INFO - Processing file /opt/airflow/dags/dag_2.py for tasks to queue
[2026-06-02T08:10:18.288+0000] {logging_mixin.py:188} INFO - [2026-06-02T08:10:18.287+0000] {dagbag.py:540} INFO - Filling up the DagBag from /opt/airflow/dags/dag_2.py
[2026-06-02T08:10:18.299+0000] {processor.py:840} INFO - DAG(s) 'my_first_test_dag2' retrieved from /opt/airflow/dags/dag_2.py
[2026-06-02T08:10:18.323+0000] {logging_mixin.py:188} INFO - [2026-06-02T08:10:18.322+0000] {dag.py:3047} INFO - Sync 1 DAGs
[2026-06-02T08:10:18.337+0000] {logging_mixin.py:188} INFO - [2026-06-02T08:10:18.337+0000] {dag.py:3834} INFO - Setting next_dagrun for my_first_test_dag2 to None, run_after=None
[2026-06-02T08:10:18.356+0000] {processor.py:183} INFO - Processing /opt/airflow/dags/dag_2.py took 0.072 seconds
[2026-06-02T08:10:48.693+0000] {processor.py:161} INFO - Started process (PID=477) to work on /opt/airflow/dags/dag_2.py
[2026-06-02T08:10:48.694+0000] {processor.py:830} INFO - Processing file /opt/airflow/dags/dag_2.py for tasks to queue
[2026-06-02T08:10:48.695+0000] {logging_mixin.py:188} INFO - [2026-06-02T08:10:48.694+0000] {dagbag.py:540} INFO - Filling up the DagBag from /opt/airflow/dags/dag_2.py
[2026-06-02T08:10:48.707+0000] {processor.py:840} INFO - DAG(s) 'my_first_test_dag2' retrieved from /opt/airflow/dags/dag_2.py
[2026-06-02T08:10:48.727+0000] {logging_mixin.py:188} INFO - [2026-06-02T08:10:48.727+0000] {dag.py:3047} INFO - Sync 1 DAGs
[2026-06-02T08:10:48.740+0000] {logging_mixin.py:188} INFO - [2026-06-02T08:10:48.740+0000] {dag.py:3834} INFO - Setting next_dagrun for my_first_test_dag2 to None, run_after=None
[2026-06-02T08:10:48.771+0000] {processor.py:183} INFO - Processing /opt/airflow/dags/dag_2.py took 0.081 seconds
[2026-06-02T08:11:19.044+0000] {processor.py:161} INFO - Started process (PID=487) to work on /opt/airflow/dags/dag_2.py
[2026-06-02T08:11:19.045+0000] {processor.py:830} INFO - Processing file /opt/airflow/dags/dag_2.py for tasks to queue
[2026-06-02T08:11:19.046+0000] {logging_mixin.py:188} INFO - [2026-06-02T08:11:19.046+0000] {dagbag.py:540} INFO - Filling up the DagBag from /opt/airflow/dags/dag_2.py
[2026-06-02T08:11:19.058+0000] {processor.py:840} INFO - DAG(s) 'my_first_test_dag2' retrieved from /opt/airflow/dags/dag_2.py
[2026-06-02T08:11:19.080+0000] {logging_mixin.py:188} INFO - [2026-06-02T08:11:19.079+0000] {dag.py:3047} INFO - Sync 1 DAGs
[2026-06-02T08:11:19.091+0000] {logging_mixin.py:188} INFO - [2026-06-02T08:11:19.091+0000] {dag.py:3834} INFO - Setting next_dagrun for my_first_test_dag2 to None, run_after=None
[2026-06-02T08:11:19.124+0000] {processor.py:183} INFO - Processing /opt/airflow/dags/dag_2.py took 0.083 seconds
[2026-06-02T08:11:49.502+0000] {processor.py:161} INFO - Started process (PID=497) to work on /opt/airflow/dags/dag_2.py
[2026-06-02T08:11:49.503+0000] {processor.py:830} INFO - Processing file /opt/airflow/dags/dag_2.py for tasks to queue
[2026-06-02T08:11:49.504+0000] {logging_mixin.py:188} INFO - [2026-06-02T08:11:49.503+0000] {dagbag.py:540} INFO - Filling up the DagBag from /opt/airflow/dags/dag_2.py
[2026-06-02T08:11:49.519+0000] {processor.py:840} INFO - DAG(s) 'my_first_test_dag2' retrieved from /opt/airflow/dags/dag_2.py
[2026-06-02T08:11:49.547+0000] {logging_mixin.py:188} INFO - [2026-06-02T08:11:49.547+0000] {dag.py:3047} INFO - Sync 1 DAGs
[2026-06-02T08:11:49.561+0000] {logging_mixin.py:188} INFO - [2026-06-02T08:11:49.560+0000] {dag.py:3834} INFO - Setting next_dagrun for my_first_test_dag2 to None, run_after=None
[2026-06-02T08:11:49.586+0000] {processor.py:183} INFO - Processing /opt/airflow/dags/dag_2.py took 0.088 seconds
[2026-06-02T08:12:19.962+0000] {processor.py:161} INFO - Started process (PID=507) to work on /opt/airflow/dags/dag_2.py
[2026-06-02T08:12:19.963+0000] {processor.py:830} INFO - Processing file /opt/airflow/dags/dag_2.py for tasks to queue
[2026-06-02T08:12:19.963+0000] {logging_mixin.py:188} INFO - [2026-06-02T08:12:19.963+0000] {dagbag.py:540} INFO - Filling up the DagBag from /opt/airflow/dags/dag_2.py
[2026-06-02T08:12:19.974+0000] {processor.py:840} INFO - DAG(s) 'my_first_test_dag2' retrieved from /opt/airflow/dags/dag_2.py
[2026-06-02T08:12:19.993+0000] {logging_mixin.py:188} INFO - [2026-06-02T08:12:19.993+0000] {dag.py:3047} INFO - Sync 1 DAGs
[2026-06-02T08:12:20.005+0000] {logging_mixin.py:188} INFO - [2026-06-02T08:12:20.005+0000] {dag.py:3834} INFO - Setting next_dagrun for my_first_test_dag2 to None, run_after=None
[2026-06-02T08:12:20.024+0000] {processor.py:183} INFO - Processing /opt/airflow/dags/dag_2.py took 0.065 seconds
[2026-06-02T08:12:50.558+0000] {processor.py:161} INFO - Started process (PID=517) to work on /opt/airflow/dags/dag_2.py
[2026-06-02T08:12:50.559+0000] {processor.py:830} INFO - Processing file /opt/airflow/dags/dag_2.py for tasks to queue
[2026-06-02T08:12:50.560+0000] {logging_mixin.py:188} INFO - [2026-06-02T08:12:50.560+0000] {dagbag.py:540} INFO - Filling up the DagBag from /opt/airflow/dags/dag_2.py
[2026-06-02T08:12:50.571+0000] {processor.py:840} INFO - DAG(s) 'my_first_test_dag2' retrieved from /opt/airflow/dags/dag_2.py
[2026-06-02T08:12:50.593+0000] {logging_mixin.py:188} INFO - [2026-06-02T08:12:50.593+0000] {dag.py:3047} INFO - Sync 1 DAGs
[2026-06-02T08:12:50.604+0000] {logging_mixin.py:188} INFO - [2026-06-02T08:12:50.603+0000] {dag.py:3834} INFO - Setting next_dagrun for my_first_test_dag2 to None, run_after=None
[2026-06-02T08:12:50.629+0000] {processor.py:183} INFO - Processing /opt/airflow/dags/dag_2.py took 0.074 seconds
[2026-06-02T08:13:20.863+0000] {processor.py:161} INFO - Started process (PID=527) to work on /opt/airflow/dags/dag_2.py
[2026-06-02T08:13:20.864+0000] {processor.py:830} INFO - Processing file /opt/airflow/dags/dag_2.py for tasks to queue
[2026-06-02T08:13:20.865+0000] {logging_mixin.py:188} INFO - [2026-06-02T08:13:20.864+0000] {dagbag.py:540} INFO - Filling up the DagBag from /opt/airflow/dags/dag_2.py
[2026-06-02T08:13:20.882+0000] {processor.py:840} INFO - DAG(s) 'my_first_test_dag2' retrieved from /opt/airflow/dags/dag_2.py
[2026-06-02T08:13:20.905+0000] {logging_mixin.py:188} INFO - [2026-06-02T08:13:20.904+0000] {dag.py:3047} INFO - Sync 1 DAGs
[2026-06-02T08:13:20.918+0000] {logging_mixin.py:188} INFO - [2026-06-02T08:13:20.918+0000] {dag.py:3834} INFO - Setting next_dagrun for my_first_test_dag2 to None, run_after=None
[2026-06-02T08:13:20.939+0000] {processor.py:183} INFO - Processing /opt/airflow/dags/dag_2.py took 0.079 seconds
[2026-06-02T08:13:51.499+0000] {processor.py:161} INFO - Started process (PID=537) to work on /opt/airflow/dags/dag_2.py
[2026-06-02T08:13:51.500+0000] {processor.py:830} INFO - Processing file /opt/airflow/dags/dag_2.py for tasks to queue
[2026-06-02T08:13:51.501+0000] {logging_mixin.py:188} INFO - [2026-06-02T08:13:51.501+0000] {dagbag.py:540} INFO - Filling up the DagBag from /opt/airflow/dags/dag_2.py
[2026-06-02T08:13:51.512+0000] {processor.py:840} INFO - DAG(s) 'my_first_test_dag2' retrieved from /opt/airflow/dags/dag_2.py
[2026-06-02T08:13:51.533+0000] {logging_mixin.py:188} INFO - [2026-06-02T08:13:51.533+0000] {dag.py:3047} INFO - Sync 1 DAGs
[2026-06-02T08:13:51.544+0000] {logging_mixin.py:188} INFO - [2026-06-02T08:13:51.544+0000] {dag.py:3834} INFO - Setting next_dagrun for my_first_test_dag2 to None, run_after=None
[2026-06-02T08:13:51.566+0000] {processor.py:183} INFO - Processing /opt/airflow/dags/dag_2.py took 0.069 seconds
[2026-06-02T08:14:21.833+0000] {processor.py:161} INFO - Started process (PID=547) to work on /opt/airflow/dags/dag_2.py
[2026-06-02T08:14:21.834+0000] {processor.py:830} INFO - Processing file /opt/airflow/dags/dag_2.py for tasks to queue
[2026-06-02T08:14:21.835+0000] {logging_mixin.py:188} INFO - [2026-06-02T08:14:21.835+0000] {dagbag.py:540} INFO - Filling up the DagBag from /opt/airflow/dags/dag_2.py
[2026-06-02T08:14:21.846+0000] {processor.py:840} INFO - DAG(s) 'my_first_test_dag2' retrieved from /opt/airflow/dags/dag_2.py
[2026-06-02T08:14:21.866+0000] {logging_mixin.py:188} INFO - [2026-06-02T08:14:21.866+0000] {dag.py:3047} INFO - Sync 1 DAGs
[2026-06-02T08:14:21.876+0000] {logging_mixin.py:188} INFO - [2026-06-02T08:14:21.876+0000] {dag.py:3834} INFO - Setting next_dagrun for my_first_test_dag2 to None, run_after=None
[2026-06-02T08:14:21.901+0000] {processor.py:183} INFO - Processing /opt/airflow/dags/dag_2.py took 0.070 seconds
[2026-06-02T08:14:52.201+0000] {processor.py:161} INFO - Started process (PID=557) to work on /opt/airflow/dags/dag_2.py
[2026-06-02T08:14:52.202+0000] {processor.py:830} INFO - Processing file /opt/airflow/dags/dag_2.py for tasks to queue
[2026-06-02T08:14:52.204+0000] {logging_mixin.py:188} INFO - [2026-06-02T08:14:52.203+0000] {dagbag.py:540} INFO - Filling up the DagBag from /opt/airflow/dags/dag_2.py
[2026-06-02T08:14:52.219+0000] {processor.py:840} INFO - DAG(s) 'my_first_test_dag2' retrieved from /opt/airflow/dags/dag_2.py
[2026-06-02T08:14:52.242+0000] {logging_mixin.py:188} INFO - [2026-06-02T08:14:52.241+0000] {dag.py:3047} INFO - Sync 1 DAGs
[2026-06-02T08:14:52.255+0000] {logging_mixin.py:188} INFO - [2026-06-02T08:14:52.255+0000] {dag.py:3834} INFO - Setting next_dagrun for my_first_test_dag2 to None, run_after=None
[2026-06-02T08:14:52.279+0000] {processor.py:183} INFO - Processing /opt/airflow/dags/dag_2.py took 0.082 seconds
[2026-06-02T08:15:22.516+0000] {processor.py:161} INFO - Started process (PID=567) to work on /opt/airflow/dags/dag_2.py
[2026-06-02T08:15:22.517+0000] {processor.py:830} INFO - Processing file /opt/airflow/dags/dag_2.py for tasks to queue
[2026-06-02T08:15:22.518+0000] {logging_mixin.py:188} INFO - [2026-06-02T08:15:22.518+0000] {dagbag.py:540} INFO - Filling up the DagBag from /opt/airflow/dags/dag_2.py
[2026-06-02T08:15:22.531+0000] {processor.py:840} INFO - DAG(s) 'my_first_test_dag2' retrieved from /opt/airflow/dags/dag_2.py
[2026-06-02T08:15:22.553+0000] {logging_mixin.py:188} INFO - [2026-06-02T08:15:22.553+0000] {dag.py:3047} INFO - Sync 1 DAGs
[2026-06-02T08:15:22.564+0000] {logging_mixin.py:188} INFO - [2026-06-02T08:15:22.564+0000] {dag.py:3834} INFO - Setting next_dagrun for my_first_test_dag2 to None, run_after=None
[2026-06-02T08:15:22.584+0000] {processor.py:183} INFO - Processing /opt/airflow/dags/dag_2.py took 0.070 seconds
[2026-06-02T08:15:52.816+0000] {processor.py:161} INFO - Started process (PID=577) to work on /opt/airflow/dags/dag_2.py
[2026-06-02T08:15:52.817+0000] {processor.py:830} INFO - Processing file /opt/airflow/dags/dag_2.py for tasks to queue
[2026-06-02T08:15:52.818+0000] {logging_mixin.py:188} INFO - [2026-06-02T08:15:52.817+0000] {dagbag.py:540} INFO - Filling up the DagBag from /opt/airflow/dags/dag_2.py
[2026-06-02T08:15:52.830+0000] {processor.py:840} INFO - DAG(s) 'my_first_test_dag2' retrieved from /opt/airflow/dags/dag_2.py
[2026-06-02T08:15:52.850+0000] {logging_mixin.py:188} INFO - [2026-06-02T08:15:52.850+0000] {dag.py:3047} INFO - Sync 1 DAGs
[2026-06-02T08:15:52.860+0000] {logging_mixin.py:188} INFO - [2026-06-02T08:15:52.860+0000] {dag.py:3834} INFO - Setting next_dagrun for my_first_test_dag2 to None, run_after=None
[2026-06-02T08:15:52.879+0000] {processor.py:183} INFO - Processing /opt/airflow/dags/dag_2.py took 0.066 seconds
[2026-06-02T08:16:23.130+0000] {processor.py:161} INFO - Started process (PID=587) to work on /opt/airflow/dags/dag_2.py
[2026-06-02T08:16:23.131+0000] {processor.py:830} INFO - Processing file /opt/airflow/dags/dag_2.py for tasks to queue
[2026-06-02T08:16:23.132+0000] {logging_mixin.py:188} INFO - [2026-06-02T08:16:23.131+0000] {dagbag.py:540} INFO - Filling up the DagBag from /opt/airflow/dags/dag_2.py
[2026-06-02T08:16:23.144+0000] {processor.py:840} INFO - DAG(s) 'my_first_test_dag2' retrieved from /opt/airflow/dags/dag_2.py
[2026-06-02T08:16:23.167+0000] {logging_mixin.py:188} INFO - [2026-06-02T08:16:23.167+0000] {dag.py:3047} INFO - Sync 1 DAGs
[2026-06-02T08:16:23.183+0000] {logging_mixin.py:188} INFO - [2026-06-02T08:16:23.183+0000] {dag.py:3834} INFO - Setting next_dagrun for my_first_test_dag2 to None, run_after=None
[2026-06-02T08:16:23.211+0000] {processor.py:183} INFO - Processing /opt/airflow/dags/dag_2.py took 0.084 seconds
[2026-06-02T08:16:53.412+0000] {processor.py:161} INFO - Started process (PID=597) to work on /opt/airflow/dags/dag_2.py
[2026-06-02T08:16:53.413+0000] {processor.py:830} INFO - Processing file /opt/airflow/dags/dag_2.py for tasks to queue
[2026-06-02T08:16:53.414+0000] {logging_mixin.py:188} INFO - [2026-06-02T08:16:53.413+0000] {dagbag.py:540} INFO - Filling up the DagBag from /opt/airflow/dags/dag_2.py
[2026-06-02T08:16:53.425+0000] {processor.py:840} INFO - DAG(s) 'my_first_test_dag2' retrieved from /opt/airflow/dags/dag_2.py
[2026-06-02T08:16:53.447+0000] {logging_mixin.py:188} INFO - [2026-06-02T08:16:53.447+0000] {dag.py:3047} INFO - Sync 1 DAGs
[2026-06-02T08:16:53.458+0000] {logging_mixin.py:188} INFO - [2026-06-02T08:16:53.458+0000] {dag.py:3834} INFO - Setting next_dagrun for my_first_test_dag2 to None, run_after=None
[2026-06-02T08:16:53.478+0000] {processor.py:183} INFO - Processing /opt/airflow/dags/dag_2.py took 0.069 seconds
[2026-06-02T08:17:23.735+0000] {processor.py:161} INFO - Started process (PID=607) to work on /opt/airflow/dags/dag_2.py
[2026-06-02T08:17:23.736+0000] {processor.py:830} INFO - Processing file /opt/airflow/dags/dag_2.py for tasks to queue
[2026-06-02T08:17:23.737+0000] {logging_mixin.py:188} INFO - [2026-06-02T08:17:23.736+0000] {dagbag.py:540} INFO - Filling up the DagBag from /opt/airflow/dags/dag_2.py
[2026-06-02T08:17:23.747+0000] {processor.py:840} INFO - DAG(s) 'my_first_test_dag2' retrieved from /opt/airflow/dags/dag_2.py
[2026-06-02T08:17:23.767+0000] {logging_mixin.py:188} INFO - [2026-06-02T08:17:23.767+0000] {dag.py:3047} INFO - Sync 1 DAGs
[2026-06-02T08:17:23.777+0000] {logging_mixin.py:188} INFO - [2026-06-02T08:17:23.777+0000] {dag.py:3834} INFO - Setting next_dagrun for my_first_test_dag2 to None, run_after=None
[2026-06-02T08:17:23.797+0000] {processor.py:183} INFO - Processing /opt/airflow/dags/dag_2.py took 0.065 seconds
[2026-06-02T08:17:54.046+0000] {processor.py:161} INFO - Started process (PID=617) to work on /opt/airflow/dags/dag_2.py
[2026-06-02T08:17:54.047+0000] {processor.py:830} INFO - Processing file /opt/airflow/dags/dag_2.py for tasks to queue
[2026-06-02T08:17:54.048+0000] {logging_mixin.py:188} INFO - [2026-06-02T08:17:54.048+0000] {dagbag.py:540} INFO - Filling up the DagBag from /opt/airflow/dags/dag_2.py
[2026-06-02T08:17:54.059+0000] {processor.py:840} INFO - DAG(s) 'my_first_test_dag2' retrieved from /opt/airflow/dags/dag_2.py
[2026-06-02T08:17:54.081+0000] {logging_mixin.py:188} INFO - [2026-06-02T08:17:54.081+0000] {dag.py:3047} INFO - Sync 1 DAGs
[2026-06-02T08:17:54.092+0000] {logging_mixin.py:188} INFO - [2026-06-02T08:17:54.092+0000] {dag.py:3834} INFO - Setting next_dagrun for my_first_test_dag2 to None, run_after=None
[2026-06-02T08:17:54.111+0000] {processor.py:183} INFO - Processing /opt/airflow/dags/dag_2.py took 0.067 seconds
[2026-06-02T08:18:24.429+0000] {processor.py:161} INFO - Started process (PID=627) to work on /opt/airflow/dags/dag_2.py
[2026-06-02T08:18:24.430+0000] {processor.py:830} INFO - Processing file /opt/airflow/dags/dag_2.py for tasks to queue
[2026-06-02T08:18:24.431+0000] {logging_mixin.py:188} INFO - [2026-06-02T08:18:24.431+0000] {dagbag.py:540} INFO - Filling up the DagBag from /opt/airflow/dags/dag_2.py
[2026-06-02T08:18:24.442+0000] {processor.py:840} INFO - DAG(s) 'my_first_test_dag2' retrieved from /opt/airflow/dags/dag_2.py
[2026-06-02T08:18:24.462+0000] {logging_mixin.py:188} INFO - [2026-06-02T08:18:24.461+0000] {dag.py:3047} INFO - Sync 1 DAGs
[2026-06-02T08:18:24.473+0000] {logging_mixin.py:188} INFO - [2026-06-02T08:18:24.473+0000] {dag.py:3834} INFO - Setting next_dagrun for my_first_test_dag2 to None, run_after=None
[2026-06-02T08:18:24.498+0000] {processor.py:183} INFO - Processing /opt/airflow/dags/dag_2.py took 0.071 seconds
[2026-06-02T08:18:54.767+0000] {processor.py:161} INFO - Started process (PID=637) to work on /opt/airflow/dags/dag_2.py
[2026-06-02T08:18:54.768+0000] {processor.py:830} INFO - Processing file /opt/airflow/dags/dag_2.py for tasks to queue
[2026-06-02T08:18:54.769+0000] {logging_mixin.py:188} INFO - [2026-06-02T08:18:54.769+0000] {dagbag.py:540} INFO - Filling up the DagBag from /opt/airflow/dags/dag_2.py
[2026-06-02T08:18:54.783+0000] {processor.py:840} INFO - DAG(s) 'my_first_test_dag2' retrieved from /opt/airflow/dags/dag_2.py
[2026-06-02T08:18:54.808+0000] {logging_mixin.py:188} INFO - [2026-06-02T08:18:54.807+0000] {dag.py:3047} INFO - Sync 1 DAGs
[2026-06-02T08:18:54.821+0000] {logging_mixin.py:188} INFO - [2026-06-02T08:18:54.821+0000] {dag.py:3834} INFO - Setting next_dagrun for my_first_test_dag2 to None, run_after=None
[2026-06-02T08:18:54.846+0000] {processor.py:183} INFO - Processing /opt/airflow/dags/dag_2.py took 0.082 seconds
[2026-06-02T08:19:25.029+0000] {processor.py:161} INFO - Started process (PID=647) to work on /opt/airflow/dags/dag_2.py
[2026-06-02T08:19:25.030+0000] {processor.py:830} INFO - Processing file /opt/airflow/dags/dag_2.py for tasks to queue
[2026-06-02T08:19:25.031+0000] {logging_mixin.py:188} INFO - [2026-06-02T08:19:25.031+0000] {dagbag.py:540} INFO - Filling up the DagBag from /opt/airflow/dags/dag_2.py
[2026-06-02T08:19:25.044+0000] {processor.py:840} INFO - DAG(s) 'my_first_test_dag2' retrieved from /opt/airflow/dags/dag_2.py
[2026-06-02T08:19:25.074+0000] {logging_mixin.py:188} INFO - [2026-06-02T08:19:25.074+0000] {dag.py:3047} INFO - Sync 1 DAGs
[2026-06-02T08:19:25.087+0000] {logging_mixin.py:188} INFO - [2026-06-02T08:19:25.087+0000] {dag.py:3834} INFO - Setting next_dagrun for my_first_test_dag2 to None, run_after=None
[2026-06-02T08:19:25.102+0000] {processor.py:183} INFO - Processing /opt/airflow/dags/dag_2.py took 0.079 seconds
[2026-06-02T08:19:55.362+0000] {processor.py:161} INFO - Started process (PID=657) to work on /opt/airflow/dags/dag_2.py
[2026-06-02T08:19:55.362+0000] {processor.py:830} INFO - Processing file /opt/airflow/dags/dag_2.py for tasks to queue
[2026-06-02T08:19:55.363+0000] {logging_mixin.py:188} INFO - [2026-06-02T08:19:55.363+0000] {dagbag.py:540} INFO - Filling up the DagBag from /opt/airflow/dags/dag_2.py
[2026-06-02T08:19:55.374+0000] {processor.py:840} INFO - DAG(s) 'my_first_test_dag2' retrieved from /opt/airflow/dags/dag_2.py
[2026-06-02T08:19:55.394+0000] {logging_mixin.py:188} INFO - [2026-06-02T08:19:55.394+0000] {dag.py:3047} INFO - Sync 1 DAGs
[2026-06-02T08:19:55.406+0000] {logging_mixin.py:188} INFO - [2026-06-02T08:19:55.405+0000] {dag.py:3834} INFO - Setting next_dagrun for my_first_test_dag2 to None, run_after=None
[2026-06-02T08:19:55.425+0000] {processor.py:183} INFO - Processing /opt/airflow/dags/dag_2.py took 0.065 seconds
[2026-06-02T08:20:25.729+0000] {processor.py:161} INFO - Started process (PID=667) to work on /opt/airflow/dags/dag_2.py
[2026-06-02T08:20:25.730+0000] {processor.py:830} INFO - Processing file /opt/airflow/dags/dag_2.py for tasks to queue
[2026-06-02T08:20:25.730+0000] {logging_mixin.py:188} INFO - [2026-06-02T08:20:25.730+0000] {dagbag.py:540} INFO - Filling up the DagBag from /opt/airflow/dags/dag_2.py
[2026-06-02T08:20:25.741+0000] {processor.py:840} INFO - DAG(s) 'my_first_test_dag2' retrieved from /opt/airflow/dags/dag_2.py
[2026-06-02T08:20:25.762+0000] {logging_mixin.py:188} INFO - [2026-06-02T08:20:25.762+0000] {dag.py:3047} INFO - Sync 1 DAGs
[2026-06-02T08:20:25.774+0000] {logging_mixin.py:188} INFO - [2026-06-02T08:20:25.774+0000] {dag.py:3834} INFO - Setting next_dagrun for my_first_test_dag2 to None, run_after=None
[2026-06-02T08:20:25.802+0000] {processor.py:183} INFO - Processing /opt/airflow/dags/dag_2.py took 0.076 seconds
[2026-06-02T08:20:56.006+0000] {processor.py:161} INFO - Started process (PID=677) to work on /opt/airflow/dags/dag_2.py
[2026-06-02T08:20:56.007+0000] {processor.py:830} INFO - Processing file /opt/airflow/dags/dag_2.py for tasks to queue
[2026-06-02T08:20:56.007+0000] {logging_mixin.py:188} INFO - [2026-06-02T08:20:56.007+0000] {dagbag.py:540} INFO - Filling up the DagBag from /opt/airflow/dags/dag_2.py
[2026-06-02T08:20:56.019+0000] {processor.py:840} INFO - DAG(s) 'my_first_test_dag2' retrieved from /opt/airflow/dags/dag_2.py
[2026-06-02T08:20:56.039+0000] {logging_mixin.py:188} INFO - [2026-06-02T08:20:56.039+0000] {dag.py:3047} INFO - Sync 1 DAGs
[2026-06-02T08:20:56.050+0000] {logging_mixin.py:188} INFO - [2026-06-02T08:20:56.050+0000] {dag.py:3834} INFO - Setting next_dagrun for my_first_test_dag2 to None, run_after=None
[2026-06-02T08:20:56.075+0000] {processor.py:183} INFO - Processing /opt/airflow/dags/dag_2.py took 0.072 seconds
[2026-06-02T08:21:26.315+0000] {processor.py:161} INFO - Started process (PID=687) to work on /opt/airflow/dags/dag_2.py
[2026-06-02T08:21:26.315+0000] {processor.py:830} INFO - Processing file /opt/airflow/dags/dag_2.py for tasks to queue
[2026-06-02T08:21:26.316+0000] {logging_mixin.py:188} INFO - [2026-06-02T08:21:26.316+0000] {dagbag.py:540} INFO - Filling up the DagBag from /opt/airflow/dags/dag_2.py
[2026-06-02T08:21:26.327+0000] {processor.py:840} INFO - DAG(s) 'my_first_test_dag2' retrieved from /opt/airflow/dags/dag_2.py
[2026-06-02T08:21:26.347+0000] {logging_mixin.py:188} INFO - [2026-06-02T08:21:26.347+0000] {dag.py:3047} INFO - Sync 1 DAGs
[2026-06-02T08:21:26.359+0000] {logging_mixin.py:188} INFO - [2026-06-02T08:21:26.358+0000] {dag.py:3834} INFO - Setting next_dagrun for my_first_test_dag2 to None, run_after=None
[2026-06-02T08:21:26.383+0000] {processor.py:183} INFO - Processing /opt/airflow/dags/dag_2.py took 0.071 seconds
[2026-06-02T08:21:56.673+0000] {processor.py:161} INFO - Started process (PID=697) to work on /opt/airflow/dags/dag_2.py
[2026-06-02T08:21:56.674+0000] {processor.py:830} INFO - Processing file /opt/airflow/dags/dag_2.py for tasks to queue
[2026-06-02T08:21:56.674+0000] {logging_mixin.py:188} INFO - [2026-06-02T08:21:56.674+0000] {dagbag.py:540} INFO - Filling up the DagBag from /opt/airflow/dags/dag_2.py
[2026-06-02T08:21:56.685+0000] {processor.py:840} INFO - DAG(s) 'my_first_test_dag2' retrieved from /opt/airflow/dags/dag_2.py
[2026-06-02T08:21:56.705+0000] {logging_mixin.py:188} INFO - [2026-06-02T08:21:56.705+0000] {dag.py:3047} INFO - Sync 1 DAGs
[2026-06-02T08:21:56.716+0000] {logging_mixin.py:188} INFO - [2026-06-02T08:21:56.716+0000] {dag.py:3834} INFO - Setting next_dagrun for my_first_test_dag2 to None, run_after=None
[2026-06-02T08:21:56.735+0000] {processor.py:183} INFO - Processing /opt/airflow/dags/dag_2.py took 0.064 seconds
[2026-06-02T08:22:27.053+0000] {processor.py:161} INFO - Started process (PID=707) to work on /opt/airflow/dags/dag_2.py
[2026-06-02T08:22:27.053+0000] {processor.py:830} INFO - Processing file /opt/airflow/dags/dag_2.py for tasks to queue
[2026-06-02T08:22:27.054+0000] {logging_mixin.py:188} INFO - [2026-06-02T08:22:27.054+0000] {dagbag.py:540} INFO - Filling up the DagBag from /opt/airflow/dags/dag_2.py
[2026-06-02T08:22:27.066+0000] {processor.py:840} INFO - DAG(s) 'my_first_test_dag2' retrieved from /opt/airflow/dags/dag_2.py
[2026-06-02T08:22:27.087+0000] {logging_mixin.py:188} INFO - [2026-06-02T08:22:27.086+0000] {dag.py:3047} INFO - Sync 1 DAGs
[2026-06-02T08:22:27.097+0000] {logging_mixin.py:188} INFO - [2026-06-02T08:22:27.097+0000] {dag.py:3834} INFO - Setting next_dagrun for my_first_test_dag2 to None, run_after=None
[2026-06-02T08:22:27.123+0000] {processor.py:183} INFO - Processing /opt/airflow/dags/dag_2.py took 0.072 seconds
[2026-06-02T08:22:57.347+0000] {processor.py:161} INFO - Started process (PID=717) to work on /opt/airflow/dags/dag_2.py
[2026-06-02T08:22:57.348+0000] {processor.py:830} INFO - Processing file /opt/airflow/dags/dag_2.py for tasks to queue
[2026-06-02T08:22:57.348+0000] {logging_mixin.py:188} INFO - [2026-06-02T08:22:57.348+0000] {dagbag.py:540} INFO - Filling up the DagBag from /opt/airflow/dags/dag_2.py
[2026-06-02T08:22:57.359+0000] {processor.py:840} INFO - DAG(s) 'my_first_test_dag2' retrieved from /opt/airflow/dags/dag_2.py
[2026-06-02T08:22:57.379+0000] {logging_mixin.py:188} INFO - [2026-06-02T08:22:57.379+0000] {dag.py:3047} INFO - Sync 1 DAGs
[2026-06-02T08:22:57.389+0000] {logging_mixin.py:188} INFO - [2026-06-02T08:22:57.389+0000] {dag.py:3834} INFO - Setting next_dagrun for my_first_test_dag2 to None, run_after=None
[2026-06-02T08:22:57.416+0000] {processor.py:183} INFO - Processing /opt/airflow/dags/dag_2.py took 0.072 seconds
[2026-06-02T08:23:27.731+0000] {processor.py:161} INFO - Started process (PID=727) to work on /opt/airflow/dags/dag_2.py
[2026-06-02T08:23:27.732+0000] {processor.py:830} INFO - Processing file /opt/airflow/dags/dag_2.py for tasks to queue
[2026-06-02T08:23:27.733+0000] {logging_mixin.py:188} INFO - [2026-06-02T08:23:27.733+0000] {dagbag.py:540} INFO - Filling up the DagBag from /opt/airflow/dags/dag_2.py
[2026-06-02T08:23:27.744+0000] {processor.py:840} INFO - DAG(s) 'my_first_test_dag2' retrieved from /opt/airflow/dags/dag_2.py
[2026-06-02T08:23:27.765+0000] {logging_mixin.py:188} INFO - [2026-06-02T08:23:27.764+0000] {dag.py:3047} INFO - Sync 1 DAGs
[2026-06-02T08:23:27.776+0000] {logging_mixin.py:188} INFO - [2026-06-02T08:23:27.775+0000] {dag.py:3834} INFO - Setting next_dagrun for my_first_test_dag2 to None, run_after=None
[2026-06-02T08:23:27.795+0000] {processor.py:183} INFO - Processing /opt/airflow/dags/dag_2.py took 0.066 seconds
[2026-06-02T08:23:58.007+0000] {processor.py:161} INFO - Started process (PID=737) to work on /opt/airflow/dags/dag_2.py
[2026-06-02T08:23:58.008+0000] {processor.py:830} INFO - Processing file /opt/airflow/dags/dag_2.py for tasks to queue
[2026-06-02T08:23:58.008+0000] {logging_mixin.py:188} INFO - [2026-06-02T08:23:58.008+0000] {dagbag.py:540} INFO - Filling up the DagBag from /opt/airflow/dags/dag_2.py
[2026-06-02T08:23:58.019+0000] {processor.py:840} INFO - DAG(s) 'my_first_test_dag2' retrieved from /opt/airflow/dags/dag_2.py
[2026-06-02T08:23:58.040+0000] {logging_mixin.py:188} INFO - [2026-06-02T08:23:58.040+0000] {dag.py:3047} INFO - Sync 1 DAGs
[2026-06-02T08:23:58.051+0000] {logging_mixin.py:188} INFO - [2026-06-02T08:23:58.051+0000] {dag.py:3834} INFO - Setting next_dagrun for my_first_test_dag2 to None, run_after=None
[2026-06-02T08:23:58.070+0000] {processor.py:183} INFO - Processing /opt/airflow/dags/dag_2.py took 0.065 seconds
[2026-06-02T08:24:28.372+0000] {processor.py:161} INFO - Started process (PID=747) to work on /opt/airflow/dags/dag_2.py
[2026-06-02T08:24:28.372+0000] {processor.py:830} INFO - Processing file /opt/airflow/dags/dag_2.py for tasks to queue
[2026-06-02T08:24:28.373+0000] {logging_mixin.py:188} INFO - [2026-06-02T08:24:28.373+0000] {dagbag.py:540} INFO - Filling up the DagBag from /opt/airflow/dags/dag_2.py
[2026-06-02T08:24:28.384+0000] {processor.py:840} INFO - DAG(s) 'my_first_test_dag2' retrieved from /opt/airflow/dags/dag_2.py
[2026-06-02T08:24:28.405+0000] {logging_mixin.py:188} INFO - [2026-06-02T08:24:28.404+0000] {dag.py:3047} INFO - Sync 1 DAGs
[2026-06-02T08:24:28.415+0000] {logging_mixin.py:188} INFO - [2026-06-02T08:24:28.415+0000] {dag.py:3834} INFO - Setting next_dagrun for my_first_test_dag2 to None, run_after=None
[2026-06-02T08:24:28.434+0000] {processor.py:183} INFO - Processing /opt/airflow/dags/dag_2.py took 0.065 seconds
[2026-06-02T08:24:58.695+0000] {processor.py:161} INFO - Started process (PID=757) to work on /opt/airflow/dags/dag_2.py
[2026-06-02T08:24:58.696+0000] {processor.py:830} INFO - Processing file /opt/airflow/dags/dag_2.py for tasks to queue
[2026-06-02T08:24:58.697+0000] {logging_mixin.py:188} INFO - [2026-06-02T08:24:58.696+0000] {dagbag.py:540} INFO - Filling up the DagBag from /opt/airflow/dags/dag_2.py
[2026-06-02T08:24:58.710+0000] {processor.py:840} INFO - DAG(s) 'my_first_test_dag2' retrieved from /opt/airflow/dags/dag_2.py
[2026-06-02T08:24:58.730+0000] {logging_mixin.py:188} INFO - [2026-06-02T08:24:58.730+0000] {dag.py:3047} INFO - Sync 1 DAGs
[2026-06-02T08:24:58.742+0000] {logging_mixin.py:188} INFO - [2026-06-02T08:24:58.741+0000] {dag.py:3834} INFO - Setting next_dagrun for my_first_test_dag2 to None, run_after=None
[2026-06-02T08:24:58.759+0000] {processor.py:183} INFO - Processing /opt/airflow/dags/dag_2.py took 0.067 seconds
[2026-06-02T08:25:29.060+0000] {processor.py:161} INFO - Started process (PID=767) to work on /opt/airflow/dags/dag_2.py
[2026-06-02T08:25:29.061+0000] {processor.py:830} INFO - Processing file /opt/airflow/dags/dag_2.py for tasks to queue
[2026-06-02T08:25:29.061+0000] {logging_mixin.py:188} INFO - [2026-06-02T08:25:29.061+0000] {dagbag.py:540} INFO - Filling up the DagBag from /opt/airflow/dags/dag_2.py
[2026-06-02T08:25:29.074+0000] {processor.py:840} INFO - DAG(s) 'my_first_test_dag2' retrieved from /opt/airflow/dags/dag_2.py
[2026-06-02T08:25:29.094+0000] {logging_mixin.py:188} INFO - [2026-06-02T08:25:29.094+0000] {dag.py:3047} INFO - Sync 1 DAGs
[2026-06-02T08:25:29.104+0000] {logging_mixin.py:188} INFO - [2026-06-02T08:25:29.104+0000] {dag.py:3834} INFO - Setting next_dagrun for my_first_test_dag2 to None, run_after=None
[2026-06-02T08:25:29.130+0000] {processor.py:183} INFO - Processing /opt/airflow/dags/dag_2.py took 0.074 seconds
[2026-06-02T08:25:59.352+0000] {processor.py:161} INFO - Started process (PID=777) to work on /opt/airflow/dags/dag_2.py
[2026-06-02T08:25:59.353+0000] {processor.py:830} INFO - Processing file /opt/airflow/dags/dag_2.py for tasks to queue
[2026-06-02T08:25:59.354+0000] {logging_mixin.py:188} INFO - [2026-06-02T08:25:59.354+0000] {dagbag.py:540} INFO - Filling up the DagBag from /opt/airflow/dags/dag_2.py
[2026-06-02T08:25:59.365+0000] {processor.py:840} INFO - DAG(s) 'my_first_test_dag2' retrieved from /opt/airflow/dags/dag_2.py
[2026-06-02T08:25:59.386+0000] {logging_mixin.py:188} INFO - [2026-06-02T08:25:59.386+0000] {dag.py:3047} INFO - Sync 1 DAGs
[2026-06-02T08:25:59.397+0000] {logging_mixin.py:188} INFO - [2026-06-02T08:25:59.397+0000] {dag.py:3834} INFO - Setting next_dagrun for my_first_test_dag2 to None, run_after=None
[2026-06-02T08:25:59.416+0000] {processor.py:183} INFO - Processing /opt/airflow/dags/dag_2.py took 0.066 seconds
[2026-06-02T08:26:29.685+0000] {processor.py:161} INFO - Started process (PID=787) to work on /opt/airflow/dags/dag_2.py
[2026-06-02T08:26:29.686+0000] {processor.py:830} INFO - Processing file /opt/airflow/dags/dag_2.py for tasks to queue
[2026-06-02T08:26:29.686+0000] {logging_mixin.py:188} INFO - [2026-06-02T08:26:29.686+0000] {dagbag.py:540} INFO - Filling up the DagBag from /opt/airflow/dags/dag_2.py
[2026-06-02T08:26:29.701+0000] {processor.py:840} INFO - DAG(s) 'my_first_test_dag2' retrieved from /opt/airflow/dags/dag_2.py
[2026-06-02T08:26:29.723+0000] {logging_mixin.py:188} INFO - [2026-06-02T08:26:29.723+0000] {dag.py:3047} INFO - Sync 1 DAGs
[2026-06-02T08:26:29.736+0000] {logging_mixin.py:188} INFO - [2026-06-02T08:26:29.735+0000] {dag.py:3834} INFO - Setting next_dagrun for my_first_test_dag2 to None, run_after=None
[2026-06-02T08:26:29.755+0000] {processor.py:183} INFO - Processing /opt/airflow/dags/dag_2.py took 0.073 seconds
[2026-06-02T08:26:59.993+0000] {processor.py:161} INFO - Started process (PID=797) to work on /opt/airflow/dags/dag_2.py
[2026-06-02T08:26:59.994+0000] {processor.py:830} INFO - Processing file /opt/airflow/dags/dag_2.py for tasks to queue
[2026-06-02T08:26:59.995+0000] {logging_mixin.py:188} INFO - [2026-06-02T08:26:59.994+0000] {dagbag.py:540} INFO - Filling up the DagBag from /opt/airflow/dags/dag_2.py
[2026-06-02T08:27:00.007+0000] {processor.py:840} INFO - DAG(s) 'my_first_test_dag2' retrieved from /opt/airflow/dags/dag_2.py
[2026-06-02T08:27:00.030+0000] {logging_mixin.py:188} INFO - [2026-06-02T08:27:00.030+0000] {dag.py:3047} INFO - Sync 1 DAGs
[2026-06-02T08:27:00.040+0000] {logging_mixin.py:188} INFO - [2026-06-02T08:27:00.040+0000] {dag.py:3834} INFO - Setting next_dagrun for my_first_test_dag2 to None, run_after=None
[2026-06-02T08:27:00.060+0000] {processor.py:183} INFO - Processing /opt/airflow/dags/dag_2.py took 0.069 seconds
[2026-06-02T08:27:30.361+0000] {processor.py:161} INFO - Started process (PID=807) to work on /opt/airflow/dags/dag_2.py
[2026-06-02T08:27:30.362+0000] {processor.py:830} INFO - Processing file /opt/airflow/dags/dag_2.py for tasks to queue
[2026-06-02T08:27:30.362+0000] {logging_mixin.py:188} INFO - [2026-06-02T08:27:30.362+0000] {dagbag.py:540} INFO - Filling up the DagBag from /opt/airflow/dags/dag_2.py
[2026-06-02T08:27:30.376+0000] {processor.py:840} INFO - DAG(s) 'my_first_test_dag2' retrieved from /opt/airflow/dags/dag_2.py
[2026-06-02T08:27:30.397+0000] {logging_mixin.py:188} INFO - [2026-06-02T08:27:30.397+0000] {dag.py:3047} INFO - Sync 1 DAGs
[2026-06-02T08:27:30.408+0000] {logging_mixin.py:188} INFO - [2026-06-02T08:27:30.408+0000] {dag.py:3834} INFO - Setting next_dagrun for my_first_test_dag2 to None, run_after=None
[2026-06-02T08:27:30.435+0000] {processor.py:183} INFO - Processing /opt/airflow/dags/dag_2.py took 0.077 seconds
[2026-06-02T08:28:00.642+0000] {processor.py:161} INFO - Started process (PID=817) to work on /opt/airflow/dags/dag_2.py
[2026-06-02T08:28:00.643+0000] {processor.py:830} INFO - Processing file /opt/airflow/dags/dag_2.py for tasks to queue
[2026-06-02T08:28:00.644+0000] {logging_mixin.py:188} INFO - [2026-06-02T08:28:00.643+0000] {dagbag.py:540} INFO - Filling up the DagBag from /opt/airflow/dags/dag_2.py
[2026-06-02T08:28:00.655+0000] {processor.py:840} INFO - DAG(s) 'my_first_test_dag2' retrieved from /opt/airflow/dags/dag_2.py
[2026-06-02T08:28:00.675+0000] {logging_mixin.py:188} INFO - [2026-06-02T08:28:00.675+0000] {dag.py:3047} INFO - Sync 1 DAGs
[2026-06-02T08:28:00.687+0000] {logging_mixin.py:188} INFO - [2026-06-02T08:28:00.686+0000] {dag.py:3834} INFO - Setting next_dagrun for my_first_test_dag2 to None, run_after=None
[2026-06-02T08:28:00.706+0000] {processor.py:183} INFO - Processing /opt/airflow/dags/dag_2.py took 0.067 seconds
[2026-06-02T08:28:30.982+0000] {processor.py:161} INFO - Started process (PID=827) to work on /opt/airflow/dags/dag_2.py
[2026-06-02T08:28:30.983+0000] {processor.py:830} INFO - Processing file /opt/airflow/dags/dag_2.py for tasks to queue
[2026-06-02T08:28:30.984+0000] {logging_mixin.py:188} INFO - [2026-06-02T08:28:30.983+0000] {dagbag.py:540} INFO - Filling up the DagBag from /opt/airflow/dags/dag_2.py
[2026-06-02T08:28:30.997+0000] {processor.py:840} INFO - DAG(s) 'my_first_test_dag2' retrieved from /opt/airflow/dags/dag_2.py
[2026-06-02T08:28:31.019+0000] {logging_mixin.py:188} INFO - [2026-06-02T08:28:31.019+0000] {dag.py:3047} INFO - Sync 1 DAGs
[2026-06-02T08:28:31.030+0000] {logging_mixin.py:188} INFO - [2026-06-02T08:28:31.030+0000] {dag.py:3834} INFO - Setting next_dagrun for my_first_test_dag2 to None, run_after=None
[2026-06-02T08:28:31.055+0000] {processor.py:183} INFO - Processing /opt/airflow/dags/dag_2.py took 0.076 seconds
[2026-06-02T08:29:01.306+0000] {processor.py:161} INFO - Started process (PID=837) to work on /opt/airflow/dags/dag_2.py
[2026-06-02T08:29:01.307+0000] {processor.py:830} INFO - Processing file /opt/airflow/dags/dag_2.py for tasks to queue
[2026-06-02T08:29:01.308+0000] {logging_mixin.py:188} INFO - [2026-06-02T08:29:01.307+0000] {dagbag.py:540} INFO - Filling up the DagBag from /opt/airflow/dags/dag_2.py
[2026-06-02T08:29:01.318+0000] {processor.py:840} INFO - DAG(s) 'my_first_test_dag2' retrieved from /opt/airflow/dags/dag_2.py
[2026-06-02T08:29:01.339+0000] {logging_mixin.py:188} INFO - [2026-06-02T08:29:01.339+0000] {dag.py:3047} INFO - Sync 1 DAGs
[2026-06-02T08:29:01.350+0000] {logging_mixin.py:188} INFO - [2026-06-02T08:29:01.349+0000] {dag.py:3834} INFO - Setting next_dagrun for my_first_test_dag2 to None, run_after=None
[2026-06-02T08:29:01.376+0000] {processor.py:183} INFO - Processing /opt/airflow/dags/dag_2.py took 0.072 seconds
[2026-06-02T08:29:31.639+0000] {processor.py:161} INFO - Started process (PID=847) to work on /opt/airflow/dags/dag_2.py
[2026-06-02T08:29:31.640+0000] {processor.py:830} INFO - Processing file /opt/airflow/dags/dag_2.py for tasks to queue
[2026-06-02T08:29:31.641+0000] {logging_mixin.py:188} INFO - [2026-06-02T08:29:31.641+0000] {dagbag.py:540} INFO - Filling up the DagBag from /opt/airflow/dags/dag_2.py
[2026-06-02T08:29:31.652+0000] {processor.py:840} INFO - DAG(s) 'my_first_test_dag2' retrieved from /opt/airflow/dags/dag_2.py
[2026-06-02T08:29:31.674+0000] {logging_mixin.py:188} INFO - [2026-06-02T08:29:31.674+0000] {dag.py:3047} INFO - Sync 1 DAGs
[2026-06-02T08:29:31.686+0000] {logging_mixin.py:188} INFO - [2026-06-02T08:29:31.685+0000] {dag.py:3834} INFO - Setting next_dagrun for my_first_test_dag2 to None, run_after=None
[2026-06-02T08:29:31.712+0000] {processor.py:183} INFO - Processing /opt/airflow/dags/dag_2.py took 0.075 seconds
[2026-06-02T08:30:01.906+0000] {processor.py:161} INFO - Started process (PID=857) to work on /opt/airflow/dags/dag_2.py
[2026-06-02T08:30:01.907+0000] {processor.py:830} INFO - Processing file /opt/airflow/dags/dag_2.py for tasks to queue
[2026-06-02T08:30:01.908+0000] {logging_mixin.py:188} INFO - [2026-06-02T08:30:01.908+0000] {dagbag.py:540} INFO - Filling up the DagBag from /opt/airflow/dags/dag_2.py
[2026-06-02T08:30:01.920+0000] {processor.py:840} INFO - DAG(s) 'my_first_test_dag2' retrieved from /opt/airflow/dags/dag_2.py
[2026-06-02T08:30:01.942+0000] {logging_mixin.py:188} INFO - [2026-06-02T08:30:01.942+0000] {dag.py:3047} INFO - Sync 1 DAGs
[2026-06-02T08:30:01.952+0000] {logging_mixin.py:188} INFO - [2026-06-02T08:30:01.952+0000] {dag.py:3834} INFO - Setting next_dagrun for my_first_test_dag2 to None, run_after=None
[2026-06-02T08:30:01.973+0000] {processor.py:183} INFO - Processing /opt/airflow/dags/dag_2.py took 0.069 seconds
[2026-06-02T08:30:32.232+0000] {processor.py:161} INFO - Started process (PID=867) to work on /opt/airflow/dags/dag_2.py
[2026-06-02T08:30:32.233+0000] {processor.py:830} INFO - Processing file /opt/airflow/dags/dag_2.py for tasks to queue
[2026-06-02T08:30:32.234+0000] {logging_mixin.py:188} INFO - [2026-06-02T08:30:32.233+0000] {dagbag.py:540} INFO - Filling up the DagBag from /opt/airflow/dags/dag_2.py
[2026-06-02T08:30:32.245+0000] {processor.py:840} INFO - DAG(s) 'my_first_test_dag2' retrieved from /opt/airflow/dags/dag_2.py
[2026-06-02T08:30:32.265+0000] {logging_mixin.py:188} INFO - [2026-06-02T08:30:32.265+0000] {dag.py:3047} INFO - Sync 1 DAGs
[2026-06-02T08:30:32.277+0000] {logging_mixin.py:188} INFO - [2026-06-02T08:30:32.276+0000] {dag.py:3834} INFO - Setting next_dagrun for my_first_test_dag2 to None, run_after=None
[2026-06-02T08:30:32.302+0000] {processor.py:183} INFO - Processing /opt/airflow/dags/dag_2.py took 0.072 seconds
[2026-06-02T08:31:02.507+0000] {processor.py:161} INFO - Started process (PID=877) to work on /opt/airflow/dags/dag_2.py
[2026-06-02T08:31:02.508+0000] {processor.py:830} INFO - Processing file /opt/airflow/dags/dag_2.py for tasks to queue
[2026-06-02T08:31:02.509+0000] {logging_mixin.py:188} INFO - [2026-06-02T08:31:02.509+0000] {dagbag.py:540} INFO - Filling up the DagBag from /opt/airflow/dags/dag_2.py
[2026-06-02T08:31:02.520+0000] {processor.py:840} INFO - DAG(s) 'my_first_test_dag2' retrieved from /opt/airflow/dags/dag_2.py
[2026-06-02T08:31:02.540+0000] {logging_mixin.py:188} INFO - [2026-06-02T08:31:02.540+0000] {dag.py:3047} INFO - Sync 1 DAGs
[2026-06-02T08:31:02.552+0000] {logging_mixin.py:188} INFO - [2026-06-02T08:31:02.551+0000] {dag.py:3834} INFO - Setting next_dagrun for my_first_test_dag2 to None, run_after=None
[2026-06-02T08:31:02.577+0000] {processor.py:183} INFO - Processing /opt/airflow/dags/dag_2.py took 0.072 seconds
[2026-06-02T08:31:32.916+0000] {processor.py:161} INFO - Started process (PID=887) to work on /opt/airflow/dags/dag_2.py
[2026-06-02T08:31:32.917+0000] {processor.py:830} INFO - Processing file /opt/airflow/dags/dag_2.py for tasks to queue
[2026-06-02T08:31:32.918+0000] {logging_mixin.py:188} INFO - [2026-06-02T08:31:32.918+0000] {dagbag.py:540} INFO - Filling up the DagBag from /opt/airflow/dags/dag_2.py
[2026-06-02T08:31:32.930+0000] {processor.py:840} INFO - DAG(s) 'my_first_test_dag2' retrieved from /opt/airflow/dags/dag_2.py
[2026-06-02T08:31:32.950+0000] {logging_mixin.py:188} INFO - [2026-06-02T08:31:32.950+0000] {dag.py:3047} INFO - Sync 1 DAGs
[2026-06-02T08:31:32.960+0000] {logging_mixin.py:188} INFO - [2026-06-02T08:31:32.960+0000] {dag.py:3834} INFO - Setting next_dagrun for my_first_test_dag2 to None, run_after=None
[2026-06-02T08:31:32.986+0000] {processor.py:183} INFO - Processing /opt/airflow/dags/dag_2.py took 0.072 seconds
[2026-06-02T08:32:03.199+0000] {processor.py:161} INFO - Started process (PID=897) to work on /opt/airflow/dags/dag_2.py
[2026-06-02T08:32:03.200+0000] {processor.py:830} INFO - Processing file /opt/airflow/dags/dag_2.py for tasks to queue
[2026-06-02T08:32:03.201+0000] {logging_mixin.py:188} INFO - [2026-06-02T08:32:03.201+0000] {dagbag.py:540} INFO - Filling up the DagBag from /opt/airflow/dags/dag_2.py
[2026-06-02T08:32:03.213+0000] {processor.py:840} INFO - DAG(s) 'my_first_test_dag2' retrieved from /opt/airflow/dags/dag_2.py
[2026-06-02T08:32:03.233+0000] {logging_mixin.py:188} INFO - [2026-06-02T08:32:03.233+0000] {dag.py:3047} INFO - Sync 1 DAGs
[2026-06-02T08:32:03.244+0000] {logging_mixin.py:188} INFO - [2026-06-02T08:32:03.244+0000] {dag.py:3834} INFO - Setting next_dagrun for my_first_test_dag2 to None, run_after=None
[2026-06-02T08:32:03.263+0000] {processor.py:183} INFO - Processing /opt/airflow/dags/dag_2.py took 0.067 seconds
[2026-06-02T08:32:33.532+0000] {processor.py:161} INFO - Started process (PID=907) to work on /opt/airflow/dags/dag_2.py
[2026-06-02T08:32:33.533+0000] {processor.py:830} INFO - Processing file /opt/airflow/dags/dag_2.py for tasks to queue
[2026-06-02T08:32:33.534+0000] {logging_mixin.py:188} INFO - [2026-06-02T08:32:33.534+0000] {dagbag.py:540} INFO - Filling up the DagBag from /opt/airflow/dags/dag_2.py
[2026-06-02T08:32:33.546+0000] {processor.py:840} INFO - DAG(s) 'my_first_test_dag2' retrieved from /opt/airflow/dags/dag_2.py
[2026-06-02T08:32:33.567+0000] {logging_mixin.py:188} INFO - [2026-06-02T08:32:33.566+0000] {dag.py:3047} INFO - Sync 1 DAGs
[2026-06-02T08:32:33.578+0000] {logging_mixin.py:188} INFO - [2026-06-02T08:32:33.578+0000] {dag.py:3834} INFO - Setting next_dagrun for my_first_test_dag2 to None, run_after=None
[2026-06-02T08:32:33.596+0000] {processor.py:183} INFO - Processing /opt/airflow/dags/dag_2.py took 0.067 seconds
[2026-06-02T08:33:03.899+0000] {processor.py:161} INFO - Started process (PID=917) to work on /opt/airflow/dags/dag_2.py
[2026-06-02T08:33:03.900+0000] {processor.py:830} INFO - Processing file /opt/airflow/dags/dag_2.py for tasks to queue
[2026-06-02T08:33:03.901+0000] {logging_mixin.py:188} INFO - [2026-06-02T08:33:03.901+0000] {dagbag.py:540} INFO - Filling up the DagBag from /opt/airflow/dags/dag_2.py
[2026-06-02T08:33:03.912+0000] {processor.py:840} INFO - DAG(s) 'my_first_test_dag2' retrieved from /opt/airflow/dags/dag_2.py
[2026-06-02T08:33:03.932+0000] {logging_mixin.py:188} INFO - [2026-06-02T08:33:03.932+0000] {dag.py:3047} INFO - Sync 1 DAGs
[2026-06-02T08:33:03.943+0000] {logging_mixin.py:188} INFO - [2026-06-02T08:33:03.943+0000] {dag.py:3834} INFO - Setting next_dagrun for my_first_test_dag2 to None, run_after=None
[2026-06-02T08:33:03.962+0000] {processor.py:183} INFO - Processing /opt/airflow/dags/dag_2.py took 0.066 seconds
[2026-06-02T08:33:34.407+0000] {processor.py:161} INFO - Started process (PID=927) to work on /opt/airflow/dags/dag_2.py
[2026-06-02T08:33:34.408+0000] {processor.py:830} INFO - Processing file /opt/airflow/dags/dag_2.py for tasks to queue
[2026-06-02T08:33:34.408+0000] {logging_mixin.py:188} INFO - [2026-06-02T08:33:34.408+0000] {dagbag.py:540} INFO - Filling up the DagBag from /opt/airflow/dags/dag_2.py
[2026-06-02T08:33:34.420+0000] {processor.py:840} INFO - DAG(s) 'my_first_test_dag2' retrieved from /opt/airflow/dags/dag_2.py
[2026-06-02T08:33:34.439+0000] {logging_mixin.py:188} INFO - [2026-06-02T08:33:34.439+0000] {dag.py:3047} INFO - Sync 1 DAGs
[2026-06-02T08:33:34.449+0000] {logging_mixin.py:188} INFO - [2026-06-02T08:33:34.449+0000] {dag.py:3834} INFO - Setting next_dagrun for my_first_test_dag2 to None, run_after=None
[2026-06-02T08:33:34.468+0000] {processor.py:183} INFO - Processing /opt/airflow/dags/dag_2.py took 0.063 seconds
[2026-06-02T08:34:04.876+0000] {processor.py:161} INFO - Started process (PID=937) to work on /opt/airflow/dags/dag_2.py
[2026-06-02T08:34:04.877+0000] {processor.py:830} INFO - Processing file /opt/airflow/dags/dag_2.py for tasks to queue
[2026-06-02T08:34:04.878+0000] {logging_mixin.py:188} INFO - [2026-06-02T08:34:04.878+0000] {dagbag.py:540} INFO - Filling up the DagBag from /opt/airflow/dags/dag_2.py
[2026-06-02T08:34:04.890+0000] {processor.py:840} INFO - DAG(s) 'my_first_test_dag2' retrieved from /opt/airflow/dags/dag_2.py
[2026-06-02T08:34:04.912+0000] {logging_mixin.py:188} INFO - [2026-06-02T08:34:04.912+0000] {dag.py:3047} INFO - Sync 1 DAGs
[2026-06-02T08:34:04.923+0000] {logging_mixin.py:188} INFO - [2026-06-02T08:34:04.923+0000] {dag.py:3834} INFO - Setting next_dagrun for my_first_test_dag2 to None, run_after=None
[2026-06-02T08:34:04.952+0000] {processor.py:183} INFO - Processing /opt/airflow/dags/dag_2.py took 0.079 seconds
[2026-06-02T08:34:35.189+0000] {processor.py:161} INFO - Started process (PID=947) to work on /opt/airflow/dags/dag_2.py
[2026-06-02T08:34:35.190+0000] {processor.py:830} INFO - Processing file /opt/airflow/dags/dag_2.py for tasks to queue
[2026-06-02T08:34:35.191+0000] {logging_mixin.py:188} INFO - [2026-06-02T08:34:35.191+0000] {dagbag.py:540} INFO - Filling up the DagBag from /opt/airflow/dags/dag_2.py
[2026-06-02T08:34:35.205+0000] {processor.py:840} INFO - DAG(s) 'my_first_test_dag2' retrieved from /opt/airflow/dags/dag_2.py
[2026-06-02T08:34:35.227+0000] {logging_mixin.py:188} INFO - [2026-06-02T08:34:35.227+0000] {dag.py:3047} INFO - Sync 1 DAGs
[2026-06-02T08:34:35.239+0000] {logging_mixin.py:188} INFO - [2026-06-02T08:34:35.239+0000] {dag.py:3834} INFO - Setting next_dagrun for my_first_test_dag2 to None, run_after=None
[2026-06-02T08:34:35.256+0000] {processor.py:183} INFO - Processing /opt/airflow/dags/dag_2.py took 0.070 seconds
[2026-06-02T08:35:05.460+0000] {processor.py:161} INFO - Started process (PID=957) to work on /opt/airflow/dags/dag_2.py
[2026-06-02T08:35:05.461+0000] {processor.py:830} INFO - Processing file /opt/airflow/dags/dag_2.py for tasks to queue
[2026-06-02T08:35:05.462+0000] {logging_mixin.py:188} INFO - [2026-06-02T08:35:05.461+0000] {dagbag.py:540} INFO - Filling up the DagBag from /opt/airflow/dags/dag_2.py
[2026-06-02T08:35:05.473+0000] {processor.py:840} INFO - DAG(s) 'my_first_test_dag2' retrieved from /opt/airflow/dags/dag_2.py
[2026-06-02T08:35:05.493+0000] {logging_mixin.py:188} INFO - [2026-06-02T08:35:05.493+0000] {dag.py:3047} INFO - Sync 1 DAGs
[2026-06-02T08:35:05.504+0000] {logging_mixin.py:188} INFO - [2026-06-02T08:35:05.504+0000] {dag.py:3834} INFO - Setting next_dagrun for my_first_test_dag2 to None, run_after=None
[2026-06-02T08:35:05.523+0000] {processor.py:183} INFO - Processing /opt/airflow/dags/dag_2.py took 0.066 seconds
[2026-06-02T08:35:35.855+0000] {processor.py:161} INFO - Started process (PID=967) to work on /opt/airflow/dags/dag_2.py
[2026-06-02T08:35:35.856+0000] {processor.py:830} INFO - Processing file /opt/airflow/dags/dag_2.py for tasks to queue
[2026-06-02T08:35:35.857+0000] {logging_mixin.py:188} INFO - [2026-06-02T08:35:35.856+0000] {dagbag.py:540} INFO - Filling up the DagBag from /opt/airflow/dags/dag_2.py
[2026-06-02T08:35:35.868+0000] {processor.py:840} INFO - DAG(s) 'my_first_test_dag2' retrieved from /opt/airflow/dags/dag_2.py
[2026-06-02T08:35:35.888+0000] {logging_mixin.py:188} INFO - [2026-06-02T08:35:35.888+0000] {dag.py:3047} INFO - Sync 1 DAGs
[2026-06-02T08:35:35.899+0000] {logging_mixin.py:188} INFO - [2026-06-02T08:35:35.899+0000] {dag.py:3834} INFO - Setting next_dagrun for my_first_test_dag2 to None, run_after=None
[2026-06-02T08:35:35.919+0000] {processor.py:183} INFO - Processing /opt/airflow/dags/dag_2.py took 0.066 seconds
[2026-06-02T08:36:06.229+0000] {processor.py:161} INFO - Started process (PID=977) to work on /opt/airflow/dags/dag_2.py
[2026-06-02T08:36:06.230+0000] {processor.py:830} INFO - Processing file /opt/airflow/dags/dag_2.py for tasks to queue
[2026-06-02T08:36:06.231+0000] {logging_mixin.py:188} INFO - [2026-06-02T08:36:06.231+0000] {dagbag.py:540} INFO - Filling up the DagBag from /opt/airflow/dags/dag_2.py
[2026-06-02T08:36:06.244+0000] {processor.py:840} INFO - DAG(s) 'my_first_test_dag2' retrieved from /opt/airflow/dags/dag_2.py
[2026-06-02T08:36:06.267+0000] {logging_mixin.py:188} INFO - [2026-06-02T08:36:06.267+0000] {dag.py:3047} INFO - Sync 1 DAGs
[2026-06-02T08:36:06.278+0000] {logging_mixin.py:188} INFO - [2026-06-02T08:36:06.278+0000] {dag.py:3834} INFO - Setting next_dagrun for my_first_test_dag2 to None, run_after=None
[2026-06-02T08:36:06.294+0000] {processor.py:183} INFO - Processing /opt/airflow/dags/dag_2.py took 0.068 seconds
[2026-06-02T08:36:36.624+0000] {processor.py:161} INFO - Started process (PID=987) to work on /opt/airflow/dags/dag_2.py
[2026-06-02T08:36:36.625+0000] {processor.py:830} INFO - Processing file /opt/airflow/dags/dag_2.py for tasks to queue
[2026-06-02T08:36:36.625+0000] {logging_mixin.py:188} INFO - [2026-06-02T08:36:36.625+0000] {dagbag.py:540} INFO - Filling up the DagBag from /opt/airflow/dags/dag_2.py
[2026-06-02T08:36:36.635+0000] {processor.py:840} INFO - DAG(s) 'my_first_test_dag2' retrieved from /opt/airflow/dags/dag_2.py
[2026-06-02T08:36:36.655+0000] {logging_mixin.py:188} INFO - [2026-06-02T08:36:36.655+0000] {dag.py:3047} INFO - Sync 1 DAGs
[2026-06-02T08:36:36.666+0000] {logging_mixin.py:188} INFO - [2026-06-02T08:36:36.666+0000] {dag.py:3834} INFO - Setting next_dagrun for my_first_test_dag2 to None, run_after=None
[2026-06-02T08:36:36.691+0000] {processor.py:183} INFO - Processing /opt/airflow/dags/dag_2.py took 0.070 seconds
[2026-06-02T08:37:06.918+0000] {processor.py:161} INFO - Started process (PID=997) to work on /opt/airflow/dags/dag_2.py
[2026-06-02T08:37:06.918+0000] {processor.py:830} INFO - Processing file /opt/airflow/dags/dag_2.py for tasks to queue
[2026-06-02T08:37:06.919+0000] {logging_mixin.py:188} INFO - [2026-06-02T08:37:06.919+0000] {dagbag.py:540} INFO - Filling up the DagBag from /opt/airflow/dags/dag_2.py
[2026-06-02T08:37:06.931+0000] {processor.py:840} INFO - DAG(s) 'my_first_test_dag2' retrieved from /opt/airflow/dags/dag_2.py
[2026-06-02T08:37:06.951+0000] {logging_mixin.py:188} INFO - [2026-06-02T08:37:06.951+0000] {dag.py:3047} INFO - Sync 1 DAGs
[2026-06-02T08:37:06.961+0000] {logging_mixin.py:188} INFO - [2026-06-02T08:37:06.961+0000] {dag.py:3834} INFO - Setting next_dagrun for my_first_test_dag2 to None, run_after=None
[2026-06-02T08:37:06.985+0000] {processor.py:183} INFO - Processing /opt/airflow/dags/dag_2.py took 0.070 seconds
[2026-06-02T08:37:37.213+0000] {processor.py:161} INFO - Started process (PID=1007) to work on /opt/airflow/dags/dag_2.py
[2026-06-02T08:37:37.214+0000] {processor.py:830} INFO - Processing file /opt/airflow/dags/dag_2.py for tasks to queue
[2026-06-02T08:37:37.215+0000] {logging_mixin.py:188} INFO - [2026-06-02T08:37:37.215+0000] {dagbag.py:540} INFO - Filling up the DagBag from /opt/airflow/dags/dag_2.py
[2026-06-02T08:37:37.229+0000] {processor.py:840} INFO - DAG(s) 'my_first_test_dag2' retrieved from /opt/airflow/dags/dag_2.py
[2026-06-02T08:37:37.249+0000] {logging_mixin.py:188} INFO - [2026-06-02T08:37:37.248+0000] {dag.py:3047} INFO - Sync 1 DAGs
[2026-06-02T08:37:37.259+0000] {logging_mixin.py:188} INFO - [2026-06-02T08:37:37.259+0000] {dag.py:3834} INFO - Setting next_dagrun for my_first_test_dag2 to None, run_after=None
[2026-06-02T08:37:37.280+0000] {processor.py:183} INFO - Processing /opt/airflow/dags/dag_2.py took 0.069 seconds
[2026-06-02T08:38:07.498+0000] {processor.py:161} INFO - Started process (PID=1017) to work on /opt/airflow/dags/dag_2.py
[2026-06-02T08:38:07.499+0000] {processor.py:830} INFO - Processing file /opt/airflow/dags/dag_2.py for tasks to queue
[2026-06-02T08:38:07.500+0000] {logging_mixin.py:188} INFO - [2026-06-02T08:38:07.499+0000] {dagbag.py:540} INFO - Filling up the DagBag from /opt/airflow/dags/dag_2.py
[2026-06-02T08:38:07.511+0000] {processor.py:840} INFO - DAG(s) 'my_first_test_dag2' retrieved from /opt/airflow/dags/dag_2.py
[2026-06-02T08:38:07.531+0000] {logging_mixin.py:188} INFO - [2026-06-02T08:38:07.531+0000] {dag.py:3047} INFO - Sync 1 DAGs
[2026-06-02T08:38:07.542+0000] {logging_mixin.py:188} INFO - [2026-06-02T08:38:07.542+0000] {dag.py:3834} INFO - Setting next_dagrun for my_first_test_dag2 to None, run_after=None
[2026-06-02T08:38:07.567+0000] {processor.py:183} INFO - Processing /opt/airflow/dags/dag_2.py took 0.072 seconds
[2026-06-02T08:38:37.896+0000] {processor.py:161} INFO - Started process (PID=1027) to work on /opt/airflow/dags/dag_2.py
[2026-06-02T08:38:37.896+0000] {processor.py:830} INFO - Processing file /opt/airflow/dags/dag_2.py for tasks to queue
[2026-06-02T08:38:37.897+0000] {logging_mixin.py:188} INFO - [2026-06-02T08:38:37.897+0000] {dagbag.py:540} INFO - Filling up the DagBag from /opt/airflow/dags/dag_2.py
[2026-06-02T08:38:37.908+0000] {processor.py:840} INFO - DAG(s) 'my_first_test_dag2' retrieved from /opt/airflow/dags/dag_2.py
[2026-06-02T08:38:37.928+0000] {logging_mixin.py:188} INFO - [2026-06-02T08:38:37.928+0000] {dag.py:3047} INFO - Sync 1 DAGs
[2026-06-02T08:38:37.939+0000] {logging_mixin.py:188} INFO - [2026-06-02T08:38:37.939+0000] {dag.py:3834} INFO - Setting next_dagrun for my_first_test_dag2 to None, run_after=None
[2026-06-02T08:38:37.965+0000] {processor.py:183} INFO - Processing /opt/airflow/dags/dag_2.py took 0.072 seconds
[2026-06-02T08:39:08.194+0000] {processor.py:161} INFO - Started process (PID=1037) to work on /opt/airflow/dags/dag_2.py
[2026-06-02T08:39:08.195+0000] {processor.py:830} INFO - Processing file /opt/airflow/dags/dag_2.py for tasks to queue
[2026-06-02T08:39:08.195+0000] {logging_mixin.py:188} INFO - [2026-06-02T08:39:08.195+0000] {dagbag.py:540} INFO - Filling up the DagBag from /opt/airflow/dags/dag_2.py
[2026-06-02T08:39:08.206+0000] {processor.py:840} INFO - DAG(s) 'my_first_test_dag2' retrieved from /opt/airflow/dags/dag_2.py
[2026-06-02T08:39:08.226+0000] {logging_mixin.py:188} INFO - [2026-06-02T08:39:08.226+0000] {dag.py:3047} INFO - Sync 1 DAGs
[2026-06-02T08:39:08.236+0000] {logging_mixin.py:188} INFO - [2026-06-02T08:39:08.236+0000] {dag.py:3834} INFO - Setting next_dagrun for my_first_test_dag2 to None, run_after=None
[2026-06-02T08:39:08.256+0000] {processor.py:183} INFO - Processing /opt/airflow/dags/dag_2.py took 0.064 seconds
[2026-06-02T08:39:38.564+0000] {processor.py:161} INFO - Started process (PID=1047) to work on /opt/airflow/dags/dag_2.py
[2026-06-02T08:39:38.565+0000] {processor.py:830} INFO - Processing file /opt/airflow/dags/dag_2.py for tasks to queue
[2026-06-02T08:39:38.566+0000] {logging_mixin.py:188} INFO - [2026-06-02T08:39:38.565+0000] {dagbag.py:540} INFO - Filling up the DagBag from /opt/airflow/dags/dag_2.py
[2026-06-02T08:39:38.576+0000] {processor.py:840} INFO - DAG(s) 'my_first_test_dag2' retrieved from /opt/airflow/dags/dag_2.py
[2026-06-02T08:39:38.597+0000] {logging_mixin.py:188} INFO - [2026-06-02T08:39:38.597+0000] {dag.py:3047} INFO - Sync 1 DAGs
[2026-06-02T08:39:38.608+0000] {logging_mixin.py:188} INFO - [2026-06-02T08:39:38.608+0000] {dag.py:3834} INFO - Setting next_dagrun for my_first_test_dag2 to None, run_after=None
[2026-06-02T08:39:38.627+0000] {processor.py:183} INFO - Processing /opt/airflow/dags/dag_2.py took 0.066 seconds
[2026-06-02T08:40:08.892+0000] {processor.py:161} INFO - Started process (PID=1057) to work on /opt/airflow/dags/dag_2.py
[2026-06-02T08:40:08.893+0000] {processor.py:830} INFO - Processing file /opt/airflow/dags/dag_2.py for tasks to queue
[2026-06-02T08:40:08.894+0000] {logging_mixin.py:188} INFO - [2026-06-02T08:40:08.894+0000] {dagbag.py:540} INFO - Filling up the DagBag from /opt/airflow/dags/dag_2.py
[2026-06-02T08:40:08.906+0000] {processor.py:840} INFO - DAG(s) 'my_first_test_dag2' retrieved from /opt/airflow/dags/dag_2.py
[2026-06-02T08:40:08.926+0000] {logging_mixin.py:188} INFO - [2026-06-02T08:40:08.926+0000] {dag.py:3047} INFO - Sync 1 DAGs
[2026-06-02T08:40:08.937+0000] {logging_mixin.py:188} INFO - [2026-06-02T08:40:08.937+0000] {dag.py:3834} INFO - Setting next_dagrun for my_first_test_dag2 to None, run_after=None
[2026-06-02T08:40:08.964+0000] {processor.py:183} INFO - Processing /opt/airflow/dags/dag_2.py took 0.074 seconds
[2026-06-02T08:40:39.244+0000] {processor.py:161} INFO - Started process (PID=1067) to work on /opt/airflow/dags/dag_2.py
[2026-06-02T08:40:39.244+0000] {processor.py:830} INFO - Processing file /opt/airflow/dags/dag_2.py for tasks to queue
[2026-06-02T08:40:39.245+0000] {logging_mixin.py:188} INFO - [2026-06-02T08:40:39.245+0000] {dagbag.py:540} INFO - Filling up the DagBag from /opt/airflow/dags/dag_2.py
[2026-06-02T08:40:39.257+0000] {processor.py:840} INFO - DAG(s) 'my_first_test_dag2' retrieved from /opt/airflow/dags/dag_2.py
[2026-06-02T08:40:39.278+0000] {logging_mixin.py:188} INFO - [2026-06-02T08:40:39.278+0000] {dag.py:3047} INFO - Sync 1 DAGs
[2026-06-02T08:40:39.289+0000] {logging_mixin.py:188} INFO - [2026-06-02T08:40:39.289+0000] {dag.py:3834} INFO - Setting next_dagrun for my_first_test_dag2 to None, run_after=None
[2026-06-02T08:40:39.309+0000] {processor.py:183} INFO - Processing /opt/airflow/dags/dag_2.py took 0.068 seconds
[2026-06-02T08:41:09.563+0000] {processor.py:161} INFO - Started process (PID=1077) to work on /opt/airflow/dags/dag_2.py
[2026-06-02T08:41:09.564+0000] {processor.py:830} INFO - Processing file /opt/airflow/dags/dag_2.py for tasks to queue
[2026-06-02T08:41:09.565+0000] {logging_mixin.py:188} INFO - [2026-06-02T08:41:09.565+0000] {dagbag.py:540} INFO - Filling up the DagBag from /opt/airflow/dags/dag_2.py
[2026-06-02T08:41:09.578+0000] {processor.py:840} INFO - DAG(s) 'my_first_test_dag2' retrieved from /opt/airflow/dags/dag_2.py
[2026-06-02T08:41:09.599+0000] {logging_mixin.py:188} INFO - [2026-06-02T08:41:09.599+0000] {dag.py:3047} INFO - Sync 1 DAGs
[2026-06-02T08:41:09.611+0000] {logging_mixin.py:188} INFO - [2026-06-02T08:41:09.610+0000] {dag.py:3834} INFO - Setting next_dagrun for my_first_test_dag2 to None, run_after=None
[2026-06-02T08:41:09.636+0000] {processor.py:183} INFO - Processing /opt/airflow/dags/dag_2.py took 0.076 seconds
[2026-06-02T08:41:39.833+0000] {processor.py:161} INFO - Started process (PID=1087) to work on /opt/airflow/dags/dag_2.py
[2026-06-02T08:41:39.834+0000] {processor.py:830} INFO - Processing file /opt/airflow/dags/dag_2.py for tasks to queue
[2026-06-02T08:41:39.835+0000] {logging_mixin.py:188} INFO - [2026-06-02T08:41:39.834+0000] {dagbag.py:540} INFO - Filling up the DagBag from /opt/airflow/dags/dag_2.py
[2026-06-02T08:41:39.846+0000] {processor.py:840} INFO - DAG(s) 'my_first_test_dag2' retrieved from /opt/airflow/dags/dag_2.py
[2026-06-02T08:41:39.868+0000] {logging_mixin.py:188} INFO - [2026-06-02T08:41:39.867+0000] {dag.py:3047} INFO - Sync 1 DAGs
[2026-06-02T08:41:39.878+0000] {logging_mixin.py:188} INFO - [2026-06-02T08:41:39.878+0000] {dag.py:3834} INFO - Setting next_dagrun for my_first_test_dag2 to None, run_after=None
[2026-06-02T08:41:39.898+0000] {processor.py:183} INFO - Processing /opt/airflow/dags/dag_2.py took 0.067 seconds
[2026-06-02T08:42:10.112+0000] {processor.py:161} INFO - Started process (PID=1097) to work on /opt/airflow/dags/dag_2.py
[2026-06-02T08:42:10.113+0000] {processor.py:830} INFO - Processing file /opt/airflow/dags/dag_2.py for tasks to queue
[2026-06-02T08:42:10.114+0000] {logging_mixin.py:188} INFO - [2026-06-02T08:42:10.114+0000] {dagbag.py:540} INFO - Filling up the DagBag from /opt/airflow/dags/dag_2.py
[2026-06-02T08:42:10.126+0000] {processor.py:840} INFO - DAG(s) 'my_first_test_dag2' retrieved from /opt/airflow/dags/dag_2.py
[2026-06-02T08:42:10.147+0000] {logging_mixin.py:188} INFO - [2026-06-02T08:42:10.147+0000] {dag.py:3047} INFO - Sync 1 DAGs
[2026-06-02T08:42:10.157+0000] {logging_mixin.py:188} INFO - [2026-06-02T08:42:10.157+0000] {dag.py:3834} INFO - Setting next_dagrun for my_first_test_dag2 to None, run_after=None
[2026-06-02T08:42:10.183+0000] {processor.py:183} INFO - Processing /opt/airflow/dags/dag_2.py took 0.073 seconds
[2026-06-02T08:42:40.423+0000] {processor.py:161} INFO - Started process (PID=1107) to work on /opt/airflow/dags/dag_2.py
[2026-06-02T08:42:40.424+0000] {processor.py:830} INFO - Processing file /opt/airflow/dags/dag_2.py for tasks to queue
[2026-06-02T08:42:40.425+0000] {logging_mixin.py:188} INFO - [2026-06-02T08:42:40.424+0000] {dagbag.py:540} INFO - Filling up the DagBag from /opt/airflow/dags/dag_2.py
[2026-06-02T08:42:40.436+0000] {processor.py:840} INFO - DAG(s) 'my_first_test_dag2' retrieved from /opt/airflow/dags/dag_2.py
[2026-06-02T08:42:40.457+0000] {logging_mixin.py:188} INFO - [2026-06-02T08:42:40.457+0000] {dag.py:3047} INFO - Sync 1 DAGs
[2026-06-02T08:42:40.468+0000] {logging_mixin.py:188} INFO - [2026-06-02T08:42:40.468+0000] {dag.py:3834} INFO - Setting next_dagrun for my_first_test_dag2 to None, run_after=None
[2026-06-02T08:42:40.487+0000] {processor.py:183} INFO - Processing /opt/airflow/dags/dag_2.py took 0.066 seconds
[2026-06-02T08:43:10.774+0000] {processor.py:161} INFO - Started process (PID=1117) to work on /opt/airflow/dags/dag_2.py
[2026-06-02T08:43:10.775+0000] {processor.py:830} INFO - Processing file /opt/airflow/dags/dag_2.py for tasks to queue
[2026-06-02T08:43:10.776+0000] {logging_mixin.py:188} INFO - [2026-06-02T08:43:10.775+0000] {dagbag.py:540} INFO - Filling up the DagBag from /opt/airflow/dags/dag_2.py
[2026-06-02T08:43:10.789+0000] {processor.py:840} INFO - DAG(s) 'my_first_test_dag2' retrieved from /opt/airflow/dags/dag_2.py
[2026-06-02T08:43:10.811+0000] {logging_mixin.py:188} INFO - [2026-06-02T08:43:10.811+0000] {dag.py:3047} INFO - Sync 1 DAGs
[2026-06-02T08:43:10.822+0000] {logging_mixin.py:188} INFO - [2026-06-02T08:43:10.822+0000] {dag.py:3834} INFO - Setting next_dagrun for my_first_test_dag2 to None, run_after=None
[2026-06-02T08:43:10.848+0000] {processor.py:183} INFO - Processing /opt/airflow/dags/dag_2.py took 0.077 seconds
[2026-06-02T08:43:41.098+0000] {processor.py:161} INFO - Started process (PID=1127) to work on /opt/airflow/dags/dag_2.py
[2026-06-02T08:43:41.099+0000] {processor.py:830} INFO - Processing file /opt/airflow/dags/dag_2.py for tasks to queue
[2026-06-02T08:43:41.100+0000] {logging_mixin.py:188} INFO - [2026-06-02T08:43:41.099+0000] {dagbag.py:540} INFO - Filling up the DagBag from /opt/airflow/dags/dag_2.py
[2026-06-02T08:43:41.116+0000] {processor.py:840} INFO - DAG(s) 'my_first_test_dag2' retrieved from /opt/airflow/dags/dag_2.py
[2026-06-02T08:43:41.145+0000] {logging_mixin.py:188} INFO - [2026-06-02T08:43:41.145+0000] {dag.py:3047} INFO - Sync 1 DAGs
[2026-06-02T08:43:41.158+0000] {logging_mixin.py:188} INFO - [2026-06-02T08:43:41.157+0000] {dag.py:3834} INFO - Setting next_dagrun for my_first_test_dag2 to None, run_after=None
[2026-06-02T08:43:41.176+0000] {processor.py:183} INFO - Processing /opt/airflow/dags/dag_2.py took 0.082 seconds
[2026-06-02T08:44:11.377+0000] {processor.py:161} INFO - Started process (PID=1137) to work on /opt/airflow/dags/dag_2.py
[2026-06-02T08:44:11.377+0000] {processor.py:830} INFO - Processing file /opt/airflow/dags/dag_2.py for tasks to queue
[2026-06-02T08:44:11.378+0000] {logging_mixin.py:188} INFO - [2026-06-02T08:44:11.378+0000] {dagbag.py:540} INFO - Filling up the DagBag from /opt/airflow/dags/dag_2.py
[2026-06-02T08:44:11.390+0000] {processor.py:840} INFO - DAG(s) 'my_first_test_dag2' retrieved from /opt/airflow/dags/dag_2.py
[2026-06-02T08:44:11.411+0000] {logging_mixin.py:188} INFO - [2026-06-02T08:44:11.411+0000] {dag.py:3047} INFO - Sync 1 DAGs
[2026-06-02T08:44:11.422+0000] {logging_mixin.py:188} INFO - [2026-06-02T08:44:11.422+0000] {dag.py:3834} INFO - Setting next_dagrun for my_first_test_dag2 to None, run_after=None
[2026-06-02T08:44:11.447+0000] {processor.py:183} INFO - Processing /opt/airflow/dags/dag_2.py took 0.074 seconds
[2026-06-02T08:44:41.770+0000] {processor.py:161} INFO - Started process (PID=1147) to work on /opt/airflow/dags/dag_2.py
[2026-06-02T08:44:41.771+0000] {processor.py:830} INFO - Processing file /opt/airflow/dags/dag_2.py for tasks to queue
[2026-06-02T08:44:41.771+0000] {logging_mixin.py:188} INFO - [2026-06-02T08:44:41.771+0000] {dagbag.py:540} INFO - Filling up the DagBag from /opt/airflow/dags/dag_2.py
[2026-06-02T08:44:41.782+0000] {processor.py:840} INFO - DAG(s) 'my_first_test_dag2' retrieved from /opt/airflow/dags/dag_2.py
[2026-06-02T08:44:41.802+0000] {logging_mixin.py:188} INFO - [2026-06-02T08:44:41.802+0000] {dag.py:3047} INFO - Sync 1 DAGs
[2026-06-02T08:44:41.813+0000] {logging_mixin.py:188} INFO - [2026-06-02T08:44:41.813+0000] {dag.py:3834} INFO - Setting next_dagrun for my_first_test_dag2 to None, run_after=None
[2026-06-02T08:44:41.838+0000] {processor.py:183} INFO - Processing /opt/airflow/dags/dag_2.py took 0.072 seconds
[2026-06-02T08:45:12.089+0000] {processor.py:161} INFO - Started process (PID=1157) to work on /opt/airflow/dags/dag_2.py
[2026-06-02T08:45:12.090+0000] {processor.py:830} INFO - Processing file /opt/airflow/dags/dag_2.py for tasks to queue
[2026-06-02T08:45:12.091+0000] {logging_mixin.py:188} INFO - [2026-06-02T08:45:12.091+0000] {dagbag.py:540} INFO - Filling up the DagBag from /opt/airflow/dags/dag_2.py
[2026-06-02T08:45:12.106+0000] {processor.py:840} INFO - DAG(s) 'my_first_test_dag2' retrieved from /opt/airflow/dags/dag_2.py
[2026-06-02T08:45:12.131+0000] {logging_mixin.py:188} INFO - [2026-06-02T08:45:12.130+0000] {dag.py:3047} INFO - Sync 1 DAGs
[2026-06-02T08:45:12.143+0000] {logging_mixin.py:188} INFO - [2026-06-02T08:45:12.143+0000] {dag.py:3834} INFO - Setting next_dagrun for my_first_test_dag2 to None, run_after=None
[2026-06-02T08:45:12.166+0000] {processor.py:183} INFO - Processing /opt/airflow/dags/dag_2.py took 0.080 seconds
[2026-06-02T08:45:42.488+0000] {processor.py:161} INFO - Started process (PID=1167) to work on /opt/airflow/dags/dag_2.py
[2026-06-02T08:45:42.489+0000] {processor.py:830} INFO - Processing file /opt/airflow/dags/dag_2.py for tasks to queue
[2026-06-02T08:45:42.490+0000] {logging_mixin.py:188} INFO - [2026-06-02T08:45:42.489+0000] {dagbag.py:540} INFO - Filling up the DagBag from /opt/airflow/dags/dag_2.py
[2026-06-02T08:45:42.501+0000] {processor.py:840} INFO - DAG(s) 'my_first_test_dag2' retrieved from /opt/airflow/dags/dag_2.py
[2026-06-02T08:45:42.521+0000] {logging_mixin.py:188} INFO - [2026-06-02T08:45:42.521+0000] {dag.py:3047} INFO - Sync 1 DAGs
[2026-06-02T08:45:42.531+0000] {logging_mixin.py:188} INFO - [2026-06-02T08:45:42.531+0000] {dag.py:3834} INFO - Setting next_dagrun for my_first_test_dag2 to None, run_after=None
[2026-06-02T08:45:42.550+0000] {processor.py:183} INFO - Processing /opt/airflow/dags/dag_2.py took 0.065 seconds
[2026-06-02T08:46:12.893+0000] {processor.py:161} INFO - Started process (PID=1177) to work on /opt/airflow/dags/dag_2.py
[2026-06-02T08:46:12.894+0000] {processor.py:830} INFO - Processing file /opt/airflow/dags/dag_2.py for tasks to queue
[2026-06-02T08:46:12.895+0000] {logging_mixin.py:188} INFO - [2026-06-02T08:46:12.895+0000] {dagbag.py:540} INFO - Filling up the DagBag from /opt/airflow/dags/dag_2.py
[2026-06-02T08:46:12.908+0000] {processor.py:840} INFO - DAG(s) 'my_first_test_dag2' retrieved from /opt/airflow/dags/dag_2.py
[2026-06-02T08:46:12.930+0000] {logging_mixin.py:188} INFO - [2026-06-02T08:46:12.930+0000] {dag.py:3047} INFO - Sync 1 DAGs
[2026-06-02T08:46:12.940+0000] {logging_mixin.py:188} INFO - [2026-06-02T08:46:12.940+0000] {dag.py:3834} INFO - Setting next_dagrun for my_first_test_dag2 to None, run_after=None
[2026-06-02T08:46:12.958+0000] {processor.py:183} INFO - Processing /opt/airflow/dags/dag_2.py took 0.067 seconds
[2026-06-02T08:46:43.306+0000] {processor.py:161} INFO - Started process (PID=1187) to work on /opt/airflow/dags/dag_2.py
[2026-06-02T08:46:43.307+0000] {processor.py:830} INFO - Processing file /opt/airflow/dags/dag_2.py for tasks to queue
[2026-06-02T08:46:43.308+0000] {logging_mixin.py:188} INFO - [2026-06-02T08:46:43.308+0000] {dagbag.py:540} INFO - Filling up the DagBag from /opt/airflow/dags/dag_2.py
[2026-06-02T08:46:43.319+0000] {processor.py:840} INFO - DAG(s) 'my_first_test_dag2' retrieved from /opt/airflow/dags/dag_2.py
[2026-06-02T08:46:43.340+0000] {logging_mixin.py:188} INFO - [2026-06-02T08:46:43.339+0000] {dag.py:3047} INFO - Sync 1 DAGs
[2026-06-02T08:46:43.351+0000] {logging_mixin.py:188} INFO - [2026-06-02T08:46:43.351+0000] {dag.py:3834} INFO - Setting next_dagrun for my_first_test_dag2 to None, run_after=None
[2026-06-02T08:46:43.368+0000] {processor.py:183} INFO - Processing /opt/airflow/dags/dag_2.py took 0.064 seconds
[2026-06-02T08:47:13.859+0000] {processor.py:161} INFO - Started process (PID=1197) to work on /opt/airflow/dags/dag_2.py
[2026-06-02T08:47:13.860+0000] {processor.py:830} INFO - Processing file /opt/airflow/dags/dag_2.py for tasks to queue
[2026-06-02T08:47:13.861+0000] {logging_mixin.py:188} INFO - [2026-06-02T08:47:13.860+0000] {dagbag.py:540} INFO - Filling up the DagBag from /opt/airflow/dags/dag_2.py
[2026-06-02T08:47:13.872+0000] {processor.py:840} INFO - DAG(s) 'my_first_test_dag2' retrieved from /opt/airflow/dags/dag_2.py
[2026-06-02T08:47:13.892+0000] {logging_mixin.py:188} INFO - [2026-06-02T08:47:13.891+0000] {dag.py:3047} INFO - Sync 1 DAGs
[2026-06-02T08:47:13.902+0000] {logging_mixin.py:188} INFO - [2026-06-02T08:47:13.902+0000] {dag.py:3834} INFO - Setting next_dagrun for my_first_test_dag2 to None, run_after=None
[2026-06-02T08:47:13.923+0000] {processor.py:183} INFO - Processing /opt/airflow/dags/dag_2.py took 0.067 seconds
[2026-06-02T08:47:44.241+0000] {processor.py:161} INFO - Started process (PID=1207) to work on /opt/airflow/dags/dag_2.py
[2026-06-02T08:47:44.242+0000] {processor.py:830} INFO - Processing file /opt/airflow/dags/dag_2.py for tasks to queue
[2026-06-02T08:47:44.243+0000] {logging_mixin.py:188} INFO - [2026-06-02T08:47:44.243+0000] {dagbag.py:540} INFO - Filling up the DagBag from /opt/airflow/dags/dag_2.py
[2026-06-02T08:47:44.256+0000] {processor.py:840} INFO - DAG(s) 'my_first_test_dag2' retrieved from /opt/airflow/dags/dag_2.py
[2026-06-02T08:47:44.277+0000] {logging_mixin.py:188} INFO - [2026-06-02T08:47:44.277+0000] {dag.py:3047} INFO - Sync 1 DAGs
[2026-06-02T08:47:44.289+0000] {logging_mixin.py:188} INFO - [2026-06-02T08:47:44.288+0000] {dag.py:3834} INFO - Setting next_dagrun for my_first_test_dag2 to None, run_after=None
[2026-06-02T08:47:44.311+0000] {processor.py:183} INFO - Processing /opt/airflow/dags/dag_2.py took 0.072 seconds
[2026-06-02T08:48:14.565+0000] {processor.py:161} INFO - Started process (PID=1217) to work on /opt/airflow/dags/dag_2.py
[2026-06-02T08:48:14.566+0000] {processor.py:830} INFO - Processing file /opt/airflow/dags/dag_2.py for tasks to queue
[2026-06-02T08:48:14.567+0000] {logging_mixin.py:188} INFO - [2026-06-02T08:48:14.567+0000] {dagbag.py:540} INFO - Filling up the DagBag from /opt/airflow/dags/dag_2.py
[2026-06-02T08:48:14.578+0000] {processor.py:840} INFO - DAG(s) 'my_first_test_dag2' retrieved from /opt/airflow/dags/dag_2.py
[2026-06-02T08:48:14.598+0000] {logging_mixin.py:188} INFO - [2026-06-02T08:48:14.597+0000] {dag.py:3047} INFO - Sync 1 DAGs
[2026-06-02T08:48:14.608+0000] {logging_mixin.py:188} INFO - [2026-06-02T08:48:14.608+0000] {dag.py:3834} INFO - Setting next_dagrun for my_first_test_dag2 to None, run_after=None
[2026-06-02T08:48:14.633+0000] {processor.py:183} INFO - Processing /opt/airflow/dags/dag_2.py took 0.070 seconds
[2026-06-02T08:48:44.995+0000] {processor.py:161} INFO - Started process (PID=1227) to work on /opt/airflow/dags/dag_2.py
[2026-06-02T08:48:44.996+0000] {processor.py:830} INFO - Processing file /opt/airflow/dags/dag_2.py for tasks to queue
[2026-06-02T08:48:44.996+0000] {logging_mixin.py:188} INFO - [2026-06-02T08:48:44.996+0000] {dagbag.py:540} INFO - Filling up the DagBag from /opt/airflow/dags/dag_2.py
[2026-06-02T08:48:45.008+0000] {processor.py:840} INFO - DAG(s) 'my_first_test_dag2' retrieved from /opt/airflow/dags/dag_2.py
[2026-06-02T08:48:45.028+0000] {logging_mixin.py:188} INFO - [2026-06-02T08:48:45.028+0000] {dag.py:3047} INFO - Sync 1 DAGs
[2026-06-02T08:48:45.039+0000] {logging_mixin.py:188} INFO - [2026-06-02T08:48:45.039+0000] {dag.py:3834} INFO - Setting next_dagrun for my_first_test_dag2 to None, run_after=None
[2026-06-02T08:48:45.060+0000] {processor.py:183} INFO - Processing /opt/airflow/dags/dag_2.py took 0.068 seconds
[2026-06-02T08:49:15.402+0000] {processor.py:161} INFO - Started process (PID=1242) to work on /opt/airflow/dags/dag_2.py
[2026-06-02T08:49:15.403+0000] {processor.py:830} INFO - Processing file /opt/airflow/dags/dag_2.py for tasks to queue
[2026-06-02T08:49:15.404+0000] {logging_mixin.py:188} INFO - [2026-06-02T08:49:15.403+0000] {dagbag.py:540} INFO - Filling up the DagBag from /opt/airflow/dags/dag_2.py
[2026-06-02T08:49:15.416+0000] {processor.py:840} INFO - DAG(s) 'my_first_test_dag2' retrieved from /opt/airflow/dags/dag_2.py
[2026-06-02T08:49:15.433+0000] {logging_mixin.py:188} INFO - [2026-06-02T08:49:15.432+0000] {dag.py:3047} INFO - Sync 1 DAGs
[2026-06-02T08:49:15.445+0000] {logging_mixin.py:188} INFO - [2026-06-02T08:49:15.445+0000] {dag.py:3834} INFO - Setting next_dagrun for my_first_test_dag2 to None, run_after=None
[2026-06-02T08:49:15.467+0000] {processor.py:183} INFO - Processing /opt/airflow/dags/dag_2.py took 0.067 seconds
[2026-06-02T08:49:45.741+0000] {processor.py:161} INFO - Started process (PID=1252) to work on /opt/airflow/dags/dag_2.py
[2026-06-02T08:49:45.742+0000] {processor.py:830} INFO - Processing file /opt/airflow/dags/dag_2.py for tasks to queue
[2026-06-02T08:49:45.743+0000] {logging_mixin.py:188} INFO - [2026-06-02T08:49:45.743+0000] {dagbag.py:540} INFO - Filling up the DagBag from /opt/airflow/dags/dag_2.py
[2026-06-02T08:49:45.753+0000] {processor.py:840} INFO - DAG(s) 'my_first_test_dag2' retrieved from /opt/airflow/dags/dag_2.py
[2026-06-02T08:49:45.770+0000] {logging_mixin.py:188} INFO - [2026-06-02T08:49:45.770+0000] {dag.py:3047} INFO - Sync 1 DAGs
[2026-06-02T08:49:45.781+0000] {logging_mixin.py:188} INFO - [2026-06-02T08:49:45.781+0000] {dag.py:3834} INFO - Setting next_dagrun for my_first_test_dag2 to None, run_after=None
[2026-06-02T08:49:45.797+0000] {processor.py:183} INFO - Processing /opt/airflow/dags/dag_2.py took 0.058 seconds
[2026-06-02T08:50:16.161+0000] {processor.py:161} INFO - Started process (PID=1262) to work on /opt/airflow/dags/dag_2.py
[2026-06-02T08:50:16.162+0000] {processor.py:830} INFO - Processing file /opt/airflow/dags/dag_2.py for tasks to queue
[2026-06-02T08:50:16.163+0000] {logging_mixin.py:188} INFO - [2026-06-02T08:50:16.163+0000] {dagbag.py:540} INFO - Filling up the DagBag from /opt/airflow/dags/dag_2.py
[2026-06-02T08:50:16.173+0000] {processor.py:840} INFO - DAG(s) 'my_first_test_dag2' retrieved from /opt/airflow/dags/dag_2.py
[2026-06-02T08:50:16.188+0000] {logging_mixin.py:188} INFO - [2026-06-02T08:50:16.188+0000] {dag.py:3047} INFO - Sync 1 DAGs
[2026-06-02T08:50:16.198+0000] {logging_mixin.py:188} INFO - [2026-06-02T08:50:16.198+0000] {dag.py:3834} INFO - Setting next_dagrun for my_first_test_dag2 to None, run_after=None
[2026-06-02T08:50:16.223+0000] {processor.py:183} INFO - Processing /opt/airflow/dags/dag_2.py took 0.064 seconds
[2026-06-02T08:50:46.728+0000] {processor.py:161} INFO - Started process (PID=1272) to work on /opt/airflow/dags/dag_2.py
[2026-06-02T08:50:46.729+0000] {processor.py:830} INFO - Processing file /opt/airflow/dags/dag_2.py for tasks to queue
[2026-06-02T08:50:46.729+0000] {logging_mixin.py:188} INFO - [2026-06-02T08:50:46.729+0000] {dagbag.py:540} INFO - Filling up the DagBag from /opt/airflow/dags/dag_2.py
[2026-06-02T08:50:46.740+0000] {processor.py:840} INFO - DAG(s) 'my_first_test_dag2' retrieved from /opt/airflow/dags/dag_2.py
[2026-06-02T08:50:46.756+0000] {logging_mixin.py:188} INFO - [2026-06-02T08:50:46.756+0000] {dag.py:3047} INFO - Sync 1 DAGs
[2026-06-02T08:50:46.765+0000] {logging_mixin.py:188} INFO - [2026-06-02T08:50:46.765+0000] {dag.py:3834} INFO - Setting next_dagrun for my_first_test_dag2 to None, run_after=None
[2026-06-02T08:50:46.789+0000] {processor.py:183} INFO - Processing /opt/airflow/dags/dag_2.py took 0.063 seconds
[2026-06-02T08:51:17.189+0000] {processor.py:161} INFO - Started process (PID=1282) to work on /opt/airflow/dags/dag_2.py
[2026-06-02T08:51:17.190+0000] {processor.py:830} INFO - Processing file /opt/airflow/dags/dag_2.py for tasks to queue
[2026-06-02T08:51:17.191+0000] {logging_mixin.py:188} INFO - [2026-06-02T08:51:17.191+0000] {dagbag.py:540} INFO - Filling up the DagBag from /opt/airflow/dags/dag_2.py
[2026-06-02T08:51:17.202+0000] {processor.py:840} INFO - DAG(s) 'my_first_test_dag2' retrieved from /opt/airflow/dags/dag_2.py
[2026-06-02T08:51:17.218+0000] {logging_mixin.py:188} INFO - [2026-06-02T08:51:17.218+0000] {dag.py:3047} INFO - Sync 1 DAGs
[2026-06-02T08:51:17.229+0000] {logging_mixin.py:188} INFO - [2026-06-02T08:51:17.229+0000] {dag.py:3834} INFO - Setting next_dagrun for my_first_test_dag2 to None, run_after=None
[2026-06-02T08:51:17.253+0000] {processor.py:183} INFO - Processing /opt/airflow/dags/dag_2.py took 0.066 seconds
[2026-06-02T08:51:47.672+0000] {processor.py:161} INFO - Started process (PID=1292) to work on /opt/airflow/dags/dag_2.py
[2026-06-02T08:51:47.673+0000] {processor.py:830} INFO - Processing file /opt/airflow/dags/dag_2.py for tasks to queue
[2026-06-02T08:51:47.674+0000] {logging_mixin.py:188} INFO - [2026-06-02T08:51:47.674+0000] {dagbag.py:540} INFO - Filling up the DagBag from /opt/airflow/dags/dag_2.py
[2026-06-02T08:51:47.687+0000] {processor.py:840} INFO - DAG(s) 'my_first_test_dag2' retrieved from /opt/airflow/dags/dag_2.py
[2026-06-02T08:51:47.707+0000] {logging_mixin.py:188} INFO - [2026-06-02T08:51:47.707+0000] {dag.py:3047} INFO - Sync 1 DAGs
[2026-06-02T08:51:47.719+0000] {logging_mixin.py:188} INFO - [2026-06-02T08:51:47.719+0000] {dag.py:3834} INFO - Setting next_dagrun for my_first_test_dag2 to None, run_after=None
[2026-06-02T08:51:47.740+0000] {processor.py:183} INFO - Processing /opt/airflow/dags/dag_2.py took 0.070 seconds
[2026-06-02T08:52:18.074+0000] {processor.py:161} INFO - Started process (PID=1302) to work on /opt/airflow/dags/dag_2.py
[2026-06-02T08:52:18.075+0000] {processor.py:830} INFO - Processing file /opt/airflow/dags/dag_2.py for tasks to queue
[2026-06-02T08:52:18.076+0000] {logging_mixin.py:188} INFO - [2026-06-02T08:52:18.076+0000] {dagbag.py:540} INFO - Filling up the DagBag from /opt/airflow/dags/dag_2.py
[2026-06-02T08:52:18.085+0000] {processor.py:840} INFO - DAG(s) 'my_first_test_dag2' retrieved from /opt/airflow/dags/dag_2.py
[2026-06-02T08:52:18.102+0000] {logging_mixin.py:188} INFO - [2026-06-02T08:52:18.102+0000] {dag.py:3047} INFO - Sync 1 DAGs
[2026-06-02T08:52:18.114+0000] {logging_mixin.py:188} INFO - [2026-06-02T08:52:18.114+0000] {dag.py:3834} INFO - Setting next_dagrun for my_first_test_dag2 to None, run_after=None
[2026-06-02T08:52:18.138+0000] {processor.py:183} INFO - Processing /opt/airflow/dags/dag_2.py took 0.066 seconds
[2026-06-02T08:52:48.481+0000] {processor.py:161} INFO - Started process (PID=1317) to work on /opt/airflow/dags/dag_2.py
[2026-06-02T08:52:48.482+0000] {processor.py:830} INFO - Processing file /opt/airflow/dags/dag_2.py for tasks to queue
[2026-06-02T08:52:48.483+0000] {logging_mixin.py:188} INFO - [2026-06-02T08:52:48.483+0000] {dagbag.py:540} INFO - Filling up the DagBag from /opt/airflow/dags/dag_2.py
[2026-06-02T08:52:48.495+0000] {processor.py:840} INFO - DAG(s) 'my_first_test_dag2' retrieved from /opt/airflow/dags/dag_2.py
[2026-06-02T08:52:48.513+0000] {logging_mixin.py:188} INFO - [2026-06-02T08:52:48.513+0000] {dag.py:3047} INFO - Sync 1 DAGs
[2026-06-02T08:52:48.524+0000] {logging_mixin.py:188} INFO - [2026-06-02T08:52:48.524+0000] {dag.py:3834} INFO - Setting next_dagrun for my_first_test_dag2 to None, run_after=None
[2026-06-02T08:52:48.543+0000] {processor.py:183} INFO - Processing /opt/airflow/dags/dag_2.py took 0.065 seconds
[2026-06-02T08:53:18.930+0000] {processor.py:161} INFO - Started process (PID=1332) to work on /opt/airflow/dags/dag_2.py
[2026-06-02T08:53:18.931+0000] {processor.py:830} INFO - Processing file /opt/airflow/dags/dag_2.py for tasks to queue
[2026-06-02T08:53:18.931+0000] {logging_mixin.py:188} INFO - [2026-06-02T08:53:18.931+0000] {dagbag.py:540} INFO - Filling up the DagBag from /opt/airflow/dags/dag_2.py
[2026-06-02T08:53:18.945+0000] {processor.py:840} INFO - DAG(s) 'my_first_test_dag2' retrieved from /opt/airflow/dags/dag_2.py
[2026-06-02T08:53:18.962+0000] {logging_mixin.py:188} INFO - [2026-06-02T08:53:18.961+0000] {dag.py:3047} INFO - Sync 1 DAGs
[2026-06-02T08:53:18.973+0000] {logging_mixin.py:188} INFO - [2026-06-02T08:53:18.972+0000] {dag.py:3834} INFO - Setting next_dagrun for my_first_test_dag2 to None, run_after=None
[2026-06-02T08:53:18.990+0000] {processor.py:183} INFO - Processing /opt/airflow/dags/dag_2.py took 0.062 seconds
[2026-06-02T08:53:49.373+0000] {processor.py:161} INFO - Started process (PID=1342) to work on /opt/airflow/dags/dag_2.py
[2026-06-02T08:53:49.374+0000] {processor.py:830} INFO - Processing file /opt/airflow/dags/dag_2.py for tasks to queue
[2026-06-02T08:53:49.375+0000] {logging_mixin.py:188} INFO - [2026-06-02T08:53:49.375+0000] {dagbag.py:540} INFO - Filling up the DagBag from /opt/airflow/dags/dag_2.py
[2026-06-02T08:53:49.385+0000] {processor.py:840} INFO - DAG(s) 'my_first_test_dag2' retrieved from /opt/airflow/dags/dag_2.py
[2026-06-02T08:53:49.401+0000] {logging_mixin.py:188} INFO - [2026-06-02T08:53:49.401+0000] {dag.py:3047} INFO - Sync 1 DAGs
[2026-06-02T08:53:49.412+0000] {logging_mixin.py:188} INFO - [2026-06-02T08:53:49.412+0000] {dag.py:3834} INFO - Setting next_dagrun for my_first_test_dag2 to None, run_after=None
[2026-06-02T08:53:49.439+0000] {processor.py:183} INFO - Processing /opt/airflow/dags/dag_2.py took 0.067 seconds
[2026-06-02T08:54:19.879+0000] {processor.py:161} INFO - Started process (PID=1352) to work on /opt/airflow/dags/dag_2.py
[2026-06-02T08:54:19.880+0000] {processor.py:830} INFO - Processing file /opt/airflow/dags/dag_2.py for tasks to queue
[2026-06-02T08:54:19.881+0000] {logging_mixin.py:188} INFO - [2026-06-02T08:54:19.881+0000] {dagbag.py:540} INFO - Filling up the DagBag from /opt/airflow/dags/dag_2.py
[2026-06-02T08:54:19.891+0000] {processor.py:840} INFO - DAG(s) 'my_first_test_dag2' retrieved from /opt/airflow/dags/dag_2.py
[2026-06-02T08:54:19.908+0000] {logging_mixin.py:188} INFO - [2026-06-02T08:54:19.907+0000] {dag.py:3047} INFO - Sync 1 DAGs
[2026-06-02T08:54:19.917+0000] {logging_mixin.py:188} INFO - [2026-06-02T08:54:19.917+0000] {dag.py:3834} INFO - Setting next_dagrun for my_first_test_dag2 to None, run_after=None
[2026-06-02T08:54:19.944+0000] {processor.py:183} INFO - Processing /opt/airflow/dags/dag_2.py took 0.067 seconds
[2026-06-02T08:54:50.400+0000] {processor.py:161} INFO - Started process (PID=1362) to work on /opt/airflow/dags/dag_2.py
[2026-06-02T08:54:50.401+0000] {processor.py:830} INFO - Processing file /opt/airflow/dags/dag_2.py for tasks to queue
[2026-06-02T08:54:50.401+0000] {logging_mixin.py:188} INFO - [2026-06-02T08:54:50.401+0000] {dagbag.py:540} INFO - Filling up the DagBag from /opt/airflow/dags/dag_2.py
[2026-06-02T08:54:50.411+0000] {processor.py:840} INFO - DAG(s) 'my_first_test_dag2' retrieved from /opt/airflow/dags/dag_2.py
[2026-06-02T08:54:50.427+0000] {logging_mixin.py:188} INFO - [2026-06-02T08:54:50.427+0000] {dag.py:3047} INFO - Sync 1 DAGs
[2026-06-02T08:54:50.436+0000] {logging_mixin.py:188} INFO - [2026-06-02T08:54:50.436+0000] {dag.py:3834} INFO - Setting next_dagrun for my_first_test_dag2 to None, run_after=None
[2026-06-02T08:54:50.461+0000] {processor.py:183} INFO - Processing /opt/airflow/dags/dag_2.py took 0.063 seconds
[2026-06-02T08:55:20.879+0000] {processor.py:161} INFO - Started process (PID=1372) to work on /opt/airflow/dags/dag_2.py
[2026-06-02T08:55:20.880+0000] {processor.py:830} INFO - Processing file /opt/airflow/dags/dag_2.py for tasks to queue
[2026-06-02T08:55:20.880+0000] {logging_mixin.py:188} INFO - [2026-06-02T08:55:20.880+0000] {dagbag.py:540} INFO - Filling up the DagBag from /opt/airflow/dags/dag_2.py
[2026-06-02T08:55:20.892+0000] {processor.py:840} INFO - DAG(s) 'my_first_test_dag2' retrieved from /opt/airflow/dags/dag_2.py
[2026-06-02T08:55:20.908+0000] {logging_mixin.py:188} INFO - [2026-06-02T08:55:20.908+0000] {dag.py:3047} INFO - Sync 1 DAGs
[2026-06-02T08:55:20.917+0000] {logging_mixin.py:188} INFO - [2026-06-02T08:55:20.917+0000] {dag.py:3834} INFO - Setting next_dagrun for my_first_test_dag2 to None, run_after=None
[2026-06-02T08:55:20.936+0000] {processor.py:183} INFO - Processing /opt/airflow/dags/dag_2.py took 0.059 seconds
[2026-06-02T08:55:51.408+0000] {processor.py:161} INFO - Started process (PID=1382) to work on /opt/airflow/dags/dag_2.py
[2026-06-02T08:55:51.409+0000] {processor.py:830} INFO - Processing file /opt/airflow/dags/dag_2.py for tasks to queue
[2026-06-02T08:55:51.410+0000] {logging_mixin.py:188} INFO - [2026-06-02T08:55:51.410+0000] {dagbag.py:540} INFO - Filling up the DagBag from /opt/airflow/dags/dag_2.py
[2026-06-02T08:55:51.420+0000] {processor.py:840} INFO - DAG(s) 'my_first_test_dag2' retrieved from /opt/airflow/dags/dag_2.py
[2026-06-02T08:55:51.436+0000] {logging_mixin.py:188} INFO - [2026-06-02T08:55:51.436+0000] {dag.py:3047} INFO - Sync 1 DAGs
[2026-06-02T08:55:51.445+0000] {logging_mixin.py:188} INFO - [2026-06-02T08:55:51.445+0000] {dag.py:3834} INFO - Setting next_dagrun for my_first_test_dag2 to None, run_after=None
[2026-06-02T08:55:51.470+0000] {processor.py:183} INFO - Processing /opt/airflow/dags/dag_2.py took 0.063 seconds
[2026-06-02T08:56:21.957+0000] {processor.py:161} INFO - Started process (PID=1392) to work on /opt/airflow/dags/dag_2.py
[2026-06-02T08:56:21.958+0000] {processor.py:830} INFO - Processing file /opt/airflow/dags/dag_2.py for tasks to queue
[2026-06-02T08:56:21.958+0000] {logging_mixin.py:188} INFO - [2026-06-02T08:56:21.958+0000] {dagbag.py:540} INFO - Filling up the DagBag from /opt/airflow/dags/dag_2.py
[2026-06-02T08:56:21.968+0000] {processor.py:840} INFO - DAG(s) 'my_first_test_dag2' retrieved from /opt/airflow/dags/dag_2.py
[2026-06-02T08:56:21.984+0000] {logging_mixin.py:188} INFO - [2026-06-02T08:56:21.984+0000] {dag.py:3047} INFO - Sync 1 DAGs
[2026-06-02T08:56:21.994+0000] {logging_mixin.py:188} INFO - [2026-06-02T08:56:21.993+0000] {dag.py:3834} INFO - Setting next_dagrun for my_first_test_dag2 to None, run_after=None
[2026-06-02T08:56:22.012+0000] {processor.py:183} INFO - Processing /opt/airflow/dags/dag_2.py took 0.057 seconds
[2026-06-02T08:56:52.507+0000] {processor.py:161} INFO - Started process (PID=1402) to work on /opt/airflow/dags/dag_2.py
[2026-06-02T08:56:52.509+0000] {processor.py:830} INFO - Processing file /opt/airflow/dags/dag_2.py for tasks to queue
[2026-06-02T08:56:52.510+0000] {logging_mixin.py:188} INFO - [2026-06-02T08:56:52.509+0000] {dagbag.py:540} INFO - Filling up the DagBag from /opt/airflow/dags/dag_2.py
[2026-06-02T08:56:52.523+0000] {processor.py:840} INFO - DAG(s) 'my_first_test_dag2' retrieved from /opt/airflow/dags/dag_2.py
[2026-06-02T08:56:52.538+0000] {logging_mixin.py:188} INFO - [2026-06-02T08:56:52.538+0000] {dag.py:3047} INFO - Sync 1 DAGs
[2026-06-02T08:56:52.548+0000] {logging_mixin.py:188} INFO - [2026-06-02T08:56:52.548+0000] {dag.py:3834} INFO - Setting next_dagrun for my_first_test_dag2 to None, run_after=None
[2026-06-02T08:56:52.566+0000] {processor.py:183} INFO - Processing /opt/airflow/dags/dag_2.py took 0.061 seconds
[2026-06-02T08:57:22.994+0000] {processor.py:161} INFO - Started process (PID=1412) to work on /opt/airflow/dags/dag_2.py
[2026-06-02T08:57:22.995+0000] {processor.py:830} INFO - Processing file /opt/airflow/dags/dag_2.py for tasks to queue
[2026-06-02T08:57:22.995+0000] {logging_mixin.py:188} INFO - [2026-06-02T08:57:22.995+0000] {dagbag.py:540} INFO - Filling up the DagBag from /opt/airflow/dags/dag_2.py
[2026-06-02T08:57:23.005+0000] {processor.py:840} INFO - DAG(s) 'my_first_test_dag2' retrieved from /opt/airflow/dags/dag_2.py
[2026-06-02T08:57:23.021+0000] {logging_mixin.py:188} INFO - [2026-06-02T08:57:23.021+0000] {dag.py:3047} INFO - Sync 1 DAGs
[2026-06-02T08:57:23.031+0000] {logging_mixin.py:188} INFO - [2026-06-02T08:57:23.030+0000] {dag.py:3834} INFO - Setting next_dagrun for my_first_test_dag2 to None, run_after=None
[2026-06-02T08:57:23.057+0000] {processor.py:183} INFO - Processing /opt/airflow/dags/dag_2.py took 0.065 seconds
[2026-06-02T08:57:53.402+0000] {processor.py:161} INFO - Started process (PID=1422) to work on /opt/airflow/dags/dag_2.py
[2026-06-02T08:57:53.403+0000] {processor.py:830} INFO - Processing file /opt/airflow/dags/dag_2.py for tasks to queue
[2026-06-02T08:57:53.404+0000] {logging_mixin.py:188} INFO - [2026-06-02T08:57:53.403+0000] {dagbag.py:540} INFO - Filling up the DagBag from /opt/airflow/dags/dag_2.py
[2026-06-02T08:57:53.414+0000] {processor.py:840} INFO - DAG(s) 'my_first_test_dag2' retrieved from /opt/airflow/dags/dag_2.py
[2026-06-02T08:57:53.430+0000] {logging_mixin.py:188} INFO - [2026-06-02T08:57:53.429+0000] {dag.py:3047} INFO - Sync 1 DAGs
[2026-06-02T08:57:53.439+0000] {logging_mixin.py:188} INFO - [2026-06-02T08:57:53.439+0000] {dag.py:3834} INFO - Setting next_dagrun for my_first_test_dag2 to None, run_after=None
[2026-06-02T08:57:53.465+0000] {processor.py:183} INFO - Processing /opt/airflow/dags/dag_2.py took 0.066 seconds
[2026-06-02T08:58:23.823+0000] {processor.py:161} INFO - Started process (PID=1432) to work on /opt/airflow/dags/dag_2.py
[2026-06-02T08:58:23.824+0000] {processor.py:830} INFO - Processing file /opt/airflow/dags/dag_2.py for tasks to queue
[2026-06-02T08:58:23.826+0000] {logging_mixin.py:188} INFO - [2026-06-02T08:58:23.825+0000] {dagbag.py:540} INFO - Filling up the DagBag from /opt/airflow/dags/dag_2.py
[2026-06-02T08:58:23.853+0000] {processor.py:840} INFO - DAG(s) 'my_first_test_dag2' retrieved from /opt/airflow/dags/dag_2.py
[2026-06-02T08:58:23.871+0000] {logging_mixin.py:188} INFO - [2026-06-02T08:58:23.870+0000] {dag.py:3047} INFO - Sync 1 DAGs
[2026-06-02T08:58:23.881+0000] {logging_mixin.py:188} INFO - [2026-06-02T08:58:23.881+0000] {dag.py:3834} INFO - Setting next_dagrun for my_first_test_dag2 to None, run_after=None
[2026-06-02T08:58:23.898+0000] {processor.py:183} INFO - Processing /opt/airflow/dags/dag_2.py took 0.078 seconds
[2026-06-02T08:58:53.995+0000] {processor.py:161} INFO - Started process (PID=1442) to work on /opt/airflow/dags/dag_2.py
[2026-06-02T08:58:53.995+0000] {processor.py:830} INFO - Processing file /opt/airflow/dags/dag_2.py for tasks to queue
[2026-06-02T08:58:53.996+0000] {logging_mixin.py:188} INFO - [2026-06-02T08:58:53.996+0000] {dagbag.py:540} INFO - Filling up the DagBag from /opt/airflow/dags/dag_2.py
[2026-06-02T08:58:54.009+0000] {processor.py:840} INFO - DAG(s) 'my_first_test_dag2' retrieved from /opt/airflow/dags/dag_2.py
[2026-06-02T08:58:54.026+0000] {logging_mixin.py:188} INFO - [2026-06-02T08:58:54.026+0000] {dag.py:3047} INFO - Sync 1 DAGs
[2026-06-02T08:58:54.036+0000] {logging_mixin.py:188} INFO - [2026-06-02T08:58:54.036+0000] {dag.py:3834} INFO - Setting next_dagrun for my_first_test_dag2 to None, run_after=None
[2026-06-02T08:58:54.051+0000] {processor.py:183} INFO - Processing /opt/airflow/dags/dag_2.py took 0.059 seconds
[2026-06-02T08:59:24.457+0000] {processor.py:161} INFO - Started process (PID=1452) to work on /opt/airflow/dags/dag_2.py
[2026-06-02T08:59:24.458+0000] {processor.py:830} INFO - Processing file /opt/airflow/dags/dag_2.py for tasks to queue
[2026-06-02T08:59:24.459+0000] {logging_mixin.py:188} INFO - [2026-06-02T08:59:24.459+0000] {dagbag.py:540} INFO - Filling up the DagBag from /opt/airflow/dags/dag_2.py
[2026-06-02T08:59:24.469+0000] {processor.py:840} INFO - DAG(s) 'my_first_test_dag2' retrieved from /opt/airflow/dags/dag_2.py
[2026-06-02T08:59:24.485+0000] {logging_mixin.py:188} INFO - [2026-06-02T08:59:24.484+0000] {dag.py:3047} INFO - Sync 1 DAGs
[2026-06-02T08:59:24.494+0000] {logging_mixin.py:188} INFO - [2026-06-02T08:59:24.494+0000] {dag.py:3834} INFO - Setting next_dagrun for my_first_test_dag2 to None, run_after=None
[2026-06-02T08:59:24.519+0000] {processor.py:183} INFO - Processing /opt/airflow/dags/dag_2.py took 0.064 seconds
[2026-06-02T08:59:54.961+0000] {processor.py:161} INFO - Started process (PID=1462) to work on /opt/airflow/dags/dag_2.py
[2026-06-02T08:59:54.962+0000] {processor.py:830} INFO - Processing file /opt/airflow/dags/dag_2.py for tasks to queue
[2026-06-02T08:59:54.963+0000] {logging_mixin.py:188} INFO - [2026-06-02T08:59:54.963+0000] {dagbag.py:540} INFO - Filling up the DagBag from /opt/airflow/dags/dag_2.py
[2026-06-02T08:59:54.973+0000] {processor.py:840} INFO - DAG(s) 'my_first_test_dag2' retrieved from /opt/airflow/dags/dag_2.py
[2026-06-02T08:59:54.989+0000] {logging_mixin.py:188} INFO - [2026-06-02T08:59:54.989+0000] {dag.py:3047} INFO - Sync 1 DAGs
[2026-06-02T08:59:55.000+0000] {logging_mixin.py:188} INFO - [2026-06-02T08:59:55.000+0000] {dag.py:3834} INFO - Setting next_dagrun for my_first_test_dag2 to None, run_after=None
[2026-06-02T08:59:55.025+0000] {processor.py:183} INFO - Processing /opt/airflow/dags/dag_2.py took 0.066 seconds
[2026-06-02T09:00:25.541+0000] {processor.py:161} INFO - Started process (PID=1472) to work on /opt/airflow/dags/dag_2.py
[2026-06-02T09:00:25.542+0000] {processor.py:830} INFO - Processing file /opt/airflow/dags/dag_2.py for tasks to queue
[2026-06-02T09:00:25.543+0000] {logging_mixin.py:188} INFO - [2026-06-02T09:00:25.542+0000] {dagbag.py:540} INFO - Filling up the DagBag from /opt/airflow/dags/dag_2.py
[2026-06-02T09:00:25.553+0000] {processor.py:840} INFO - DAG(s) 'my_first_test_dag2' retrieved from /opt/airflow/dags/dag_2.py
[2026-06-02T09:00:25.568+0000] {logging_mixin.py:188} INFO - [2026-06-02T09:00:25.568+0000] {dag.py:3047} INFO - Sync 1 DAGs
[2026-06-02T09:00:25.578+0000] {logging_mixin.py:188} INFO - [2026-06-02T09:00:25.578+0000] {dag.py:3834} INFO - Setting next_dagrun for my_first_test_dag2 to None, run_after=None
[2026-06-02T09:00:25.603+0000] {processor.py:183} INFO - Processing /opt/airflow/dags/dag_2.py took 0.064 seconds
[2026-06-02T09:00:56.056+0000] {processor.py:161} INFO - Started process (PID=1482) to work on /opt/airflow/dags/dag_2.py
[2026-06-02T09:00:56.057+0000] {processor.py:830} INFO - Processing file /opt/airflow/dags/dag_2.py for tasks to queue
[2026-06-02T09:00:56.058+0000] {logging_mixin.py:188} INFO - [2026-06-02T09:00:56.058+0000] {dagbag.py:540} INFO - Filling up the DagBag from /opt/airflow/dags/dag_2.py
[2026-06-02T09:00:56.068+0000] {processor.py:840} INFO - DAG(s) 'my_first_test_dag2' retrieved from /opt/airflow/dags/dag_2.py
[2026-06-02T09:00:56.084+0000] {logging_mixin.py:188} INFO - [2026-06-02T09:00:56.084+0000] {dag.py:3047} INFO - Sync 1 DAGs
[2026-06-02T09:00:56.094+0000] {logging_mixin.py:188} INFO - [2026-06-02T09:00:56.093+0000] {dag.py:3834} INFO - Setting next_dagrun for my_first_test_dag2 to None, run_after=None
[2026-06-02T09:00:56.119+0000] {processor.py:183} INFO - Processing /opt/airflow/dags/dag_2.py took 0.064 seconds
[2026-06-02T09:01:26.530+0000] {processor.py:161} INFO - Started process (PID=1492) to work on /opt/airflow/dags/dag_2.py
[2026-06-02T09:01:26.531+0000] {processor.py:830} INFO - Processing file /opt/airflow/dags/dag_2.py for tasks to queue
[2026-06-02T09:01:26.533+0000] {logging_mixin.py:188} INFO - [2026-06-02T09:01:26.532+0000] {dagbag.py:540} INFO - Filling up the DagBag from /opt/airflow/dags/dag_2.py
[2026-06-02T09:01:26.555+0000] {processor.py:840} INFO - DAG(s) 'my_first_test_dag2' retrieved from /opt/airflow/dags/dag_2.py
[2026-06-02T09:01:26.575+0000] {logging_mixin.py:188} INFO - [2026-06-02T09:01:26.575+0000] {dag.py:3047} INFO - Sync 1 DAGs
[2026-06-02T09:01:26.588+0000] {logging_mixin.py:188} INFO - [2026-06-02T09:01:26.587+0000] {dag.py:3834} INFO - Setting next_dagrun for my_first_test_dag2 to None, run_after=None
[2026-06-02T09:01:26.610+0000] {processor.py:183} INFO - Processing /opt/airflow/dags/dag_2.py took 0.083 seconds
[2026-06-02T09:01:57.061+0000] {processor.py:161} INFO - Started process (PID=1502) to work on /opt/airflow/dags/dag_2.py
[2026-06-02T09:01:57.062+0000] {processor.py:830} INFO - Processing file /opt/airflow/dags/dag_2.py for tasks to queue
[2026-06-02T09:01:57.062+0000] {logging_mixin.py:188} INFO - [2026-06-02T09:01:57.062+0000] {dagbag.py:540} INFO - Filling up the DagBag from /opt/airflow/dags/dag_2.py
[2026-06-02T09:01:57.074+0000] {processor.py:840} INFO - DAG(s) 'my_first_test_dag2' retrieved from /opt/airflow/dags/dag_2.py
[2026-06-02T09:01:57.090+0000] {logging_mixin.py:188} INFO - [2026-06-02T09:01:57.090+0000] {dag.py:3047} INFO - Sync 1 DAGs
[2026-06-02T09:01:57.100+0000] {logging_mixin.py:188} INFO - [2026-06-02T09:01:57.100+0000] {dag.py:3834} INFO - Setting next_dagrun for my_first_test_dag2 to None, run_after=None
[2026-06-02T09:01:57.126+0000] {processor.py:183} INFO - Processing /opt/airflow/dags/dag_2.py took 0.068 seconds
[2026-06-02T09:02:27.489+0000] {processor.py:161} INFO - Started process (PID=1512) to work on /opt/airflow/dags/dag_2.py
[2026-06-02T09:02:27.490+0000] {processor.py:830} INFO - Processing file /opt/airflow/dags/dag_2.py for tasks to queue
[2026-06-02T09:02:27.490+0000] {logging_mixin.py:188} INFO - [2026-06-02T09:02:27.490+0000] {dagbag.py:540} INFO - Filling up the DagBag from /opt/airflow/dags/dag_2.py
[2026-06-02T09:02:27.502+0000] {processor.py:840} INFO - DAG(s) 'my_first_test_dag2' retrieved from /opt/airflow/dags/dag_2.py
[2026-06-02T09:02:27.521+0000] {logging_mixin.py:188} INFO - [2026-06-02T09:02:27.521+0000] {dag.py:3047} INFO - Sync 1 DAGs
[2026-06-02T09:02:27.533+0000] {logging_mixin.py:188} INFO - [2026-06-02T09:02:27.533+0000] {dag.py:3834} INFO - Setting next_dagrun for my_first_test_dag2 to None, run_after=None
[2026-06-02T09:02:27.562+0000] {processor.py:183} INFO - Processing /opt/airflow/dags/dag_2.py took 0.076 seconds
[2026-06-02T09:02:57.889+0000] {processor.py:161} INFO - Started process (PID=1522) to work on /opt/airflow/dags/dag_2.py
[2026-06-02T09:02:57.890+0000] {processor.py:830} INFO - Processing file /opt/airflow/dags/dag_2.py for tasks to queue
[2026-06-02T09:02:57.891+0000] {logging_mixin.py:188} INFO - [2026-06-02T09:02:57.890+0000] {dagbag.py:540} INFO - Filling up the DagBag from /opt/airflow/dags/dag_2.py
[2026-06-02T09:02:57.904+0000] {processor.py:840} INFO - DAG(s) 'my_first_test_dag2' retrieved from /opt/airflow/dags/dag_2.py
[2026-06-02T09:02:57.923+0000] {logging_mixin.py:188} INFO - [2026-06-02T09:02:57.922+0000] {dag.py:3047} INFO - Sync 1 DAGs
[2026-06-02T09:02:57.935+0000] {logging_mixin.py:188} INFO - [2026-06-02T09:02:57.935+0000] {dag.py:3834} INFO - Setting next_dagrun for my_first_test_dag2 to None, run_after=None
[2026-06-02T09:02:57.955+0000] {processor.py:183} INFO - Processing /opt/airflow/dags/dag_2.py took 0.068 seconds
[2026-06-02T09:03:28.211+0000] {processor.py:161} INFO - Started process (PID=1532) to work on /opt/airflow/dags/dag_2.py
[2026-06-02T09:03:28.212+0000] {processor.py:830} INFO - Processing file /opt/airflow/dags/dag_2.py for tasks to queue
[2026-06-02T09:03:28.213+0000] {logging_mixin.py:188} INFO - [2026-06-02T09:03:28.212+0000] {dagbag.py:540} INFO - Filling up the DagBag from /opt/airflow/dags/dag_2.py
[2026-06-02T09:03:28.223+0000] {processor.py:840} INFO - DAG(s) 'my_first_test_dag2' retrieved from /opt/airflow/dags/dag_2.py
[2026-06-02T09:03:28.239+0000] {logging_mixin.py:188} INFO - [2026-06-02T09:03:28.239+0000] {dag.py:3047} INFO - Sync 1 DAGs
[2026-06-02T09:03:28.248+0000] {logging_mixin.py:188} INFO - [2026-06-02T09:03:28.248+0000] {dag.py:3834} INFO - Setting next_dagrun for my_first_test_dag2 to None, run_after=None
[2026-06-02T09:03:28.267+0000] {processor.py:183} INFO - Processing /opt/airflow/dags/dag_2.py took 0.058 seconds
[2026-06-02T09:03:58.727+0000] {processor.py:161} INFO - Started process (PID=1542) to work on /opt/airflow/dags/dag_2.py
[2026-06-02T09:03:58.728+0000] {processor.py:830} INFO - Processing file /opt/airflow/dags/dag_2.py for tasks to queue
[2026-06-02T09:03:58.729+0000] {logging_mixin.py:188} INFO - [2026-06-02T09:03:58.729+0000] {dagbag.py:540} INFO - Filling up the DagBag from /opt/airflow/dags/dag_2.py
[2026-06-02T09:03:58.749+0000] {processor.py:840} INFO - DAG(s) 'my_first_test_dag2' retrieved from /opt/airflow/dags/dag_2.py
[2026-06-02T09:03:58.789+0000] {logging_mixin.py:188} INFO - [2026-06-02T09:03:58.788+0000] {dag.py:3047} INFO - Sync 1 DAGs
[2026-06-02T09:03:58.810+0000] {logging_mixin.py:188} INFO - [2026-06-02T09:03:58.810+0000] {dag.py:3834} INFO - Setting next_dagrun for my_first_test_dag2 to None, run_after=None
[2026-06-02T09:03:58.838+0000] {processor.py:183} INFO - Processing /opt/airflow/dags/dag_2.py took 0.118 seconds
[2026-06-02T09:04:29.141+0000] {processor.py:161} INFO - Started process (PID=1552) to work on /opt/airflow/dags/dag_2.py
[2026-06-02T09:04:29.142+0000] {processor.py:830} INFO - Processing file /opt/airflow/dags/dag_2.py for tasks to queue
[2026-06-02T09:04:29.143+0000] {logging_mixin.py:188} INFO - [2026-06-02T09:04:29.143+0000] {dagbag.py:540} INFO - Filling up the DagBag from /opt/airflow/dags/dag_2.py
[2026-06-02T09:04:29.154+0000] {processor.py:840} INFO - DAG(s) 'my_first_test_dag2' retrieved from /opt/airflow/dags/dag_2.py
[2026-06-02T09:04:29.171+0000] {logging_mixin.py:188} INFO - [2026-06-02T09:04:29.171+0000] {dag.py:3047} INFO - Sync 1 DAGs
[2026-06-02T09:04:29.181+0000] {logging_mixin.py:188} INFO - [2026-06-02T09:04:29.181+0000] {dag.py:3834} INFO - Setting next_dagrun for my_first_test_dag2 to None, run_after=None
[2026-06-02T09:04:29.209+0000] {processor.py:183} INFO - Processing /opt/airflow/dags/dag_2.py took 0.071 seconds
[2026-06-02T09:04:59.582+0000] {processor.py:161} INFO - Started process (PID=1562) to work on /opt/airflow/dags/dag_2.py
[2026-06-02T09:04:59.583+0000] {processor.py:830} INFO - Processing file /opt/airflow/dags/dag_2.py for tasks to queue
[2026-06-02T09:04:59.584+0000] {logging_mixin.py:188} INFO - [2026-06-02T09:04:59.583+0000] {dagbag.py:540} INFO - Filling up the DagBag from /opt/airflow/dags/dag_2.py
[2026-06-02T09:04:59.596+0000] {processor.py:840} INFO - DAG(s) 'my_first_test_dag2' retrieved from /opt/airflow/dags/dag_2.py
[2026-06-02T09:04:59.613+0000] {logging_mixin.py:188} INFO - [2026-06-02T09:04:59.613+0000] {dag.py:3047} INFO - Sync 1 DAGs
[2026-06-02T09:04:59.624+0000] {logging_mixin.py:188} INFO - [2026-06-02T09:04:59.624+0000] {dag.py:3834} INFO - Setting next_dagrun for my_first_test_dag2 to None, run_after=None
[2026-06-02T09:04:59.649+0000] {processor.py:183} INFO - Processing /opt/airflow/dags/dag_2.py took 0.070 seconds
[2026-06-02T09:05:29.965+0000] {processor.py:161} INFO - Started process (PID=1572) to work on /opt/airflow/dags/dag_2.py
[2026-06-02T09:05:29.966+0000] {processor.py:830} INFO - Processing file /opt/airflow/dags/dag_2.py for tasks to queue
[2026-06-02T09:05:29.967+0000] {logging_mixin.py:188} INFO - [2026-06-02T09:05:29.967+0000] {dagbag.py:540} INFO - Filling up the DagBag from /opt/airflow/dags/dag_2.py
[2026-06-02T09:05:29.976+0000] {processor.py:840} INFO - DAG(s) 'my_first_test_dag2' retrieved from /opt/airflow/dags/dag_2.py
[2026-06-02T09:05:29.994+0000] {logging_mixin.py:188} INFO - [2026-06-02T09:05:29.993+0000] {dag.py:3047} INFO - Sync 1 DAGs
[2026-06-02T09:05:30.006+0000] {logging_mixin.py:188} INFO - [2026-06-02T09:05:30.005+0000] {dag.py:3834} INFO - Setting next_dagrun for my_first_test_dag2 to None, run_after=None
[2026-06-02T09:05:30.027+0000] {processor.py:183} INFO - Processing /opt/airflow/dags/dag_2.py took 0.064 seconds
[2026-06-02T09:06:00.402+0000] {processor.py:161} INFO - Started process (PID=1582) to work on /opt/airflow/dags/dag_2.py
[2026-06-02T09:06:00.403+0000] {processor.py:830} INFO - Processing file /opt/airflow/dags/dag_2.py for tasks to queue
[2026-06-02T09:06:00.404+0000] {logging_mixin.py:188} INFO - [2026-06-02T09:06:00.404+0000] {dagbag.py:540} INFO - Filling up the DagBag from /opt/airflow/dags/dag_2.py
[2026-06-02T09:06:00.415+0000] {processor.py:840} INFO - DAG(s) 'my_first_test_dag2' retrieved from /opt/airflow/dags/dag_2.py
[2026-06-02T09:06:00.434+0000] {logging_mixin.py:188} INFO - [2026-06-02T09:06:00.433+0000] {dag.py:3047} INFO - Sync 1 DAGs
[2026-06-02T09:06:00.444+0000] {logging_mixin.py:188} INFO - [2026-06-02T09:06:00.444+0000] {dag.py:3834} INFO - Setting next_dagrun for my_first_test_dag2 to None, run_after=None
[2026-06-02T09:06:00.471+0000] {processor.py:183} INFO - Processing /opt/airflow/dags/dag_2.py took 0.072 seconds
[2026-06-02T09:06:30.746+0000] {processor.py:161} INFO - Started process (PID=1592) to work on /opt/airflow/dags/dag_2.py
[2026-06-02T09:06:30.747+0000] {processor.py:830} INFO - Processing file /opt/airflow/dags/dag_2.py for tasks to queue
[2026-06-02T09:06:30.748+0000] {logging_mixin.py:188} INFO - [2026-06-02T09:06:30.748+0000] {dagbag.py:540} INFO - Filling up the DagBag from /opt/airflow/dags/dag_2.py
[2026-06-02T09:06:30.760+0000] {processor.py:840} INFO - DAG(s) 'my_first_test_dag2' retrieved from /opt/airflow/dags/dag_2.py
[2026-06-02T09:06:30.780+0000] {logging_mixin.py:188} INFO - [2026-06-02T09:06:30.780+0000] {dag.py:3047} INFO - Sync 1 DAGs
[2026-06-02T09:06:30.798+0000] {logging_mixin.py:188} INFO - [2026-06-02T09:06:30.797+0000] {dag.py:3834} INFO - Setting next_dagrun for my_first_test_dag2 to None, run_after=None
[2026-06-02T09:06:30.820+0000] {processor.py:183} INFO - Processing /opt/airflow/dags/dag_2.py took 0.077 seconds
[2026-06-02T09:07:01.090+0000] {processor.py:161} INFO - Started process (PID=1602) to work on /opt/airflow/dags/dag_2.py
[2026-06-02T09:07:01.092+0000] {processor.py:830} INFO - Processing file /opt/airflow/dags/dag_2.py for tasks to queue
[2026-06-02T09:07:01.092+0000] {logging_mixin.py:188} INFO - [2026-06-02T09:07:01.092+0000] {dagbag.py:540} INFO - Filling up the DagBag from /opt/airflow/dags/dag_2.py
[2026-06-02T09:07:01.101+0000] {processor.py:840} INFO - DAG(s) 'my_first_test_dag2' retrieved from /opt/airflow/dags/dag_2.py
[2026-06-02T09:07:01.118+0000] {logging_mixin.py:188} INFO - [2026-06-02T09:07:01.118+0000] {dag.py:3047} INFO - Sync 1 DAGs
[2026-06-02T09:07:01.128+0000] {logging_mixin.py:188} INFO - [2026-06-02T09:07:01.127+0000] {dag.py:3834} INFO - Setting next_dagrun for my_first_test_dag2 to None, run_after=None
[2026-06-02T09:07:01.145+0000] {processor.py:183} INFO - Processing /opt/airflow/dags/dag_2.py took 0.057 seconds
[2026-06-02T09:07:31.458+0000] {processor.py:161} INFO - Started process (PID=1617) to work on /opt/airflow/dags/dag_2.py
[2026-06-02T09:07:31.459+0000] {processor.py:830} INFO - Processing file /opt/airflow/dags/dag_2.py for tasks to queue
[2026-06-02T09:07:31.460+0000] {logging_mixin.py:188} INFO - [2026-06-02T09:07:31.460+0000] {dagbag.py:540} INFO - Filling up the DagBag from /opt/airflow/dags/dag_2.py
[2026-06-02T09:07:31.469+0000] {processor.py:840} INFO - DAG(s) 'my_first_test_dag2' retrieved from /opt/airflow/dags/dag_2.py
[2026-06-02T09:07:31.485+0000] {logging_mixin.py:188} INFO - [2026-06-02T09:07:31.484+0000] {dag.py:3047} INFO - Sync 1 DAGs
[2026-06-02T09:07:31.495+0000] {logging_mixin.py:188} INFO - [2026-06-02T09:07:31.495+0000] {dag.py:3834} INFO - Setting next_dagrun for my_first_test_dag2 to None, run_after=None
[2026-06-02T09:07:31.513+0000] {processor.py:183} INFO - Processing /opt/airflow/dags/dag_2.py took 0.057 seconds
[2026-06-02T09:08:01.896+0000] {processor.py:161} INFO - Started process (PID=1627) to work on /opt/airflow/dags/dag_2.py
[2026-06-02T09:08:01.897+0000] {processor.py:830} INFO - Processing file /opt/airflow/dags/dag_2.py for tasks to queue
[2026-06-02T09:08:01.898+0000] {logging_mixin.py:188} INFO - [2026-06-02T09:08:01.897+0000] {dagbag.py:540} INFO - Filling up the DagBag from /opt/airflow/dags/dag_2.py
[2026-06-02T09:08:01.908+0000] {processor.py:840} INFO - DAG(s) 'my_first_test_dag2' retrieved from /opt/airflow/dags/dag_2.py
[2026-06-02T09:08:01.924+0000] {logging_mixin.py:188} INFO - [2026-06-02T09:08:01.924+0000] {dag.py:3047} INFO - Sync 1 DAGs
[2026-06-02T09:08:01.934+0000] {logging_mixin.py:188} INFO - [2026-06-02T09:08:01.934+0000] {dag.py:3834} INFO - Setting next_dagrun for my_first_test_dag2 to None, run_after=None
[2026-06-02T09:08:01.962+0000] {processor.py:183} INFO - Processing /opt/airflow/dags/dag_2.py took 0.068 seconds
[2026-06-02T09:08:32.338+0000] {processor.py:161} INFO - Started process (PID=1637) to work on /opt/airflow/dags/dag_2.py
[2026-06-02T09:08:32.339+0000] {processor.py:830} INFO - Processing file /opt/airflow/dags/dag_2.py for tasks to queue
[2026-06-02T09:08:32.340+0000] {logging_mixin.py:188} INFO - [2026-06-02T09:08:32.340+0000] {dagbag.py:540} INFO - Filling up the DagBag from /opt/airflow/dags/dag_2.py
[2026-06-02T09:08:32.353+0000] {processor.py:840} INFO - DAG(s) 'my_first_test_dag2' retrieved from /opt/airflow/dags/dag_2.py
[2026-06-02T09:08:32.373+0000] {logging_mixin.py:188} INFO - [2026-06-02T09:08:32.373+0000] {dag.py:3047} INFO - Sync 1 DAGs
[2026-06-02T09:08:32.388+0000] {logging_mixin.py:188} INFO - [2026-06-02T09:08:32.387+0000] {dag.py:3834} INFO - Setting next_dagrun for my_first_test_dag2 to None, run_after=None
[2026-06-02T09:08:32.411+0000] {processor.py:183} INFO - Processing /opt/airflow/dags/dag_2.py took 0.075 seconds
[2026-06-02T09:09:02.840+0000] {processor.py:161} INFO - Started process (PID=1647) to work on /opt/airflow/dags/dag_2.py
[2026-06-02T09:09:02.841+0000] {processor.py:830} INFO - Processing file /opt/airflow/dags/dag_2.py for tasks to queue
[2026-06-02T09:09:02.841+0000] {logging_mixin.py:188} INFO - [2026-06-02T09:09:02.841+0000] {dagbag.py:540} INFO - Filling up the DagBag from /opt/airflow/dags/dag_2.py
[2026-06-02T09:09:02.852+0000] {processor.py:840} INFO - DAG(s) 'my_first_test_dag2' retrieved from /opt/airflow/dags/dag_2.py
[2026-06-02T09:09:02.869+0000] {logging_mixin.py:188} INFO - [2026-06-02T09:09:02.869+0000] {dag.py:3047} INFO - Sync 1 DAGs
[2026-06-02T09:09:02.880+0000] {logging_mixin.py:188} INFO - [2026-06-02T09:09:02.879+0000] {dag.py:3834} INFO - Setting next_dagrun for my_first_test_dag2 to None, run_after=None
[2026-06-02T09:09:02.906+0000] {processor.py:183} INFO - Processing /opt/airflow/dags/dag_2.py took 0.068 seconds
[2026-06-02T09:09:33.286+0000] {processor.py:161} INFO - Started process (PID=1657) to work on /opt/airflow/dags/dag_2.py
[2026-06-02T09:09:33.287+0000] {processor.py:830} INFO - Processing file /opt/airflow/dags/dag_2.py for tasks to queue
[2026-06-02T09:09:33.288+0000] {logging_mixin.py:188} INFO - [2026-06-02T09:09:33.287+0000] {dagbag.py:540} INFO - Filling up the DagBag from /opt/airflow/dags/dag_2.py
[2026-06-02T09:09:33.297+0000] {processor.py:840} INFO - DAG(s) 'my_first_test_dag2' retrieved from /opt/airflow/dags/dag_2.py
[2026-06-02T09:09:33.313+0000] {logging_mixin.py:188} INFO - [2026-06-02T09:09:33.313+0000] {dag.py:3047} INFO - Sync 1 DAGs
[2026-06-02T09:09:33.323+0000] {logging_mixin.py:188} INFO - [2026-06-02T09:09:33.323+0000] {dag.py:3834} INFO - Setting next_dagrun for my_first_test_dag2 to None, run_after=None
[2026-06-02T09:09:33.342+0000] {processor.py:183} INFO - Processing /opt/airflow/dags/dag_2.py took 0.058 seconds
[2026-06-02T09:10:03.640+0000] {processor.py:161} INFO - Started process (PID=1672) to work on /opt/airflow/dags/dag_2.py
[2026-06-02T09:10:03.641+0000] {processor.py:830} INFO - Processing file /opt/airflow/dags/dag_2.py for tasks to queue
[2026-06-02T09:10:03.642+0000] {logging_mixin.py:188} INFO - [2026-06-02T09:10:03.642+0000] {dagbag.py:540} INFO - Filling up the DagBag from /opt/airflow/dags/dag_2.py
[2026-06-02T09:10:03.659+0000] {processor.py:840} INFO - DAG(s) 'my_first_test_dag2' retrieved from /opt/airflow/dags/dag_2.py
[2026-06-02T09:10:03.681+0000] {logging_mixin.py:188} INFO - [2026-06-02T09:10:03.680+0000] {dag.py:3047} INFO - Sync 1 DAGs
[2026-06-02T09:10:03.692+0000] {logging_mixin.py:188} INFO - [2026-06-02T09:10:03.692+0000] {dag.py:3834} INFO - Setting next_dagrun for my_first_test_dag2 to None, run_after=None
[2026-06-02T09:10:03.710+0000] {processor.py:183} INFO - Processing /opt/airflow/dags/dag_2.py took 0.074 seconds
[2026-06-02T09:10:33.977+0000] {processor.py:161} INFO - Started process (PID=1682) to work on /opt/airflow/dags/dag_2.py
[2026-06-02T09:10:33.977+0000] {processor.py:830} INFO - Processing file /opt/airflow/dags/dag_2.py for tasks to queue
[2026-06-02T09:10:33.979+0000] {logging_mixin.py:188} INFO - [2026-06-02T09:10:33.978+0000] {dagbag.py:540} INFO - Filling up the DagBag from /opt/airflow/dags/dag_2.py
[2026-06-02T09:10:33.989+0000] {processor.py:840} INFO - DAG(s) 'my_first_test_dag2' retrieved from /opt/airflow/dags/dag_2.py
[2026-06-02T09:10:34.005+0000] {logging_mixin.py:188} INFO - [2026-06-02T09:10:34.005+0000] {dag.py:3047} INFO - Sync 1 DAGs
[2026-06-02T09:10:34.015+0000] {logging_mixin.py:188} INFO - [2026-06-02T09:10:34.015+0000] {dag.py:3834} INFO - Setting next_dagrun for my_first_test_dag2 to None, run_after=None
[2026-06-02T09:10:34.035+0000] {processor.py:183} INFO - Processing /opt/airflow/dags/dag_2.py took 0.061 seconds
[2026-06-02T09:11:04.405+0000] {processor.py:161} INFO - Started process (PID=1697) to work on /opt/airflow/dags/dag_2.py
[2026-06-02T09:11:04.406+0000] {processor.py:830} INFO - Processing file /opt/airflow/dags/dag_2.py for tasks to queue
[2026-06-02T09:11:04.408+0000] {logging_mixin.py:188} INFO - [2026-06-02T09:11:04.408+0000] {dagbag.py:540} INFO - Filling up the DagBag from /opt/airflow/dags/dag_2.py
[2026-06-02T09:11:04.435+0000] {processor.py:840} INFO - DAG(s) 'my_first_test_dag2' retrieved from /opt/airflow/dags/dag_2.py
[2026-06-02T09:11:04.473+0000] {logging_mixin.py:188} INFO - [2026-06-02T09:11:04.472+0000] {dag.py:3047} INFO - Sync 1 DAGs
[2026-06-02T09:11:04.487+0000] {logging_mixin.py:188} INFO - [2026-06-02T09:11:04.486+0000] {dag.py:3834} INFO - Setting next_dagrun for my_first_test_dag2 to None, run_after=None
[2026-06-02T09:11:04.514+0000] {processor.py:183} INFO - Processing /opt/airflow/dags/dag_2.py took 0.112 seconds
[2026-06-02T09:11:34.692+0000] {processor.py:161} INFO - Started process (PID=1707) to work on /opt/airflow/dags/dag_2.py
[2026-06-02T09:11:34.694+0000] {processor.py:830} INFO - Processing file /opt/airflow/dags/dag_2.py for tasks to queue
[2026-06-02T09:11:34.694+0000] {logging_mixin.py:188} INFO - [2026-06-02T09:11:34.694+0000] {dagbag.py:540} INFO - Filling up the DagBag from /opt/airflow/dags/dag_2.py
[2026-06-02T09:11:34.707+0000] {processor.py:840} INFO - DAG(s) 'my_first_test_dag2' retrieved from /opt/airflow/dags/dag_2.py
[2026-06-02T09:11:34.725+0000] {logging_mixin.py:188} INFO - [2026-06-02T09:11:34.725+0000] {dag.py:3047} INFO - Sync 1 DAGs
[2026-06-02T09:11:34.735+0000] {logging_mixin.py:188} INFO - [2026-06-02T09:11:34.735+0000] {dag.py:3834} INFO - Setting next_dagrun for my_first_test_dag2 to None, run_after=None
[2026-06-02T09:11:34.755+0000] {processor.py:183} INFO - Processing /opt/airflow/dags/dag_2.py took 0.065 seconds
[2026-06-02T09:12:05.170+0000] {processor.py:161} INFO - Started process (PID=1717) to work on /opt/airflow/dags/dag_2.py
[2026-06-02T09:12:05.171+0000] {processor.py:830} INFO - Processing file /opt/airflow/dags/dag_2.py for tasks to queue
[2026-06-02T09:12:05.171+0000] {logging_mixin.py:188} INFO - [2026-06-02T09:12:05.171+0000] {dagbag.py:540} INFO - Filling up the DagBag from /opt/airflow/dags/dag_2.py
[2026-06-02T09:12:05.181+0000] {processor.py:840} INFO - DAG(s) 'my_first_test_dag2' retrieved from /opt/airflow/dags/dag_2.py
[2026-06-02T09:12:05.197+0000] {logging_mixin.py:188} INFO - [2026-06-02T09:12:05.197+0000] {dag.py:3047} INFO - Sync 1 DAGs
[2026-06-02T09:12:05.206+0000] {logging_mixin.py:188} INFO - [2026-06-02T09:12:05.206+0000] {dag.py:3834} INFO - Setting next_dagrun for my_first_test_dag2 to None, run_after=None
[2026-06-02T09:12:05.228+0000] {processor.py:183} INFO - Processing /opt/airflow/dags/dag_2.py took 0.060 seconds
[2026-06-02T09:12:35.643+0000] {processor.py:161} INFO - Started process (PID=1732) to work on /opt/airflow/dags/dag_2.py
[2026-06-02T09:12:35.644+0000] {processor.py:830} INFO - Processing file /opt/airflow/dags/dag_2.py for tasks to queue
[2026-06-02T09:12:35.645+0000] {logging_mixin.py:188} INFO - [2026-06-02T09:12:35.645+0000] {dagbag.py:540} INFO - Filling up the DagBag from /opt/airflow/dags/dag_2.py
[2026-06-02T09:12:35.657+0000] {processor.py:840} INFO - DAG(s) 'my_first_test_dag2' retrieved from /opt/airflow/dags/dag_2.py
[2026-06-02T09:12:35.672+0000] {logging_mixin.py:188} INFO - [2026-06-02T09:12:35.672+0000] {dag.py:3047} INFO - Sync 1 DAGs
[2026-06-02T09:12:35.682+0000] {logging_mixin.py:188} INFO - [2026-06-02T09:12:35.682+0000] {dag.py:3834} INFO - Setting next_dagrun for my_first_test_dag2 to None, run_after=None
[2026-06-02T09:12:35.703+0000] {processor.py:183} INFO - Processing /opt/airflow/dags/dag_2.py took 0.062 seconds
[2026-06-02T09:13:06.123+0000] {processor.py:161} INFO - Started process (PID=1742) to work on /opt/airflow/dags/dag_2.py
[2026-06-02T09:13:06.124+0000] {processor.py:830} INFO - Processing file /opt/airflow/dags/dag_2.py for tasks to queue
[2026-06-02T09:13:06.125+0000] {logging_mixin.py:188} INFO - [2026-06-02T09:13:06.125+0000] {dagbag.py:540} INFO - Filling up the DagBag from /opt/airflow/dags/dag_2.py
[2026-06-02T09:13:06.135+0000] {processor.py:840} INFO - DAG(s) 'my_first_test_dag2' retrieved from /opt/airflow/dags/dag_2.py
[2026-06-02T09:13:06.152+0000] {logging_mixin.py:188} INFO - [2026-06-02T09:13:06.152+0000] {dag.py:3047} INFO - Sync 1 DAGs
[2026-06-02T09:13:06.162+0000] {logging_mixin.py:188} INFO - [2026-06-02T09:13:06.161+0000] {dag.py:3834} INFO - Setting next_dagrun for my_first_test_dag2 to None, run_after=None
[2026-06-02T09:13:06.189+0000] {processor.py:183} INFO - Processing /opt/airflow/dags/dag_2.py took 0.068 seconds
[2026-06-02T09:13:36.606+0000] {processor.py:161} INFO - Started process (PID=1752) to work on /opt/airflow/dags/dag_2.py
[2026-06-02T09:13:36.607+0000] {processor.py:830} INFO - Processing file /opt/airflow/dags/dag_2.py for tasks to queue
[2026-06-02T09:13:36.608+0000] {logging_mixin.py:188} INFO - [2026-06-02T09:13:36.608+0000] {dagbag.py:540} INFO - Filling up the DagBag from /opt/airflow/dags/dag_2.py
[2026-06-02T09:13:36.618+0000] {processor.py:840} INFO - DAG(s) 'my_first_test_dag2' retrieved from /opt/airflow/dags/dag_2.py
[2026-06-02T09:13:36.634+0000] {logging_mixin.py:188} INFO - [2026-06-02T09:13:36.634+0000] {dag.py:3047} INFO - Sync 1 DAGs
[2026-06-02T09:13:36.644+0000] {logging_mixin.py:188} INFO - [2026-06-02T09:13:36.644+0000] {dag.py:3834} INFO - Setting next_dagrun for my_first_test_dag2 to None, run_after=None
[2026-06-02T09:13:36.661+0000] {processor.py:183} INFO - Processing /opt/airflow/dags/dag_2.py took 0.057 seconds
[2026-06-02T09:14:06.952+0000] {processor.py:161} INFO - Started process (PID=1762) to work on /opt/airflow/dags/dag_2.py
[2026-06-02T09:14:06.953+0000] {processor.py:830} INFO - Processing file /opt/airflow/dags/dag_2.py for tasks to queue
[2026-06-02T09:14:06.954+0000] {logging_mixin.py:188} INFO - [2026-06-02T09:14:06.954+0000] {dagbag.py:540} INFO - Filling up the DagBag from /opt/airflow/dags/dag_2.py
[2026-06-02T09:14:06.964+0000] {processor.py:840} INFO - DAG(s) 'my_first_test_dag2' retrieved from /opt/airflow/dags/dag_2.py
[2026-06-02T09:14:06.979+0000] {logging_mixin.py:188} INFO - [2026-06-02T09:14:06.979+0000] {dag.py:3047} INFO - Sync 1 DAGs
[2026-06-02T09:14:06.990+0000] {logging_mixin.py:188} INFO - [2026-06-02T09:14:06.990+0000] {dag.py:3834} INFO - Setting next_dagrun for my_first_test_dag2 to None, run_after=None
[2026-06-02T09:14:07.013+0000] {processor.py:183} INFO - Processing /opt/airflow/dags/dag_2.py took 0.063 seconds
[2026-06-02T09:14:37.274+0000] {processor.py:161} INFO - Started process (PID=1772) to work on /opt/airflow/dags/dag_2.py
[2026-06-02T09:14:37.274+0000] {processor.py:830} INFO - Processing file /opt/airflow/dags/dag_2.py for tasks to queue
[2026-06-02T09:14:37.275+0000] {logging_mixin.py:188} INFO - [2026-06-02T09:14:37.275+0000] {dagbag.py:540} INFO - Filling up the DagBag from /opt/airflow/dags/dag_2.py
[2026-06-02T09:14:37.285+0000] {processor.py:840} INFO - DAG(s) 'my_first_test_dag2' retrieved from /opt/airflow/dags/dag_2.py
[2026-06-02T09:14:37.301+0000] {logging_mixin.py:188} INFO - [2026-06-02T09:14:37.301+0000] {dag.py:3047} INFO - Sync 1 DAGs
[2026-06-02T09:14:37.311+0000] {logging_mixin.py:188} INFO - [2026-06-02T09:14:37.311+0000] {dag.py:3834} INFO - Setting next_dagrun for my_first_test_dag2 to None, run_after=None
[2026-06-02T09:14:37.335+0000] {processor.py:183} INFO - Processing /opt/airflow/dags/dag_2.py took 0.063 seconds
[2026-06-02T09:15:07.675+0000] {processor.py:161} INFO - Started process (PID=1782) to work on /opt/airflow/dags/dag_2.py
[2026-06-02T09:15:07.676+0000] {processor.py:830} INFO - Processing file /opt/airflow/dags/dag_2.py for tasks to queue
[2026-06-02T09:15:07.677+0000] {logging_mixin.py:188} INFO - [2026-06-02T09:15:07.677+0000] {dagbag.py:540} INFO - Filling up the DagBag from /opt/airflow/dags/dag_2.py
[2026-06-02T09:15:07.686+0000] {processor.py:840} INFO - DAG(s) 'my_first_test_dag2' retrieved from /opt/airflow/dags/dag_2.py
[2026-06-02T09:15:07.702+0000] {logging_mixin.py:188} INFO - [2026-06-02T09:15:07.702+0000] {dag.py:3047} INFO - Sync 1 DAGs
[2026-06-02T09:15:07.712+0000] {logging_mixin.py:188} INFO - [2026-06-02T09:15:07.712+0000] {dag.py:3834} INFO - Setting next_dagrun for my_first_test_dag2 to None, run_after=None
[2026-06-02T09:15:07.735+0000] {processor.py:183} INFO - Processing /opt/airflow/dags/dag_2.py took 0.062 seconds
[2026-06-02T09:15:38.030+0000] {processor.py:161} INFO - Started process (PID=1792) to work on /opt/airflow/dags/dag_2.py
[2026-06-02T09:15:38.031+0000] {processor.py:830} INFO - Processing file /opt/airflow/dags/dag_2.py for tasks to queue
[2026-06-02T09:15:38.031+0000] {logging_mixin.py:188} INFO - [2026-06-02T09:15:38.031+0000] {dagbag.py:540} INFO - Filling up the DagBag from /opt/airflow/dags/dag_2.py
[2026-06-02T09:15:38.043+0000] {processor.py:840} INFO - DAG(s) 'my_first_test_dag2' retrieved from /opt/airflow/dags/dag_2.py
[2026-06-02T09:15:38.059+0000] {logging_mixin.py:188} INFO - [2026-06-02T09:15:38.059+0000] {dag.py:3047} INFO - Sync 1 DAGs
[2026-06-02T09:15:38.070+0000] {logging_mixin.py:188} INFO - [2026-06-02T09:15:38.070+0000] {dag.py:3834} INFO - Setting next_dagrun for my_first_test_dag2 to None, run_after=None
[2026-06-02T09:15:38.089+0000] {processor.py:183} INFO - Processing /opt/airflow/dags/dag_2.py took 0.062 seconds
[2026-06-02T09:16:08.354+0000] {processor.py:161} INFO - Started process (PID=1802) to work on /opt/airflow/dags/dag_2.py
[2026-06-02T09:16:08.355+0000] {processor.py:830} INFO - Processing file /opt/airflow/dags/dag_2.py for tasks to queue
[2026-06-02T09:16:08.356+0000] {logging_mixin.py:188} INFO - [2026-06-02T09:16:08.355+0000] {dagbag.py:540} INFO - Filling up the DagBag from /opt/airflow/dags/dag_2.py
[2026-06-02T09:16:08.367+0000] {processor.py:840} INFO - DAG(s) 'my_first_test_dag2' retrieved from /opt/airflow/dags/dag_2.py
[2026-06-02T09:16:08.383+0000] {logging_mixin.py:188} INFO - [2026-06-02T09:16:08.383+0000] {dag.py:3047} INFO - Sync 1 DAGs
[2026-06-02T09:16:08.395+0000] {logging_mixin.py:188} INFO - [2026-06-02T09:16:08.395+0000] {dag.py:3834} INFO - Setting next_dagrun for my_first_test_dag2 to None, run_after=None
[2026-06-02T09:16:08.420+0000] {processor.py:183} INFO - Processing /opt/airflow/dags/dag_2.py took 0.068 seconds
[2026-06-02T09:16:38.786+0000] {processor.py:161} INFO - Started process (PID=1812) to work on /opt/airflow/dags/dag_2.py
[2026-06-02T09:16:38.787+0000] {processor.py:830} INFO - Processing file /opt/airflow/dags/dag_2.py for tasks to queue
[2026-06-02T09:16:38.788+0000] {logging_mixin.py:188} INFO - [2026-06-02T09:16:38.788+0000] {dagbag.py:540} INFO - Filling up the DagBag from /opt/airflow/dags/dag_2.py
[2026-06-02T09:16:38.799+0000] {processor.py:840} INFO - DAG(s) 'my_first_test_dag2' retrieved from /opt/airflow/dags/dag_2.py
[2026-06-02T09:16:38.816+0000] {logging_mixin.py:188} INFO - [2026-06-02T09:16:38.815+0000] {dag.py:3047} INFO - Sync 1 DAGs
[2026-06-02T09:16:38.835+0000] {logging_mixin.py:188} INFO - [2026-06-02T09:16:38.834+0000] {dag.py:3834} INFO - Setting next_dagrun for my_first_test_dag2 to None, run_after=None
[2026-06-02T09:16:38.861+0000] {processor.py:183} INFO - Processing /opt/airflow/dags/dag_2.py took 0.077 seconds
[2026-06-02T09:17:09.212+0000] {processor.py:161} INFO - Started process (PID=1822) to work on /opt/airflow/dags/dag_2.py
[2026-06-02T09:17:09.213+0000] {processor.py:830} INFO - Processing file /opt/airflow/dags/dag_2.py for tasks to queue
[2026-06-02T09:17:09.214+0000] {logging_mixin.py:188} INFO - [2026-06-02T09:17:09.213+0000] {dagbag.py:540} INFO - Filling up the DagBag from /opt/airflow/dags/dag_2.py
[2026-06-02T09:17:09.224+0000] {processor.py:840} INFO - DAG(s) 'my_first_test_dag2' retrieved from /opt/airflow/dags/dag_2.py
[2026-06-02T09:17:09.241+0000] {logging_mixin.py:188} INFO - [2026-06-02T09:17:09.241+0000] {dag.py:3047} INFO - Sync 1 DAGs
[2026-06-02T09:17:09.252+0000] {logging_mixin.py:188} INFO - [2026-06-02T09:17:09.252+0000] {dag.py:3834} INFO - Setting next_dagrun for my_first_test_dag2 to None, run_after=None
[2026-06-02T09:17:09.278+0000] {processor.py:183} INFO - Processing /opt/airflow/dags/dag_2.py took 0.068 seconds
[2026-06-02T09:17:39.609+0000] {processor.py:161} INFO - Started process (PID=1832) to work on /opt/airflow/dags/dag_2.py
[2026-06-02T09:17:39.609+0000] {processor.py:830} INFO - Processing file /opt/airflow/dags/dag_2.py for tasks to queue
[2026-06-02T09:17:39.610+0000] {logging_mixin.py:188} INFO - [2026-06-02T09:17:39.610+0000] {dagbag.py:540} INFO - Filling up the DagBag from /opt/airflow/dags/dag_2.py
[2026-06-02T09:17:39.621+0000] {processor.py:840} INFO - DAG(s) 'my_first_test_dag2' retrieved from /opt/airflow/dags/dag_2.py
[2026-06-02T09:17:39.636+0000] {logging_mixin.py:188} INFO - [2026-06-02T09:17:39.636+0000] {dag.py:3047} INFO - Sync 1 DAGs
[2026-06-02T09:17:39.646+0000] {logging_mixin.py:188} INFO - [2026-06-02T09:17:39.646+0000] {dag.py:3834} INFO - Setting next_dagrun for my_first_test_dag2 to None, run_after=None
[2026-06-02T09:17:39.666+0000] {processor.py:183} INFO - Processing /opt/airflow/dags/dag_2.py took 0.060 seconds
[2026-06-02T09:18:10.047+0000] {processor.py:161} INFO - Started process (PID=1847) to work on /opt/airflow/dags/dag_2.py
[2026-06-02T09:18:10.048+0000] {processor.py:830} INFO - Processing file /opt/airflow/dags/dag_2.py for tasks to queue
[2026-06-02T09:18:10.049+0000] {logging_mixin.py:188} INFO - [2026-06-02T09:18:10.049+0000] {dagbag.py:540} INFO - Filling up the DagBag from /opt/airflow/dags/dag_2.py
[2026-06-02T09:18:10.063+0000] {processor.py:840} INFO - DAG(s) 'my_first_test_dag2' retrieved from /opt/airflow/dags/dag_2.py
[2026-06-02T09:18:10.082+0000] {logging_mixin.py:188} INFO - [2026-06-02T09:18:10.081+0000] {dag.py:3047} INFO - Sync 1 DAGs
[2026-06-02T09:18:10.094+0000] {logging_mixin.py:188} INFO - [2026-06-02T09:18:10.093+0000] {dag.py:3834} INFO - Setting next_dagrun for my_first_test_dag2 to None, run_after=None
[2026-06-02T09:18:10.113+0000] {processor.py:183} INFO - Processing /opt/airflow/dags/dag_2.py took 0.070 seconds
[2026-06-02T09:18:40.427+0000] {processor.py:161} INFO - Started process (PID=1857) to work on /opt/airflow/dags/dag_2.py
[2026-06-02T09:18:40.427+0000] {processor.py:830} INFO - Processing file /opt/airflow/dags/dag_2.py for tasks to queue
[2026-06-02T09:18:40.428+0000] {logging_mixin.py:188} INFO - [2026-06-02T09:18:40.428+0000] {dagbag.py:540} INFO - Filling up the DagBag from /opt/airflow/dags/dag_2.py
[2026-06-02T09:18:40.441+0000] {processor.py:840} INFO - DAG(s) 'my_first_test_dag2' retrieved from /opt/airflow/dags/dag_2.py
[2026-06-02T09:18:40.459+0000] {logging_mixin.py:188} INFO - [2026-06-02T09:18:40.458+0000] {dag.py:3047} INFO - Sync 1 DAGs
[2026-06-02T09:18:40.470+0000] {logging_mixin.py:188} INFO - [2026-06-02T09:18:40.470+0000] {dag.py:3834} INFO - Setting next_dagrun for my_first_test_dag2 to None, run_after=None
[2026-06-02T09:18:40.487+0000] {processor.py:183} INFO - Processing /opt/airflow/dags/dag_2.py took 0.063 seconds
[2026-06-02T09:19:10.792+0000] {processor.py:161} INFO - Started process (PID=1867) to work on /opt/airflow/dags/dag_2.py
[2026-06-02T09:19:10.793+0000] {processor.py:830} INFO - Processing file /opt/airflow/dags/dag_2.py for tasks to queue
[2026-06-02T09:19:10.794+0000] {logging_mixin.py:188} INFO - [2026-06-02T09:19:10.794+0000] {dagbag.py:540} INFO - Filling up the DagBag from /opt/airflow/dags/dag_2.py
[2026-06-02T09:19:10.805+0000] {processor.py:840} INFO - DAG(s) 'my_first_test_dag2' retrieved from /opt/airflow/dags/dag_2.py
[2026-06-02T09:19:10.824+0000] {logging_mixin.py:188} INFO - [2026-06-02T09:19:10.824+0000] {dag.py:3047} INFO - Sync 1 DAGs
[2026-06-02T09:19:10.834+0000] {logging_mixin.py:188} INFO - [2026-06-02T09:19:10.834+0000] {dag.py:3834} INFO - Setting next_dagrun for my_first_test_dag2 to None, run_after=None
[2026-06-02T09:19:10.857+0000] {processor.py:183} INFO - Processing /opt/airflow/dags/dag_2.py took 0.068 seconds
[2026-06-02T09:19:41.099+0000] {processor.py:161} INFO - Started process (PID=1877) to work on /opt/airflow/dags/dag_2.py
[2026-06-02T09:19:41.101+0000] {processor.py:830} INFO - Processing file /opt/airflow/dags/dag_2.py for tasks to queue
[2026-06-02T09:19:41.102+0000] {logging_mixin.py:188} INFO - [2026-06-02T09:19:41.102+0000] {dagbag.py:540} INFO - Filling up the DagBag from /opt/airflow/dags/dag_2.py
[2026-06-02T09:19:41.120+0000] {processor.py:840} INFO - DAG(s) 'my_first_test_dag2' retrieved from /opt/airflow/dags/dag_2.py
[2026-06-02T09:19:41.144+0000] {logging_mixin.py:188} INFO - [2026-06-02T09:19:41.143+0000] {dag.py:3047} INFO - Sync 1 DAGs
[2026-06-02T09:19:41.158+0000] {logging_mixin.py:188} INFO - [2026-06-02T09:19:41.157+0000] {dag.py:3834} INFO - Setting next_dagrun for my_first_test_dag2 to None, run_after=None
[2026-06-02T09:19:41.180+0000] {processor.py:183} INFO - Processing /opt/airflow/dags/dag_2.py took 0.083 seconds
[2026-06-02T09:20:11.429+0000] {processor.py:161} INFO - Started process (PID=1887) to work on /opt/airflow/dags/dag_2.py
[2026-06-02T09:20:11.430+0000] {processor.py:830} INFO - Processing file /opt/airflow/dags/dag_2.py for tasks to queue
[2026-06-02T09:20:11.431+0000] {logging_mixin.py:188} INFO - [2026-06-02T09:20:11.431+0000] {dagbag.py:540} INFO - Filling up the DagBag from /opt/airflow/dags/dag_2.py
[2026-06-02T09:20:11.442+0000] {processor.py:840} INFO - DAG(s) 'my_first_test_dag2' retrieved from /opt/airflow/dags/dag_2.py
[2026-06-02T09:20:11.459+0000] {logging_mixin.py:188} INFO - [2026-06-02T09:20:11.459+0000] {dag.py:3047} INFO - Sync 1 DAGs
[2026-06-02T09:20:11.470+0000] {logging_mixin.py:188} INFO - [2026-06-02T09:20:11.470+0000] {dag.py:3834} INFO - Setting next_dagrun for my_first_test_dag2 to None, run_after=None
[2026-06-02T09:20:11.496+0000] {processor.py:183} INFO - Processing /opt/airflow/dags/dag_2.py took 0.069 seconds
[2026-06-02T09:20:41.759+0000] {processor.py:161} INFO - Started process (PID=1897) to work on /opt/airflow/dags/dag_2.py
[2026-06-02T09:20:41.760+0000] {processor.py:830} INFO - Processing file /opt/airflow/dags/dag_2.py for tasks to queue
[2026-06-02T09:20:41.761+0000] {logging_mixin.py:188} INFO - [2026-06-02T09:20:41.761+0000] {dagbag.py:540} INFO - Filling up the DagBag from /opt/airflow/dags/dag_2.py
[2026-06-02T09:20:41.778+0000] {processor.py:840} INFO - DAG(s) 'my_first_test_dag2' retrieved from /opt/airflow/dags/dag_2.py
[2026-06-02T09:20:41.800+0000] {logging_mixin.py:188} INFO - [2026-06-02T09:20:41.800+0000] {dag.py:3047} INFO - Sync 1 DAGs
[2026-06-02T09:20:41.814+0000] {logging_mixin.py:188} INFO - [2026-06-02T09:20:41.813+0000] {dag.py:3834} INFO - Setting next_dagrun for my_first_test_dag2 to None, run_after=None
[2026-06-02T09:20:41.839+0000] {processor.py:183} INFO - Processing /opt/airflow/dags/dag_2.py took 0.083 seconds
[2026-06-02T09:21:12.138+0000] {processor.py:161} INFO - Started process (PID=1907) to work on /opt/airflow/dags/dag_2.py
[2026-06-02T09:21:12.139+0000] {processor.py:830} INFO - Processing file /opt/airflow/dags/dag_2.py for tasks to queue
[2026-06-02T09:21:12.140+0000] {logging_mixin.py:188} INFO - [2026-06-02T09:21:12.139+0000] {dagbag.py:540} INFO - Filling up the DagBag from /opt/airflow/dags/dag_2.py
[2026-06-02T09:21:12.153+0000] {processor.py:840} INFO - DAG(s) 'my_first_test_dag2' retrieved from /opt/airflow/dags/dag_2.py
[2026-06-02T09:21:12.172+0000] {logging_mixin.py:188} INFO - [2026-06-02T09:21:12.172+0000] {dag.py:3047} INFO - Sync 1 DAGs
[2026-06-02T09:21:12.185+0000] {logging_mixin.py:188} INFO - [2026-06-02T09:21:12.184+0000] {dag.py:3834} INFO - Setting next_dagrun for my_first_test_dag2 to None, run_after=None
[2026-06-02T09:21:12.214+0000] {processor.py:183} INFO - Processing /opt/airflow/dags/dag_2.py took 0.079 seconds
[2026-06-02T09:21:42.532+0000] {processor.py:161} INFO - Started process (PID=1917) to work on /opt/airflow/dags/dag_2.py
[2026-06-02T09:21:42.533+0000] {processor.py:830} INFO - Processing file /opt/airflow/dags/dag_2.py for tasks to queue
[2026-06-02T09:21:42.534+0000] {logging_mixin.py:188} INFO - [2026-06-02T09:21:42.533+0000] {dagbag.py:540} INFO - Filling up the DagBag from /opt/airflow/dags/dag_2.py
[2026-06-02T09:21:42.548+0000] {processor.py:840} INFO - DAG(s) 'my_first_test_dag2' retrieved from /opt/airflow/dags/dag_2.py
[2026-06-02T09:21:42.565+0000] {logging_mixin.py:188} INFO - [2026-06-02T09:21:42.564+0000] {dag.py:3047} INFO - Sync 1 DAGs
[2026-06-02T09:21:42.577+0000] {logging_mixin.py:188} INFO - [2026-06-02T09:21:42.577+0000] {dag.py:3834} INFO - Setting next_dagrun for my_first_test_dag2 to None, run_after=None
[2026-06-02T09:21:42.602+0000] {processor.py:183} INFO - Processing /opt/airflow/dags/dag_2.py took 0.072 seconds
[2026-06-02T09:22:13.068+0000] {processor.py:161} INFO - Started process (PID=1927) to work on /opt/airflow/dags/dag_2.py
[2026-06-02T09:22:13.069+0000] {processor.py:830} INFO - Processing file /opt/airflow/dags/dag_2.py for tasks to queue
[2026-06-02T09:22:13.070+0000] {logging_mixin.py:188} INFO - [2026-06-02T09:22:13.069+0000] {dagbag.py:540} INFO - Filling up the DagBag from /opt/airflow/dags/dag_2.py
[2026-06-02T09:22:13.085+0000] {processor.py:840} INFO - DAG(s) 'my_first_test_dag2' retrieved from /opt/airflow/dags/dag_2.py
[2026-06-02T09:22:13.103+0000] {logging_mixin.py:188} INFO - [2026-06-02T09:22:13.103+0000] {dag.py:3047} INFO - Sync 1 DAGs
[2026-06-02T09:22:13.114+0000] {logging_mixin.py:188} INFO - [2026-06-02T09:22:13.113+0000] {dag.py:3834} INFO - Setting next_dagrun for my_first_test_dag2 to None, run_after=None
[2026-06-02T09:22:13.137+0000] {processor.py:183} INFO - Processing /opt/airflow/dags/dag_2.py took 0.073 seconds
[2026-06-02T09:22:43.476+0000] {processor.py:161} INFO - Started process (PID=1937) to work on /opt/airflow/dags/dag_2.py
[2026-06-02T09:22:43.477+0000] {processor.py:830} INFO - Processing file /opt/airflow/dags/dag_2.py for tasks to queue
[2026-06-02T09:22:43.478+0000] {logging_mixin.py:188} INFO - [2026-06-02T09:22:43.478+0000] {dagbag.py:540} INFO - Filling up the DagBag from /opt/airflow/dags/dag_2.py
[2026-06-02T09:22:43.489+0000] {processor.py:840} INFO - DAG(s) 'my_first_test_dag2' retrieved from /opt/airflow/dags/dag_2.py
[2026-06-02T09:22:43.505+0000] {logging_mixin.py:188} INFO - [2026-06-02T09:22:43.505+0000] {dag.py:3047} INFO - Sync 1 DAGs
[2026-06-02T09:22:43.516+0000] {logging_mixin.py:188} INFO - [2026-06-02T09:22:43.515+0000] {dag.py:3834} INFO - Setting next_dagrun for my_first_test_dag2 to None, run_after=None
[2026-06-02T09:22:43.533+0000] {processor.py:183} INFO - Processing /opt/airflow/dags/dag_2.py took 0.060 seconds
[2026-06-02T09:23:13.935+0000] {processor.py:161} INFO - Started process (PID=1952) to work on /opt/airflow/dags/dag_2.py
[2026-06-02T09:23:13.937+0000] {processor.py:830} INFO - Processing file /opt/airflow/dags/dag_2.py for tasks to queue
[2026-06-02T09:23:13.938+0000] {logging_mixin.py:188} INFO - [2026-06-02T09:23:13.937+0000] {dagbag.py:540} INFO - Filling up the DagBag from /opt/airflow/dags/dag_2.py
[2026-06-02T09:23:13.950+0000] {processor.py:840} INFO - DAG(s) 'my_first_test_dag2' retrieved from /opt/airflow/dags/dag_2.py
[2026-06-02T09:23:13.972+0000] {logging_mixin.py:188} INFO - [2026-06-02T09:23:13.972+0000] {dag.py:3047} INFO - Sync 1 DAGs
[2026-06-02T09:23:13.985+0000] {logging_mixin.py:188} INFO - [2026-06-02T09:23:13.985+0000] {dag.py:3834} INFO - Setting next_dagrun for my_first_test_dag2 to None, run_after=None
[2026-06-02T09:23:14.009+0000] {processor.py:183} INFO - Processing /opt/airflow/dags/dag_2.py took 0.077 seconds
[2026-06-02T09:23:44.413+0000] {processor.py:161} INFO - Started process (PID=1965) to work on /opt/airflow/dags/dag_2.py
[2026-06-02T09:23:44.414+0000] {processor.py:830} INFO - Processing file /opt/airflow/dags/dag_2.py for tasks to queue
[2026-06-02T09:23:44.415+0000] {logging_mixin.py:188} INFO - [2026-06-02T09:23:44.415+0000] {dagbag.py:540} INFO - Filling up the DagBag from /opt/airflow/dags/dag_2.py
[2026-06-02T09:23:44.428+0000] {processor.py:840} INFO - DAG(s) 'my_first_test_dag2' retrieved from /opt/airflow/dags/dag_2.py
[2026-06-02T09:23:44.446+0000] {logging_mixin.py:188} INFO - [2026-06-02T09:23:44.446+0000] {dag.py:3047} INFO - Sync 1 DAGs
[2026-06-02T09:23:44.458+0000] {logging_mixin.py:188} INFO - [2026-06-02T09:23:44.458+0000] {dag.py:3834} INFO - Setting next_dagrun for my_first_test_dag2 to None, run_after=None
[2026-06-02T09:23:44.477+0000] {processor.py:183} INFO - Processing /opt/airflow/dags/dag_2.py took 0.068 seconds
[2026-06-02T09:24:14.819+0000] {processor.py:161} INFO - Started process (PID=1975) to work on /opt/airflow/dags/dag_2.py
[2026-06-02T09:24:14.819+0000] {processor.py:830} INFO - Processing file /opt/airflow/dags/dag_2.py for tasks to queue
[2026-06-02T09:24:14.820+0000] {logging_mixin.py:188} INFO - [2026-06-02T09:24:14.820+0000] {dagbag.py:540} INFO - Filling up the DagBag from /opt/airflow/dags/dag_2.py
[2026-06-02T09:24:14.833+0000] {processor.py:840} INFO - DAG(s) 'my_first_test_dag2' retrieved from /opt/airflow/dags/dag_2.py
[2026-06-02T09:24:14.851+0000] {logging_mixin.py:188} INFO - [2026-06-02T09:24:14.851+0000] {dag.py:3047} INFO - Sync 1 DAGs
[2026-06-02T09:24:14.863+0000] {logging_mixin.py:188} INFO - [2026-06-02T09:24:14.863+0000] {dag.py:3834} INFO - Setting next_dagrun for my_first_test_dag2 to None, run_after=None
[2026-06-02T09:24:14.882+0000] {processor.py:183} INFO - Processing /opt/airflow/dags/dag_2.py took 0.066 seconds
[2026-06-02T09:24:45.172+0000] {processor.py:161} INFO - Started process (PID=1985) to work on /opt/airflow/dags/dag_2.py
[2026-06-02T09:24:45.172+0000] {processor.py:830} INFO - Processing file /opt/airflow/dags/dag_2.py for tasks to queue
[2026-06-02T09:24:45.173+0000] {logging_mixin.py:188} INFO - [2026-06-02T09:24:45.173+0000] {dagbag.py:540} INFO - Filling up the DagBag from /opt/airflow/dags/dag_2.py
[2026-06-02T09:24:45.184+0000] {processor.py:840} INFO - DAG(s) 'my_first_test_dag2' retrieved from /opt/airflow/dags/dag_2.py
[2026-06-02T09:24:45.200+0000] {logging_mixin.py:188} INFO - [2026-06-02T09:24:45.200+0000] {dag.py:3047} INFO - Sync 1 DAGs
[2026-06-02T09:24:45.211+0000] {logging_mixin.py:188} INFO - [2026-06-02T09:24:45.211+0000] {dag.py:3834} INFO - Setting next_dagrun for my_first_test_dag2 to None, run_after=None
[2026-06-02T09:24:45.230+0000] {processor.py:183} INFO - Processing /opt/airflow/dags/dag_2.py took 0.060 seconds
[2026-06-02T09:25:15.562+0000] {processor.py:161} INFO - Started process (PID=1995) to work on /opt/airflow/dags/dag_2.py
[2026-06-02T09:25:15.563+0000] {processor.py:830} INFO - Processing file /opt/airflow/dags/dag_2.py for tasks to queue
[2026-06-02T09:25:15.563+0000] {logging_mixin.py:188} INFO - [2026-06-02T09:25:15.563+0000] {dagbag.py:540} INFO - Filling up the DagBag from /opt/airflow/dags/dag_2.py
[2026-06-02T09:25:15.575+0000] {processor.py:840} INFO - DAG(s) 'my_first_test_dag2' retrieved from /opt/airflow/dags/dag_2.py
[2026-06-02T09:25:15.592+0000] {logging_mixin.py:188} INFO - [2026-06-02T09:25:15.592+0000] {dag.py:3047} INFO - Sync 1 DAGs
[2026-06-02T09:25:15.605+0000] {logging_mixin.py:188} INFO - [2026-06-02T09:25:15.605+0000] {dag.py:3834} INFO - Setting next_dagrun for my_first_test_dag2 to None, run_after=None
[2026-06-02T09:25:15.625+0000] {processor.py:183} INFO - Processing /opt/airflow/dags/dag_2.py took 0.065 seconds
[2026-06-02T09:25:46.050+0000] {processor.py:161} INFO - Started process (PID=2005) to work on /opt/airflow/dags/dag_2.py
[2026-06-02T09:25:46.050+0000] {processor.py:830} INFO - Processing file /opt/airflow/dags/dag_2.py for tasks to queue
[2026-06-02T09:25:46.051+0000] {logging_mixin.py:188} INFO - [2026-06-02T09:25:46.051+0000] {dagbag.py:540} INFO - Filling up the DagBag from /opt/airflow/dags/dag_2.py
[2026-06-02T09:25:46.063+0000] {processor.py:840} INFO - DAG(s) 'my_first_test_dag2' retrieved from /opt/airflow/dags/dag_2.py
[2026-06-02T09:25:46.080+0000] {logging_mixin.py:188} INFO - [2026-06-02T09:25:46.079+0000] {dag.py:3047} INFO - Sync 1 DAGs
[2026-06-02T09:25:46.091+0000] {logging_mixin.py:188} INFO - [2026-06-02T09:25:46.091+0000] {dag.py:3834} INFO - Setting next_dagrun for my_first_test_dag2 to None, run_after=None
[2026-06-02T09:25:46.110+0000] {processor.py:183} INFO - Processing /opt/airflow/dags/dag_2.py took 0.062 seconds
[2026-06-02T09:26:16.476+0000] {processor.py:161} INFO - Started process (PID=2022) to work on /opt/airflow/dags/dag_2.py
[2026-06-02T09:26:16.477+0000] {processor.py:830} INFO - Processing file /opt/airflow/dags/dag_2.py for tasks to queue
[2026-06-02T09:26:16.478+0000] {logging_mixin.py:188} INFO - [2026-06-02T09:26:16.477+0000] {dagbag.py:540} INFO - Filling up the DagBag from /opt/airflow/dags/dag_2.py
[2026-06-02T09:26:16.490+0000] {processor.py:840} INFO - DAG(s) 'my_first_test_dag2' retrieved from /opt/airflow/dags/dag_2.py
[2026-06-02T09:26:16.507+0000] {logging_mixin.py:188} INFO - [2026-06-02T09:26:16.507+0000] {dag.py:3047} INFO - Sync 1 DAGs
[2026-06-02T09:26:16.517+0000] {logging_mixin.py:188} INFO - [2026-06-02T09:26:16.517+0000] {dag.py:3834} INFO - Setting next_dagrun for my_first_test_dag2 to None, run_after=None
[2026-06-02T09:26:16.537+0000] {processor.py:183} INFO - Processing /opt/airflow/dags/dag_2.py took 0.064 seconds
[2026-06-02T09:26:46.834+0000] {processor.py:161} INFO - Started process (PID=2032) to work on /opt/airflow/dags/dag_2.py
[2026-06-02T09:26:46.835+0000] {processor.py:830} INFO - Processing file /opt/airflow/dags/dag_2.py for tasks to queue
[2026-06-02T09:26:46.836+0000] {logging_mixin.py:188} INFO - [2026-06-02T09:26:46.835+0000] {dagbag.py:540} INFO - Filling up the DagBag from /opt/airflow/dags/dag_2.py
[2026-06-02T09:26:46.847+0000] {processor.py:840} INFO - DAG(s) 'my_first_test_dag2' retrieved from /opt/airflow/dags/dag_2.py
[2026-06-02T09:26:46.868+0000] {logging_mixin.py:188} INFO - [2026-06-02T09:26:46.868+0000] {dag.py:3047} INFO - Sync 1 DAGs
[2026-06-02T09:26:46.879+0000] {logging_mixin.py:188} INFO - [2026-06-02T09:26:46.879+0000] {dag.py:3834} INFO - Setting next_dagrun for my_first_test_dag2 to None, run_after=None
[2026-06-02T09:26:46.901+0000] {processor.py:183} INFO - Processing /opt/airflow/dags/dag_2.py took 0.070 seconds
[2026-06-02T09:27:17.307+0000] {processor.py:161} INFO - Started process (PID=2042) to work on /opt/airflow/dags/dag_2.py
[2026-06-02T09:27:17.308+0000] {processor.py:830} INFO - Processing file /opt/airflow/dags/dag_2.py for tasks to queue
[2026-06-02T09:27:17.309+0000] {logging_mixin.py:188} INFO - [2026-06-02T09:27:17.309+0000] {dagbag.py:540} INFO - Filling up the DagBag from /opt/airflow/dags/dag_2.py
[2026-06-02T09:27:17.320+0000] {processor.py:840} INFO - DAG(s) 'my_first_test_dag2' retrieved from /opt/airflow/dags/dag_2.py
[2026-06-02T09:27:17.337+0000] {logging_mixin.py:188} INFO - [2026-06-02T09:27:17.336+0000] {dag.py:3047} INFO - Sync 1 DAGs
[2026-06-02T09:27:17.346+0000] {logging_mixin.py:188} INFO - [2026-06-02T09:27:17.346+0000] {dag.py:3834} INFO - Setting next_dagrun for my_first_test_dag2 to None, run_after=None
[2026-06-02T09:27:17.373+0000] {processor.py:183} INFO - Processing /opt/airflow/dags/dag_2.py took 0.068 seconds
[2026-06-02T09:27:47.704+0000] {processor.py:161} INFO - Started process (PID=2052) to work on /opt/airflow/dags/dag_2.py
[2026-06-02T09:27:47.704+0000] {processor.py:830} INFO - Processing file /opt/airflow/dags/dag_2.py for tasks to queue
[2026-06-02T09:27:47.705+0000] {logging_mixin.py:188} INFO - [2026-06-02T09:27:47.705+0000] {dagbag.py:540} INFO - Filling up the DagBag from /opt/airflow/dags/dag_2.py
[2026-06-02T09:27:47.716+0000] {processor.py:840} INFO - DAG(s) 'my_first_test_dag2' retrieved from /opt/airflow/dags/dag_2.py
[2026-06-02T09:27:47.732+0000] {logging_mixin.py:188} INFO - [2026-06-02T09:27:47.732+0000] {dag.py:3047} INFO - Sync 1 DAGs
[2026-06-02T09:27:47.742+0000] {logging_mixin.py:188} INFO - [2026-06-02T09:27:47.742+0000] {dag.py:3834} INFO - Setting next_dagrun for my_first_test_dag2 to None, run_after=None
[2026-06-02T09:27:47.767+0000] {processor.py:183} INFO - Processing /opt/airflow/dags/dag_2.py took 0.067 seconds
[2026-06-02T09:28:18.094+0000] {processor.py:161} INFO - Started process (PID=2067) to work on /opt/airflow/dags/dag_2.py
[2026-06-02T09:28:18.095+0000] {processor.py:830} INFO - Processing file /opt/airflow/dags/dag_2.py for tasks to queue
[2026-06-02T09:28:18.096+0000] {logging_mixin.py:188} INFO - [2026-06-02T09:28:18.096+0000] {dagbag.py:540} INFO - Filling up the DagBag from /opt/airflow/dags/dag_2.py
[2026-06-02T09:28:18.111+0000] {processor.py:840} INFO - DAG(s) 'my_first_test_dag2' retrieved from /opt/airflow/dags/dag_2.py
[2026-06-02T09:28:18.127+0000] {logging_mixin.py:188} INFO - [2026-06-02T09:28:18.127+0000] {dag.py:3047} INFO - Sync 1 DAGs
[2026-06-02T09:28:18.137+0000] {logging_mixin.py:188} INFO - [2026-06-02T09:28:18.137+0000] {dag.py:3834} INFO - Setting next_dagrun for my_first_test_dag2 to None, run_after=None
[2026-06-02T09:28:18.163+0000] {processor.py:183} INFO - Processing /opt/airflow/dags/dag_2.py took 0.072 seconds
[2026-06-02T09:28:48.455+0000] {processor.py:161} INFO - Started process (PID=2077) to work on /opt/airflow/dags/dag_2.py
[2026-06-02T09:28:48.456+0000] {processor.py:830} INFO - Processing file /opt/airflow/dags/dag_2.py for tasks to queue
[2026-06-02T09:28:48.457+0000] {logging_mixin.py:188} INFO - [2026-06-02T09:28:48.457+0000] {dagbag.py:540} INFO - Filling up the DagBag from /opt/airflow/dags/dag_2.py
[2026-06-02T09:28:48.468+0000] {processor.py:840} INFO - DAG(s) 'my_first_test_dag2' retrieved from /opt/airflow/dags/dag_2.py
[2026-06-02T09:28:48.484+0000] {logging_mixin.py:188} INFO - [2026-06-02T09:28:48.484+0000] {dag.py:3047} INFO - Sync 1 DAGs
[2026-06-02T09:28:48.495+0000] {logging_mixin.py:188} INFO - [2026-06-02T09:28:48.495+0000] {dag.py:3834} INFO - Setting next_dagrun for my_first_test_dag2 to None, run_after=None
[2026-06-02T09:28:48.518+0000] {processor.py:183} INFO - Processing /opt/airflow/dags/dag_2.py took 0.065 seconds
[2026-06-02T09:29:18.906+0000] {processor.py:161} INFO - Started process (PID=2087) to work on /opt/airflow/dags/dag_2.py
[2026-06-02T09:29:18.907+0000] {processor.py:830} INFO - Processing file /opt/airflow/dags/dag_2.py for tasks to queue
[2026-06-02T09:29:18.908+0000] {logging_mixin.py:188} INFO - [2026-06-02T09:29:18.908+0000] {dagbag.py:540} INFO - Filling up the DagBag from /opt/airflow/dags/dag_2.py
[2026-06-02T09:29:18.918+0000] {processor.py:840} INFO - DAG(s) 'my_first_test_dag2' retrieved from /opt/airflow/dags/dag_2.py
[2026-06-02T09:29:18.935+0000] {logging_mixin.py:188} INFO - [2026-06-02T09:29:18.935+0000] {dag.py:3047} INFO - Sync 1 DAGs
[2026-06-02T09:29:18.946+0000] {logging_mixin.py:188} INFO - [2026-06-02T09:29:18.946+0000] {dag.py:3834} INFO - Setting next_dagrun for my_first_test_dag2 to None, run_after=None
[2026-06-02T09:29:18.964+0000] {processor.py:183} INFO - Processing /opt/airflow/dags/dag_2.py took 0.061 seconds
[2026-06-02T09:29:49.299+0000] {processor.py:161} INFO - Started process (PID=2097) to work on /opt/airflow/dags/dag_2.py
[2026-06-02T09:29:49.300+0000] {processor.py:830} INFO - Processing file /opt/airflow/dags/dag_2.py for tasks to queue
[2026-06-02T09:29:49.301+0000] {logging_mixin.py:188} INFO - [2026-06-02T09:29:49.300+0000] {dagbag.py:540} INFO - Filling up the DagBag from /opt/airflow/dags/dag_2.py
[2026-06-02T09:29:49.314+0000] {processor.py:840} INFO - DAG(s) 'my_first_test_dag2' retrieved from /opt/airflow/dags/dag_2.py
[2026-06-02T09:29:49.331+0000] {logging_mixin.py:188} INFO - [2026-06-02T09:29:49.331+0000] {dag.py:3047} INFO - Sync 1 DAGs
[2026-06-02T09:29:49.343+0000] {logging_mixin.py:188} INFO - [2026-06-02T09:29:49.342+0000] {dag.py:3834} INFO - Setting next_dagrun for my_first_test_dag2 to None, run_after=None
[2026-06-02T09:29:49.360+0000] {processor.py:183} INFO - Processing /opt/airflow/dags/dag_2.py took 0.064 seconds
[2026-06-02T09:30:19.653+0000] {processor.py:161} INFO - Started process (PID=2107) to work on /opt/airflow/dags/dag_2.py
[2026-06-02T09:30:19.653+0000] {processor.py:830} INFO - Processing file /opt/airflow/dags/dag_2.py for tasks to queue
[2026-06-02T09:30:19.654+0000] {logging_mixin.py:188} INFO - [2026-06-02T09:30:19.654+0000] {dagbag.py:540} INFO - Filling up the DagBag from /opt/airflow/dags/dag_2.py
[2026-06-02T09:30:19.665+0000] {processor.py:840} INFO - DAG(s) 'my_first_test_dag2' retrieved from /opt/airflow/dags/dag_2.py
[2026-06-02T09:30:19.682+0000] {logging_mixin.py:188} INFO - [2026-06-02T09:30:19.682+0000] {dag.py:3047} INFO - Sync 1 DAGs
[2026-06-02T09:30:19.693+0000] {logging_mixin.py:188} INFO - [2026-06-02T09:30:19.692+0000] {dag.py:3834} INFO - Setting next_dagrun for my_first_test_dag2 to None, run_after=None
[2026-06-02T09:30:19.712+0000] {processor.py:183} INFO - Processing /opt/airflow/dags/dag_2.py took 0.061 seconds
[2026-06-02T09:30:50.080+0000] {processor.py:161} INFO - Started process (PID=2117) to work on /opt/airflow/dags/dag_2.py
[2026-06-02T09:30:50.081+0000] {processor.py:830} INFO - Processing file /opt/airflow/dags/dag_2.py for tasks to queue
[2026-06-02T09:30:50.082+0000] {logging_mixin.py:188} INFO - [2026-06-02T09:30:50.082+0000] {dagbag.py:540} INFO - Filling up the DagBag from /opt/airflow/dags/dag_2.py
[2026-06-02T09:30:50.094+0000] {processor.py:840} INFO - DAG(s) 'my_first_test_dag2' retrieved from /opt/airflow/dags/dag_2.py
[2026-06-02T09:30:50.111+0000] {logging_mixin.py:188} INFO - [2026-06-02T09:30:50.111+0000] {dag.py:3047} INFO - Sync 1 DAGs
[2026-06-02T09:30:50.121+0000] {logging_mixin.py:188} INFO - [2026-06-02T09:30:50.121+0000] {dag.py:3834} INFO - Setting next_dagrun for my_first_test_dag2 to None, run_after=None
[2026-06-02T09:30:50.144+0000] {processor.py:183} INFO - Processing /opt/airflow/dags/dag_2.py took 0.066 seconds
[2026-06-02T09:31:20.573+0000] {processor.py:161} INFO - Started process (PID=2132) to work on /opt/airflow/dags/dag_2.py
[2026-06-02T09:31:20.574+0000] {processor.py:830} INFO - Processing file /opt/airflow/dags/dag_2.py for tasks to queue
[2026-06-02T09:31:20.575+0000] {logging_mixin.py:188} INFO - [2026-06-02T09:31:20.574+0000] {dagbag.py:540} INFO - Filling up the DagBag from /opt/airflow/dags/dag_2.py
[2026-06-02T09:31:20.590+0000] {processor.py:840} INFO - DAG(s) 'my_first_test_dag2' retrieved from /opt/airflow/dags/dag_2.py
[2026-06-02T09:31:20.608+0000] {logging_mixin.py:188} INFO - [2026-06-02T09:31:20.607+0000] {dag.py:3047} INFO - Sync 1 DAGs
[2026-06-02T09:31:20.618+0000] {logging_mixin.py:188} INFO - [2026-06-02T09:31:20.618+0000] {dag.py:3834} INFO - Setting next_dagrun for my_first_test_dag2 to None, run_after=None
[2026-06-02T09:31:20.636+0000] {processor.py:183} INFO - Processing /opt/airflow/dags/dag_2.py took 0.066 seconds
[2026-06-02T09:31:50.867+0000] {processor.py:161} INFO - Started process (PID=2142) to work on /opt/airflow/dags/dag_2.py
[2026-06-02T09:31:50.868+0000] {processor.py:830} INFO - Processing file /opt/airflow/dags/dag_2.py for tasks to queue
[2026-06-02T09:31:50.869+0000] {logging_mixin.py:188} INFO - [2026-06-02T09:31:50.869+0000] {dagbag.py:540} INFO - Filling up the DagBag from /opt/airflow/dags/dag_2.py
[2026-06-02T09:31:50.892+0000] {processor.py:840} INFO - DAG(s) 'my_first_test_dag2' retrieved from /opt/airflow/dags/dag_2.py
[2026-06-02T09:31:50.911+0000] {logging_mixin.py:188} INFO - [2026-06-02T09:31:50.911+0000] {dag.py:3047} INFO - Sync 1 DAGs
[2026-06-02T09:31:50.923+0000] {logging_mixin.py:188} INFO - [2026-06-02T09:31:50.922+0000] {dag.py:3834} INFO - Setting next_dagrun for my_first_test_dag2 to None, run_after=None
[2026-06-02T09:31:50.940+0000] {processor.py:183} INFO - Processing /opt/airflow/dags/dag_2.py took 0.075 seconds
[2026-06-02T09:32:21.204+0000] {processor.py:161} INFO - Started process (PID=2152) to work on /opt/airflow/dags/dag_2.py
[2026-06-02T09:32:21.205+0000] {processor.py:830} INFO - Processing file /opt/airflow/dags/dag_2.py for tasks to queue
[2026-06-02T09:32:21.206+0000] {logging_mixin.py:188} INFO - [2026-06-02T09:32:21.206+0000] {dagbag.py:540} INFO - Filling up the DagBag from /opt/airflow/dags/dag_2.py
[2026-06-02T09:32:21.218+0000] {processor.py:840} INFO - DAG(s) 'my_first_test_dag2' retrieved from /opt/airflow/dags/dag_2.py
[2026-06-02T09:32:21.235+0000] {logging_mixin.py:188} INFO - [2026-06-02T09:32:21.235+0000] {dag.py:3047} INFO - Sync 1 DAGs
[2026-06-02T09:32:21.246+0000] {logging_mixin.py:188} INFO - [2026-06-02T09:32:21.245+0000] {dag.py:3834} INFO - Setting next_dagrun for my_first_test_dag2 to None, run_after=None
[2026-06-02T09:32:21.263+0000] {processor.py:183} INFO - Processing /opt/airflow/dags/dag_2.py took 0.062 seconds
[2026-06-02T09:32:51.663+0000] {processor.py:161} INFO - Started process (PID=2162) to work on /opt/airflow/dags/dag_2.py
[2026-06-02T09:32:51.664+0000] {processor.py:830} INFO - Processing file /opt/airflow/dags/dag_2.py for tasks to queue
[2026-06-02T09:32:51.665+0000] {logging_mixin.py:188} INFO - [2026-06-02T09:32:51.665+0000] {dagbag.py:540} INFO - Filling up the DagBag from /opt/airflow/dags/dag_2.py
[2026-06-02T09:32:51.677+0000] {processor.py:840} INFO - DAG(s) 'my_first_test_dag2' retrieved from /opt/airflow/dags/dag_2.py
[2026-06-02T09:32:51.694+0000] {logging_mixin.py:188} INFO - [2026-06-02T09:32:51.694+0000] {dag.py:3047} INFO - Sync 1 DAGs
[2026-06-02T09:32:51.705+0000] {logging_mixin.py:188} INFO - [2026-06-02T09:32:51.705+0000] {dag.py:3834} INFO - Setting next_dagrun for my_first_test_dag2 to None, run_after=None
[2026-06-02T09:32:51.730+0000] {processor.py:183} INFO - Processing /opt/airflow/dags/dag_2.py took 0.070 seconds
[2026-06-02T09:33:21.988+0000] {processor.py:161} INFO - Started process (PID=2172) to work on /opt/airflow/dags/dag_2.py
[2026-06-02T09:33:21.989+0000] {processor.py:830} INFO - Processing file /opt/airflow/dags/dag_2.py for tasks to queue
[2026-06-02T09:33:21.990+0000] {logging_mixin.py:188} INFO - [2026-06-02T09:33:21.989+0000] {dagbag.py:540} INFO - Filling up the DagBag from /opt/airflow/dags/dag_2.py
[2026-06-02T09:33:22.001+0000] {processor.py:840} INFO - DAG(s) 'my_first_test_dag2' retrieved from /opt/airflow/dags/dag_2.py
[2026-06-02T09:33:22.018+0000] {logging_mixin.py:188} INFO - [2026-06-02T09:33:22.018+0000] {dag.py:3047} INFO - Sync 1 DAGs
[2026-06-02T09:33:22.029+0000] {logging_mixin.py:188} INFO - [2026-06-02T09:33:22.029+0000] {dag.py:3834} INFO - Setting next_dagrun for my_first_test_dag2 to None, run_after=None
[2026-06-02T09:33:22.048+0000] {processor.py:183} INFO - Processing /opt/airflow/dags/dag_2.py took 0.063 seconds
[2026-06-02T09:33:52.407+0000] {processor.py:161} INFO - Started process (PID=2182) to work on /opt/airflow/dags/dag_2.py
[2026-06-02T09:33:52.408+0000] {processor.py:830} INFO - Processing file /opt/airflow/dags/dag_2.py for tasks to queue
[2026-06-02T09:33:52.409+0000] {logging_mixin.py:188} INFO - [2026-06-02T09:33:52.409+0000] {dagbag.py:540} INFO - Filling up the DagBag from /opt/airflow/dags/dag_2.py
[2026-06-02T09:33:52.423+0000] {processor.py:840} INFO - DAG(s) 'my_first_test_dag2' retrieved from /opt/airflow/dags/dag_2.py
[2026-06-02T09:33:52.445+0000] {logging_mixin.py:188} INFO - [2026-06-02T09:33:52.445+0000] {dag.py:3047} INFO - Sync 1 DAGs
[2026-06-02T09:33:52.461+0000] {logging_mixin.py:188} INFO - [2026-06-02T09:33:52.460+0000] {dag.py:3834} INFO - Setting next_dagrun for my_first_test_dag2 to None, run_after=None
[2026-06-02T09:33:52.493+0000] {processor.py:183} INFO - Processing /opt/airflow/dags/dag_2.py took 0.089 seconds
[2026-06-02T09:34:22.724+0000] {processor.py:161} INFO - Started process (PID=2192) to work on /opt/airflow/dags/dag_2.py
[2026-06-02T09:34:22.725+0000] {processor.py:830} INFO - Processing file /opt/airflow/dags/dag_2.py for tasks to queue
[2026-06-02T09:34:22.726+0000] {logging_mixin.py:188} INFO - [2026-06-02T09:34:22.725+0000] {dagbag.py:540} INFO - Filling up the DagBag from /opt/airflow/dags/dag_2.py
[2026-06-02T09:34:22.737+0000] {processor.py:840} INFO - DAG(s) 'my_first_test_dag2' retrieved from /opt/airflow/dags/dag_2.py
[2026-06-02T09:34:22.754+0000] {logging_mixin.py:188} INFO - [2026-06-02T09:34:22.754+0000] {dag.py:3047} INFO - Sync 1 DAGs
[2026-06-02T09:34:22.765+0000] {logging_mixin.py:188} INFO - [2026-06-02T09:34:22.765+0000] {dag.py:3834} INFO - Setting next_dagrun for my_first_test_dag2 to None, run_after=None
[2026-06-02T09:34:22.790+0000] {processor.py:183} INFO - Processing /opt/airflow/dags/dag_2.py took 0.069 seconds
[2026-06-02T09:34:53.103+0000] {processor.py:161} INFO - Started process (PID=2202) to work on /opt/airflow/dags/dag_2.py
[2026-06-02T09:34:53.104+0000] {processor.py:830} INFO - Processing file /opt/airflow/dags/dag_2.py for tasks to queue
[2026-06-02T09:34:53.105+0000] {logging_mixin.py:188} INFO - [2026-06-02T09:34:53.105+0000] {dagbag.py:540} INFO - Filling up the DagBag from /opt/airflow/dags/dag_2.py
[2026-06-02T09:34:53.116+0000] {processor.py:840} INFO - DAG(s) 'my_first_test_dag2' retrieved from /opt/airflow/dags/dag_2.py
[2026-06-02T09:34:53.134+0000] {logging_mixin.py:188} INFO - [2026-06-02T09:34:53.134+0000] {dag.py:3047} INFO - Sync 1 DAGs
[2026-06-02T09:34:53.144+0000] {logging_mixin.py:188} INFO - [2026-06-02T09:34:53.144+0000] {dag.py:3834} INFO - Setting next_dagrun for my_first_test_dag2 to None, run_after=None
[2026-06-02T09:34:53.169+0000] {processor.py:183} INFO - Processing /opt/airflow/dags/dag_2.py took 0.068 seconds
[2026-06-02T09:35:23.632+0000] {processor.py:161} INFO - Started process (PID=2212) to work on /opt/airflow/dags/dag_2.py
[2026-06-02T09:35:23.633+0000] {processor.py:830} INFO - Processing file /opt/airflow/dags/dag_2.py for tasks to queue
[2026-06-02T09:35:23.635+0000] {logging_mixin.py:188} INFO - [2026-06-02T09:35:23.635+0000] {dagbag.py:540} INFO - Filling up the DagBag from /opt/airflow/dags/dag_2.py
[2026-06-02T09:35:23.647+0000] {processor.py:840} INFO - DAG(s) 'my_first_test_dag2' retrieved from /opt/airflow/dags/dag_2.py
[2026-06-02T09:35:23.672+0000] {logging_mixin.py:188} INFO - [2026-06-02T09:35:23.672+0000] {dag.py:3047} INFO - Sync 1 DAGs
[2026-06-02T09:35:23.686+0000] {logging_mixin.py:188} INFO - [2026-06-02T09:35:23.686+0000] {dag.py:3834} INFO - Setting next_dagrun for my_first_test_dag2 to None, run_after=None
[2026-06-02T09:35:23.706+0000] {processor.py:183} INFO - Processing /opt/airflow/dags/dag_2.py took 0.076 seconds
[2026-06-02T09:35:54.045+0000] {processor.py:161} INFO - Started process (PID=2222) to work on /opt/airflow/dags/dag_2.py
[2026-06-02T09:35:54.046+0000] {processor.py:830} INFO - Processing file /opt/airflow/dags/dag_2.py for tasks to queue
[2026-06-02T09:35:54.046+0000] {logging_mixin.py:188} INFO - [2026-06-02T09:35:54.046+0000] {dagbag.py:540} INFO - Filling up the DagBag from /opt/airflow/dags/dag_2.py
[2026-06-02T09:35:54.057+0000] {processor.py:840} INFO - DAG(s) 'my_first_test_dag2' retrieved from /opt/airflow/dags/dag_2.py
[2026-06-02T09:35:54.075+0000] {logging_mixin.py:188} INFO - [2026-06-02T09:35:54.075+0000] {dag.py:3047} INFO - Sync 1 DAGs
[2026-06-02T09:35:54.086+0000] {logging_mixin.py:188} INFO - [2026-06-02T09:35:54.085+0000] {dag.py:3834} INFO - Setting next_dagrun for my_first_test_dag2 to None, run_after=None
[2026-06-02T09:35:54.114+0000] {processor.py:183} INFO - Processing /opt/airflow/dags/dag_2.py took 0.071 seconds
[2026-06-02T09:36:24.437+0000] {processor.py:161} INFO - Started process (PID=2232) to work on /opt/airflow/dags/dag_2.py
[2026-06-02T09:36:24.438+0000] {processor.py:830} INFO - Processing file /opt/airflow/dags/dag_2.py for tasks to queue
[2026-06-02T09:36:24.439+0000] {logging_mixin.py:188} INFO - [2026-06-02T09:36:24.439+0000] {dagbag.py:540} INFO - Filling up the DagBag from /opt/airflow/dags/dag_2.py
[2026-06-02T09:36:24.456+0000] {processor.py:840} INFO - DAG(s) 'my_first_test_dag2' retrieved from /opt/airflow/dags/dag_2.py
[2026-06-02T09:36:24.480+0000] {logging_mixin.py:188} INFO - [2026-06-02T09:36:24.479+0000] {dag.py:3047} INFO - Sync 1 DAGs
[2026-06-02T09:36:24.494+0000] {logging_mixin.py:188} INFO - [2026-06-02T09:36:24.493+0000] {dag.py:3834} INFO - Setting next_dagrun for my_first_test_dag2 to None, run_after=None
[2026-06-02T09:36:24.521+0000] {processor.py:183} INFO - Processing /opt/airflow/dags/dag_2.py took 0.088 seconds
[2026-06-02T09:36:54.808+0000] {processor.py:161} INFO - Started process (PID=2242) to work on /opt/airflow/dags/dag_2.py
[2026-06-02T09:36:54.809+0000] {processor.py:830} INFO - Processing file /opt/airflow/dags/dag_2.py for tasks to queue
[2026-06-02T09:36:54.810+0000] {logging_mixin.py:188} INFO - [2026-06-02T09:36:54.810+0000] {dagbag.py:540} INFO - Filling up the DagBag from /opt/airflow/dags/dag_2.py
[2026-06-02T09:36:54.823+0000] {processor.py:840} INFO - DAG(s) 'my_first_test_dag2' retrieved from /opt/airflow/dags/dag_2.py
[2026-06-02T09:36:54.845+0000] {logging_mixin.py:188} INFO - [2026-06-02T09:36:54.845+0000] {dag.py:3047} INFO - Sync 1 DAGs
[2026-06-02T09:36:54.862+0000] {logging_mixin.py:188} INFO - [2026-06-02T09:36:54.862+0000] {dag.py:3834} INFO - Setting next_dagrun for my_first_test_dag2 to None, run_after=None
[2026-06-02T09:36:54.889+0000] {processor.py:183} INFO - Processing /opt/airflow/dags/dag_2.py took 0.084 seconds
[2026-06-02T09:37:25.213+0000] {processor.py:161} INFO - Started process (PID=2252) to work on /opt/airflow/dags/dag_2.py
[2026-06-02T09:37:25.214+0000] {processor.py:830} INFO - Processing file /opt/airflow/dags/dag_2.py for tasks to queue
[2026-06-02T09:37:25.215+0000] {logging_mixin.py:188} INFO - [2026-06-02T09:37:25.215+0000] {dagbag.py:540} INFO - Filling up the DagBag from /opt/airflow/dags/dag_2.py
[2026-06-02T09:37:25.229+0000] {processor.py:840} INFO - DAG(s) 'my_first_test_dag2' retrieved from /opt/airflow/dags/dag_2.py
[2026-06-02T09:37:25.249+0000] {logging_mixin.py:188} INFO - [2026-06-02T09:37:25.249+0000] {dag.py:3047} INFO - Sync 1 DAGs
[2026-06-02T09:37:25.263+0000] {logging_mixin.py:188} INFO - [2026-06-02T09:37:25.263+0000] {dag.py:3834} INFO - Setting next_dagrun for my_first_test_dag2 to None, run_after=None
[2026-06-02T09:37:25.294+0000] {processor.py:183} INFO - Processing /opt/airflow/dags/dag_2.py took 0.084 seconds
[2026-06-02T09:37:55.667+0000] {processor.py:161} INFO - Started process (PID=2262) to work on /opt/airflow/dags/dag_2.py
[2026-06-02T09:37:55.668+0000] {processor.py:830} INFO - Processing file /opt/airflow/dags/dag_2.py for tasks to queue
[2026-06-02T09:37:55.669+0000] {logging_mixin.py:188} INFO - [2026-06-02T09:37:55.669+0000] {dagbag.py:540} INFO - Filling up the DagBag from /opt/airflow/dags/dag_2.py
[2026-06-02T09:37:55.681+0000] {processor.py:840} INFO - DAG(s) 'my_first_test_dag2' retrieved from /opt/airflow/dags/dag_2.py
[2026-06-02T09:37:55.698+0000] {logging_mixin.py:188} INFO - [2026-06-02T09:37:55.698+0000] {dag.py:3047} INFO - Sync 1 DAGs
[2026-06-02T09:37:55.710+0000] {logging_mixin.py:188} INFO - [2026-06-02T09:37:55.710+0000] {dag.py:3834} INFO - Setting next_dagrun for my_first_test_dag2 to None, run_after=None
[2026-06-02T09:37:55.728+0000] {processor.py:183} INFO - Processing /opt/airflow/dags/dag_2.py took 0.063 seconds
[2026-06-02T09:38:26.092+0000] {processor.py:161} INFO - Started process (PID=2272) to work on /opt/airflow/dags/dag_2.py
[2026-06-02T09:38:26.093+0000] {processor.py:830} INFO - Processing file /opt/airflow/dags/dag_2.py for tasks to queue
[2026-06-02T09:38:26.094+0000] {logging_mixin.py:188} INFO - [2026-06-02T09:38:26.094+0000] {dagbag.py:540} INFO - Filling up the DagBag from /opt/airflow/dags/dag_2.py
[2026-06-02T09:38:26.106+0000] {processor.py:840} INFO - DAG(s) 'my_first_test_dag2' retrieved from /opt/airflow/dags/dag_2.py
[2026-06-02T09:38:26.122+0000] {logging_mixin.py:188} INFO - [2026-06-02T09:38:26.122+0000] {dag.py:3047} INFO - Sync 1 DAGs
[2026-06-02T09:38:26.131+0000] {logging_mixin.py:188} INFO - [2026-06-02T09:38:26.131+0000] {dag.py:3834} INFO - Setting next_dagrun for my_first_test_dag2 to None, run_after=None
[2026-06-02T09:38:26.157+0000] {processor.py:183} INFO - Processing /opt/airflow/dags/dag_2.py took 0.067 seconds
[2026-06-02T09:38:56.503+0000] {processor.py:161} INFO - Started process (PID=2282) to work on /opt/airflow/dags/dag_2.py
[2026-06-02T09:38:56.504+0000] {processor.py:830} INFO - Processing file /opt/airflow/dags/dag_2.py for tasks to queue
[2026-06-02T09:38:56.505+0000] {logging_mixin.py:188} INFO - [2026-06-02T09:38:56.505+0000] {dagbag.py:540} INFO - Filling up the DagBag from /opt/airflow/dags/dag_2.py
[2026-06-02T09:38:56.519+0000] {processor.py:840} INFO - DAG(s) 'my_first_test_dag2' retrieved from /opt/airflow/dags/dag_2.py
[2026-06-02T09:38:56.542+0000] {logging_mixin.py:188} INFO - [2026-06-02T09:38:56.541+0000] {dag.py:3047} INFO - Sync 1 DAGs
[2026-06-02T09:38:56.555+0000] {logging_mixin.py:188} INFO - [2026-06-02T09:38:56.555+0000] {dag.py:3834} INFO - Setting next_dagrun for my_first_test_dag2 to None, run_after=None
[2026-06-02T09:38:56.582+0000] {processor.py:183} INFO - Processing /opt/airflow/dags/dag_2.py took 0.081 seconds
[2026-06-02T09:39:26.821+0000] {processor.py:161} INFO - Started process (PID=2292) to work on /opt/airflow/dags/dag_2.py
[2026-06-02T09:39:26.822+0000] {processor.py:830} INFO - Processing file /opt/airflow/dags/dag_2.py for tasks to queue
[2026-06-02T09:39:26.823+0000] {logging_mixin.py:188} INFO - [2026-06-02T09:39:26.823+0000] {dagbag.py:540} INFO - Filling up the DagBag from /opt/airflow/dags/dag_2.py
[2026-06-02T09:39:26.834+0000] {processor.py:840} INFO - DAG(s) 'my_first_test_dag2' retrieved from /opt/airflow/dags/dag_2.py
[2026-06-02T09:39:26.852+0000] {logging_mixin.py:188} INFO - [2026-06-02T09:39:26.852+0000] {dag.py:3047} INFO - Sync 1 DAGs
[2026-06-02T09:39:26.863+0000] {logging_mixin.py:188} INFO - [2026-06-02T09:39:26.863+0000] {dag.py:3834} INFO - Setting next_dagrun for my_first_test_dag2 to None, run_after=None
[2026-06-02T09:39:26.891+0000] {processor.py:183} INFO - Processing /opt/airflow/dags/dag_2.py took 0.073 seconds
[2026-06-02T09:39:57.295+0000] {processor.py:161} INFO - Started process (PID=2302) to work on /opt/airflow/dags/dag_2.py
[2026-06-02T09:39:57.296+0000] {processor.py:830} INFO - Processing file /opt/airflow/dags/dag_2.py for tasks to queue
[2026-06-02T09:39:57.297+0000] {logging_mixin.py:188} INFO - [2026-06-02T09:39:57.296+0000] {dagbag.py:540} INFO - Filling up the DagBag from /opt/airflow/dags/dag_2.py
[2026-06-02T09:39:57.306+0000] {processor.py:840} INFO - DAG(s) 'my_first_test_dag2' retrieved from /opt/airflow/dags/dag_2.py
[2026-06-02T09:39:57.323+0000] {logging_mixin.py:188} INFO - [2026-06-02T09:39:57.323+0000] {dag.py:3047} INFO - Sync 1 DAGs
[2026-06-02T09:39:57.333+0000] {logging_mixin.py:188} INFO - [2026-06-02T09:39:57.332+0000] {dag.py:3834} INFO - Setting next_dagrun for my_first_test_dag2 to None, run_after=None
[2026-06-02T09:39:57.351+0000] {processor.py:183} INFO - Processing /opt/airflow/dags/dag_2.py took 0.058 seconds
[2026-06-02T09:40:27.650+0000] {processor.py:161} INFO - Started process (PID=2312) to work on /opt/airflow/dags/dag_2.py
[2026-06-02T09:40:27.650+0000] {processor.py:830} INFO - Processing file /opt/airflow/dags/dag_2.py for tasks to queue
[2026-06-02T09:40:27.651+0000] {logging_mixin.py:188} INFO - [2026-06-02T09:40:27.651+0000] {dagbag.py:540} INFO - Filling up the DagBag from /opt/airflow/dags/dag_2.py
[2026-06-02T09:40:27.661+0000] {processor.py:840} INFO - DAG(s) 'my_first_test_dag2' retrieved from /opt/airflow/dags/dag_2.py
[2026-06-02T09:40:27.683+0000] {logging_mixin.py:188} INFO - [2026-06-02T09:40:27.682+0000] {dag.py:3047} INFO - Sync 1 DAGs
[2026-06-02T09:40:27.699+0000] {logging_mixin.py:188} INFO - [2026-06-02T09:40:27.699+0000] {dag.py:3834} INFO - Setting next_dagrun for my_first_test_dag2 to None, run_after=None
[2026-06-02T09:40:27.722+0000] {processor.py:183} INFO - Processing /opt/airflow/dags/dag_2.py took 0.075 seconds
[2026-06-02T09:40:57.949+0000] {processor.py:161} INFO - Started process (PID=2322) to work on /opt/airflow/dags/dag_2.py
[2026-06-02T09:40:57.950+0000] {processor.py:830} INFO - Processing file /opt/airflow/dags/dag_2.py for tasks to queue
[2026-06-02T09:40:57.951+0000] {logging_mixin.py:188} INFO - [2026-06-02T09:40:57.951+0000] {dagbag.py:540} INFO - Filling up the DagBag from /opt/airflow/dags/dag_2.py
[2026-06-02T09:40:57.963+0000] {processor.py:840} INFO - DAG(s) 'my_first_test_dag2' retrieved from /opt/airflow/dags/dag_2.py
[2026-06-02T09:40:57.981+0000] {logging_mixin.py:188} INFO - [2026-06-02T09:40:57.981+0000] {dag.py:3047} INFO - Sync 1 DAGs
[2026-06-02T09:40:57.991+0000] {logging_mixin.py:188} INFO - [2026-06-02T09:40:57.991+0000] {dag.py:3834} INFO - Setting next_dagrun for my_first_test_dag2 to None, run_after=None
[2026-06-02T09:40:58.017+0000] {processor.py:183} INFO - Processing /opt/airflow/dags/dag_2.py took 0.071 seconds
[2026-06-02T09:41:28.289+0000] {processor.py:161} INFO - Started process (PID=2337) to work on /opt/airflow/dags/dag_2.py
[2026-06-02T09:41:28.290+0000] {processor.py:830} INFO - Processing file /opt/airflow/dags/dag_2.py for tasks to queue
[2026-06-02T09:41:28.291+0000] {logging_mixin.py:188} INFO - [2026-06-02T09:41:28.290+0000] {dagbag.py:540} INFO - Filling up the DagBag from /opt/airflow/dags/dag_2.py
[2026-06-02T09:41:28.303+0000] {processor.py:840} INFO - DAG(s) 'my_first_test_dag2' retrieved from /opt/airflow/dags/dag_2.py
[2026-06-02T09:41:28.320+0000] {logging_mixin.py:188} INFO - [2026-06-02T09:41:28.320+0000] {dag.py:3047} INFO - Sync 1 DAGs
[2026-06-02T09:41:28.331+0000] {logging_mixin.py:188} INFO - [2026-06-02T09:41:28.331+0000] {dag.py:3834} INFO - Setting next_dagrun for my_first_test_dag2 to None, run_after=None
[2026-06-02T09:41:28.353+0000] {processor.py:183} INFO - Processing /opt/airflow/dags/dag_2.py took 0.067 seconds
[2026-06-02T09:41:58.807+0000] {processor.py:161} INFO - Started process (PID=2347) to work on /opt/airflow/dags/dag_2.py
[2026-06-02T09:41:58.808+0000] {processor.py:830} INFO - Processing file /opt/airflow/dags/dag_2.py for tasks to queue
[2026-06-02T09:41:58.809+0000] {logging_mixin.py:188} INFO - [2026-06-02T09:41:58.809+0000] {dagbag.py:540} INFO - Filling up the DagBag from /opt/airflow/dags/dag_2.py
[2026-06-02T09:41:58.820+0000] {processor.py:840} INFO - DAG(s) 'my_first_test_dag2' retrieved from /opt/airflow/dags/dag_2.py
[2026-06-02T09:41:58.848+0000] {logging_mixin.py:188} INFO - [2026-06-02T09:41:58.848+0000] {dag.py:3047} INFO - Sync 1 DAGs
[2026-06-02T09:41:58.858+0000] {logging_mixin.py:188} INFO - [2026-06-02T09:41:58.858+0000] {dag.py:3834} INFO - Setting next_dagrun for my_first_test_dag2 to None, run_after=None
[2026-06-02T09:41:58.885+0000] {processor.py:183} INFO - Processing /opt/airflow/dags/dag_2.py took 0.079 seconds
[2026-06-02T09:42:29.204+0000] {processor.py:161} INFO - Started process (PID=2357) to work on /opt/airflow/dags/dag_2.py
[2026-06-02T09:42:29.205+0000] {processor.py:830} INFO - Processing file /opt/airflow/dags/dag_2.py for tasks to queue
[2026-06-02T09:42:29.206+0000] {logging_mixin.py:188} INFO - [2026-06-02T09:42:29.206+0000] {dagbag.py:540} INFO - Filling up the DagBag from /opt/airflow/dags/dag_2.py
[2026-06-02T09:42:29.218+0000] {processor.py:840} INFO - DAG(s) 'my_first_test_dag2' retrieved from /opt/airflow/dags/dag_2.py
[2026-06-02T09:42:29.234+0000] {logging_mixin.py:188} INFO - [2026-06-02T09:42:29.234+0000] {dag.py:3047} INFO - Sync 1 DAGs
[2026-06-02T09:42:29.245+0000] {logging_mixin.py:188} INFO - [2026-06-02T09:42:29.244+0000] {dag.py:3834} INFO - Setting next_dagrun for my_first_test_dag2 to None, run_after=None
[2026-06-02T09:42:29.264+0000] {processor.py:183} INFO - Processing /opt/airflow/dags/dag_2.py took 0.062 seconds
[2026-06-02T09:42:59.714+0000] {processor.py:161} INFO - Started process (PID=2367) to work on /opt/airflow/dags/dag_2.py
[2026-06-02T09:42:59.714+0000] {processor.py:830} INFO - Processing file /opt/airflow/dags/dag_2.py for tasks to queue
[2026-06-02T09:42:59.715+0000] {logging_mixin.py:188} INFO - [2026-06-02T09:42:59.715+0000] {dagbag.py:540} INFO - Filling up the DagBag from /opt/airflow/dags/dag_2.py
[2026-06-02T09:42:59.727+0000] {processor.py:840} INFO - DAG(s) 'my_first_test_dag2' retrieved from /opt/airflow/dags/dag_2.py
[2026-06-02T09:42:59.743+0000] {logging_mixin.py:188} INFO - [2026-06-02T09:42:59.743+0000] {dag.py:3047} INFO - Sync 1 DAGs
[2026-06-02T09:42:59.753+0000] {logging_mixin.py:188} INFO - [2026-06-02T09:42:59.753+0000] {dag.py:3834} INFO - Setting next_dagrun for my_first_test_dag2 to None, run_after=None
[2026-06-02T09:42:59.777+0000] {processor.py:183} INFO - Processing /opt/airflow/dags/dag_2.py took 0.066 seconds
[2026-06-02T09:43:30.247+0000] {processor.py:161} INFO - Started process (PID=2377) to work on /opt/airflow/dags/dag_2.py
[2026-06-02T09:43:30.248+0000] {processor.py:830} INFO - Processing file /opt/airflow/dags/dag_2.py for tasks to queue
[2026-06-02T09:43:30.249+0000] {logging_mixin.py:188} INFO - [2026-06-02T09:43:30.249+0000] {dagbag.py:540} INFO - Filling up the DagBag from /opt/airflow/dags/dag_2.py
[2026-06-02T09:43:30.261+0000] {processor.py:840} INFO - DAG(s) 'my_first_test_dag2' retrieved from /opt/airflow/dags/dag_2.py
[2026-06-02T09:43:30.277+0000] {logging_mixin.py:188} INFO - [2026-06-02T09:43:30.277+0000] {dag.py:3047} INFO - Sync 1 DAGs
[2026-06-02T09:43:30.288+0000] {logging_mixin.py:188} INFO - [2026-06-02T09:43:30.288+0000] {dag.py:3834} INFO - Setting next_dagrun for my_first_test_dag2 to None, run_after=None
[2026-06-02T09:43:30.314+0000] {processor.py:183} INFO - Processing /opt/airflow/dags/dag_2.py took 0.069 seconds
[2026-06-02T09:44:00.772+0000] {processor.py:161} INFO - Started process (PID=2387) to work on /opt/airflow/dags/dag_2.py
[2026-06-02T09:44:00.773+0000] {processor.py:830} INFO - Processing file /opt/airflow/dags/dag_2.py for tasks to queue
[2026-06-02T09:44:00.773+0000] {logging_mixin.py:188} INFO - [2026-06-02T09:44:00.773+0000] {dagbag.py:540} INFO - Filling up the DagBag from /opt/airflow/dags/dag_2.py
[2026-06-02T09:44:00.783+0000] {processor.py:840} INFO - DAG(s) 'my_first_test_dag2' retrieved from /opt/airflow/dags/dag_2.py
[2026-06-02T09:44:00.799+0000] {logging_mixin.py:188} INFO - [2026-06-02T09:44:00.799+0000] {dag.py:3047} INFO - Sync 1 DAGs
[2026-06-02T09:44:00.809+0000] {logging_mixin.py:188} INFO - [2026-06-02T09:44:00.809+0000] {dag.py:3834} INFO - Setting next_dagrun for my_first_test_dag2 to None, run_after=None
[2026-06-02T09:44:00.835+0000] {processor.py:183} INFO - Processing /opt/airflow/dags/dag_2.py took 0.065 seconds
[2026-06-02T09:44:31.217+0000] {processor.py:161} INFO - Started process (PID=2397) to work on /opt/airflow/dags/dag_2.py
[2026-06-02T09:44:31.218+0000] {processor.py:830} INFO - Processing file /opt/airflow/dags/dag_2.py for tasks to queue
[2026-06-02T09:44:31.218+0000] {logging_mixin.py:188} INFO - [2026-06-02T09:44:31.218+0000] {dagbag.py:540} INFO - Filling up the DagBag from /opt/airflow/dags/dag_2.py
[2026-06-02T09:44:31.229+0000] {processor.py:840} INFO - DAG(s) 'my_first_test_dag2' retrieved from /opt/airflow/dags/dag_2.py
[2026-06-02T09:44:31.246+0000] {logging_mixin.py:188} INFO - [2026-06-02T09:44:31.245+0000] {dag.py:3047} INFO - Sync 1 DAGs
[2026-06-02T09:44:31.256+0000] {logging_mixin.py:188} INFO - [2026-06-02T09:44:31.256+0000] {dag.py:3834} INFO - Setting next_dagrun for my_first_test_dag2 to None, run_after=None
[2026-06-02T09:44:31.281+0000] {processor.py:183} INFO - Processing /opt/airflow/dags/dag_2.py took 0.066 seconds
[2026-06-02T09:45:01.704+0000] {processor.py:161} INFO - Started process (PID=2407) to work on /opt/airflow/dags/dag_2.py
[2026-06-02T09:45:01.705+0000] {processor.py:830} INFO - Processing file /opt/airflow/dags/dag_2.py for tasks to queue
[2026-06-02T09:45:01.705+0000] {logging_mixin.py:188} INFO - [2026-06-02T09:45:01.705+0000] {dagbag.py:540} INFO - Filling up the DagBag from /opt/airflow/dags/dag_2.py
[2026-06-02T09:45:01.716+0000] {processor.py:840} INFO - DAG(s) 'my_first_test_dag2' retrieved from /opt/airflow/dags/dag_2.py
[2026-06-02T09:45:01.732+0000] {logging_mixin.py:188} INFO - [2026-06-02T09:45:01.732+0000] {dag.py:3047} INFO - Sync 1 DAGs
[2026-06-02T09:45:01.742+0000] {logging_mixin.py:188} INFO - [2026-06-02T09:45:01.742+0000] {dag.py:3834} INFO - Setting next_dagrun for my_first_test_dag2 to None, run_after=None
[2026-06-02T09:45:01.759+0000] {processor.py:183} INFO - Processing /opt/airflow/dags/dag_2.py took 0.057 seconds
[2026-06-02T09:45:32.143+0000] {processor.py:161} INFO - Started process (PID=2417) to work on /opt/airflow/dags/dag_2.py
[2026-06-02T09:45:32.143+0000] {processor.py:830} INFO - Processing file /opt/airflow/dags/dag_2.py for tasks to queue
[2026-06-02T09:45:32.144+0000] {logging_mixin.py:188} INFO - [2026-06-02T09:45:32.144+0000] {dagbag.py:540} INFO - Filling up the DagBag from /opt/airflow/dags/dag_2.py
[2026-06-02T09:45:32.156+0000] {processor.py:840} INFO - DAG(s) 'my_first_test_dag2' retrieved from /opt/airflow/dags/dag_2.py
[2026-06-02T09:45:32.176+0000] {logging_mixin.py:188} INFO - [2026-06-02T09:45:32.175+0000] {dag.py:3047} INFO - Sync 1 DAGs
[2026-06-02T09:45:32.190+0000] {logging_mixin.py:188} INFO - [2026-06-02T09:45:32.190+0000] {dag.py:3834} INFO - Setting next_dagrun for my_first_test_dag2 to None, run_after=None
[2026-06-02T09:45:32.208+0000] {processor.py:183} INFO - Processing /opt/airflow/dags/dag_2.py took 0.068 seconds
[2026-06-02T09:46:02.620+0000] {processor.py:161} INFO - Started process (PID=2427) to work on /opt/airflow/dags/dag_2.py
[2026-06-02T09:46:02.621+0000] {processor.py:830} INFO - Processing file /opt/airflow/dags/dag_2.py for tasks to queue
[2026-06-02T09:46:02.622+0000] {logging_mixin.py:188} INFO - [2026-06-02T09:46:02.622+0000] {dagbag.py:540} INFO - Filling up the DagBag from /opt/airflow/dags/dag_2.py
[2026-06-02T09:46:02.632+0000] {processor.py:840} INFO - DAG(s) 'my_first_test_dag2' retrieved from /opt/airflow/dags/dag_2.py
[2026-06-02T09:46:02.649+0000] {logging_mixin.py:188} INFO - [2026-06-02T09:46:02.649+0000] {dag.py:3047} INFO - Sync 1 DAGs
[2026-06-02T09:46:02.658+0000] {logging_mixin.py:188} INFO - [2026-06-02T09:46:02.658+0000] {dag.py:3834} INFO - Setting next_dagrun for my_first_test_dag2 to None, run_after=None
[2026-06-02T09:46:02.678+0000] {processor.py:183} INFO - Processing /opt/airflow/dags/dag_2.py took 0.059 seconds
[2026-06-02T09:46:33.139+0000] {processor.py:161} INFO - Started process (PID=2437) to work on /opt/airflow/dags/dag_2.py
[2026-06-02T09:46:33.139+0000] {processor.py:830} INFO - Processing file /opt/airflow/dags/dag_2.py for tasks to queue
[2026-06-02T09:46:33.140+0000] {logging_mixin.py:188} INFO - [2026-06-02T09:46:33.140+0000] {dagbag.py:540} INFO - Filling up the DagBag from /opt/airflow/dags/dag_2.py
[2026-06-02T09:46:33.154+0000] {processor.py:840} INFO - DAG(s) 'my_first_test_dag2' retrieved from /opt/airflow/dags/dag_2.py
[2026-06-02T09:46:33.170+0000] {logging_mixin.py:188} INFO - [2026-06-02T09:46:33.169+0000] {dag.py:3047} INFO - Sync 1 DAGs
[2026-06-02T09:46:33.180+0000] {logging_mixin.py:188} INFO - [2026-06-02T09:46:33.180+0000] {dag.py:3834} INFO - Setting next_dagrun for my_first_test_dag2 to None, run_after=None
[2026-06-02T09:46:33.198+0000] {processor.py:183} INFO - Processing /opt/airflow/dags/dag_2.py took 0.062 seconds
[2026-06-02T09:47:03.670+0000] {processor.py:161} INFO - Started process (PID=2447) to work on /opt/airflow/dags/dag_2.py
[2026-06-02T09:47:03.671+0000] {processor.py:830} INFO - Processing file /opt/airflow/dags/dag_2.py for tasks to queue
[2026-06-02T09:47:03.672+0000] {logging_mixin.py:188} INFO - [2026-06-02T09:47:03.672+0000] {dagbag.py:540} INFO - Filling up the DagBag from /opt/airflow/dags/dag_2.py
[2026-06-02T09:47:03.682+0000] {processor.py:840} INFO - DAG(s) 'my_first_test_dag2' retrieved from /opt/airflow/dags/dag_2.py
[2026-06-02T09:47:03.699+0000] {logging_mixin.py:188} INFO - [2026-06-02T09:47:03.699+0000] {dag.py:3047} INFO - Sync 1 DAGs
[2026-06-02T09:47:03.709+0000] {logging_mixin.py:188} INFO - [2026-06-02T09:47:03.709+0000] {dag.py:3834} INFO - Setting next_dagrun for my_first_test_dag2 to None, run_after=None
[2026-06-02T09:47:03.727+0000] {processor.py:183} INFO - Processing /opt/airflow/dags/dag_2.py took 0.060 seconds
[2026-06-02T09:47:34.112+0000] {processor.py:161} INFO - Started process (PID=2457) to work on /opt/airflow/dags/dag_2.py
[2026-06-02T09:47:34.113+0000] {processor.py:830} INFO - Processing file /opt/airflow/dags/dag_2.py for tasks to queue
[2026-06-02T09:47:34.113+0000] {logging_mixin.py:188} INFO - [2026-06-02T09:47:34.113+0000] {dagbag.py:540} INFO - Filling up the DagBag from /opt/airflow/dags/dag_2.py
[2026-06-02T09:47:34.124+0000] {processor.py:840} INFO - DAG(s) 'my_first_test_dag2' retrieved from /opt/airflow/dags/dag_2.py
[2026-06-02T09:47:34.140+0000] {logging_mixin.py:188} INFO - [2026-06-02T09:47:34.140+0000] {dag.py:3047} INFO - Sync 1 DAGs
[2026-06-02T09:47:34.150+0000] {logging_mixin.py:188} INFO - [2026-06-02T09:47:34.149+0000] {dag.py:3834} INFO - Setting next_dagrun for my_first_test_dag2 to None, run_after=None
[2026-06-02T09:47:34.170+0000] {processor.py:183} INFO - Processing /opt/airflow/dags/dag_2.py took 0.061 seconds
[2026-06-02T09:48:04.496+0000] {processor.py:161} INFO - Started process (PID=2467) to work on /opt/airflow/dags/dag_2.py
[2026-06-02T09:48:04.497+0000] {processor.py:830} INFO - Processing file /opt/airflow/dags/dag_2.py for tasks to queue
[2026-06-02T09:48:04.498+0000] {logging_mixin.py:188} INFO - [2026-06-02T09:48:04.498+0000] {dagbag.py:540} INFO - Filling up the DagBag from /opt/airflow/dags/dag_2.py
[2026-06-02T09:48:04.510+0000] {processor.py:840} INFO - DAG(s) 'my_first_test_dag2' retrieved from /opt/airflow/dags/dag_2.py
[2026-06-02T09:48:04.527+0000] {logging_mixin.py:188} INFO - [2026-06-02T09:48:04.527+0000] {dag.py:3047} INFO - Sync 1 DAGs
[2026-06-02T09:48:04.539+0000] {logging_mixin.py:188} INFO - [2026-06-02T09:48:04.539+0000] {dag.py:3834} INFO - Setting next_dagrun for my_first_test_dag2 to None, run_after=None
[2026-06-02T09:48:04.562+0000] {processor.py:183} INFO - Processing /opt/airflow/dags/dag_2.py took 0.069 seconds
[2026-06-02T09:48:35.013+0000] {processor.py:161} INFO - Started process (PID=2477) to work on /opt/airflow/dags/dag_2.py
[2026-06-02T09:48:35.014+0000] {processor.py:830} INFO - Processing file /opt/airflow/dags/dag_2.py for tasks to queue
[2026-06-02T09:48:35.014+0000] {logging_mixin.py:188} INFO - [2026-06-02T09:48:35.014+0000] {dagbag.py:540} INFO - Filling up the DagBag from /opt/airflow/dags/dag_2.py
[2026-06-02T09:48:35.026+0000] {processor.py:840} INFO - DAG(s) 'my_first_test_dag2' retrieved from /opt/airflow/dags/dag_2.py
[2026-06-02T09:48:35.042+0000] {logging_mixin.py:188} INFO - [2026-06-02T09:48:35.042+0000] {dag.py:3047} INFO - Sync 1 DAGs
[2026-06-02T09:48:35.052+0000] {logging_mixin.py:188} INFO - [2026-06-02T09:48:35.052+0000] {dag.py:3834} INFO - Setting next_dagrun for my_first_test_dag2 to None, run_after=None
[2026-06-02T09:48:35.070+0000] {processor.py:183} INFO - Processing /opt/airflow/dags/dag_2.py took 0.060 seconds
[2026-06-02T09:49:05.513+0000] {processor.py:161} INFO - Started process (PID=2487) to work on /opt/airflow/dags/dag_2.py
[2026-06-02T09:49:05.514+0000] {processor.py:830} INFO - Processing file /opt/airflow/dags/dag_2.py for tasks to queue
[2026-06-02T09:49:05.515+0000] {logging_mixin.py:188} INFO - [2026-06-02T09:49:05.515+0000] {dagbag.py:540} INFO - Filling up the DagBag from /opt/airflow/dags/dag_2.py
[2026-06-02T09:49:05.532+0000] {processor.py:840} INFO - DAG(s) 'my_first_test_dag2' retrieved from /opt/airflow/dags/dag_2.py
[2026-06-02T09:49:05.556+0000] {logging_mixin.py:188} INFO - [2026-06-02T09:49:05.556+0000] {dag.py:3047} INFO - Sync 1 DAGs
[2026-06-02T09:49:05.572+0000] {logging_mixin.py:188} INFO - [2026-06-02T09:49:05.572+0000] {dag.py:3834} INFO - Setting next_dagrun for my_first_test_dag2 to None, run_after=None
[2026-06-02T09:49:05.595+0000] {processor.py:183} INFO - Processing /opt/airflow/dags/dag_2.py took 0.085 seconds
[2026-06-02T09:49:35.992+0000] {processor.py:161} INFO - Started process (PID=2497) to work on /opt/airflow/dags/dag_2.py
[2026-06-02T09:49:35.993+0000] {processor.py:830} INFO - Processing file /opt/airflow/dags/dag_2.py for tasks to queue
[2026-06-02T09:49:35.994+0000] {logging_mixin.py:188} INFO - [2026-06-02T09:49:35.994+0000] {dagbag.py:540} INFO - Filling up the DagBag from /opt/airflow/dags/dag_2.py
[2026-06-02T09:49:36.007+0000] {processor.py:840} INFO - DAG(s) 'my_first_test_dag2' retrieved from /opt/airflow/dags/dag_2.py
[2026-06-02T09:49:36.024+0000] {logging_mixin.py:188} INFO - [2026-06-02T09:49:36.024+0000] {dag.py:3047} INFO - Sync 1 DAGs
[2026-06-02T09:49:36.034+0000] {logging_mixin.py:188} INFO - [2026-06-02T09:49:36.034+0000] {dag.py:3834} INFO - Setting next_dagrun for my_first_test_dag2 to None, run_after=None
[2026-06-02T09:49:36.061+0000] {processor.py:183} INFO - Processing /opt/airflow/dags/dag_2.py took 0.071 seconds
[2026-06-02T09:50:06.549+0000] {processor.py:161} INFO - Started process (PID=2507) to work on /opt/airflow/dags/dag_2.py
[2026-06-02T09:50:06.550+0000] {processor.py:830} INFO - Processing file /opt/airflow/dags/dag_2.py for tasks to queue
[2026-06-02T09:50:06.550+0000] {logging_mixin.py:188} INFO - [2026-06-02T09:50:06.550+0000] {dagbag.py:540} INFO - Filling up the DagBag from /opt/airflow/dags/dag_2.py
[2026-06-02T09:50:06.562+0000] {processor.py:840} INFO - DAG(s) 'my_first_test_dag2' retrieved from /opt/airflow/dags/dag_2.py
[2026-06-02T09:50:06.579+0000] {logging_mixin.py:188} INFO - [2026-06-02T09:50:06.578+0000] {dag.py:3047} INFO - Sync 1 DAGs
[2026-06-02T09:50:06.589+0000] {logging_mixin.py:188} INFO - [2026-06-02T09:50:06.589+0000] {dag.py:3834} INFO - Setting next_dagrun for my_first_test_dag2 to None, run_after=None
[2026-06-02T09:50:06.616+0000] {processor.py:183} INFO - Processing /opt/airflow/dags/dag_2.py took 0.069 seconds
[2026-06-02T09:50:37.014+0000] {processor.py:161} INFO - Started process (PID=2517) to work on /opt/airflow/dags/dag_2.py
[2026-06-02T09:50:37.015+0000] {processor.py:830} INFO - Processing file /opt/airflow/dags/dag_2.py for tasks to queue
[2026-06-02T09:50:37.016+0000] {logging_mixin.py:188} INFO - [2026-06-02T09:50:37.016+0000] {dagbag.py:540} INFO - Filling up the DagBag from /opt/airflow/dags/dag_2.py
[2026-06-02T09:50:37.028+0000] {processor.py:840} INFO - DAG(s) 'my_first_test_dag2' retrieved from /opt/airflow/dags/dag_2.py
[2026-06-02T09:50:37.047+0000] {logging_mixin.py:188} INFO - [2026-06-02T09:50:37.047+0000] {dag.py:3047} INFO - Sync 1 DAGs
[2026-06-02T09:50:37.057+0000] {logging_mixin.py:188} INFO - [2026-06-02T09:50:37.057+0000] {dag.py:3834} INFO - Setting next_dagrun for my_first_test_dag2 to None, run_after=None
[2026-06-02T09:50:37.075+0000] {processor.py:183} INFO - Processing /opt/airflow/dags/dag_2.py took 0.064 seconds
[2026-06-02T09:51:07.533+0000] {processor.py:161} INFO - Started process (PID=2527) to work on /opt/airflow/dags/dag_2.py
[2026-06-02T09:51:07.534+0000] {processor.py:830} INFO - Processing file /opt/airflow/dags/dag_2.py for tasks to queue
[2026-06-02T09:51:07.535+0000] {logging_mixin.py:188} INFO - [2026-06-02T09:51:07.535+0000] {dagbag.py:540} INFO - Filling up the DagBag from /opt/airflow/dags/dag_2.py
[2026-06-02T09:51:07.545+0000] {processor.py:840} INFO - DAG(s) 'my_first_test_dag2' retrieved from /opt/airflow/dags/dag_2.py
[2026-06-02T09:51:07.561+0000] {logging_mixin.py:188} INFO - [2026-06-02T09:51:07.561+0000] {dag.py:3047} INFO - Sync 1 DAGs
[2026-06-02T09:51:07.571+0000] {logging_mixin.py:188} INFO - [2026-06-02T09:51:07.571+0000] {dag.py:3834} INFO - Setting next_dagrun for my_first_test_dag2 to None, run_after=None
[2026-06-02T09:51:07.595+0000] {processor.py:183} INFO - Processing /opt/airflow/dags/dag_2.py took 0.064 seconds
[2026-06-02T09:51:37.994+0000] {processor.py:161} INFO - Started process (PID=2537) to work on /opt/airflow/dags/dag_2.py
[2026-06-02T09:51:37.994+0000] {processor.py:830} INFO - Processing file /opt/airflow/dags/dag_2.py for tasks to queue
[2026-06-02T09:51:37.995+0000] {logging_mixin.py:188} INFO - [2026-06-02T09:51:37.995+0000] {dagbag.py:540} INFO - Filling up the DagBag from /opt/airflow/dags/dag_2.py
[2026-06-02T09:51:38.006+0000] {processor.py:840} INFO - DAG(s) 'my_first_test_dag2' retrieved from /opt/airflow/dags/dag_2.py
[2026-06-02T09:51:38.023+0000] {logging_mixin.py:188} INFO - [2026-06-02T09:51:38.023+0000] {dag.py:3047} INFO - Sync 1 DAGs
[2026-06-02T09:51:38.035+0000] {logging_mixin.py:188} INFO - [2026-06-02T09:51:38.035+0000] {dag.py:3834} INFO - Setting next_dagrun for my_first_test_dag2 to None, run_after=None
[2026-06-02T09:51:38.054+0000] {processor.py:183} INFO - Processing /opt/airflow/dags/dag_2.py took 0.062 seconds
[2026-06-02T09:52:08.447+0000] {processor.py:161} INFO - Started process (PID=2547) to work on /opt/airflow/dags/dag_2.py
[2026-06-02T09:52:08.447+0000] {processor.py:830} INFO - Processing file /opt/airflow/dags/dag_2.py for tasks to queue
[2026-06-02T09:52:08.448+0000] {logging_mixin.py:188} INFO - [2026-06-02T09:52:08.448+0000] {dagbag.py:540} INFO - Filling up the DagBag from /opt/airflow/dags/dag_2.py
[2026-06-02T09:52:08.460+0000] {processor.py:840} INFO - DAG(s) 'my_first_test_dag2' retrieved from /opt/airflow/dags/dag_2.py
[2026-06-02T09:52:08.478+0000] {logging_mixin.py:188} INFO - [2026-06-02T09:52:08.478+0000] {dag.py:3047} INFO - Sync 1 DAGs
[2026-06-02T09:52:08.492+0000] {logging_mixin.py:188} INFO - [2026-06-02T09:52:08.492+0000] {dag.py:3834} INFO - Setting next_dagrun for my_first_test_dag2 to None, run_after=None
[2026-06-02T09:52:08.522+0000] {processor.py:183} INFO - Processing /opt/airflow/dags/dag_2.py took 0.078 seconds
[2026-06-02T09:52:38.927+0000] {processor.py:161} INFO - Started process (PID=2557) to work on /opt/airflow/dags/dag_2.py
[2026-06-02T09:52:38.928+0000] {processor.py:830} INFO - Processing file /opt/airflow/dags/dag_2.py for tasks to queue
[2026-06-02T09:52:38.929+0000] {logging_mixin.py:188} INFO - [2026-06-02T09:52:38.929+0000] {dagbag.py:540} INFO - Filling up the DagBag from /opt/airflow/dags/dag_2.py
[2026-06-02T09:52:38.940+0000] {processor.py:840} INFO - DAG(s) 'my_first_test_dag2' retrieved from /opt/airflow/dags/dag_2.py
[2026-06-02T09:52:38.957+0000] {logging_mixin.py:188} INFO - [2026-06-02T09:52:38.956+0000] {dag.py:3047} INFO - Sync 1 DAGs
[2026-06-02T09:52:38.967+0000] {logging_mixin.py:188} INFO - [2026-06-02T09:52:38.966+0000] {dag.py:3834} INFO - Setting next_dagrun for my_first_test_dag2 to None, run_after=None
[2026-06-02T09:52:38.985+0000] {processor.py:183} INFO - Processing /opt/airflow/dags/dag_2.py took 0.061 seconds
[2026-06-02T09:53:09.267+0000] {processor.py:161} INFO - Started process (PID=2567) to work on /opt/airflow/dags/dag_2.py
[2026-06-02T09:53:09.268+0000] {processor.py:830} INFO - Processing file /opt/airflow/dags/dag_2.py for tasks to queue
[2026-06-02T09:53:09.268+0000] {logging_mixin.py:188} INFO - [2026-06-02T09:53:09.268+0000] {dagbag.py:540} INFO - Filling up the DagBag from /opt/airflow/dags/dag_2.py
[2026-06-02T09:53:09.280+0000] {processor.py:840} INFO - DAG(s) 'my_first_test_dag2' retrieved from /opt/airflow/dags/dag_2.py
[2026-06-02T09:53:09.298+0000] {logging_mixin.py:188} INFO - [2026-06-02T09:53:09.298+0000] {dag.py:3047} INFO - Sync 1 DAGs
[2026-06-02T09:53:09.310+0000] {logging_mixin.py:188} INFO - [2026-06-02T09:53:09.310+0000] {dag.py:3834} INFO - Setting next_dagrun for my_first_test_dag2 to None, run_after=None
[2026-06-02T09:53:09.335+0000] {processor.py:183} INFO - Processing /opt/airflow/dags/dag_2.py took 0.070 seconds
[2026-06-02T09:53:39.689+0000] {processor.py:161} INFO - Started process (PID=2577) to work on /opt/airflow/dags/dag_2.py
[2026-06-02T09:53:39.690+0000] {processor.py:830} INFO - Processing file /opt/airflow/dags/dag_2.py for tasks to queue
[2026-06-02T09:53:39.691+0000] {logging_mixin.py:188} INFO - [2026-06-02T09:53:39.691+0000] {dagbag.py:540} INFO - Filling up the DagBag from /opt/airflow/dags/dag_2.py
[2026-06-02T09:53:39.702+0000] {processor.py:840} INFO - DAG(s) 'my_first_test_dag2' retrieved from /opt/airflow/dags/dag_2.py
[2026-06-02T09:53:39.718+0000] {logging_mixin.py:188} INFO - [2026-06-02T09:53:39.718+0000] {dag.py:3047} INFO - Sync 1 DAGs
[2026-06-02T09:53:39.728+0000] {logging_mixin.py:188} INFO - [2026-06-02T09:53:39.728+0000] {dag.py:3834} INFO - Setting next_dagrun for my_first_test_dag2 to None, run_after=None
[2026-06-02T09:53:39.746+0000] {processor.py:183} INFO - Processing /opt/airflow/dags/dag_2.py took 0.058 seconds
[2026-06-02T09:54:10.017+0000] {processor.py:161} INFO - Started process (PID=2587) to work on /opt/airflow/dags/dag_2.py
[2026-06-02T09:54:10.018+0000] {processor.py:830} INFO - Processing file /opt/airflow/dags/dag_2.py for tasks to queue
[2026-06-02T09:54:10.019+0000] {logging_mixin.py:188} INFO - [2026-06-02T09:54:10.018+0000] {dagbag.py:540} INFO - Filling up the DagBag from /opt/airflow/dags/dag_2.py
[2026-06-02T09:54:10.031+0000] {processor.py:840} INFO - DAG(s) 'my_first_test_dag2' retrieved from /opt/airflow/dags/dag_2.py
[2026-06-02T09:54:10.049+0000] {logging_mixin.py:188} INFO - [2026-06-02T09:54:10.048+0000] {dag.py:3047} INFO - Sync 1 DAGs
[2026-06-02T09:54:10.060+0000] {logging_mixin.py:188} INFO - [2026-06-02T09:54:10.059+0000] {dag.py:3834} INFO - Setting next_dagrun for my_first_test_dag2 to None, run_after=None
[2026-06-02T09:54:10.077+0000] {processor.py:183} INFO - Processing /opt/airflow/dags/dag_2.py took 0.063 seconds
[2026-06-02T09:54:40.364+0000] {processor.py:161} INFO - Started process (PID=2597) to work on /opt/airflow/dags/dag_2.py
[2026-06-02T09:54:40.366+0000] {processor.py:830} INFO - Processing file /opt/airflow/dags/dag_2.py for tasks to queue
[2026-06-02T09:54:40.368+0000] {logging_mixin.py:188} INFO - [2026-06-02T09:54:40.367+0000] {dagbag.py:540} INFO - Filling up the DagBag from /opt/airflow/dags/dag_2.py
[2026-06-02T09:54:40.386+0000] {processor.py:840} INFO - DAG(s) 'my_first_test_dag2' retrieved from /opt/airflow/dags/dag_2.py
[2026-06-02T09:54:40.412+0000] {logging_mixin.py:188} INFO - [2026-06-02T09:54:40.412+0000] {dag.py:3047} INFO - Sync 1 DAGs
[2026-06-02T09:54:40.426+0000] {logging_mixin.py:188} INFO - [2026-06-02T09:54:40.426+0000] {dag.py:3834} INFO - Setting next_dagrun for my_first_test_dag2 to None, run_after=None
[2026-06-02T09:54:40.449+0000] {processor.py:183} INFO - Processing /opt/airflow/dags/dag_2.py took 0.088 seconds
[2026-06-02T09:55:10.743+0000] {processor.py:161} INFO - Started process (PID=2607) to work on /opt/airflow/dags/dag_2.py
[2026-06-02T09:55:10.744+0000] {processor.py:830} INFO - Processing file /opt/airflow/dags/dag_2.py for tasks to queue
[2026-06-02T09:55:10.745+0000] {logging_mixin.py:188} INFO - [2026-06-02T09:55:10.745+0000] {dagbag.py:540} INFO - Filling up the DagBag from /opt/airflow/dags/dag_2.py
[2026-06-02T09:55:10.756+0000] {processor.py:840} INFO - DAG(s) 'my_first_test_dag2' retrieved from /opt/airflow/dags/dag_2.py
[2026-06-02T09:55:10.773+0000] {logging_mixin.py:188} INFO - [2026-06-02T09:55:10.773+0000] {dag.py:3047} INFO - Sync 1 DAGs
[2026-06-02T09:55:10.784+0000] {logging_mixin.py:188} INFO - [2026-06-02T09:55:10.783+0000] {dag.py:3834} INFO - Setting next_dagrun for my_first_test_dag2 to None, run_after=None
[2026-06-02T09:55:10.809+0000] {processor.py:183} INFO - Processing /opt/airflow/dags/dag_2.py took 0.068 seconds
[2026-06-02T09:55:41.151+0000] {processor.py:161} INFO - Started process (PID=2617) to work on /opt/airflow/dags/dag_2.py
[2026-06-02T09:55:41.152+0000] {processor.py:830} INFO - Processing file /opt/airflow/dags/dag_2.py for tasks to queue
[2026-06-02T09:55:41.153+0000] {logging_mixin.py:188} INFO - [2026-06-02T09:55:41.153+0000] {dagbag.py:540} INFO - Filling up the DagBag from /opt/airflow/dags/dag_2.py
[2026-06-02T09:55:41.166+0000] {processor.py:840} INFO - DAG(s) 'my_first_test_dag2' retrieved from /opt/airflow/dags/dag_2.py
[2026-06-02T09:55:41.187+0000] {logging_mixin.py:188} INFO - [2026-06-02T09:55:41.187+0000] {dag.py:3047} INFO - Sync 1 DAGs
[2026-06-02T09:55:41.199+0000] {logging_mixin.py:188} INFO - [2026-06-02T09:55:41.199+0000] {dag.py:3834} INFO - Setting next_dagrun for my_first_test_dag2 to None, run_after=None
[2026-06-02T09:55:41.229+0000] {processor.py:183} INFO - Processing /opt/airflow/dags/dag_2.py took 0.080 seconds
[2026-06-02T09:56:11.545+0000] {processor.py:161} INFO - Started process (PID=2627) to work on /opt/airflow/dags/dag_2.py
[2026-06-02T09:56:11.546+0000] {processor.py:830} INFO - Processing file /opt/airflow/dags/dag_2.py for tasks to queue
[2026-06-02T09:56:11.548+0000] {logging_mixin.py:188} INFO - [2026-06-02T09:56:11.548+0000] {dagbag.py:540} INFO - Filling up the DagBag from /opt/airflow/dags/dag_2.py
[2026-06-02T09:56:11.563+0000] {processor.py:840} INFO - DAG(s) 'my_first_test_dag2' retrieved from /opt/airflow/dags/dag_2.py
[2026-06-02T09:56:11.585+0000] {logging_mixin.py:188} INFO - [2026-06-02T09:56:11.585+0000] {dag.py:3047} INFO - Sync 1 DAGs
[2026-06-02T09:56:11.602+0000] {logging_mixin.py:188} INFO - [2026-06-02T09:56:11.602+0000] {dag.py:3834} INFO - Setting next_dagrun for my_first_test_dag2 to None, run_after=None
[2026-06-02T09:56:11.634+0000] {processor.py:183} INFO - Processing /opt/airflow/dags/dag_2.py took 0.092 seconds
[2026-06-02T09:56:42.030+0000] {processor.py:161} INFO - Started process (PID=2637) to work on /opt/airflow/dags/dag_2.py
[2026-06-02T09:56:42.031+0000] {processor.py:830} INFO - Processing file /opt/airflow/dags/dag_2.py for tasks to queue
[2026-06-02T09:56:42.032+0000] {logging_mixin.py:188} INFO - [2026-06-02T09:56:42.032+0000] {dagbag.py:540} INFO - Filling up the DagBag from /opt/airflow/dags/dag_2.py
[2026-06-02T09:56:42.045+0000] {processor.py:840} INFO - DAG(s) 'my_first_test_dag2' retrieved from /opt/airflow/dags/dag_2.py
[2026-06-02T09:56:42.065+0000] {logging_mixin.py:188} INFO - [2026-06-02T09:56:42.065+0000] {dag.py:3047} INFO - Sync 1 DAGs
[2026-06-02T09:56:42.079+0000] {logging_mixin.py:188} INFO - [2026-06-02T09:56:42.078+0000] {dag.py:3834} INFO - Setting next_dagrun for my_first_test_dag2 to None, run_after=None
[2026-06-02T09:56:42.105+0000] {processor.py:183} INFO - Processing /opt/airflow/dags/dag_2.py took 0.079 seconds
[2026-06-02T09:57:12.415+0000] {processor.py:161} INFO - Started process (PID=2647) to work on /opt/airflow/dags/dag_2.py
[2026-06-02T09:57:12.416+0000] {processor.py:830} INFO - Processing file /opt/airflow/dags/dag_2.py for tasks to queue
[2026-06-02T09:57:12.417+0000] {logging_mixin.py:188} INFO - [2026-06-02T09:57:12.417+0000] {dagbag.py:540} INFO - Filling up the DagBag from /opt/airflow/dags/dag_2.py
[2026-06-02T09:57:12.430+0000] {processor.py:840} INFO - DAG(s) 'my_first_test_dag2' retrieved from /opt/airflow/dags/dag_2.py
[2026-06-02T09:57:12.447+0000] {logging_mixin.py:188} INFO - [2026-06-02T09:57:12.447+0000] {dag.py:3047} INFO - Sync 1 DAGs
[2026-06-02T09:57:12.464+0000] {logging_mixin.py:188} INFO - [2026-06-02T09:57:12.458+0000] {dag.py:3834} INFO - Setting next_dagrun for my_first_test_dag2 to None, run_after=None
[2026-06-02T09:57:12.552+0000] {processor.py:183} INFO - Processing /opt/airflow/dags/dag_2.py took 0.140 seconds
[2026-06-02T09:57:42.762+0000] {processor.py:161} INFO - Started process (PID=2657) to work on /opt/airflow/dags/dag_2.py
[2026-06-02T09:57:42.763+0000] {processor.py:830} INFO - Processing file /opt/airflow/dags/dag_2.py for tasks to queue
[2026-06-02T09:57:42.764+0000] {logging_mixin.py:188} INFO - [2026-06-02T09:57:42.764+0000] {dagbag.py:540} INFO - Filling up the DagBag from /opt/airflow/dags/dag_2.py
[2026-06-02T09:57:42.775+0000] {processor.py:840} INFO - DAG(s) 'my_first_test_dag2' retrieved from /opt/airflow/dags/dag_2.py
[2026-06-02T09:57:42.792+0000] {logging_mixin.py:188} INFO - [2026-06-02T09:57:42.792+0000] {dag.py:3047} INFO - Sync 1 DAGs
[2026-06-02T09:57:42.805+0000] {logging_mixin.py:188} INFO - [2026-06-02T09:57:42.804+0000] {dag.py:3834} INFO - Setting next_dagrun for my_first_test_dag2 to None, run_after=None
[2026-06-02T09:57:42.823+0000] {processor.py:183} INFO - Processing /opt/airflow/dags/dag_2.py took 0.063 seconds
[2026-06-02T09:58:13.124+0000] {processor.py:161} INFO - Started process (PID=2672) to work on /opt/airflow/dags/dag_2.py
[2026-06-02T09:58:13.126+0000] {processor.py:830} INFO - Processing file /opt/airflow/dags/dag_2.py for tasks to queue
[2026-06-02T09:58:13.126+0000] {logging_mixin.py:188} INFO - [2026-06-02T09:58:13.126+0000] {dagbag.py:540} INFO - Filling up the DagBag from /opt/airflow/dags/dag_2.py
[2026-06-02T09:58:13.137+0000] {processor.py:840} INFO - DAG(s) 'my_first_test_dag2' retrieved from /opt/airflow/dags/dag_2.py
[2026-06-02T09:58:13.155+0000] {logging_mixin.py:188} INFO - [2026-06-02T09:58:13.155+0000] {dag.py:3047} INFO - Sync 1 DAGs
[2026-06-02T09:58:13.165+0000] {logging_mixin.py:188} INFO - [2026-06-02T09:58:13.165+0000] {dag.py:3834} INFO - Setting next_dagrun for my_first_test_dag2 to None, run_after=None
[2026-06-02T09:58:13.184+0000] {processor.py:183} INFO - Processing /opt/airflow/dags/dag_2.py took 0.063 seconds
[2026-06-02T09:58:43.509+0000] {processor.py:161} INFO - Started process (PID=2682) to work on /opt/airflow/dags/dag_2.py
[2026-06-02T09:58:43.510+0000] {processor.py:830} INFO - Processing file /opt/airflow/dags/dag_2.py for tasks to queue
[2026-06-02T09:58:43.510+0000] {logging_mixin.py:188} INFO - [2026-06-02T09:58:43.510+0000] {dagbag.py:540} INFO - Filling up the DagBag from /opt/airflow/dags/dag_2.py
[2026-06-02T09:58:43.524+0000] {processor.py:840} INFO - DAG(s) 'my_first_test_dag2' retrieved from /opt/airflow/dags/dag_2.py
[2026-06-02T09:58:43.541+0000] {logging_mixin.py:188} INFO - [2026-06-02T09:58:43.541+0000] {dag.py:3047} INFO - Sync 1 DAGs
[2026-06-02T09:58:43.552+0000] {logging_mixin.py:188} INFO - [2026-06-02T09:58:43.552+0000] {dag.py:3834} INFO - Setting next_dagrun for my_first_test_dag2 to None, run_after=None
[2026-06-02T09:58:43.569+0000] {processor.py:183} INFO - Processing /opt/airflow/dags/dag_2.py took 0.063 seconds
[2026-06-02T09:59:14.056+0000] {processor.py:161} INFO - Started process (PID=2692) to work on /opt/airflow/dags/dag_2.py
[2026-06-02T09:59:14.057+0000] {processor.py:830} INFO - Processing file /opt/airflow/dags/dag_2.py for tasks to queue
[2026-06-02T09:59:14.058+0000] {logging_mixin.py:188} INFO - [2026-06-02T09:59:14.058+0000] {dagbag.py:540} INFO - Filling up the DagBag from /opt/airflow/dags/dag_2.py
[2026-06-02T09:59:14.079+0000] {processor.py:840} INFO - DAG(s) 'my_first_test_dag2' retrieved from /opt/airflow/dags/dag_2.py
[2026-06-02T09:59:14.097+0000] {logging_mixin.py:188} INFO - [2026-06-02T09:59:14.097+0000] {dag.py:3047} INFO - Sync 1 DAGs
[2026-06-02T09:59:14.108+0000] {logging_mixin.py:188} INFO - [2026-06-02T09:59:14.107+0000] {dag.py:3834} INFO - Setting next_dagrun for my_first_test_dag2 to None, run_after=None
[2026-06-02T09:59:14.134+0000] {processor.py:183} INFO - Processing /opt/airflow/dags/dag_2.py took 0.080 seconds
[2026-06-02T09:59:44.537+0000] {processor.py:161} INFO - Started process (PID=2712) to work on /opt/airflow/dags/dag_2.py
[2026-06-02T09:59:44.537+0000] {processor.py:830} INFO - Processing file /opt/airflow/dags/dag_2.py for tasks to queue
[2026-06-02T09:59:44.539+0000] {logging_mixin.py:188} INFO - [2026-06-02T09:59:44.538+0000] {dagbag.py:540} INFO - Filling up the DagBag from /opt/airflow/dags/dag_2.py
[2026-06-02T09:59:44.562+0000] {processor.py:840} INFO - DAG(s) 'my_first_test_dag2' retrieved from /opt/airflow/dags/dag_2.py
[2026-06-02T09:59:44.581+0000] {logging_mixin.py:188} INFO - [2026-06-02T09:59:44.581+0000] {dag.py:3047} INFO - Sync 1 DAGs
[2026-06-02T09:59:44.591+0000] {logging_mixin.py:188} INFO - [2026-06-02T09:59:44.591+0000] {dag.py:3834} INFO - Setting next_dagrun for my_first_test_dag2 to None, run_after=None
[2026-06-02T09:59:44.617+0000] {processor.py:183} INFO - Processing /opt/airflow/dags/dag_2.py took 0.083 seconds
[2026-06-02T10:00:14.887+0000] {processor.py:161} INFO - Started process (PID=2722) to work on /opt/airflow/dags/dag_2.py
[2026-06-02T10:00:14.892+0000] {processor.py:830} INFO - Processing file /opt/airflow/dags/dag_2.py for tasks to queue
[2026-06-02T10:00:14.894+0000] {logging_mixin.py:188} INFO - [2026-06-02T10:00:14.893+0000] {dagbag.py:540} INFO - Filling up the DagBag from /opt/airflow/dags/dag_2.py
[2026-06-02T10:00:14.914+0000] {processor.py:840} INFO - DAG(s) 'my_first_test_dag2' retrieved from /opt/airflow/dags/dag_2.py
[2026-06-02T10:00:14.942+0000] {logging_mixin.py:188} INFO - [2026-06-02T10:00:14.942+0000] {dag.py:3047} INFO - Sync 1 DAGs
[2026-06-02T10:00:14.962+0000] {logging_mixin.py:188} INFO - [2026-06-02T10:00:14.961+0000] {dag.py:3834} INFO - Setting next_dagrun for my_first_test_dag2 to None, run_after=None
[2026-06-02T10:00:14.993+0000] {processor.py:183} INFO - Processing /opt/airflow/dags/dag_2.py took 0.110 seconds
[2026-06-02T10:00:45.462+0000] {processor.py:161} INFO - Started process (PID=2732) to work on /opt/airflow/dags/dag_2.py
[2026-06-02T10:00:45.463+0000] {processor.py:830} INFO - Processing file /opt/airflow/dags/dag_2.py for tasks to queue
[2026-06-02T10:00:45.464+0000] {logging_mixin.py:188} INFO - [2026-06-02T10:00:45.464+0000] {dagbag.py:540} INFO - Filling up the DagBag from /opt/airflow/dags/dag_2.py
[2026-06-02T10:00:45.485+0000] {processor.py:840} INFO - DAG(s) 'my_first_test_dag2' retrieved from /opt/airflow/dags/dag_2.py
[2026-06-02T10:00:45.503+0000] {logging_mixin.py:188} INFO - [2026-06-02T10:00:45.503+0000] {dag.py:3047} INFO - Sync 1 DAGs
[2026-06-02T10:00:45.515+0000] {logging_mixin.py:188} INFO - [2026-06-02T10:00:45.514+0000] {dag.py:3834} INFO - Setting next_dagrun for my_first_test_dag2 to None, run_after=None
[2026-06-02T10:00:45.533+0000] {processor.py:183} INFO - Processing /opt/airflow/dags/dag_2.py took 0.074 seconds
[2026-06-02T10:01:15.864+0000] {processor.py:161} INFO - Started process (PID=2742) to work on /opt/airflow/dags/dag_2.py
[2026-06-02T10:01:15.865+0000] {processor.py:830} INFO - Processing file /opt/airflow/dags/dag_2.py for tasks to queue
[2026-06-02T10:01:15.866+0000] {logging_mixin.py:188} INFO - [2026-06-02T10:01:15.866+0000] {dagbag.py:540} INFO - Filling up the DagBag from /opt/airflow/dags/dag_2.py
[2026-06-02T10:01:15.899+0000] {processor.py:840} INFO - DAG(s) 'my_first_test_dag2' retrieved from /opt/airflow/dags/dag_2.py
[2026-06-02T10:01:15.921+0000] {logging_mixin.py:188} INFO - [2026-06-02T10:01:15.920+0000] {dag.py:3047} INFO - Sync 1 DAGs
[2026-06-02T10:01:15.933+0000] {logging_mixin.py:188} INFO - [2026-06-02T10:01:15.933+0000] {dag.py:3834} INFO - Setting next_dagrun for my_first_test_dag2 to None, run_after=None
[2026-06-02T10:01:15.962+0000] {processor.py:183} INFO - Processing /opt/airflow/dags/dag_2.py took 0.101 seconds
[2026-06-02T10:01:46.349+0000] {processor.py:161} INFO - Started process (PID=2752) to work on /opt/airflow/dags/dag_2.py
[2026-06-02T10:01:46.352+0000] {processor.py:830} INFO - Processing file /opt/airflow/dags/dag_2.py for tasks to queue
[2026-06-02T10:01:46.355+0000] {logging_mixin.py:188} INFO - [2026-06-02T10:01:46.354+0000] {dagbag.py:540} INFO - Filling up the DagBag from /opt/airflow/dags/dag_2.py
[2026-06-02T10:01:46.389+0000] {processor.py:840} INFO - DAG(s) 'my_first_test_dag2' retrieved from /opt/airflow/dags/dag_2.py
[2026-06-02T10:01:46.415+0000] {logging_mixin.py:188} INFO - [2026-06-02T10:01:46.415+0000] {dag.py:3047} INFO - Sync 1 DAGs
[2026-06-02T10:01:46.432+0000] {logging_mixin.py:188} INFO - [2026-06-02T10:01:46.432+0000] {dag.py:3834} INFO - Setting next_dagrun for my_first_test_dag2 to None, run_after=None
[2026-06-02T10:01:46.455+0000] {processor.py:183} INFO - Processing /opt/airflow/dags/dag_2.py took 0.115 seconds
[2026-06-02T10:02:16.995+0000] {processor.py:161} INFO - Started process (PID=2762) to work on /opt/airflow/dags/dag_2.py
[2026-06-02T10:02:16.996+0000] {processor.py:830} INFO - Processing file /opt/airflow/dags/dag_2.py for tasks to queue
[2026-06-02T10:02:16.997+0000] {logging_mixin.py:188} INFO - [2026-06-02T10:02:16.997+0000] {dagbag.py:540} INFO - Filling up the DagBag from /opt/airflow/dags/dag_2.py
[2026-06-02T10:02:17.035+0000] {processor.py:840} INFO - DAG(s) 'my_first_test_dag2' retrieved from /opt/airflow/dags/dag_2.py
[2026-06-02T10:02:17.054+0000] {logging_mixin.py:188} INFO - [2026-06-02T10:02:17.054+0000] {dag.py:3047} INFO - Sync 1 DAGs
[2026-06-02T10:02:17.069+0000] {logging_mixin.py:188} INFO - [2026-06-02T10:02:17.069+0000] {dag.py:3834} INFO - Setting next_dagrun for my_first_test_dag2 to None, run_after=None
[2026-06-02T10:02:17.089+0000] {processor.py:183} INFO - Processing /opt/airflow/dags/dag_2.py took 0.098 seconds
[2026-06-02T10:02:47.760+0000] {processor.py:161} INFO - Started process (PID=2772) to work on /opt/airflow/dags/dag_2.py
[2026-06-02T10:02:47.761+0000] {processor.py:830} INFO - Processing file /opt/airflow/dags/dag_2.py for tasks to queue
[2026-06-02T10:02:47.763+0000] {logging_mixin.py:188} INFO - [2026-06-02T10:02:47.763+0000] {dagbag.py:540} INFO - Filling up the DagBag from /opt/airflow/dags/dag_2.py
[2026-06-02T10:02:47.812+0000] {processor.py:840} INFO - DAG(s) 'my_first_test_dag2' retrieved from /opt/airflow/dags/dag_2.py
[2026-06-02T10:02:47.840+0000] {logging_mixin.py:188} INFO - [2026-06-02T10:02:47.840+0000] {dag.py:3047} INFO - Sync 1 DAGs
[2026-06-02T10:02:47.852+0000] {logging_mixin.py:188} INFO - [2026-06-02T10:02:47.852+0000] {dag.py:3834} INFO - Setting next_dagrun for my_first_test_dag2 to None, run_after=None
[2026-06-02T10:02:47.879+0000] {processor.py:183} INFO - Processing /opt/airflow/dags/dag_2.py took 0.123 seconds
[2026-06-02T10:03:18.377+0000] {processor.py:161} INFO - Started process (PID=2782) to work on /opt/airflow/dags/dag_2.py
[2026-06-02T10:03:18.378+0000] {processor.py:830} INFO - Processing file /opt/airflow/dags/dag_2.py for tasks to queue
[2026-06-02T10:03:18.379+0000] {logging_mixin.py:188} INFO - [2026-06-02T10:03:18.379+0000] {dagbag.py:540} INFO - Filling up the DagBag from /opt/airflow/dags/dag_2.py
[2026-06-02T10:03:18.402+0000] {processor.py:840} INFO - DAG(s) 'my_first_test_dag2' retrieved from /opt/airflow/dags/dag_2.py
[2026-06-02T10:03:18.425+0000] {logging_mixin.py:188} INFO - [2026-06-02T10:03:18.425+0000] {dag.py:3047} INFO - Sync 1 DAGs
[2026-06-02T10:03:18.439+0000] {logging_mixin.py:188} INFO - [2026-06-02T10:03:18.438+0000] {dag.py:3834} INFO - Setting next_dagrun for my_first_test_dag2 to None, run_after=None
[2026-06-02T10:03:18.465+0000] {processor.py:183} INFO - Processing /opt/airflow/dags/dag_2.py took 0.093 seconds
[2026-06-02T10:03:49.059+0000] {processor.py:161} INFO - Started process (PID=2792) to work on /opt/airflow/dags/dag_2.py
[2026-06-02T10:03:49.060+0000] {processor.py:830} INFO - Processing file /opt/airflow/dags/dag_2.py for tasks to queue
[2026-06-02T10:03:49.061+0000] {logging_mixin.py:188} INFO - [2026-06-02T10:03:49.061+0000] {dagbag.py:540} INFO - Filling up the DagBag from /opt/airflow/dags/dag_2.py
[2026-06-02T10:03:49.085+0000] {processor.py:840} INFO - DAG(s) 'my_first_test_dag2' retrieved from /opt/airflow/dags/dag_2.py
[2026-06-02T10:03:49.117+0000] {logging_mixin.py:188} INFO - [2026-06-02T10:03:49.117+0000] {dag.py:3047} INFO - Sync 1 DAGs
[2026-06-02T10:03:49.129+0000] {logging_mixin.py:188} INFO - [2026-06-02T10:03:49.129+0000] {dag.py:3834} INFO - Setting next_dagrun for my_first_test_dag2 to None, run_after=None
[2026-06-02T10:03:49.161+0000] {processor.py:183} INFO - Processing /opt/airflow/dags/dag_2.py took 0.104 seconds
[2026-06-02T10:04:19.612+0000] {processor.py:161} INFO - Started process (PID=2802) to work on /opt/airflow/dags/dag_2.py
[2026-06-02T10:04:19.614+0000] {processor.py:830} INFO - Processing file /opt/airflow/dags/dag_2.py for tasks to queue
[2026-06-02T10:04:19.615+0000] {logging_mixin.py:188} INFO - [2026-06-02T10:04:19.615+0000] {dagbag.py:540} INFO - Filling up the DagBag from /opt/airflow/dags/dag_2.py
[2026-06-02T10:04:19.645+0000] {processor.py:840} INFO - DAG(s) 'my_first_test_dag2' retrieved from /opt/airflow/dags/dag_2.py
[2026-06-02T10:04:19.665+0000] {logging_mixin.py:188} INFO - [2026-06-02T10:04:19.665+0000] {dag.py:3047} INFO - Sync 1 DAGs
[2026-06-02T10:04:19.678+0000] {logging_mixin.py:188} INFO - [2026-06-02T10:04:19.678+0000] {dag.py:3834} INFO - Setting next_dagrun for my_first_test_dag2 to None, run_after=None
[2026-06-02T10:04:19.700+0000] {processor.py:183} INFO - Processing /opt/airflow/dags/dag_2.py took 0.090 seconds
[2026-06-02T10:04:50.077+0000] {processor.py:161} INFO - Started process (PID=2812) to work on /opt/airflow/dags/dag_2.py
[2026-06-02T10:04:50.078+0000] {processor.py:830} INFO - Processing file /opt/airflow/dags/dag_2.py for tasks to queue
[2026-06-02T10:04:50.079+0000] {logging_mixin.py:188} INFO - [2026-06-02T10:04:50.079+0000] {dagbag.py:540} INFO - Filling up the DagBag from /opt/airflow/dags/dag_2.py
[2026-06-02T10:04:50.109+0000] {processor.py:840} INFO - DAG(s) 'my_first_test_dag2' retrieved from /opt/airflow/dags/dag_2.py
[2026-06-02T10:04:50.131+0000] {logging_mixin.py:188} INFO - [2026-06-02T10:04:50.131+0000] {dag.py:3047} INFO - Sync 1 DAGs
[2026-06-02T10:04:50.148+0000] {logging_mixin.py:188} INFO - [2026-06-02T10:04:50.148+0000] {dag.py:3834} INFO - Setting next_dagrun for my_first_test_dag2 to None, run_after=None
[2026-06-02T10:04:50.184+0000] {processor.py:183} INFO - Processing /opt/airflow/dags/dag_2.py took 0.110 seconds
[2026-06-02T10:05:20.781+0000] {processor.py:161} INFO - Started process (PID=2822) to work on /opt/airflow/dags/dag_2.py
[2026-06-02T10:05:20.784+0000] {processor.py:830} INFO - Processing file /opt/airflow/dags/dag_2.py for tasks to queue
[2026-06-02T10:05:20.785+0000] {logging_mixin.py:188} INFO - [2026-06-02T10:05:20.785+0000] {dagbag.py:540} INFO - Filling up the DagBag from /opt/airflow/dags/dag_2.py
[2026-06-02T10:05:20.822+0000] {processor.py:840} INFO - DAG(s) 'my_first_test_dag2' retrieved from /opt/airflow/dags/dag_2.py
[2026-06-02T10:05:20.844+0000] {logging_mixin.py:188} INFO - [2026-06-02T10:05:20.844+0000] {dag.py:3047} INFO - Sync 1 DAGs
[2026-06-02T10:05:20.857+0000] {logging_mixin.py:188} INFO - [2026-06-02T10:05:20.856+0000] {dag.py:3834} INFO - Setting next_dagrun for my_first_test_dag2 to None, run_after=None
[2026-06-02T10:05:20.884+0000] {processor.py:183} INFO - Processing /opt/airflow/dags/dag_2.py took 0.105 seconds
[2026-06-02T10:05:51.342+0000] {processor.py:161} INFO - Started process (PID=2832) to work on /opt/airflow/dags/dag_2.py
[2026-06-02T10:05:51.344+0000] {processor.py:830} INFO - Processing file /opt/airflow/dags/dag_2.py for tasks to queue
[2026-06-02T10:05:51.345+0000] {logging_mixin.py:188} INFO - [2026-06-02T10:05:51.345+0000] {dagbag.py:540} INFO - Filling up the DagBag from /opt/airflow/dags/dag_2.py
[2026-06-02T10:05:51.376+0000] {processor.py:840} INFO - DAG(s) 'my_first_test_dag2' retrieved from /opt/airflow/dags/dag_2.py
[2026-06-02T10:05:51.397+0000] {logging_mixin.py:188} INFO - [2026-06-02T10:05:51.397+0000] {dag.py:3047} INFO - Sync 1 DAGs
[2026-06-02T10:05:51.410+0000] {logging_mixin.py:188} INFO - [2026-06-02T10:05:51.410+0000] {dag.py:3834} INFO - Setting next_dagrun for my_first_test_dag2 to None, run_after=None
[2026-06-02T10:05:51.437+0000] {processor.py:183} INFO - Processing /opt/airflow/dags/dag_2.py took 0.097 seconds
[2026-06-02T10:06:21.976+0000] {processor.py:161} INFO - Started process (PID=2842) to work on /opt/airflow/dags/dag_2.py
[2026-06-02T10:06:21.978+0000] {processor.py:830} INFO - Processing file /opt/airflow/dags/dag_2.py for tasks to queue
[2026-06-02T10:06:21.979+0000] {logging_mixin.py:188} INFO - [2026-06-02T10:06:21.979+0000] {dagbag.py:540} INFO - Filling up the DagBag from /opt/airflow/dags/dag_2.py
[2026-06-02T10:06:22.004+0000] {processor.py:840} INFO - DAG(s) 'my_first_test_dag2' retrieved from /opt/airflow/dags/dag_2.py
[2026-06-02T10:06:22.025+0000] {logging_mixin.py:188} INFO - [2026-06-02T10:06:22.025+0000] {dag.py:3047} INFO - Sync 1 DAGs
[2026-06-02T10:06:22.036+0000] {logging_mixin.py:188} INFO - [2026-06-02T10:06:22.036+0000] {dag.py:3834} INFO - Setting next_dagrun for my_first_test_dag2 to None, run_after=None
[2026-06-02T10:06:22.064+0000] {processor.py:183} INFO - Processing /opt/airflow/dags/dag_2.py took 0.091 seconds
[2026-06-02T10:06:52.799+0000] {processor.py:161} INFO - Started process (PID=2852) to work on /opt/airflow/dags/dag_2.py
[2026-06-02T10:06:52.801+0000] {processor.py:830} INFO - Processing file /opt/airflow/dags/dag_2.py for tasks to queue
[2026-06-02T10:06:52.802+0000] {logging_mixin.py:188} INFO - [2026-06-02T10:06:52.802+0000] {dagbag.py:540} INFO - Filling up the DagBag from /opt/airflow/dags/dag_2.py
[2026-06-02T10:06:52.921+0000] {processor.py:840} INFO - DAG(s) 'my_first_test_dag2' retrieved from /opt/airflow/dags/dag_2.py
[2026-06-02T10:06:52.958+0000] {logging_mixin.py:188} INFO - [2026-06-02T10:06:52.958+0000] {dag.py:3047} INFO - Sync 1 DAGs
[2026-06-02T10:06:52.977+0000] {logging_mixin.py:188} INFO - [2026-06-02T10:06:52.976+0000] {dag.py:3834} INFO - Setting next_dagrun for my_first_test_dag2 to None, run_after=None
[2026-06-02T10:06:53.071+0000] {processor.py:183} INFO - Processing /opt/airflow/dags/dag_2.py took 0.279 seconds
[2026-06-02T10:07:23.632+0000] {processor.py:161} INFO - Started process (PID=2862) to work on /opt/airflow/dags/dag_2.py
[2026-06-02T10:07:23.633+0000] {processor.py:830} INFO - Processing file /opt/airflow/dags/dag_2.py for tasks to queue
[2026-06-02T10:07:23.634+0000] {logging_mixin.py:188} INFO - [2026-06-02T10:07:23.634+0000] {dagbag.py:540} INFO - Filling up the DagBag from /opt/airflow/dags/dag_2.py
[2026-06-02T10:07:23.663+0000] {processor.py:840} INFO - DAG(s) 'my_first_test_dag2' retrieved from /opt/airflow/dags/dag_2.py
[2026-06-02T10:07:23.683+0000] {logging_mixin.py:188} INFO - [2026-06-02T10:07:23.683+0000] {dag.py:3047} INFO - Sync 1 DAGs
[2026-06-02T10:07:23.695+0000] {logging_mixin.py:188} INFO - [2026-06-02T10:07:23.695+0000] {dag.py:3834} INFO - Setting next_dagrun for my_first_test_dag2 to None, run_after=None
[2026-06-02T10:07:23.722+0000] {processor.py:183} INFO - Processing /opt/airflow/dags/dag_2.py took 0.092 seconds
[2026-06-02T10:07:53.878+0000] {processor.py:161} INFO - Started process (PID=2877) to work on /opt/airflow/dags/dag_2.py
[2026-06-02T10:07:53.884+0000] {processor.py:830} INFO - Processing file /opt/airflow/dags/dag_2.py for tasks to queue
[2026-06-02T10:07:53.893+0000] {logging_mixin.py:188} INFO - [2026-06-02T10:07:53.889+0000] {dagbag.py:540} INFO - Filling up the DagBag from /opt/airflow/dags/dag_2.py
[2026-06-02T10:07:54.004+0000] {processor.py:840} INFO - DAG(s) 'my_first_test_dag2' retrieved from /opt/airflow/dags/dag_2.py
[2026-06-02T10:07:54.053+0000] {logging_mixin.py:188} INFO - [2026-06-02T10:07:54.053+0000] {dag.py:3047} INFO - Sync 1 DAGs
[2026-06-02T10:07:54.082+0000] {logging_mixin.py:188} INFO - [2026-06-02T10:07:54.082+0000] {dag.py:3834} INFO - Setting next_dagrun for my_first_test_dag2 to None, run_after=None
[2026-06-02T10:07:54.119+0000] {processor.py:183} INFO - Processing /opt/airflow/dags/dag_2.py took 0.259 seconds
[2026-06-02T10:08:24.538+0000] {processor.py:161} INFO - Started process (PID=2887) to work on /opt/airflow/dags/dag_2.py
[2026-06-02T10:08:24.539+0000] {processor.py:830} INFO - Processing file /opt/airflow/dags/dag_2.py for tasks to queue
[2026-06-02T10:08:24.541+0000] {logging_mixin.py:188} INFO - [2026-06-02T10:08:24.540+0000] {dagbag.py:540} INFO - Filling up the DagBag from /opt/airflow/dags/dag_2.py
[2026-06-02T10:08:24.578+0000] {processor.py:840} INFO - DAG(s) 'my_first_test_dag2' retrieved from /opt/airflow/dags/dag_2.py
[2026-06-02T10:08:24.604+0000] {logging_mixin.py:188} INFO - [2026-06-02T10:08:24.604+0000] {dag.py:3047} INFO - Sync 1 DAGs
[2026-06-02T10:08:24.617+0000] {logging_mixin.py:188} INFO - [2026-06-02T10:08:24.616+0000] {dag.py:3834} INFO - Setting next_dagrun for my_first_test_dag2 to None, run_after=None
[2026-06-02T10:08:24.649+0000] {processor.py:183} INFO - Processing /opt/airflow/dags/dag_2.py took 0.114 seconds
[2026-06-02T10:08:55.078+0000] {processor.py:161} INFO - Started process (PID=2897) to work on /opt/airflow/dags/dag_2.py
[2026-06-02T10:08:55.079+0000] {processor.py:830} INFO - Processing file /opt/airflow/dags/dag_2.py for tasks to queue
[2026-06-02T10:08:55.080+0000] {logging_mixin.py:188} INFO - [2026-06-02T10:08:55.080+0000] {dagbag.py:540} INFO - Filling up the DagBag from /opt/airflow/dags/dag_2.py
[2026-06-02T10:08:55.104+0000] {processor.py:840} INFO - DAG(s) 'my_first_test_dag2' retrieved from /opt/airflow/dags/dag_2.py
[2026-06-02T10:08:55.122+0000] {logging_mixin.py:188} INFO - [2026-06-02T10:08:55.122+0000] {dag.py:3047} INFO - Sync 1 DAGs
[2026-06-02T10:08:55.134+0000] {logging_mixin.py:188} INFO - [2026-06-02T10:08:55.134+0000] {dag.py:3834} INFO - Setting next_dagrun for my_first_test_dag2 to None, run_after=None
[2026-06-02T10:08:55.161+0000] {processor.py:183} INFO - Processing /opt/airflow/dags/dag_2.py took 0.085 seconds
[2026-06-02T10:09:25.825+0000] {processor.py:161} INFO - Started process (PID=2917) to work on /opt/airflow/dags/dag_2.py
[2026-06-02T10:09:25.827+0000] {processor.py:830} INFO - Processing file /opt/airflow/dags/dag_2.py for tasks to queue
[2026-06-02T10:09:25.829+0000] {logging_mixin.py:188} INFO - [2026-06-02T10:09:25.828+0000] {dagbag.py:540} INFO - Filling up the DagBag from /opt/airflow/dags/dag_2.py
[2026-06-02T10:09:25.856+0000] {processor.py:840} INFO - DAG(s) 'my_first_test_dag2' retrieved from /opt/airflow/dags/dag_2.py
[2026-06-02T10:09:25.884+0000] {logging_mixin.py:188} INFO - [2026-06-02T10:09:25.884+0000] {dag.py:3047} INFO - Sync 1 DAGs
[2026-06-02T10:09:25.900+0000] {logging_mixin.py:188} INFO - [2026-06-02T10:09:25.900+0000] {dag.py:3834} INFO - Setting next_dagrun for my_first_test_dag2 to None, run_after=None
[2026-06-02T10:09:25.929+0000] {processor.py:183} INFO - Processing /opt/airflow/dags/dag_2.py took 0.106 seconds
[2026-06-02T10:09:56.236+0000] {processor.py:161} INFO - Started process (PID=2927) to work on /opt/airflow/dags/dag_2.py
[2026-06-02T10:09:56.237+0000] {processor.py:830} INFO - Processing file /opt/airflow/dags/dag_2.py for tasks to queue
[2026-06-02T10:09:56.238+0000] {logging_mixin.py:188} INFO - [2026-06-02T10:09:56.238+0000] {dagbag.py:540} INFO - Filling up the DagBag from /opt/airflow/dags/dag_2.py
[2026-06-02T10:09:56.249+0000] {processor.py:840} INFO - DAG(s) 'my_first_test_dag2' retrieved from /opt/airflow/dags/dag_2.py
[2026-06-02T10:09:56.266+0000] {logging_mixin.py:188} INFO - [2026-06-02T10:09:56.266+0000] {dag.py:3047} INFO - Sync 1 DAGs
[2026-06-02T10:09:56.277+0000] {logging_mixin.py:188} INFO - [2026-06-02T10:09:56.277+0000] {dag.py:3834} INFO - Setting next_dagrun for my_first_test_dag2 to None, run_after=None
[2026-06-02T10:09:56.297+0000] {processor.py:183} INFO - Processing /opt/airflow/dags/dag_2.py took 0.064 seconds
[2026-06-02T10:10:26.565+0000] {processor.py:161} INFO - Started process (PID=2937) to work on /opt/airflow/dags/dag_2.py
[2026-06-02T10:10:26.566+0000] {processor.py:830} INFO - Processing file /opt/airflow/dags/dag_2.py for tasks to queue
[2026-06-02T10:10:26.566+0000] {logging_mixin.py:188} INFO - [2026-06-02T10:10:26.566+0000] {dagbag.py:540} INFO - Filling up the DagBag from /opt/airflow/dags/dag_2.py
[2026-06-02T10:10:26.577+0000] {processor.py:840} INFO - DAG(s) 'my_first_test_dag2' retrieved from /opt/airflow/dags/dag_2.py
[2026-06-02T10:10:26.594+0000] {logging_mixin.py:188} INFO - [2026-06-02T10:10:26.593+0000] {dag.py:3047} INFO - Sync 1 DAGs
[2026-06-02T10:10:26.604+0000] {logging_mixin.py:188} INFO - [2026-06-02T10:10:26.603+0000] {dag.py:3834} INFO - Setting next_dagrun for my_first_test_dag2 to None, run_after=None
[2026-06-02T10:10:26.622+0000] {processor.py:183} INFO - Processing /opt/airflow/dags/dag_2.py took 0.060 seconds
[2026-06-02T10:10:56.952+0000] {processor.py:161} INFO - Started process (PID=2947) to work on /opt/airflow/dags/dag_2.py
[2026-06-02T10:10:56.954+0000] {processor.py:830} INFO - Processing file /opt/airflow/dags/dag_2.py for tasks to queue
[2026-06-02T10:10:56.955+0000] {logging_mixin.py:188} INFO - [2026-06-02T10:10:56.954+0000] {dagbag.py:540} INFO - Filling up the DagBag from /opt/airflow/dags/dag_2.py
[2026-06-02T10:10:56.968+0000] {processor.py:840} INFO - DAG(s) 'my_first_test_dag2' retrieved from /opt/airflow/dags/dag_2.py
[2026-06-02T10:10:56.988+0000] {logging_mixin.py:188} INFO - [2026-06-02T10:10:56.988+0000] {dag.py:3047} INFO - Sync 1 DAGs
[2026-06-02T10:10:56.999+0000] {logging_mixin.py:188} INFO - [2026-06-02T10:10:56.999+0000] {dag.py:3834} INFO - Setting next_dagrun for my_first_test_dag2 to None, run_after=None
[2026-06-02T10:10:57.026+0000] {processor.py:183} INFO - Processing /opt/airflow/dags/dag_2.py took 0.077 seconds
[2026-06-02T10:11:27.460+0000] {processor.py:161} INFO - Started process (PID=2957) to work on /opt/airflow/dags/dag_2.py
[2026-06-02T10:11:27.461+0000] {processor.py:830} INFO - Processing file /opt/airflow/dags/dag_2.py for tasks to queue
[2026-06-02T10:11:27.462+0000] {logging_mixin.py:188} INFO - [2026-06-02T10:11:27.462+0000] {dagbag.py:540} INFO - Filling up the DagBag from /opt/airflow/dags/dag_2.py
[2026-06-02T10:11:27.476+0000] {processor.py:840} INFO - DAG(s) 'my_first_test_dag2' retrieved from /opt/airflow/dags/dag_2.py
[2026-06-02T10:11:27.494+0000] {logging_mixin.py:188} INFO - [2026-06-02T10:11:27.494+0000] {dag.py:3047} INFO - Sync 1 DAGs
[2026-06-02T10:11:27.505+0000] {logging_mixin.py:188} INFO - [2026-06-02T10:11:27.505+0000] {dag.py:3834} INFO - Setting next_dagrun for my_first_test_dag2 to None, run_after=None
[2026-06-02T10:11:27.531+0000] {processor.py:183} INFO - Processing /opt/airflow/dags/dag_2.py took 0.073 seconds
[2026-06-02T10:11:57.785+0000] {processor.py:161} INFO - Started process (PID=2967) to work on /opt/airflow/dags/dag_2.py
[2026-06-02T10:11:57.786+0000] {processor.py:830} INFO - Processing file /opt/airflow/dags/dag_2.py for tasks to queue
[2026-06-02T10:11:57.787+0000] {logging_mixin.py:188} INFO - [2026-06-02T10:11:57.787+0000] {dagbag.py:540} INFO - Filling up the DagBag from /opt/airflow/dags/dag_2.py
[2026-06-02T10:11:57.800+0000] {processor.py:840} INFO - DAG(s) 'my_first_test_dag2' retrieved from /opt/airflow/dags/dag_2.py
[2026-06-02T10:11:57.818+0000] {logging_mixin.py:188} INFO - [2026-06-02T10:11:57.817+0000] {dag.py:3047} INFO - Sync 1 DAGs
[2026-06-02T10:11:57.828+0000] {logging_mixin.py:188} INFO - [2026-06-02T10:11:57.828+0000] {dag.py:3834} INFO - Setting next_dagrun for my_first_test_dag2 to None, run_after=None
[2026-06-02T10:11:57.849+0000] {processor.py:183} INFO - Processing /opt/airflow/dags/dag_2.py took 0.066 seconds
[2026-06-02T10:12:28.266+0000] {processor.py:161} INFO - Started process (PID=2977) to work on /opt/airflow/dags/dag_2.py
[2026-06-02T10:12:28.269+0000] {processor.py:830} INFO - Processing file /opt/airflow/dags/dag_2.py for tasks to queue
[2026-06-02T10:12:28.271+0000] {logging_mixin.py:188} INFO - [2026-06-02T10:12:28.270+0000] {dagbag.py:540} INFO - Filling up the DagBag from /opt/airflow/dags/dag_2.py
[2026-06-02T10:12:28.288+0000] {processor.py:840} INFO - DAG(s) 'my_first_test_dag2' retrieved from /opt/airflow/dags/dag_2.py
[2026-06-02T10:12:28.311+0000] {logging_mixin.py:188} INFO - [2026-06-02T10:12:28.311+0000] {dag.py:3047} INFO - Sync 1 DAGs
[2026-06-02T10:12:28.327+0000] {logging_mixin.py:188} INFO - [2026-06-02T10:12:28.326+0000] {dag.py:3834} INFO - Setting next_dagrun for my_first_test_dag2 to None, run_after=None
[2026-06-02T10:12:28.347+0000] {processor.py:183} INFO - Processing /opt/airflow/dags/dag_2.py took 0.085 seconds
[2026-06-02T10:12:58.600+0000] {processor.py:161} INFO - Started process (PID=2987) to work on /opt/airflow/dags/dag_2.py
[2026-06-02T10:12:58.601+0000] {processor.py:830} INFO - Processing file /opt/airflow/dags/dag_2.py for tasks to queue
[2026-06-02T10:12:58.603+0000] {logging_mixin.py:188} INFO - [2026-06-02T10:12:58.602+0000] {dagbag.py:540} INFO - Filling up the DagBag from /opt/airflow/dags/dag_2.py
[2026-06-02T10:12:58.617+0000] {processor.py:840} INFO - DAG(s) 'my_first_test_dag2' retrieved from /opt/airflow/dags/dag_2.py
[2026-06-02T10:12:58.634+0000] {logging_mixin.py:188} INFO - [2026-06-02T10:12:58.634+0000] {dag.py:3047} INFO - Sync 1 DAGs
[2026-06-02T10:12:58.645+0000] {logging_mixin.py:188} INFO - [2026-06-02T10:12:58.644+0000] {dag.py:3834} INFO - Setting next_dagrun for my_first_test_dag2 to None, run_after=None
[2026-06-02T10:12:58.672+0000] {processor.py:183} INFO - Processing /opt/airflow/dags/dag_2.py took 0.075 seconds
[2026-06-02T10:13:28.988+0000] {processor.py:161} INFO - Started process (PID=2997) to work on /opt/airflow/dags/dag_2.py
[2026-06-02T10:13:28.989+0000] {processor.py:830} INFO - Processing file /opt/airflow/dags/dag_2.py for tasks to queue
[2026-06-02T10:13:28.990+0000] {logging_mixin.py:188} INFO - [2026-06-02T10:13:28.989+0000] {dagbag.py:540} INFO - Filling up the DagBag from /opt/airflow/dags/dag_2.py
[2026-06-02T10:13:29.003+0000] {processor.py:840} INFO - DAG(s) 'my_first_test_dag2' retrieved from /opt/airflow/dags/dag_2.py
[2026-06-02T10:13:29.020+0000] {logging_mixin.py:188} INFO - [2026-06-02T10:13:29.020+0000] {dag.py:3047} INFO - Sync 1 DAGs
[2026-06-02T10:13:29.032+0000] {logging_mixin.py:188} INFO - [2026-06-02T10:13:29.032+0000] {dag.py:3834} INFO - Setting next_dagrun for my_first_test_dag2 to None, run_after=None
[2026-06-02T10:13:29.055+0000] {processor.py:183} INFO - Processing /opt/airflow/dags/dag_2.py took 0.070 seconds
[2026-06-02T10:13:59.512+0000] {processor.py:161} INFO - Started process (PID=3007) to work on /opt/airflow/dags/dag_2.py
[2026-06-02T10:13:59.513+0000] {processor.py:830} INFO - Processing file /opt/airflow/dags/dag_2.py for tasks to queue
[2026-06-02T10:13:59.514+0000] {logging_mixin.py:188} INFO - [2026-06-02T10:13:59.513+0000] {dagbag.py:540} INFO - Filling up the DagBag from /opt/airflow/dags/dag_2.py
[2026-06-02T10:13:59.527+0000] {processor.py:840} INFO - DAG(s) 'my_first_test_dag2' retrieved from /opt/airflow/dags/dag_2.py
[2026-06-02T10:13:59.545+0000] {logging_mixin.py:188} INFO - [2026-06-02T10:13:59.545+0000] {dag.py:3047} INFO - Sync 1 DAGs
[2026-06-02T10:13:59.556+0000] {logging_mixin.py:188} INFO - [2026-06-02T10:13:59.556+0000] {dag.py:3834} INFO - Setting next_dagrun for my_first_test_dag2 to None, run_after=None
[2026-06-02T10:13:59.585+0000] {processor.py:183} INFO - Processing /opt/airflow/dags/dag_2.py took 0.075 seconds
[2026-06-02T10:14:29.848+0000] {processor.py:161} INFO - Started process (PID=3017) to work on /opt/airflow/dags/dag_2.py
[2026-06-02T10:14:29.849+0000] {processor.py:830} INFO - Processing file /opt/airflow/dags/dag_2.py for tasks to queue
[2026-06-02T10:14:29.850+0000] {logging_mixin.py:188} INFO - [2026-06-02T10:14:29.849+0000] {dagbag.py:540} INFO - Filling up the DagBag from /opt/airflow/dags/dag_2.py
[2026-06-02T10:14:29.861+0000] {processor.py:840} INFO - DAG(s) 'my_first_test_dag2' retrieved from /opt/airflow/dags/dag_2.py
[2026-06-02T10:14:29.878+0000] {logging_mixin.py:188} INFO - [2026-06-02T10:14:29.878+0000] {dag.py:3047} INFO - Sync 1 DAGs
[2026-06-02T10:14:29.895+0000] {logging_mixin.py:188} INFO - [2026-06-02T10:14:29.895+0000] {dag.py:3834} INFO - Setting next_dagrun for my_first_test_dag2 to None, run_after=None
[2026-06-02T10:14:29.929+0000] {processor.py:183} INFO - Processing /opt/airflow/dags/dag_2.py took 0.083 seconds
[2026-06-02T10:15:00.309+0000] {processor.py:161} INFO - Started process (PID=3027) to work on /opt/airflow/dags/dag_2.py
[2026-06-02T10:15:00.310+0000] {processor.py:830} INFO - Processing file /opt/airflow/dags/dag_2.py for tasks to queue
[2026-06-02T10:15:00.310+0000] {logging_mixin.py:188} INFO - [2026-06-02T10:15:00.310+0000] {dagbag.py:540} INFO - Filling up the DagBag from /opt/airflow/dags/dag_2.py
[2026-06-02T10:15:00.322+0000] {processor.py:840} INFO - DAG(s) 'my_first_test_dag2' retrieved from /opt/airflow/dags/dag_2.py
[2026-06-02T10:15:00.341+0000] {logging_mixin.py:188} INFO - [2026-06-02T10:15:00.340+0000] {dag.py:3047} INFO - Sync 1 DAGs
[2026-06-02T10:15:00.351+0000] {logging_mixin.py:188} INFO - [2026-06-02T10:15:00.351+0000] {dag.py:3834} INFO - Setting next_dagrun for my_first_test_dag2 to None, run_after=None
[2026-06-02T10:15:00.371+0000] {processor.py:183} INFO - Processing /opt/airflow/dags/dag_2.py took 0.066 seconds
[2026-06-02T10:15:30.731+0000] {processor.py:161} INFO - Started process (PID=3037) to work on /opt/airflow/dags/dag_2.py
[2026-06-02T10:15:30.732+0000] {processor.py:830} INFO - Processing file /opt/airflow/dags/dag_2.py for tasks to queue
[2026-06-02T10:15:30.732+0000] {logging_mixin.py:188} INFO - [2026-06-02T10:15:30.732+0000] {dagbag.py:540} INFO - Filling up the DagBag from /opt/airflow/dags/dag_2.py
[2026-06-02T10:15:30.747+0000] {processor.py:840} INFO - DAG(s) 'my_first_test_dag2' retrieved from /opt/airflow/dags/dag_2.py
[2026-06-02T10:15:30.767+0000] {logging_mixin.py:188} INFO - [2026-06-02T10:15:30.766+0000] {dag.py:3047} INFO - Sync 1 DAGs
[2026-06-02T10:15:30.780+0000] {logging_mixin.py:188} INFO - [2026-06-02T10:15:30.780+0000] {dag.py:3834} INFO - Setting next_dagrun for my_first_test_dag2 to None, run_after=None
[2026-06-02T10:15:30.804+0000] {processor.py:183} INFO - Processing /opt/airflow/dags/dag_2.py took 0.076 seconds
[2026-06-02T10:16:01.010+0000] {processor.py:161} INFO - Started process (PID=3047) to work on /opt/airflow/dags/dag_2.py
[2026-06-02T10:16:01.011+0000] {processor.py:830} INFO - Processing file /opt/airflow/dags/dag_2.py for tasks to queue
[2026-06-02T10:16:01.012+0000] {logging_mixin.py:188} INFO - [2026-06-02T10:16:01.012+0000] {dagbag.py:540} INFO - Filling up the DagBag from /opt/airflow/dags/dag_2.py
[2026-06-02T10:16:01.026+0000] {processor.py:840} INFO - DAG(s) 'my_first_test_dag2' retrieved from /opt/airflow/dags/dag_2.py
[2026-06-02T10:16:01.044+0000] {logging_mixin.py:188} INFO - [2026-06-02T10:16:01.044+0000] {dag.py:3047} INFO - Sync 1 DAGs
[2026-06-02T10:16:01.055+0000] {logging_mixin.py:188} INFO - [2026-06-02T10:16:01.055+0000] {dag.py:3834} INFO - Setting next_dagrun for my_first_test_dag2 to None, run_after=None
[2026-06-02T10:16:01.084+0000] {processor.py:183} INFO - Processing /opt/airflow/dags/dag_2.py took 0.077 seconds
[2026-06-02T10:16:31.473+0000] {processor.py:161} INFO - Started process (PID=3057) to work on /opt/airflow/dags/dag_2.py
[2026-06-02T10:16:31.474+0000] {processor.py:830} INFO - Processing file /opt/airflow/dags/dag_2.py for tasks to queue
[2026-06-02T10:16:31.475+0000] {logging_mixin.py:188} INFO - [2026-06-02T10:16:31.475+0000] {dagbag.py:540} INFO - Filling up the DagBag from /opt/airflow/dags/dag_2.py
[2026-06-02T10:16:31.488+0000] {processor.py:840} INFO - DAG(s) 'my_first_test_dag2' retrieved from /opt/airflow/dags/dag_2.py
[2026-06-02T10:16:31.506+0000] {logging_mixin.py:188} INFO - [2026-06-02T10:16:31.505+0000] {dag.py:3047} INFO - Sync 1 DAGs
[2026-06-02T10:16:31.516+0000] {logging_mixin.py:188} INFO - [2026-06-02T10:16:31.516+0000] {dag.py:3834} INFO - Setting next_dagrun for my_first_test_dag2 to None, run_after=None
[2026-06-02T10:16:31.543+0000] {processor.py:183} INFO - Processing /opt/airflow/dags/dag_2.py took 0.072 seconds
[2026-06-02T10:17:01.847+0000] {processor.py:161} INFO - Started process (PID=3067) to work on /opt/airflow/dags/dag_2.py
[2026-06-02T10:17:01.848+0000] {processor.py:830} INFO - Processing file /opt/airflow/dags/dag_2.py for tasks to queue
[2026-06-02T10:17:01.849+0000] {logging_mixin.py:188} INFO - [2026-06-02T10:17:01.848+0000] {dagbag.py:540} INFO - Filling up the DagBag from /opt/airflow/dags/dag_2.py
[2026-06-02T10:17:01.861+0000] {processor.py:840} INFO - DAG(s) 'my_first_test_dag2' retrieved from /opt/airflow/dags/dag_2.py
[2026-06-02T10:17:01.881+0000] {logging_mixin.py:188} INFO - [2026-06-02T10:17:01.881+0000] {dag.py:3047} INFO - Sync 1 DAGs
[2026-06-02T10:17:01.893+0000] {logging_mixin.py:188} INFO - [2026-06-02T10:17:01.893+0000] {dag.py:3834} INFO - Setting next_dagrun for my_first_test_dag2 to None, run_after=None
[2026-06-02T10:17:01.913+0000] {processor.py:183} INFO - Processing /opt/airflow/dags/dag_2.py took 0.069 seconds
[2026-06-02T10:17:32.192+0000] {processor.py:161} INFO - Started process (PID=3077) to work on /opt/airflow/dags/dag_2.py
[2026-06-02T10:17:32.194+0000] {processor.py:830} INFO - Processing file /opt/airflow/dags/dag_2.py for tasks to queue
[2026-06-02T10:17:32.195+0000] {logging_mixin.py:188} INFO - [2026-06-02T10:17:32.195+0000] {dagbag.py:540} INFO - Filling up the DagBag from /opt/airflow/dags/dag_2.py
[2026-06-02T10:17:32.215+0000] {processor.py:840} INFO - DAG(s) 'my_first_test_dag2' retrieved from /opt/airflow/dags/dag_2.py
[2026-06-02T10:17:32.238+0000] {logging_mixin.py:188} INFO - [2026-06-02T10:17:32.237+0000] {dag.py:3047} INFO - Sync 1 DAGs
[2026-06-02T10:17:32.250+0000] {logging_mixin.py:188} INFO - [2026-06-02T10:17:32.250+0000] {dag.py:3834} INFO - Setting next_dagrun for my_first_test_dag2 to None, run_after=None
[2026-06-02T10:17:32.270+0000] {processor.py:183} INFO - Processing /opt/airflow/dags/dag_2.py took 0.081 seconds
[2026-06-02T10:18:02.428+0000] {processor.py:161} INFO - Started process (PID=3087) to work on /opt/airflow/dags/dag_2.py
[2026-06-02T10:18:02.429+0000] {processor.py:830} INFO - Processing file /opt/airflow/dags/dag_2.py for tasks to queue
[2026-06-02T10:18:02.430+0000] {logging_mixin.py:188} INFO - [2026-06-02T10:18:02.430+0000] {dagbag.py:540} INFO - Filling up the DagBag from /opt/airflow/dags/dag_2.py
[2026-06-02T10:18:02.444+0000] {processor.py:840} INFO - DAG(s) 'my_first_test_dag2' retrieved from /opt/airflow/dags/dag_2.py
[2026-06-02T10:18:02.467+0000] {logging_mixin.py:188} INFO - [2026-06-02T10:18:02.467+0000] {dag.py:3047} INFO - Sync 1 DAGs
[2026-06-02T10:18:02.481+0000] {logging_mixin.py:188} INFO - [2026-06-02T10:18:02.480+0000] {dag.py:3834} INFO - Setting next_dagrun for my_first_test_dag2 to None, run_after=None
[2026-06-02T10:18:02.504+0000] {processor.py:183} INFO - Processing /opt/airflow/dags/dag_2.py took 0.079 seconds
[2026-06-02T10:18:32.880+0000] {processor.py:161} INFO - Started process (PID=3097) to work on /opt/airflow/dags/dag_2.py
[2026-06-02T10:18:32.881+0000] {processor.py:830} INFO - Processing file /opt/airflow/dags/dag_2.py for tasks to queue
[2026-06-02T10:18:32.883+0000] {logging_mixin.py:188} INFO - [2026-06-02T10:18:32.882+0000] {dagbag.py:540} INFO - Filling up the DagBag from /opt/airflow/dags/dag_2.py
[2026-06-02T10:18:32.900+0000] {processor.py:840} INFO - DAG(s) 'my_first_test_dag2' retrieved from /opt/airflow/dags/dag_2.py
[2026-06-02T10:18:32.924+0000] {logging_mixin.py:188} INFO - [2026-06-02T10:18:32.924+0000] {dag.py:3047} INFO - Sync 1 DAGs
[2026-06-02T10:18:32.940+0000] {logging_mixin.py:188} INFO - [2026-06-02T10:18:32.940+0000] {dag.py:3834} INFO - Setting next_dagrun for my_first_test_dag2 to None, run_after=None
[2026-06-02T10:18:32.970+0000] {processor.py:183} INFO - Processing /opt/airflow/dags/dag_2.py took 0.093 seconds
[2026-06-02T10:19:03.230+0000] {processor.py:161} INFO - Started process (PID=3107) to work on /opt/airflow/dags/dag_2.py
[2026-06-02T10:19:03.231+0000] {processor.py:830} INFO - Processing file /opt/airflow/dags/dag_2.py for tasks to queue
[2026-06-02T10:19:03.232+0000] {logging_mixin.py:188} INFO - [2026-06-02T10:19:03.232+0000] {dagbag.py:540} INFO - Filling up the DagBag from /opt/airflow/dags/dag_2.py
[2026-06-02T10:19:03.244+0000] {processor.py:840} INFO - DAG(s) 'my_first_test_dag2' retrieved from /opt/airflow/dags/dag_2.py
[2026-06-02T10:19:03.261+0000] {logging_mixin.py:188} INFO - [2026-06-02T10:19:03.260+0000] {dag.py:3047} INFO - Sync 1 DAGs
[2026-06-02T10:19:03.271+0000] {logging_mixin.py:188} INFO - [2026-06-02T10:19:03.271+0000] {dag.py:3834} INFO - Setting next_dagrun for my_first_test_dag2 to None, run_after=None
[2026-06-02T10:19:03.297+0000] {processor.py:183} INFO - Processing /opt/airflow/dags/dag_2.py took 0.069 seconds
[2026-06-02T10:19:33.540+0000] {processor.py:161} INFO - Started process (PID=3117) to work on /opt/airflow/dags/dag_2.py
[2026-06-02T10:19:33.541+0000] {processor.py:830} INFO - Processing file /opt/airflow/dags/dag_2.py for tasks to queue
[2026-06-02T10:19:33.542+0000] {logging_mixin.py:188} INFO - [2026-06-02T10:19:33.542+0000] {dagbag.py:540} INFO - Filling up the DagBag from /opt/airflow/dags/dag_2.py
[2026-06-02T10:19:33.554+0000] {processor.py:840} INFO - DAG(s) 'my_first_test_dag2' retrieved from /opt/airflow/dags/dag_2.py
[2026-06-02T10:19:33.572+0000] {logging_mixin.py:188} INFO - [2026-06-02T10:19:33.572+0000] {dag.py:3047} INFO - Sync 1 DAGs
[2026-06-02T10:19:33.583+0000] {logging_mixin.py:188} INFO - [2026-06-02T10:19:33.583+0000] {dag.py:3834} INFO - Setting next_dagrun for my_first_test_dag2 to None, run_after=None
[2026-06-02T10:19:33.611+0000] {processor.py:183} INFO - Processing /opt/airflow/dags/dag_2.py took 0.074 seconds
[2026-06-02T10:20:04.111+0000] {processor.py:161} INFO - Started process (PID=3127) to work on /opt/airflow/dags/dag_2.py
[2026-06-02T10:20:04.112+0000] {processor.py:830} INFO - Processing file /opt/airflow/dags/dag_2.py for tasks to queue
[2026-06-02T10:20:04.113+0000] {logging_mixin.py:188} INFO - [2026-06-02T10:20:04.112+0000] {dagbag.py:540} INFO - Filling up the DagBag from /opt/airflow/dags/dag_2.py
[2026-06-02T10:20:04.125+0000] {processor.py:840} INFO - DAG(s) 'my_first_test_dag2' retrieved from /opt/airflow/dags/dag_2.py
[2026-06-02T10:20:04.141+0000] {logging_mixin.py:188} INFO - [2026-06-02T10:20:04.141+0000] {dag.py:3047} INFO - Sync 1 DAGs
[2026-06-02T10:20:04.151+0000] {logging_mixin.py:188} INFO - [2026-06-02T10:20:04.151+0000] {dag.py:3834} INFO - Setting next_dagrun for my_first_test_dag2 to None, run_after=None
[2026-06-02T10:20:04.177+0000] {processor.py:183} INFO - Processing /opt/airflow/dags/dag_2.py took 0.069 seconds
[2026-06-02T10:20:34.438+0000] {processor.py:161} INFO - Started process (PID=3137) to work on /opt/airflow/dags/dag_2.py
[2026-06-02T10:20:34.440+0000] {processor.py:830} INFO - Processing file /opt/airflow/dags/dag_2.py for tasks to queue
[2026-06-02T10:20:34.441+0000] {logging_mixin.py:188} INFO - [2026-06-02T10:20:34.440+0000] {dagbag.py:540} INFO - Filling up the DagBag from /opt/airflow/dags/dag_2.py
[2026-06-02T10:20:34.458+0000] {processor.py:840} INFO - DAG(s) 'my_first_test_dag2' retrieved from /opt/airflow/dags/dag_2.py
[2026-06-02T10:20:34.481+0000] {logging_mixin.py:188} INFO - [2026-06-02T10:20:34.480+0000] {dag.py:3047} INFO - Sync 1 DAGs
[2026-06-02T10:20:34.494+0000] {logging_mixin.py:188} INFO - [2026-06-02T10:20:34.494+0000] {dag.py:3834} INFO - Setting next_dagrun for my_first_test_dag2 to None, run_after=None
[2026-06-02T10:20:34.526+0000] {processor.py:183} INFO - Processing /opt/airflow/dags/dag_2.py took 0.090 seconds
[2026-06-02T10:21:04.709+0000] {processor.py:161} INFO - Started process (PID=3147) to work on /opt/airflow/dags/dag_2.py
[2026-06-02T10:21:04.710+0000] {processor.py:830} INFO - Processing file /opt/airflow/dags/dag_2.py for tasks to queue
[2026-06-02T10:21:04.711+0000] {logging_mixin.py:188} INFO - [2026-06-02T10:21:04.710+0000] {dagbag.py:540} INFO - Filling up the DagBag from /opt/airflow/dags/dag_2.py
[2026-06-02T10:21:04.723+0000] {processor.py:840} INFO - DAG(s) 'my_first_test_dag2' retrieved from /opt/airflow/dags/dag_2.py
[2026-06-02T10:21:04.741+0000] {logging_mixin.py:188} INFO - [2026-06-02T10:21:04.740+0000] {dag.py:3047} INFO - Sync 1 DAGs
[2026-06-02T10:21:04.751+0000] {logging_mixin.py:188} INFO - [2026-06-02T10:21:04.751+0000] {dag.py:3834} INFO - Setting next_dagrun for my_first_test_dag2 to None, run_after=None
[2026-06-02T10:21:04.777+0000] {processor.py:183} INFO - Processing /opt/airflow/dags/dag_2.py took 0.071 seconds
[2026-06-02T10:21:35.125+0000] {processor.py:161} INFO - Started process (PID=3162) to work on /opt/airflow/dags/dag_2.py
[2026-06-02T10:21:35.127+0000] {processor.py:830} INFO - Processing file /opt/airflow/dags/dag_2.py for tasks to queue
[2026-06-02T10:21:35.128+0000] {logging_mixin.py:188} INFO - [2026-06-02T10:21:35.127+0000] {dagbag.py:540} INFO - Filling up the DagBag from /opt/airflow/dags/dag_2.py
[2026-06-02T10:21:35.143+0000] {processor.py:840} INFO - DAG(s) 'my_first_test_dag2' retrieved from /opt/airflow/dags/dag_2.py
[2026-06-02T10:21:35.164+0000] {logging_mixin.py:188} INFO - [2026-06-02T10:21:35.163+0000] {dag.py:3047} INFO - Sync 1 DAGs
[2026-06-02T10:21:35.178+0000] {logging_mixin.py:188} INFO - [2026-06-02T10:21:35.178+0000] {dag.py:3834} INFO - Setting next_dagrun for my_first_test_dag2 to None, run_after=None
[2026-06-02T10:21:35.199+0000] {processor.py:183} INFO - Processing /opt/airflow/dags/dag_2.py took 0.078 seconds
[2026-06-02T10:22:05.429+0000] {processor.py:161} INFO - Started process (PID=3172) to work on /opt/airflow/dags/dag_2.py
[2026-06-02T10:22:05.430+0000] {processor.py:830} INFO - Processing file /opt/airflow/dags/dag_2.py for tasks to queue
[2026-06-02T10:22:05.432+0000] {logging_mixin.py:188} INFO - [2026-06-02T10:22:05.431+0000] {dagbag.py:540} INFO - Filling up the DagBag from /opt/airflow/dags/dag_2.py
[2026-06-02T10:22:05.444+0000] {processor.py:840} INFO - DAG(s) 'my_first_test_dag2' retrieved from /opt/airflow/dags/dag_2.py
[2026-06-02T10:22:05.464+0000] {logging_mixin.py:188} INFO - [2026-06-02T10:22:05.464+0000] {dag.py:3047} INFO - Sync 1 DAGs
[2026-06-02T10:22:05.477+0000] {logging_mixin.py:188} INFO - [2026-06-02T10:22:05.477+0000] {dag.py:3834} INFO - Setting next_dagrun for my_first_test_dag2 to None, run_after=None
[2026-06-02T10:22:05.499+0000] {processor.py:183} INFO - Processing /opt/airflow/dags/dag_2.py took 0.072 seconds
[2026-06-02T10:22:35.883+0000] {processor.py:161} INFO - Started process (PID=3182) to work on /opt/airflow/dags/dag_2.py
[2026-06-02T10:22:35.883+0000] {processor.py:830} INFO - Processing file /opt/airflow/dags/dag_2.py for tasks to queue
[2026-06-02T10:22:35.884+0000] {logging_mixin.py:188} INFO - [2026-06-02T10:22:35.884+0000] {dagbag.py:540} INFO - Filling up the DagBag from /opt/airflow/dags/dag_2.py
[2026-06-02T10:22:35.895+0000] {processor.py:840} INFO - DAG(s) 'my_first_test_dag2' retrieved from /opt/airflow/dags/dag_2.py
[2026-06-02T10:22:35.913+0000] {logging_mixin.py:188} INFO - [2026-06-02T10:22:35.913+0000] {dag.py:3047} INFO - Sync 1 DAGs
[2026-06-02T10:22:35.925+0000] {logging_mixin.py:188} INFO - [2026-06-02T10:22:35.924+0000] {dag.py:3834} INFO - Setting next_dagrun for my_first_test_dag2 to None, run_after=None
[2026-06-02T10:22:35.944+0000] {processor.py:183} INFO - Processing /opt/airflow/dags/dag_2.py took 0.064 seconds
[2026-06-02T10:23:06.141+0000] {processor.py:161} INFO - Started process (PID=3192) to work on /opt/airflow/dags/dag_2.py
[2026-06-02T10:23:06.142+0000] {processor.py:830} INFO - Processing file /opt/airflow/dags/dag_2.py for tasks to queue
[2026-06-02T10:23:06.143+0000] {logging_mixin.py:188} INFO - [2026-06-02T10:23:06.143+0000] {dagbag.py:540} INFO - Filling up the DagBag from /opt/airflow/dags/dag_2.py
[2026-06-02T10:23:06.156+0000] {processor.py:840} INFO - DAG(s) 'my_first_test_dag2' retrieved from /opt/airflow/dags/dag_2.py
[2026-06-02T10:23:06.179+0000] {logging_mixin.py:188} INFO - [2026-06-02T10:23:06.179+0000] {dag.py:3047} INFO - Sync 1 DAGs
[2026-06-02T10:23:06.197+0000] {logging_mixin.py:188} INFO - [2026-06-02T10:23:06.197+0000] {dag.py:3834} INFO - Setting next_dagrun for my_first_test_dag2 to None, run_after=None
[2026-06-02T10:23:06.223+0000] {processor.py:183} INFO - Processing /opt/airflow/dags/dag_2.py took 0.086 seconds
[2026-06-02T10:23:36.483+0000] {processor.py:161} INFO - Started process (PID=3202) to work on /opt/airflow/dags/dag_2.py
[2026-06-02T10:23:36.484+0000] {processor.py:830} INFO - Processing file /opt/airflow/dags/dag_2.py for tasks to queue
[2026-06-02T10:23:36.484+0000] {logging_mixin.py:188} INFO - [2026-06-02T10:23:36.484+0000] {dagbag.py:540} INFO - Filling up the DagBag from /opt/airflow/dags/dag_2.py
[2026-06-02T10:23:36.495+0000] {processor.py:840} INFO - DAG(s) 'my_first_test_dag2' retrieved from /opt/airflow/dags/dag_2.py
[2026-06-02T10:23:36.511+0000] {logging_mixin.py:188} INFO - [2026-06-02T10:23:36.510+0000] {dag.py:3047} INFO - Sync 1 DAGs
[2026-06-02T10:23:36.520+0000] {logging_mixin.py:188} INFO - [2026-06-02T10:23:36.520+0000] {dag.py:3834} INFO - Setting next_dagrun for my_first_test_dag2 to None, run_after=None
[2026-06-02T10:23:36.540+0000] {processor.py:183} INFO - Processing /opt/airflow/dags/dag_2.py took 0.059 seconds
[2026-06-02T10:24:07.026+0000] {processor.py:161} INFO - Started process (PID=3212) to work on /opt/airflow/dags/dag_2.py
[2026-06-02T10:24:07.028+0000] {processor.py:830} INFO - Processing file /opt/airflow/dags/dag_2.py for tasks to queue
[2026-06-02T10:24:07.029+0000] {logging_mixin.py:188} INFO - [2026-06-02T10:24:07.029+0000] {dagbag.py:540} INFO - Filling up the DagBag from /opt/airflow/dags/dag_2.py
[2026-06-02T10:24:07.047+0000] {processor.py:840} INFO - DAG(s) 'my_first_test_dag2' retrieved from /opt/airflow/dags/dag_2.py
[2026-06-02T10:24:07.068+0000] {logging_mixin.py:188} INFO - [2026-06-02T10:24:07.068+0000] {dag.py:3047} INFO - Sync 1 DAGs
[2026-06-02T10:24:07.080+0000] {logging_mixin.py:188} INFO - [2026-06-02T10:24:07.080+0000] {dag.py:3834} INFO - Setting next_dagrun for my_first_test_dag2 to None, run_after=None
[2026-06-02T10:24:07.107+0000] {processor.py:183} INFO - Processing /opt/airflow/dags/dag_2.py took 0.084 seconds
[2026-06-02T10:24:37.415+0000] {processor.py:161} INFO - Started process (PID=3222) to work on /opt/airflow/dags/dag_2.py
[2026-06-02T10:24:37.416+0000] {processor.py:830} INFO - Processing file /opt/airflow/dags/dag_2.py for tasks to queue
[2026-06-02T10:24:37.417+0000] {logging_mixin.py:188} INFO - [2026-06-02T10:24:37.417+0000] {dagbag.py:540} INFO - Filling up the DagBag from /opt/airflow/dags/dag_2.py
[2026-06-02T10:24:37.431+0000] {processor.py:840} INFO - DAG(s) 'my_first_test_dag2' retrieved from /opt/airflow/dags/dag_2.py
[2026-06-02T10:24:37.447+0000] {logging_mixin.py:188} INFO - [2026-06-02T10:24:37.447+0000] {dag.py:3047} INFO - Sync 1 DAGs
[2026-06-02T10:24:37.458+0000] {logging_mixin.py:188} INFO - [2026-06-02T10:24:37.458+0000] {dag.py:3834} INFO - Setting next_dagrun for my_first_test_dag2 to None, run_after=None
[2026-06-02T10:24:37.477+0000] {processor.py:183} INFO - Processing /opt/airflow/dags/dag_2.py took 0.064 seconds
[2026-06-02T10:25:07.777+0000] {processor.py:161} INFO - Started process (PID=3232) to work on /opt/airflow/dags/dag_2.py
[2026-06-02T10:25:07.777+0000] {processor.py:830} INFO - Processing file /opt/airflow/dags/dag_2.py for tasks to queue
[2026-06-02T10:25:07.778+0000] {logging_mixin.py:188} INFO - [2026-06-02T10:25:07.778+0000] {dagbag.py:540} INFO - Filling up the DagBag from /opt/airflow/dags/dag_2.py
[2026-06-02T10:25:07.790+0000] {processor.py:840} INFO - DAG(s) 'my_first_test_dag2' retrieved from /opt/airflow/dags/dag_2.py
[2026-06-02T10:25:07.806+0000] {logging_mixin.py:188} INFO - [2026-06-02T10:25:07.806+0000] {dag.py:3047} INFO - Sync 1 DAGs
[2026-06-02T10:25:07.817+0000] {logging_mixin.py:188} INFO - [2026-06-02T10:25:07.817+0000] {dag.py:3834} INFO - Setting next_dagrun for my_first_test_dag2 to None, run_after=None
[2026-06-02T10:25:07.842+0000] {processor.py:183} INFO - Processing /opt/airflow/dags/dag_2.py took 0.068 seconds
[2026-06-02T10:25:38.069+0000] {processor.py:161} INFO - Started process (PID=3242) to work on /opt/airflow/dags/dag_2.py
[2026-06-02T10:25:38.070+0000] {processor.py:830} INFO - Processing file /opt/airflow/dags/dag_2.py for tasks to queue
[2026-06-02T10:25:38.071+0000] {logging_mixin.py:188} INFO - [2026-06-02T10:25:38.070+0000] {dagbag.py:540} INFO - Filling up the DagBag from /opt/airflow/dags/dag_2.py
[2026-06-02T10:25:38.082+0000] {processor.py:840} INFO - DAG(s) 'my_first_test_dag2' retrieved from /opt/airflow/dags/dag_2.py
[2026-06-02T10:25:38.098+0000] {logging_mixin.py:188} INFO - [2026-06-02T10:25:38.098+0000] {dag.py:3047} INFO - Sync 1 DAGs
[2026-06-02T10:25:38.109+0000] {logging_mixin.py:188} INFO - [2026-06-02T10:25:38.109+0000] {dag.py:3834} INFO - Setting next_dagrun for my_first_test_dag2 to None, run_after=None
[2026-06-02T10:25:38.128+0000] {processor.py:183} INFO - Processing /opt/airflow/dags/dag_2.py took 0.062 seconds
[2026-06-02T10:26:08.510+0000] {processor.py:161} INFO - Started process (PID=3252) to work on /opt/airflow/dags/dag_2.py
[2026-06-02T10:26:08.511+0000] {processor.py:830} INFO - Processing file /opt/airflow/dags/dag_2.py for tasks to queue
[2026-06-02T10:26:08.512+0000] {logging_mixin.py:188} INFO - [2026-06-02T10:26:08.512+0000] {dagbag.py:540} INFO - Filling up the DagBag from /opt/airflow/dags/dag_2.py
[2026-06-02T10:26:08.525+0000] {processor.py:840} INFO - DAG(s) 'my_first_test_dag2' retrieved from /opt/airflow/dags/dag_2.py
[2026-06-02T10:26:08.544+0000] {logging_mixin.py:188} INFO - [2026-06-02T10:26:08.544+0000] {dag.py:3047} INFO - Sync 1 DAGs
[2026-06-02T10:26:08.554+0000] {logging_mixin.py:188} INFO - [2026-06-02T10:26:08.554+0000] {dag.py:3834} INFO - Setting next_dagrun for my_first_test_dag2 to None, run_after=None
[2026-06-02T10:26:08.574+0000] {processor.py:183} INFO - Processing /opt/airflow/dags/dag_2.py took 0.068 seconds
[2026-06-02T10:26:38.806+0000] {processor.py:161} INFO - Started process (PID=3262) to work on /opt/airflow/dags/dag_2.py
[2026-06-02T10:26:38.807+0000] {processor.py:830} INFO - Processing file /opt/airflow/dags/dag_2.py for tasks to queue
[2026-06-02T10:26:38.808+0000] {logging_mixin.py:188} INFO - [2026-06-02T10:26:38.808+0000] {dagbag.py:540} INFO - Filling up the DagBag from /opt/airflow/dags/dag_2.py
[2026-06-02T10:26:38.818+0000] {processor.py:840} INFO - DAG(s) 'my_first_test_dag2' retrieved from /opt/airflow/dags/dag_2.py
[2026-06-02T10:26:38.838+0000] {logging_mixin.py:188} INFO - [2026-06-02T10:26:38.837+0000] {dag.py:3047} INFO - Sync 1 DAGs
[2026-06-02T10:26:38.847+0000] {logging_mixin.py:188} INFO - [2026-06-02T10:26:38.847+0000] {dag.py:3834} INFO - Setting next_dagrun for my_first_test_dag2 to None, run_after=None
[2026-06-02T10:26:38.872+0000] {processor.py:183} INFO - Processing /opt/airflow/dags/dag_2.py took 0.068 seconds
[2026-06-02T10:27:09.133+0000] {processor.py:161} INFO - Started process (PID=3272) to work on /opt/airflow/dags/dag_2.py
[2026-06-02T10:27:09.134+0000] {processor.py:830} INFO - Processing file /opt/airflow/dags/dag_2.py for tasks to queue
[2026-06-02T10:27:09.135+0000] {logging_mixin.py:188} INFO - [2026-06-02T10:27:09.135+0000] {dagbag.py:540} INFO - Filling up the DagBag from /opt/airflow/dags/dag_2.py
[2026-06-02T10:27:09.147+0000] {processor.py:840} INFO - DAG(s) 'my_first_test_dag2' retrieved from /opt/airflow/dags/dag_2.py
[2026-06-02T10:27:09.166+0000] {logging_mixin.py:188} INFO - [2026-06-02T10:27:09.166+0000] {dag.py:3047} INFO - Sync 1 DAGs
[2026-06-02T10:27:09.178+0000] {logging_mixin.py:188} INFO - [2026-06-02T10:27:09.178+0000] {dag.py:3834} INFO - Setting next_dagrun for my_first_test_dag2 to None, run_after=None
[2026-06-02T10:27:09.203+0000] {processor.py:183} INFO - Processing /opt/airflow/dags/dag_2.py took 0.072 seconds
[2026-06-02T10:27:39.493+0000] {processor.py:161} INFO - Started process (PID=3282) to work on /opt/airflow/dags/dag_2.py
[2026-06-02T10:27:39.494+0000] {processor.py:830} INFO - Processing file /opt/airflow/dags/dag_2.py for tasks to queue
[2026-06-02T10:27:39.495+0000] {logging_mixin.py:188} INFO - [2026-06-02T10:27:39.495+0000] {dagbag.py:540} INFO - Filling up the DagBag from /opt/airflow/dags/dag_2.py
[2026-06-02T10:27:39.508+0000] {processor.py:840} INFO - DAG(s) 'my_first_test_dag2' retrieved from /opt/airflow/dags/dag_2.py
[2026-06-02T10:27:39.527+0000] {logging_mixin.py:188} INFO - [2026-06-02T10:27:39.527+0000] {dag.py:3047} INFO - Sync 1 DAGs
[2026-06-02T10:27:39.538+0000] {logging_mixin.py:188} INFO - [2026-06-02T10:27:39.538+0000] {dag.py:3834} INFO - Setting next_dagrun for my_first_test_dag2 to None, run_after=None
[2026-06-02T10:27:39.571+0000] {processor.py:183} INFO - Processing /opt/airflow/dags/dag_2.py took 0.081 seconds
[2026-06-02T10:28:09.861+0000] {processor.py:161} INFO - Started process (PID=3292) to work on /opt/airflow/dags/dag_2.py
[2026-06-02T10:28:09.862+0000] {processor.py:830} INFO - Processing file /opt/airflow/dags/dag_2.py for tasks to queue
[2026-06-02T10:28:09.863+0000] {logging_mixin.py:188} INFO - [2026-06-02T10:28:09.863+0000] {dagbag.py:540} INFO - Filling up the DagBag from /opt/airflow/dags/dag_2.py
[2026-06-02T10:28:09.876+0000] {processor.py:840} INFO - DAG(s) 'my_first_test_dag2' retrieved from /opt/airflow/dags/dag_2.py
[2026-06-02T10:28:09.893+0000] {logging_mixin.py:188} INFO - [2026-06-02T10:28:09.893+0000] {dag.py:3047} INFO - Sync 1 DAGs
[2026-06-02T10:28:09.903+0000] {logging_mixin.py:188} INFO - [2026-06-02T10:28:09.903+0000] {dag.py:3834} INFO - Setting next_dagrun for my_first_test_dag2 to None, run_after=None
[2026-06-02T10:28:09.929+0000] {processor.py:183} INFO - Processing /opt/airflow/dags/dag_2.py took 0.070 seconds
[2026-06-02T10:28:40.184+0000] {processor.py:161} INFO - Started process (PID=3302) to work on /opt/airflow/dags/dag_2.py
[2026-06-02T10:28:40.185+0000] {processor.py:830} INFO - Processing file /opt/airflow/dags/dag_2.py for tasks to queue
[2026-06-02T10:28:40.186+0000] {logging_mixin.py:188} INFO - [2026-06-02T10:28:40.185+0000] {dagbag.py:540} INFO - Filling up the DagBag from /opt/airflow/dags/dag_2.py
[2026-06-02T10:28:40.197+0000] {processor.py:840} INFO - DAG(s) 'my_first_test_dag2' retrieved from /opt/airflow/dags/dag_2.py
[2026-06-02T10:28:40.215+0000] {logging_mixin.py:188} INFO - [2026-06-02T10:28:40.215+0000] {dag.py:3047} INFO - Sync 1 DAGs
[2026-06-02T10:28:40.229+0000] {logging_mixin.py:188} INFO - [2026-06-02T10:28:40.228+0000] {dag.py:3834} INFO - Setting next_dagrun for my_first_test_dag2 to None, run_after=None
[2026-06-02T10:28:40.254+0000] {processor.py:183} INFO - Processing /opt/airflow/dags/dag_2.py took 0.073 seconds
[2026-06-02T10:29:10.474+0000] {processor.py:161} INFO - Started process (PID=3312) to work on /opt/airflow/dags/dag_2.py
[2026-06-02T10:29:10.475+0000] {processor.py:830} INFO - Processing file /opt/airflow/dags/dag_2.py for tasks to queue
[2026-06-02T10:29:10.476+0000] {logging_mixin.py:188} INFO - [2026-06-02T10:29:10.475+0000] {dagbag.py:540} INFO - Filling up the DagBag from /opt/airflow/dags/dag_2.py
[2026-06-02T10:29:10.488+0000] {processor.py:840} INFO - DAG(s) 'my_first_test_dag2' retrieved from /opt/airflow/dags/dag_2.py
[2026-06-02T10:29:10.506+0000] {logging_mixin.py:188} INFO - [2026-06-02T10:29:10.506+0000] {dag.py:3047} INFO - Sync 1 DAGs
[2026-06-02T10:29:10.517+0000] {logging_mixin.py:188} INFO - [2026-06-02T10:29:10.517+0000] {dag.py:3834} INFO - Setting next_dagrun for my_first_test_dag2 to None, run_after=None
[2026-06-02T10:29:10.537+0000] {processor.py:183} INFO - Processing /opt/airflow/dags/dag_2.py took 0.066 seconds
[2026-06-02T10:29:40.781+0000] {processor.py:161} INFO - Started process (PID=3322) to work on /opt/airflow/dags/dag_2.py
[2026-06-02T10:29:40.782+0000] {processor.py:830} INFO - Processing file /opt/airflow/dags/dag_2.py for tasks to queue
[2026-06-02T10:29:40.782+0000] {logging_mixin.py:188} INFO - [2026-06-02T10:29:40.782+0000] {dagbag.py:540} INFO - Filling up the DagBag from /opt/airflow/dags/dag_2.py
[2026-06-02T10:29:40.794+0000] {processor.py:840} INFO - DAG(s) 'my_first_test_dag2' retrieved from /opt/airflow/dags/dag_2.py
[2026-06-02T10:29:40.811+0000] {logging_mixin.py:188} INFO - [2026-06-02T10:29:40.811+0000] {dag.py:3047} INFO - Sync 1 DAGs
[2026-06-02T10:29:40.823+0000] {logging_mixin.py:188} INFO - [2026-06-02T10:29:40.823+0000] {dag.py:3834} INFO - Setting next_dagrun for my_first_test_dag2 to None, run_after=None
[2026-06-02T10:29:40.849+0000] {processor.py:183} INFO - Processing /opt/airflow/dags/dag_2.py took 0.071 seconds
[2026-06-02T10:30:11.089+0000] {processor.py:161} INFO - Started process (PID=3332) to work on /opt/airflow/dags/dag_2.py
[2026-06-02T10:30:11.090+0000] {processor.py:830} INFO - Processing file /opt/airflow/dags/dag_2.py for tasks to queue
[2026-06-02T10:30:11.091+0000] {logging_mixin.py:188} INFO - [2026-06-02T10:30:11.091+0000] {dagbag.py:540} INFO - Filling up the DagBag from /opt/airflow/dags/dag_2.py
[2026-06-02T10:30:11.103+0000] {processor.py:840} INFO - DAG(s) 'my_first_test_dag2' retrieved from /opt/airflow/dags/dag_2.py
[2026-06-02T10:30:11.119+0000] {logging_mixin.py:188} INFO - [2026-06-02T10:30:11.119+0000] {dag.py:3047} INFO - Sync 1 DAGs
[2026-06-02T10:30:11.129+0000] {logging_mixin.py:188} INFO - [2026-06-02T10:30:11.129+0000] {dag.py:3834} INFO - Setting next_dagrun for my_first_test_dag2 to None, run_after=None
[2026-06-02T10:30:11.151+0000] {processor.py:183} INFO - Processing /opt/airflow/dags/dag_2.py took 0.064 seconds
[2026-06-02T10:30:41.424+0000] {processor.py:161} INFO - Started process (PID=3342) to work on /opt/airflow/dags/dag_2.py
[2026-06-02T10:30:41.425+0000] {processor.py:830} INFO - Processing file /opt/airflow/dags/dag_2.py for tasks to queue
[2026-06-02T10:30:41.426+0000] {logging_mixin.py:188} INFO - [2026-06-02T10:30:41.426+0000] {dagbag.py:540} INFO - Filling up the DagBag from /opt/airflow/dags/dag_2.py
[2026-06-02T10:30:41.438+0000] {processor.py:840} INFO - DAG(s) 'my_first_test_dag2' retrieved from /opt/airflow/dags/dag_2.py
[2026-06-02T10:30:41.456+0000] {logging_mixin.py:188} INFO - [2026-06-02T10:30:41.456+0000] {dag.py:3047} INFO - Sync 1 DAGs
[2026-06-02T10:30:41.468+0000] {logging_mixin.py:188} INFO - [2026-06-02T10:30:41.467+0000] {dag.py:3834} INFO - Setting next_dagrun for my_first_test_dag2 to None, run_after=None
[2026-06-02T10:30:41.494+0000] {processor.py:183} INFO - Processing /opt/airflow/dags/dag_2.py took 0.073 seconds
[2026-06-02T10:31:11.838+0000] {processor.py:161} INFO - Started process (PID=3352) to work on /opt/airflow/dags/dag_2.py
[2026-06-02T10:31:11.839+0000] {processor.py:830} INFO - Processing file /opt/airflow/dags/dag_2.py for tasks to queue
[2026-06-02T10:31:11.840+0000] {logging_mixin.py:188} INFO - [2026-06-02T10:31:11.840+0000] {dagbag.py:540} INFO - Filling up the DagBag from /opt/airflow/dags/dag_2.py
[2026-06-02T10:31:11.851+0000] {processor.py:840} INFO - DAG(s) 'my_first_test_dag2' retrieved from /opt/airflow/dags/dag_2.py
[2026-06-02T10:31:11.868+0000] {logging_mixin.py:188} INFO - [2026-06-02T10:31:11.868+0000] {dag.py:3047} INFO - Sync 1 DAGs
[2026-06-02T10:31:11.880+0000] {logging_mixin.py:188} INFO - [2026-06-02T10:31:11.880+0000] {dag.py:3834} INFO - Setting next_dagrun for my_first_test_dag2 to None, run_after=None
[2026-06-02T10:31:11.901+0000] {processor.py:183} INFO - Processing /opt/airflow/dags/dag_2.py took 0.065 seconds
[2026-06-02T10:31:42.135+0000] {processor.py:161} INFO - Started process (PID=3362) to work on /opt/airflow/dags/dag_2.py
[2026-06-02T10:31:42.136+0000] {processor.py:830} INFO - Processing file /opt/airflow/dags/dag_2.py for tasks to queue
[2026-06-02T10:31:42.137+0000] {logging_mixin.py:188} INFO - [2026-06-02T10:31:42.136+0000] {dagbag.py:540} INFO - Filling up the DagBag from /opt/airflow/dags/dag_2.py
[2026-06-02T10:31:42.154+0000] {processor.py:840} INFO - DAG(s) 'my_first_test_dag2' retrieved from /opt/airflow/dags/dag_2.py
[2026-06-02T10:31:42.172+0000] {logging_mixin.py:188} INFO - [2026-06-02T10:31:42.172+0000] {dag.py:3047} INFO - Sync 1 DAGs
[2026-06-02T10:31:42.183+0000] {logging_mixin.py:188} INFO - [2026-06-02T10:31:42.183+0000] {dag.py:3834} INFO - Setting next_dagrun for my_first_test_dag2 to None, run_after=None
[2026-06-02T10:31:42.209+0000] {processor.py:183} INFO - Processing /opt/airflow/dags/dag_2.py took 0.078 seconds
[2026-06-02T10:32:09.487+0000] {processor.py:161} INFO - Started process (PID=3372) to work on /opt/airflow/dags/dag_2.py
[2026-06-02T10:32:09.488+0000] {processor.py:830} INFO - Processing file /opt/airflow/dags/dag_2.py for tasks to queue
[2026-06-02T10:32:09.489+0000] {logging_mixin.py:188} INFO - [2026-06-02T10:32:09.488+0000] {dagbag.py:540} INFO - Filling up the DagBag from /opt/airflow/dags/dag_2.py
[2026-06-02T10:32:09.508+0000] {logging_mixin.py:188} INFO - [2026-06-02T10:32:09.505+0000] {dagbag.py:350} ERROR - Failed to import: /opt/airflow/dags/dag_2.py
Traceback (most recent call last):
  File "/home/airflow/.local/lib/python3.8/site-packages/airflow/models/dagbag.py", line 346, in parse
    loader.exec_module(new_module)
  File "<frozen importlib._bootstrap_external>", line 843, in exec_module
  File "<frozen importlib._bootstrap>", line 219, in _call_with_frames_removed
  File "/opt/airflow/dags/dag_2.py", line 14, in <module>
    start_task = EmptyOperator(task_id='start')
NameError: name 'EmptyOperator' is not defined
[2026-06-02T10:32:09.509+0000] {processor.py:842} WARNING - No viable dags retrieved from /opt/airflow/dags/dag_2.py
[2026-06-02T10:32:09.525+0000] {processor.py:183} INFO - Processing /opt/airflow/dags/dag_2.py took 0.041 seconds
[2026-06-02T10:32:29.680+0000] {processor.py:161} INFO - Started process (PID=3377) to work on /opt/airflow/dags/dag_2.py
[2026-06-02T10:32:29.681+0000] {processor.py:830} INFO - Processing file /opt/airflow/dags/dag_2.py for tasks to queue
[2026-06-02T10:32:29.682+0000] {logging_mixin.py:188} INFO - [2026-06-02T10:32:29.682+0000] {dagbag.py:540} INFO - Filling up the DagBag from /opt/airflow/dags/dag_2.py
[2026-06-02T10:32:29.696+0000] {processor.py:842} WARNING - No viable dags retrieved from /opt/airflow/dags/dag_2.py
[2026-06-02T10:32:29.708+0000] {processor.py:183} INFO - Processing /opt/airflow/dags/dag_2.py took 0.032 seconds
[2026-06-02T10:33:00.023+0000] {processor.py:161} INFO - Started process (PID=3387) to work on /opt/airflow/dags/dag_2.py
[2026-06-02T10:33:00.024+0000] {processor.py:830} INFO - Processing file /opt/airflow/dags/dag_2.py for tasks to queue
[2026-06-02T10:33:00.026+0000] {logging_mixin.py:188} INFO - [2026-06-02T10:33:00.025+0000] {dagbag.py:540} INFO - Filling up the DagBag from /opt/airflow/dags/dag_2.py
[2026-06-02T10:33:00.037+0000] {processor.py:842} WARNING - No viable dags retrieved from /opt/airflow/dags/dag_2.py
[2026-06-02T10:33:00.050+0000] {processor.py:183} INFO - Processing /opt/airflow/dags/dag_2.py took 0.030 seconds
[2026-06-02T10:33:30.457+0000] {processor.py:161} INFO - Started process (PID=3407) to work on /opt/airflow/dags/dag_2.py
[2026-06-02T10:33:30.459+0000] {processor.py:830} INFO - Processing file /opt/airflow/dags/dag_2.py for tasks to queue
[2026-06-02T10:33:30.461+0000] {logging_mixin.py:188} INFO - [2026-06-02T10:33:30.461+0000] {dagbag.py:540} INFO - Filling up the DagBag from /opt/airflow/dags/dag_2.py
[2026-06-02T10:33:30.469+0000] {processor.py:842} WARNING - No viable dags retrieved from /opt/airflow/dags/dag_2.py
[2026-06-02T10:33:30.481+0000] {processor.py:183} INFO - Processing /opt/airflow/dags/dag_2.py took 0.026 seconds
[2026-06-02T10:34:00.909+0000] {processor.py:161} INFO - Started process (PID=3417) to work on /opt/airflow/dags/dag_2.py
[2026-06-02T10:34:00.909+0000] {processor.py:830} INFO - Processing file /opt/airflow/dags/dag_2.py for tasks to queue
[2026-06-02T10:34:00.910+0000] {logging_mixin.py:188} INFO - [2026-06-02T10:34:00.910+0000] {dagbag.py:540} INFO - Filling up the DagBag from /opt/airflow/dags/dag_2.py
[2026-06-02T10:34:00.917+0000] {processor.py:842} WARNING - No viable dags retrieved from /opt/airflow/dags/dag_2.py
[2026-06-02T10:34:00.927+0000] {processor.py:183} INFO - Processing /opt/airflow/dags/dag_2.py took 0.021 seconds
[2026-06-02T10:34:31.258+0000] {processor.py:161} INFO - Started process (PID=3427) to work on /opt/airflow/dags/dag_2.py
[2026-06-02T10:34:31.260+0000] {processor.py:830} INFO - Processing file /opt/airflow/dags/dag_2.py for tasks to queue
[2026-06-02T10:34:31.262+0000] {logging_mixin.py:188} INFO - [2026-06-02T10:34:31.260+0000] {dagbag.py:540} INFO - Filling up the DagBag from /opt/airflow/dags/dag_2.py
[2026-06-02T10:34:31.270+0000] {processor.py:842} WARNING - No viable dags retrieved from /opt/airflow/dags/dag_2.py
[2026-06-02T10:34:31.286+0000] {processor.py:183} INFO - Processing /opt/airflow/dags/dag_2.py took 0.030 seconds
[2026-06-02T10:35:01.641+0000] {processor.py:161} INFO - Started process (PID=3437) to work on /opt/airflow/dags/dag_2.py
[2026-06-02T10:35:01.643+0000] {processor.py:830} INFO - Processing file /opt/airflow/dags/dag_2.py for tasks to queue
[2026-06-02T10:35:01.643+0000] {logging_mixin.py:188} INFO - [2026-06-02T10:35:01.643+0000] {dagbag.py:540} INFO - Filling up the DagBag from /opt/airflow/dags/dag_2.py
[2026-06-02T10:35:01.652+0000] {processor.py:842} WARNING - No viable dags retrieved from /opt/airflow/dags/dag_2.py
[2026-06-02T10:35:01.663+0000] {processor.py:183} INFO - Processing /opt/airflow/dags/dag_2.py took 0.025 seconds
[2026-06-02T10:35:32.194+0000] {processor.py:161} INFO - Started process (PID=3447) to work on /opt/airflow/dags/dag_2.py
[2026-06-02T10:35:32.195+0000] {processor.py:830} INFO - Processing file /opt/airflow/dags/dag_2.py for tasks to queue
[2026-06-02T10:35:32.196+0000] {logging_mixin.py:188} INFO - [2026-06-02T10:35:32.196+0000] {dagbag.py:540} INFO - Filling up the DagBag from /opt/airflow/dags/dag_2.py
[2026-06-02T10:35:32.203+0000] {processor.py:842} WARNING - No viable dags retrieved from /opt/airflow/dags/dag_2.py
[2026-06-02T10:35:32.213+0000] {processor.py:183} INFO - Processing /opt/airflow/dags/dag_2.py took 0.022 seconds
[2026-06-02T10:36:02.628+0000] {processor.py:161} INFO - Started process (PID=3457) to work on /opt/airflow/dags/dag_2.py
[2026-06-02T10:36:02.629+0000] {processor.py:830} INFO - Processing file /opt/airflow/dags/dag_2.py for tasks to queue
[2026-06-02T10:36:02.630+0000] {logging_mixin.py:188} INFO - [2026-06-02T10:36:02.629+0000] {dagbag.py:540} INFO - Filling up the DagBag from /opt/airflow/dags/dag_2.py
[2026-06-02T10:36:02.637+0000] {processor.py:842} WARNING - No viable dags retrieved from /opt/airflow/dags/dag_2.py
[2026-06-02T10:36:02.650+0000] {processor.py:183} INFO - Processing /opt/airflow/dags/dag_2.py took 0.025 seconds
[2026-06-02T10:36:33.104+0000] {processor.py:161} INFO - Started process (PID=3467) to work on /opt/airflow/dags/dag_2.py
[2026-06-02T10:36:33.105+0000] {processor.py:830} INFO - Processing file /opt/airflow/dags/dag_2.py for tasks to queue
[2026-06-02T10:36:33.106+0000] {logging_mixin.py:188} INFO - [2026-06-02T10:36:33.106+0000] {dagbag.py:540} INFO - Filling up the DagBag from /opt/airflow/dags/dag_2.py
[2026-06-02T10:36:33.113+0000] {processor.py:842} WARNING - No viable dags retrieved from /opt/airflow/dags/dag_2.py
[2026-06-02T10:36:33.125+0000] {processor.py:183} INFO - Processing /opt/airflow/dags/dag_2.py took 0.023 seconds
[2026-06-02T10:37:03.484+0000] {processor.py:161} INFO - Started process (PID=3477) to work on /opt/airflow/dags/dag_2.py
[2026-06-02T10:37:03.485+0000] {processor.py:830} INFO - Processing file /opt/airflow/dags/dag_2.py for tasks to queue
[2026-06-02T10:37:03.487+0000] {logging_mixin.py:188} INFO - [2026-06-02T10:37:03.486+0000] {dagbag.py:540} INFO - Filling up the DagBag from /opt/airflow/dags/dag_2.py
[2026-06-02T10:37:03.496+0000] {processor.py:842} WARNING - No viable dags retrieved from /opt/airflow/dags/dag_2.py
[2026-06-02T10:37:03.507+0000] {processor.py:183} INFO - Processing /opt/airflow/dags/dag_2.py took 0.026 seconds
[2026-06-02T10:37:31.846+0000] {processor.py:161} INFO - Started process (PID=3487) to work on /opt/airflow/dags/dag_2.py
[2026-06-02T10:37:31.848+0000] {processor.py:830} INFO - Processing file /opt/airflow/dags/dag_2.py for tasks to queue
[2026-06-02T10:37:31.849+0000] {logging_mixin.py:188} INFO - [2026-06-02T10:37:31.848+0000] {dagbag.py:540} INFO - Filling up the DagBag from /opt/airflow/dags/dag_2.py
[2026-06-02T10:37:31.861+0000] {logging_mixin.py:188} INFO - [2026-06-02T10:37:31.860+0000] {dagbag.py:350} ERROR - Failed to import: /opt/airflow/dags/dag_2.py
Traceback (most recent call last):
  File "/home/airflow/.local/lib/python3.8/site-packages/airflow/models/dagbag.py", line 346, in parse
    loader.exec_module(new_module)
  File "<frozen importlib._bootstrap_external>", line 839, in exec_module
  File "<frozen importlib._bootstrap_external>", line 976, in get_code
  File "<frozen importlib._bootstrap_external>", line 906, in source_to_code
  File "<frozen importlib._bootstrap>", line 219, in _call_with_frames_removed
  File "/opt/airflow/dags/dag_2.py", line 7
    def ch_dq
            ^
SyntaxError: invalid syntax
[2026-06-02T10:37:31.861+0000] {processor.py:842} WARNING - No viable dags retrieved from /opt/airflow/dags/dag_2.py
[2026-06-02T10:37:31.881+0000] {processor.py:183} INFO - Processing /opt/airflow/dags/dag_2.py took 0.037 seconds
[2026-06-02T10:37:50.074+0000] {processor.py:161} INFO - Started process (PID=3497) to work on /opt/airflow/dags/dag_2.py
[2026-06-02T10:37:50.076+0000] {processor.py:830} INFO - Processing file /opt/airflow/dags/dag_2.py for tasks to queue
[2026-06-02T10:37:50.077+0000] {logging_mixin.py:188} INFO - [2026-06-02T10:37:50.076+0000] {dagbag.py:540} INFO - Filling up the DagBag from /opt/airflow/dags/dag_2.py
[2026-06-02T10:37:50.089+0000] {logging_mixin.py:188} INFO - [2026-06-02T10:37:50.088+0000] {dagbag.py:350} ERROR - Failed to import: /opt/airflow/dags/dag_2.py
Traceback (most recent call last):
  File "/home/airflow/.local/lib/python3.8/site-packages/airflow/models/dagbag.py", line 346, in parse
    loader.exec_module(new_module)
  File "<frozen importlib._bootstrap_external>", line 839, in exec_module
  File "<frozen importlib._bootstrap_external>", line 976, in get_code
  File "<frozen importlib._bootstrap_external>", line 906, in source_to_code
  File "<frozen importlib._bootstrap>", line 219, in _call_with_frames_removed
  File "/opt/airflow/dags/dag_2.py", line 8
    
    ^
SyntaxError: unexpected EOF while parsing
[2026-06-02T10:37:50.089+0000] {processor.py:842} WARNING - No viable dags retrieved from /opt/airflow/dags/dag_2.py
[2026-06-02T10:37:50.107+0000] {processor.py:183} INFO - Processing /opt/airflow/dags/dag_2.py took 0.036 seconds
[2026-06-02T10:38:20.452+0000] {processor.py:161} INFO - Started process (PID=3507) to work on /opt/airflow/dags/dag_2.py
[2026-06-02T10:38:20.453+0000] {processor.py:830} INFO - Processing file /opt/airflow/dags/dag_2.py for tasks to queue
[2026-06-02T10:38:20.453+0000] {logging_mixin.py:188} INFO - [2026-06-02T10:38:20.453+0000] {dagbag.py:540} INFO - Filling up the DagBag from /opt/airflow/dags/dag_2.py
[2026-06-02T10:38:20.460+0000] {logging_mixin.py:188} INFO - [2026-06-02T10:38:20.460+0000] {dagbag.py:350} ERROR - Failed to import: /opt/airflow/dags/dag_2.py
Traceback (most recent call last):
  File "/home/airflow/.local/lib/python3.8/site-packages/airflow/models/dagbag.py", line 346, in parse
    loader.exec_module(new_module)
  File "<frozen importlib._bootstrap_external>", line 839, in exec_module
  File "<frozen importlib._bootstrap_external>", line 976, in get_code
  File "<frozen importlib._bootstrap_external>", line 906, in source_to_code
  File "<frozen importlib._bootstrap>", line 219, in _call_with_frames_removed
  File "/opt/airflow/dags/dag_2.py", line 8
    
    ^
SyntaxError: unexpected EOF while parsing
[2026-06-02T10:38:20.461+0000] {processor.py:842} WARNING - No viable dags retrieved from /opt/airflow/dags/dag_2.py
[2026-06-02T10:38:20.482+0000] {processor.py:183} INFO - Processing /opt/airflow/dags/dag_2.py took 0.033 seconds
[2026-06-02T10:38:50.951+0000] {processor.py:161} INFO - Started process (PID=3517) to work on /opt/airflow/dags/dag_2.py
[2026-06-02T10:38:50.952+0000] {processor.py:830} INFO - Processing file /opt/airflow/dags/dag_2.py for tasks to queue
[2026-06-02T10:38:50.953+0000] {logging_mixin.py:188} INFO - [2026-06-02T10:38:50.953+0000] {dagbag.py:540} INFO - Filling up the DagBag from /opt/airflow/dags/dag_2.py
[2026-06-02T10:38:50.963+0000] {logging_mixin.py:188} INFO - [2026-06-02T10:38:50.962+0000] {dagbag.py:350} ERROR - Failed to import: /opt/airflow/dags/dag_2.py
Traceback (most recent call last):
  File "/home/airflow/.local/lib/python3.8/site-packages/airflow/models/dagbag.py", line 346, in parse
    loader.exec_module(new_module)
  File "<frozen importlib._bootstrap_external>", line 839, in exec_module
  File "<frozen importlib._bootstrap_external>", line 976, in get_code
  File "<frozen importlib._bootstrap_external>", line 906, in source_to_code
  File "<frozen importlib._bootstrap>", line 219, in _call_with_frames_removed
  File "/opt/airflow/dags/dag_2.py", line 8
    
    ^
SyntaxError: unexpected EOF while parsing
[2026-06-02T10:38:50.963+0000] {processor.py:842} WARNING - No viable dags retrieved from /opt/airflow/dags/dag_2.py
[2026-06-02T10:38:50.986+0000] {processor.py:183} INFO - Processing /opt/airflow/dags/dag_2.py took 0.037 seconds
[2026-06-02T10:39:21.421+0000] {processor.py:161} INFO - Started process (PID=3527) to work on /opt/airflow/dags/dag_2.py
[2026-06-02T10:39:21.423+0000] {processor.py:830} INFO - Processing file /opt/airflow/dags/dag_2.py for tasks to queue
[2026-06-02T10:39:21.424+0000] {logging_mixin.py:188} INFO - [2026-06-02T10:39:21.424+0000] {dagbag.py:540} INFO - Filling up the DagBag from /opt/airflow/dags/dag_2.py
[2026-06-02T10:39:21.437+0000] {logging_mixin.py:188} INFO - [2026-06-02T10:39:21.437+0000] {dagbag.py:350} ERROR - Failed to import: /opt/airflow/dags/dag_2.py
Traceback (most recent call last):
  File "/home/airflow/.local/lib/python3.8/site-packages/airflow/models/dagbag.py", line 346, in parse
    loader.exec_module(new_module)
  File "<frozen importlib._bootstrap_external>", line 839, in exec_module
  File "<frozen importlib._bootstrap_external>", line 976, in get_code
  File "<frozen importlib._bootstrap_external>", line 906, in source_to_code
  File "<frozen importlib._bootstrap>", line 219, in _call_with_frames_removed
  File "/opt/airflow/dags/dag_2.py", line 8
    
    ^
SyntaxError: unexpected EOF while parsing
[2026-06-02T10:39:21.437+0000] {processor.py:842} WARNING - No viable dags retrieved from /opt/airflow/dags/dag_2.py
[2026-06-02T10:39:21.452+0000] {processor.py:183} INFO - Processing /opt/airflow/dags/dag_2.py took 0.033 seconds
[2026-06-02T10:39:35.573+0000] {processor.py:161} INFO - Started process (PID=3532) to work on /opt/airflow/dags/dag_2.py
[2026-06-02T10:39:35.574+0000] {processor.py:830} INFO - Processing file /opt/airflow/dags/dag_2.py for tasks to queue
[2026-06-02T10:39:35.577+0000] {logging_mixin.py:188} INFO - [2026-06-02T10:39:35.575+0000] {dagbag.py:540} INFO - Filling up the DagBag from /opt/airflow/dags/dag_2.py
[2026-06-02T10:39:35.594+0000] {processor.py:842} WARNING - No viable dags retrieved from /opt/airflow/dags/dag_2.py
[2026-06-02T10:39:35.630+0000] {processor.py:183} INFO - Processing /opt/airflow/dags/dag_2.py took 0.060 seconds
[2026-06-02T10:39:58.931+0000] {processor.py:161} INFO - Started process (PID=3542) to work on /opt/airflow/dags/dag_2.py
[2026-06-02T10:39:58.932+0000] {processor.py:830} INFO - Processing file /opt/airflow/dags/dag_2.py for tasks to queue
[2026-06-02T10:39:58.933+0000] {logging_mixin.py:188} INFO - [2026-06-02T10:39:58.932+0000] {dagbag.py:540} INFO - Filling up the DagBag from /opt/airflow/dags/dag_2.py
[2026-06-02T10:39:58.951+0000] {processor.py:842} WARNING - No viable dags retrieved from /opt/airflow/dags/dag_2.py
[2026-06-02T10:39:58.968+0000] {processor.py:183} INFO - Processing /opt/airflow/dags/dag_2.py took 0.040 seconds
[2026-06-02T10:40:29.369+0000] {processor.py:161} INFO - Started process (PID=3552) to work on /opt/airflow/dags/dag_2.py
[2026-06-02T10:40:29.370+0000] {processor.py:830} INFO - Processing file /opt/airflow/dags/dag_2.py for tasks to queue
[2026-06-02T10:40:29.371+0000] {logging_mixin.py:188} INFO - [2026-06-02T10:40:29.370+0000] {dagbag.py:540} INFO - Filling up the DagBag from /opt/airflow/dags/dag_2.py
[2026-06-02T10:40:29.379+0000] {processor.py:842} WARNING - No viable dags retrieved from /opt/airflow/dags/dag_2.py
[2026-06-02T10:40:29.390+0000] {processor.py:183} INFO - Processing /opt/airflow/dags/dag_2.py took 0.023 seconds
[2026-06-02T10:40:38.485+0000] {processor.py:161} INFO - Started process (PID=3557) to work on /opt/airflow/dags/dag_2.py
[2026-06-02T10:40:38.486+0000] {processor.py:830} INFO - Processing file /opt/airflow/dags/dag_2.py for tasks to queue
[2026-06-02T10:40:38.488+0000] {logging_mixin.py:188} INFO - [2026-06-02T10:40:38.488+0000] {dagbag.py:540} INFO - Filling up the DagBag from /opt/airflow/dags/dag_2.py
[2026-06-02T10:40:38.501+0000] {processor.py:842} WARNING - No viable dags retrieved from /opt/airflow/dags/dag_2.py
[2026-06-02T10:40:38.512+0000] {processor.py:183} INFO - Processing /opt/airflow/dags/dag_2.py took 0.029 seconds
[2026-06-02T10:40:48.686+0000] {processor.py:161} INFO - Started process (PID=3567) to work on /opt/airflow/dags/dag_2.py
[2026-06-02T10:40:48.686+0000] {processor.py:830} INFO - Processing file /opt/airflow/dags/dag_2.py for tasks to queue
[2026-06-02T10:40:48.687+0000] {logging_mixin.py:188} INFO - [2026-06-02T10:40:48.687+0000] {dagbag.py:540} INFO - Filling up the DagBag from /opt/airflow/dags/dag_2.py
[2026-06-02T10:40:48.700+0000] {processor.py:842} WARNING - No viable dags retrieved from /opt/airflow/dags/dag_2.py
[2026-06-02T10:40:48.711+0000] {processor.py:183} INFO - Processing /opt/airflow/dags/dag_2.py took 0.028 seconds
[2026-06-02T10:41:02.876+0000] {processor.py:161} INFO - Started process (PID=3572) to work on /opt/airflow/dags/dag_2.py
[2026-06-02T10:41:02.877+0000] {processor.py:830} INFO - Processing file /opt/airflow/dags/dag_2.py for tasks to queue
[2026-06-02T10:41:02.877+0000] {logging_mixin.py:188} INFO - [2026-06-02T10:41:02.877+0000] {dagbag.py:540} INFO - Filling up the DagBag from /opt/airflow/dags/dag_2.py
[2026-06-02T10:41:02.912+0000] {processor.py:842} WARNING - No viable dags retrieved from /opt/airflow/dags/dag_2.py
[2026-06-02T10:41:02.926+0000] {processor.py:183} INFO - Processing /opt/airflow/dags/dag_2.py took 0.053 seconds
[2026-06-02T10:41:18.109+0000] {processor.py:161} INFO - Started process (PID=3582) to work on /opt/airflow/dags/dag_2.py
[2026-06-02T10:41:18.110+0000] {processor.py:830} INFO - Processing file /opt/airflow/dags/dag_2.py for tasks to queue
[2026-06-02T10:41:18.112+0000] {logging_mixin.py:188} INFO - [2026-06-02T10:41:18.111+0000] {dagbag.py:540} INFO - Filling up the DagBag from /opt/airflow/dags/dag_2.py
[2026-06-02T10:41:18.130+0000] {processor.py:842} WARNING - No viable dags retrieved from /opt/airflow/dags/dag_2.py
[2026-06-02T10:41:18.148+0000] {processor.py:183} INFO - Processing /opt/airflow/dags/dag_2.py took 0.042 seconds
[2026-06-02T10:41:28.400+0000] {processor.py:161} INFO - Started process (PID=3587) to work on /opt/airflow/dags/dag_2.py
[2026-06-02T10:41:28.417+0000] {processor.py:830} INFO - Processing file /opt/airflow/dags/dag_2.py for tasks to queue
[2026-06-02T10:41:28.419+0000] {logging_mixin.py:188} INFO - [2026-06-02T10:41:28.418+0000] {dagbag.py:540} INFO - Filling up the DagBag from /opt/airflow/dags/dag_2.py
[2026-06-02T10:41:28.439+0000] {processor.py:842} WARNING - No viable dags retrieved from /opt/airflow/dags/dag_2.py
[2026-06-02T10:41:28.460+0000] {processor.py:183} INFO - Processing /opt/airflow/dags/dag_2.py took 0.063 seconds
[2026-06-02T10:41:58.764+0000] {processor.py:161} INFO - Started process (PID=3597) to work on /opt/airflow/dags/dag_2.py
[2026-06-02T10:41:58.765+0000] {processor.py:830} INFO - Processing file /opt/airflow/dags/dag_2.py for tasks to queue
[2026-06-02T10:41:58.766+0000] {logging_mixin.py:188} INFO - [2026-06-02T10:41:58.765+0000] {dagbag.py:540} INFO - Filling up the DagBag from /opt/airflow/dags/dag_2.py
[2026-06-02T10:41:58.772+0000] {processor.py:842} WARNING - No viable dags retrieved from /opt/airflow/dags/dag_2.py
[2026-06-02T10:41:58.783+0000] {processor.py:183} INFO - Processing /opt/airflow/dags/dag_2.py took 0.022 seconds
[2026-06-02T10:42:16.969+0000] {processor.py:161} INFO - Started process (PID=3607) to work on /opt/airflow/dags/dag_2.py
[2026-06-02T10:42:16.970+0000] {processor.py:830} INFO - Processing file /opt/airflow/dags/dag_2.py for tasks to queue
[2026-06-02T10:42:16.970+0000] {logging_mixin.py:188} INFO - [2026-06-02T10:42:16.970+0000] {dagbag.py:540} INFO - Filling up the DagBag from /opt/airflow/dags/dag_2.py
[2026-06-02T10:42:16.986+0000] {processor.py:842} WARNING - No viable dags retrieved from /opt/airflow/dags/dag_2.py
[2026-06-02T10:42:16.999+0000] {processor.py:183} INFO - Processing /opt/airflow/dags/dag_2.py took 0.033 seconds
[2026-06-02T10:42:27.202+0000] {processor.py:161} INFO - Started process (PID=3612) to work on /opt/airflow/dags/dag_2.py
[2026-06-02T10:42:27.203+0000] {processor.py:830} INFO - Processing file /opt/airflow/dags/dag_2.py for tasks to queue
[2026-06-02T10:42:27.205+0000] {logging_mixin.py:188} INFO - [2026-06-02T10:42:27.204+0000] {dagbag.py:540} INFO - Filling up the DagBag from /opt/airflow/dags/dag_2.py
[2026-06-02T10:42:27.270+0000] {processor.py:842} WARNING - No viable dags retrieved from /opt/airflow/dags/dag_2.py
[2026-06-02T10:42:27.288+0000] {processor.py:183} INFO - Processing /opt/airflow/dags/dag_2.py took 0.089 seconds
[2026-06-02T10:42:57.550+0000] {processor.py:161} INFO - Started process (PID=3622) to work on /opt/airflow/dags/dag_2.py
[2026-06-02T10:42:57.551+0000] {processor.py:830} INFO - Processing file /opt/airflow/dags/dag_2.py for tasks to queue
[2026-06-02T10:42:57.552+0000] {logging_mixin.py:188} INFO - [2026-06-02T10:42:57.552+0000] {dagbag.py:540} INFO - Filling up the DagBag from /opt/airflow/dags/dag_2.py
[2026-06-02T10:42:57.563+0000] {processor.py:842} WARNING - No viable dags retrieved from /opt/airflow/dags/dag_2.py
[2026-06-02T10:42:57.576+0000] {processor.py:183} INFO - Processing /opt/airflow/dags/dag_2.py took 0.029 seconds
[2026-06-02T10:43:27.939+0000] {processor.py:161} INFO - Started process (PID=3632) to work on /opt/airflow/dags/dag_2.py
[2026-06-02T10:43:27.940+0000] {processor.py:830} INFO - Processing file /opt/airflow/dags/dag_2.py for tasks to queue
[2026-06-02T10:43:27.941+0000] {logging_mixin.py:188} INFO - [2026-06-02T10:43:27.941+0000] {dagbag.py:540} INFO - Filling up the DagBag from /opt/airflow/dags/dag_2.py
[2026-06-02T10:43:27.951+0000] {processor.py:842} WARNING - No viable dags retrieved from /opt/airflow/dags/dag_2.py
[2026-06-02T10:43:27.963+0000] {processor.py:183} INFO - Processing /opt/airflow/dags/dag_2.py took 0.026 seconds
[2026-06-02T10:43:58.223+0000] {processor.py:161} INFO - Started process (PID=3642) to work on /opt/airflow/dags/dag_2.py
[2026-06-02T10:43:58.224+0000] {processor.py:830} INFO - Processing file /opt/airflow/dags/dag_2.py for tasks to queue
[2026-06-02T10:43:58.225+0000] {logging_mixin.py:188} INFO - [2026-06-02T10:43:58.224+0000] {dagbag.py:540} INFO - Filling up the DagBag from /opt/airflow/dags/dag_2.py
[2026-06-02T10:43:58.234+0000] {processor.py:842} WARNING - No viable dags retrieved from /opt/airflow/dags/dag_2.py
[2026-06-02T10:43:58.245+0000] {processor.py:183} INFO - Processing /opt/airflow/dags/dag_2.py took 0.025 seconds
[2026-06-02T10:44:28.557+0000] {processor.py:161} INFO - Started process (PID=3652) to work on /opt/airflow/dags/dag_2.py
[2026-06-02T10:44:28.558+0000] {processor.py:830} INFO - Processing file /opt/airflow/dags/dag_2.py for tasks to queue
[2026-06-02T10:44:28.559+0000] {logging_mixin.py:188} INFO - [2026-06-02T10:44:28.559+0000] {dagbag.py:540} INFO - Filling up the DagBag from /opt/airflow/dags/dag_2.py
[2026-06-02T10:44:28.568+0000] {processor.py:842} WARNING - No viable dags retrieved from /opt/airflow/dags/dag_2.py
[2026-06-02T10:44:28.579+0000] {processor.py:183} INFO - Processing /opt/airflow/dags/dag_2.py took 0.024 seconds
[2026-06-02T10:44:58.995+0000] {processor.py:161} INFO - Started process (PID=3662) to work on /opt/airflow/dags/dag_2.py
[2026-06-02T10:44:58.996+0000] {processor.py:830} INFO - Processing file /opt/airflow/dags/dag_2.py for tasks to queue
[2026-06-02T10:44:58.997+0000] {logging_mixin.py:188} INFO - [2026-06-02T10:44:58.997+0000] {dagbag.py:540} INFO - Filling up the DagBag from /opt/airflow/dags/dag_2.py
[2026-06-02T10:44:59.004+0000] {processor.py:842} WARNING - No viable dags retrieved from /opt/airflow/dags/dag_2.py
[2026-06-02T10:44:59.015+0000] {processor.py:183} INFO - Processing /opt/airflow/dags/dag_2.py took 0.022 seconds
[2026-06-02T10:45:29.473+0000] {processor.py:161} INFO - Started process (PID=3672) to work on /opt/airflow/dags/dag_2.py
[2026-06-02T10:45:29.474+0000] {processor.py:830} INFO - Processing file /opt/airflow/dags/dag_2.py for tasks to queue
[2026-06-02T10:45:29.475+0000] {logging_mixin.py:188} INFO - [2026-06-02T10:45:29.474+0000] {dagbag.py:540} INFO - Filling up the DagBag from /opt/airflow/dags/dag_2.py
[2026-06-02T10:45:29.485+0000] {processor.py:842} WARNING - No viable dags retrieved from /opt/airflow/dags/dag_2.py
[2026-06-02T10:45:29.496+0000] {processor.py:183} INFO - Processing /opt/airflow/dags/dag_2.py took 0.024 seconds
[2026-06-02T10:45:59.998+0000] {processor.py:161} INFO - Started process (PID=3682) to work on /opt/airflow/dags/dag_2.py
[2026-06-02T10:45:59.999+0000] {processor.py:830} INFO - Processing file /opt/airflow/dags/dag_2.py for tasks to queue
[2026-06-02T10:46:00.000+0000] {logging_mixin.py:188} INFO - [2026-06-02T10:45:59.999+0000] {dagbag.py:540} INFO - Filling up the DagBag from /opt/airflow/dags/dag_2.py
[2026-06-02T10:46:00.013+0000] {processor.py:842} WARNING - No viable dags retrieved from /opt/airflow/dags/dag_2.py
[2026-06-02T10:46:00.025+0000] {processor.py:183} INFO - Processing /opt/airflow/dags/dag_2.py took 0.030 seconds
[2026-06-02T10:46:30.409+0000] {processor.py:161} INFO - Started process (PID=3692) to work on /opt/airflow/dags/dag_2.py
[2026-06-02T10:46:30.410+0000] {processor.py:830} INFO - Processing file /opt/airflow/dags/dag_2.py for tasks to queue
[2026-06-02T10:46:30.411+0000] {logging_mixin.py:188} INFO - [2026-06-02T10:46:30.410+0000] {dagbag.py:540} INFO - Filling up the DagBag from /opt/airflow/dags/dag_2.py
[2026-06-02T10:46:30.419+0000] {processor.py:842} WARNING - No viable dags retrieved from /opt/airflow/dags/dag_2.py
[2026-06-02T10:46:30.429+0000] {processor.py:183} INFO - Processing /opt/airflow/dags/dag_2.py took 0.022 seconds
[2026-06-02T10:47:00.862+0000] {processor.py:161} INFO - Started process (PID=3702) to work on /opt/airflow/dags/dag_2.py
[2026-06-02T10:47:00.863+0000] {processor.py:830} INFO - Processing file /opt/airflow/dags/dag_2.py for tasks to queue
[2026-06-02T10:47:00.864+0000] {logging_mixin.py:188} INFO - [2026-06-02T10:47:00.863+0000] {dagbag.py:540} INFO - Filling up the DagBag from /opt/airflow/dags/dag_2.py
[2026-06-02T10:47:00.875+0000] {processor.py:842} WARNING - No viable dags retrieved from /opt/airflow/dags/dag_2.py
[2026-06-02T10:47:00.887+0000] {processor.py:183} INFO - Processing /opt/airflow/dags/dag_2.py took 0.028 seconds
[2026-06-02T10:47:31.278+0000] {processor.py:161} INFO - Started process (PID=3712) to work on /opt/airflow/dags/dag_2.py
[2026-06-02T10:47:31.280+0000] {processor.py:830} INFO - Processing file /opt/airflow/dags/dag_2.py for tasks to queue
[2026-06-02T10:47:31.281+0000] {logging_mixin.py:188} INFO - [2026-06-02T10:47:31.280+0000] {dagbag.py:540} INFO - Filling up the DagBag from /opt/airflow/dags/dag_2.py
[2026-06-02T10:47:31.289+0000] {processor.py:842} WARNING - No viable dags retrieved from /opt/airflow/dags/dag_2.py
[2026-06-02T10:47:31.301+0000] {processor.py:183} INFO - Processing /opt/airflow/dags/dag_2.py took 0.025 seconds
[2026-06-02T10:48:01.675+0000] {processor.py:161} INFO - Started process (PID=3722) to work on /opt/airflow/dags/dag_2.py
[2026-06-02T10:48:01.676+0000] {processor.py:830} INFO - Processing file /opt/airflow/dags/dag_2.py for tasks to queue
[2026-06-02T10:48:01.677+0000] {logging_mixin.py:188} INFO - [2026-06-02T10:48:01.676+0000] {dagbag.py:540} INFO - Filling up the DagBag from /opt/airflow/dags/dag_2.py
[2026-06-02T10:48:01.685+0000] {processor.py:842} WARNING - No viable dags retrieved from /opt/airflow/dags/dag_2.py
[2026-06-02T10:48:01.696+0000] {processor.py:183} INFO - Processing /opt/airflow/dags/dag_2.py took 0.024 seconds
[2026-06-02T10:48:32.050+0000] {processor.py:161} INFO - Started process (PID=3732) to work on /opt/airflow/dags/dag_2.py
[2026-06-02T10:48:32.051+0000] {processor.py:830} INFO - Processing file /opt/airflow/dags/dag_2.py for tasks to queue
[2026-06-02T10:48:32.052+0000] {logging_mixin.py:188} INFO - [2026-06-02T10:48:32.052+0000] {dagbag.py:540} INFO - Filling up the DagBag from /opt/airflow/dags/dag_2.py
[2026-06-02T10:48:32.059+0000] {processor.py:842} WARNING - No viable dags retrieved from /opt/airflow/dags/dag_2.py
[2026-06-02T10:48:32.069+0000] {processor.py:183} INFO - Processing /opt/airflow/dags/dag_2.py took 0.021 seconds
[2026-06-02T10:49:02.405+0000] {processor.py:161} INFO - Started process (PID=3742) to work on /opt/airflow/dags/dag_2.py
[2026-06-02T10:49:02.406+0000] {processor.py:830} INFO - Processing file /opt/airflow/dags/dag_2.py for tasks to queue
[2026-06-02T10:49:02.407+0000] {logging_mixin.py:188} INFO - [2026-06-02T10:49:02.407+0000] {dagbag.py:540} INFO - Filling up the DagBag from /opt/airflow/dags/dag_2.py
[2026-06-02T10:49:02.415+0000] {processor.py:842} WARNING - No viable dags retrieved from /opt/airflow/dags/dag_2.py
[2026-06-02T10:49:02.428+0000] {processor.py:183} INFO - Processing /opt/airflow/dags/dag_2.py took 0.026 seconds
[2026-06-02T10:49:32.814+0000] {processor.py:161} INFO - Started process (PID=3752) to work on /opt/airflow/dags/dag_2.py
[2026-06-02T10:49:32.815+0000] {processor.py:830} INFO - Processing file /opt/airflow/dags/dag_2.py for tasks to queue
[2026-06-02T10:49:32.816+0000] {logging_mixin.py:188} INFO - [2026-06-02T10:49:32.815+0000] {dagbag.py:540} INFO - Filling up the DagBag from /opt/airflow/dags/dag_2.py
[2026-06-02T10:49:32.831+0000] {processor.py:842} WARNING - No viable dags retrieved from /opt/airflow/dags/dag_2.py
[2026-06-02T10:49:32.841+0000] {processor.py:183} INFO - Processing /opt/airflow/dags/dag_2.py took 0.030 seconds
[2026-06-02T10:50:03.209+0000] {processor.py:161} INFO - Started process (PID=3762) to work on /opt/airflow/dags/dag_2.py
[2026-06-02T10:50:03.210+0000] {processor.py:830} INFO - Processing file /opt/airflow/dags/dag_2.py for tasks to queue
[2026-06-02T10:50:03.211+0000] {logging_mixin.py:188} INFO - [2026-06-02T10:50:03.211+0000] {dagbag.py:540} INFO - Filling up the DagBag from /opt/airflow/dags/dag_2.py
[2026-06-02T10:50:03.217+0000] {processor.py:842} WARNING - No viable dags retrieved from /opt/airflow/dags/dag_2.py
[2026-06-02T10:50:03.227+0000] {processor.py:183} INFO - Processing /opt/airflow/dags/dag_2.py took 0.020 seconds
[2026-06-02T10:50:33.618+0000] {processor.py:161} INFO - Started process (PID=3772) to work on /opt/airflow/dags/dag_2.py
[2026-06-02T10:50:33.620+0000] {processor.py:830} INFO - Processing file /opt/airflow/dags/dag_2.py for tasks to queue
[2026-06-02T10:50:33.621+0000] {logging_mixin.py:188} INFO - [2026-06-02T10:50:33.621+0000] {dagbag.py:540} INFO - Filling up the DagBag from /opt/airflow/dags/dag_2.py
[2026-06-02T10:50:33.630+0000] {processor.py:842} WARNING - No viable dags retrieved from /opt/airflow/dags/dag_2.py
[2026-06-02T10:50:33.643+0000] {processor.py:183} INFO - Processing /opt/airflow/dags/dag_2.py took 0.028 seconds
[2026-06-02T10:51:03.961+0000] {processor.py:161} INFO - Started process (PID=3782) to work on /opt/airflow/dags/dag_2.py
[2026-06-02T10:51:03.962+0000] {processor.py:830} INFO - Processing file /opt/airflow/dags/dag_2.py for tasks to queue
[2026-06-02T10:51:03.962+0000] {logging_mixin.py:188} INFO - [2026-06-02T10:51:03.962+0000] {dagbag.py:540} INFO - Filling up the DagBag from /opt/airflow/dags/dag_2.py
[2026-06-02T10:51:03.970+0000] {processor.py:842} WARNING - No viable dags retrieved from /opt/airflow/dags/dag_2.py
[2026-06-02T10:51:03.980+0000] {processor.py:183} INFO - Processing /opt/airflow/dags/dag_2.py took 0.022 seconds
[2026-06-02T10:51:34.290+0000] {processor.py:161} INFO - Started process (PID=3792) to work on /opt/airflow/dags/dag_2.py
[2026-06-02T10:51:34.291+0000] {processor.py:830} INFO - Processing file /opt/airflow/dags/dag_2.py for tasks to queue
[2026-06-02T10:51:34.291+0000] {logging_mixin.py:188} INFO - [2026-06-02T10:51:34.291+0000] {dagbag.py:540} INFO - Filling up the DagBag from /opt/airflow/dags/dag_2.py
[2026-06-02T10:51:34.299+0000] {processor.py:842} WARNING - No viable dags retrieved from /opt/airflow/dags/dag_2.py
[2026-06-02T10:51:34.313+0000] {processor.py:183} INFO - Processing /opt/airflow/dags/dag_2.py took 0.026 seconds
[2026-06-02T10:52:04.593+0000] {processor.py:161} INFO - Started process (PID=3802) to work on /opt/airflow/dags/dag_2.py
[2026-06-02T10:52:04.594+0000] {processor.py:830} INFO - Processing file /opt/airflow/dags/dag_2.py for tasks to queue
[2026-06-02T10:52:04.596+0000] {logging_mixin.py:188} INFO - [2026-06-02T10:52:04.595+0000] {dagbag.py:540} INFO - Filling up the DagBag from /opt/airflow/dags/dag_2.py
[2026-06-02T10:52:04.606+0000] {processor.py:842} WARNING - No viable dags retrieved from /opt/airflow/dags/dag_2.py
[2026-06-02T10:52:04.622+0000] {processor.py:183} INFO - Processing /opt/airflow/dags/dag_2.py took 0.033 seconds
[2026-06-02T10:52:34.956+0000] {processor.py:161} INFO - Started process (PID=3812) to work on /opt/airflow/dags/dag_2.py
[2026-06-02T10:52:34.957+0000] {processor.py:830} INFO - Processing file /opt/airflow/dags/dag_2.py for tasks to queue
[2026-06-02T10:52:34.958+0000] {logging_mixin.py:188} INFO - [2026-06-02T10:52:34.957+0000] {dagbag.py:540} INFO - Filling up the DagBag from /opt/airflow/dags/dag_2.py
[2026-06-02T10:52:34.965+0000] {processor.py:842} WARNING - No viable dags retrieved from /opt/airflow/dags/dag_2.py
[2026-06-02T10:52:34.975+0000] {processor.py:183} INFO - Processing /opt/airflow/dags/dag_2.py took 0.022 seconds
[2026-06-02T10:53:05.241+0000] {processor.py:161} INFO - Started process (PID=3822) to work on /opt/airflow/dags/dag_2.py
[2026-06-02T10:53:05.242+0000] {processor.py:830} INFO - Processing file /opt/airflow/dags/dag_2.py for tasks to queue
[2026-06-02T10:53:05.242+0000] {logging_mixin.py:188} INFO - [2026-06-02T10:53:05.242+0000] {dagbag.py:540} INFO - Filling up the DagBag from /opt/airflow/dags/dag_2.py
[2026-06-02T10:53:05.251+0000] {processor.py:842} WARNING - No viable dags retrieved from /opt/airflow/dags/dag_2.py
[2026-06-02T10:53:05.262+0000] {processor.py:183} INFO - Processing /opt/airflow/dags/dag_2.py took 0.024 seconds
[2026-06-02T10:53:11.301+0000] {processor.py:161} INFO - Started process (PID=3827) to work on /opt/airflow/dags/dag_2.py
[2026-06-02T10:53:11.302+0000] {processor.py:830} INFO - Processing file /opt/airflow/dags/dag_2.py for tasks to queue
[2026-06-02T10:53:11.303+0000] {logging_mixin.py:188} INFO - [2026-06-02T10:53:11.303+0000] {dagbag.py:540} INFO - Filling up the DagBag from /opt/airflow/dags/dag_2.py
[2026-06-02T10:53:11.316+0000] {logging_mixin.py:188} INFO - [2026-06-02T10:53:11.316+0000] {dagbag.py:350} ERROR - Failed to import: /opt/airflow/dags/dag_2.py
Traceback (most recent call last):
  File "/home/airflow/.local/lib/python3.8/site-packages/airflow/models/dagbag.py", line 346, in parse
    loader.exec_module(new_module)
  File "<frozen importlib._bootstrap_external>", line 839, in exec_module
  File "<frozen importlib._bootstrap_external>", line 976, in get_code
  File "<frozen importlib._bootstrap_external>", line 906, in source_to_code
  File "<frozen importlib._bootstrap>", line 219, in _call_with_frames_removed
  File "/opt/airflow/dags/dag_2.py", line 37
    def
      ^
SyntaxError: invalid syntax
[2026-06-02T10:53:11.317+0000] {processor.py:842} WARNING - No viable dags retrieved from /opt/airflow/dags/dag_2.py
[2026-06-02T10:53:11.342+0000] {processor.py:183} INFO - Processing /opt/airflow/dags/dag_2.py took 0.044 seconds
[2026-06-02T10:53:41.629+0000] {processor.py:161} INFO - Started process (PID=3837) to work on /opt/airflow/dags/dag_2.py
[2026-06-02T10:53:41.630+0000] {processor.py:830} INFO - Processing file /opt/airflow/dags/dag_2.py for tasks to queue
[2026-06-02T10:53:41.631+0000] {logging_mixin.py:188} INFO - [2026-06-02T10:53:41.631+0000] {dagbag.py:540} INFO - Filling up the DagBag from /opt/airflow/dags/dag_2.py
[2026-06-02T10:53:41.644+0000] {logging_mixin.py:188} INFO - [2026-06-02T10:53:41.643+0000] {dagbag.py:350} ERROR - Failed to import: /opt/airflow/dags/dag_2.py
Traceback (most recent call last):
  File "/home/airflow/.local/lib/python3.8/site-packages/airflow/models/dagbag.py", line 346, in parse
    loader.exec_module(new_module)
  File "<frozen importlib._bootstrap_external>", line 839, in exec_module
  File "<frozen importlib._bootstrap_external>", line 976, in get_code
  File "<frozen importlib._bootstrap_external>", line 906, in source_to_code
  File "<frozen importlib._bootstrap>", line 219, in _call_with_frames_removed
  File "/opt/airflow/dags/dag_2.py", line 37
    def
      ^
SyntaxError: invalid syntax
[2026-06-02T10:53:41.644+0000] {processor.py:842} WARNING - No viable dags retrieved from /opt/airflow/dags/dag_2.py
[2026-06-02T10:53:41.664+0000] {processor.py:183} INFO - Processing /opt/airflow/dags/dag_2.py took 0.038 seconds
[2026-06-02T10:54:11.947+0000] {processor.py:161} INFO - Started process (PID=3847) to work on /opt/airflow/dags/dag_2.py
[2026-06-02T10:54:11.948+0000] {processor.py:830} INFO - Processing file /opt/airflow/dags/dag_2.py for tasks to queue
[2026-06-02T10:54:11.949+0000] {logging_mixin.py:188} INFO - [2026-06-02T10:54:11.948+0000] {dagbag.py:540} INFO - Filling up the DagBag from /opt/airflow/dags/dag_2.py
[2026-06-02T10:54:11.958+0000] {logging_mixin.py:188} INFO - [2026-06-02T10:54:11.957+0000] {dagbag.py:350} ERROR - Failed to import: /opt/airflow/dags/dag_2.py
Traceback (most recent call last):
  File "/home/airflow/.local/lib/python3.8/site-packages/airflow/models/dagbag.py", line 346, in parse
    loader.exec_module(new_module)
  File "<frozen importlib._bootstrap_external>", line 839, in exec_module
  File "<frozen importlib._bootstrap_external>", line 976, in get_code
  File "<frozen importlib._bootstrap_external>", line 906, in source_to_code
  File "<frozen importlib._bootstrap>", line 219, in _call_with_frames_removed
  File "/opt/airflow/dags/dag_2.py", line 37
    def
      ^
SyntaxError: invalid syntax
[2026-06-02T10:54:11.959+0000] {processor.py:842} WARNING - No viable dags retrieved from /opt/airflow/dags/dag_2.py
[2026-06-02T10:54:11.974+0000] {processor.py:183} INFO - Processing /opt/airflow/dags/dag_2.py took 0.030 seconds
[2026-06-02T10:54:23.057+0000] {processor.py:161} INFO - Started process (PID=3852) to work on /opt/airflow/dags/dag_2.py
[2026-06-02T10:54:23.058+0000] {processor.py:830} INFO - Processing file /opt/airflow/dags/dag_2.py for tasks to queue
[2026-06-02T10:54:23.059+0000] {logging_mixin.py:188} INFO - [2026-06-02T10:54:23.058+0000] {dagbag.py:540} INFO - Filling up the DagBag from /opt/airflow/dags/dag_2.py
[2026-06-02T10:54:23.074+0000] {processor.py:842} WARNING - No viable dags retrieved from /opt/airflow/dags/dag_2.py
[2026-06-02T10:54:23.089+0000] {processor.py:183} INFO - Processing /opt/airflow/dags/dag_2.py took 0.035 seconds
[2026-06-02T10:54:53.403+0000] {processor.py:161} INFO - Started process (PID=3862) to work on /opt/airflow/dags/dag_2.py
[2026-06-02T10:54:53.404+0000] {processor.py:830} INFO - Processing file /opt/airflow/dags/dag_2.py for tasks to queue
[2026-06-02T10:54:53.404+0000] {logging_mixin.py:188} INFO - [2026-06-02T10:54:53.404+0000] {dagbag.py:540} INFO - Filling up the DagBag from /opt/airflow/dags/dag_2.py
[2026-06-02T10:54:53.411+0000] {processor.py:842} WARNING - No viable dags retrieved from /opt/airflow/dags/dag_2.py
[2026-06-02T10:54:53.422+0000] {processor.py:183} INFO - Processing /opt/airflow/dags/dag_2.py took 0.022 seconds
[2026-06-02T10:55:24.015+0000] {processor.py:161} INFO - Started process (PID=3872) to work on /opt/airflow/dags/dag_2.py
[2026-06-02T10:55:24.016+0000] {processor.py:830} INFO - Processing file /opt/airflow/dags/dag_2.py for tasks to queue
[2026-06-02T10:55:24.016+0000] {logging_mixin.py:188} INFO - [2026-06-02T10:55:24.016+0000] {dagbag.py:540} INFO - Filling up the DagBag from /opt/airflow/dags/dag_2.py
[2026-06-02T10:55:24.024+0000] {processor.py:842} WARNING - No viable dags retrieved from /opt/airflow/dags/dag_2.py
[2026-06-02T10:55:24.034+0000] {processor.py:183} INFO - Processing /opt/airflow/dags/dag_2.py took 0.022 seconds
[2026-06-02T10:55:37.188+0000] {processor.py:161} INFO - Started process (PID=3882) to work on /opt/airflow/dags/dag_2.py
[2026-06-02T10:55:37.189+0000] {processor.py:830} INFO - Processing file /opt/airflow/dags/dag_2.py for tasks to queue
[2026-06-02T10:55:37.191+0000] {logging_mixin.py:188} INFO - [2026-06-02T10:55:37.190+0000] {dagbag.py:540} INFO - Filling up the DagBag from /opt/airflow/dags/dag_2.py
[2026-06-02T10:55:37.210+0000] {logging_mixin.py:188} INFO - [2026-06-02T10:55:37.208+0000] {dagbag.py:350} ERROR - Failed to import: /opt/airflow/dags/dag_2.py
Traceback (most recent call last):
  File "/home/airflow/.local/lib/python3.8/site-packages/airflow/models/dagbag.py", line 346, in parse
    loader.exec_module(new_module)
  File "<frozen importlib._bootstrap_external>", line 839, in exec_module
  File "<frozen importlib._bootstrap_external>", line 976, in get_code
  File "<frozen importlib._bootstrap_external>", line 906, in source_to_code
  File "<frozen importlib._bootstrap>", line 219, in _call_with_frames_removed
  File "/opt/airflow/dags/dag_2.py", line 46
    )
    ^
SyntaxError: invalid syntax
[2026-06-02T10:55:37.210+0000] {processor.py:842} WARNING - No viable dags retrieved from /opt/airflow/dags/dag_2.py
[2026-06-02T10:55:37.233+0000] {processor.py:183} INFO - Processing /opt/airflow/dags/dag_2.py took 0.049 seconds
[2026-06-02T10:55:47.329+0000] {processor.py:161} INFO - Started process (PID=3887) to work on /opt/airflow/dags/dag_2.py
[2026-06-02T10:55:47.330+0000] {processor.py:830} INFO - Processing file /opt/airflow/dags/dag_2.py for tasks to queue
[2026-06-02T10:55:47.331+0000] {logging_mixin.py:188} INFO - [2026-06-02T10:55:47.330+0000] {dagbag.py:540} INFO - Filling up the DagBag from /opt/airflow/dags/dag_2.py
[2026-06-02T10:55:47.340+0000] {logging_mixin.py:188} INFO - [2026-06-02T10:55:47.339+0000] {dagbag.py:350} ERROR - Failed to import: /opt/airflow/dags/dag_2.py
Traceback (most recent call last):
  File "/home/airflow/.local/lib/python3.8/site-packages/airflow/models/dagbag.py", line 346, in parse
    loader.exec_module(new_module)
  File "<frozen importlib._bootstrap_external>", line 839, in exec_module
  File "<frozen importlib._bootstrap_external>", line 976, in get_code
  File "<frozen importlib._bootstrap_external>", line 906, in source_to_code
  File "<frozen importlib._bootstrap>", line 219, in _call_with_frames_removed
  File "/opt/airflow/dags/dag_2.py", line 47
    )
    ^
SyntaxError: invalid syntax
[2026-06-02T10:55:47.340+0000] {processor.py:842} WARNING - No viable dags retrieved from /opt/airflow/dags/dag_2.py
[2026-06-02T10:55:47.361+0000] {processor.py:183} INFO - Processing /opt/airflow/dags/dag_2.py took 0.034 seconds
[2026-06-02T10:56:10.609+0000] {processor.py:161} INFO - Started process (PID=3897) to work on /opt/airflow/dags/dag_2.py
[2026-06-02T10:56:10.610+0000] {processor.py:830} INFO - Processing file /opt/airflow/dags/dag_2.py for tasks to queue
[2026-06-02T10:56:10.611+0000] {logging_mixin.py:188} INFO - [2026-06-02T10:56:10.611+0000] {dagbag.py:540} INFO - Filling up the DagBag from /opt/airflow/dags/dag_2.py
[2026-06-02T10:56:10.630+0000] {logging_mixin.py:188} INFO - [2026-06-02T10:56:10.628+0000] {dagbag.py:350} ERROR - Failed to import: /opt/airflow/dags/dag_2.py
Traceback (most recent call last):
  File "/home/airflow/.local/lib/python3.8/site-packages/airflow/models/dagbag.py", line 346, in parse
    loader.exec_module(new_module)
  File "<frozen importlib._bootstrap_external>", line 843, in exec_module
  File "<frozen importlib._bootstrap>", line 219, in _call_with_frames_removed
  File "/opt/airflow/dags/dag_2.py", line 48, in <module>
    dq_task = PythonOperator(
  File "/home/airflow/.local/lib/python3.8/site-packages/airflow/models/baseoperator.py", line 420, in apply_defaults
    raise AirflowException(f"missing keyword argument {missing_args.pop()!r}")
airflow.exceptions.AirflowException: missing keyword argument 'python_callable'
[2026-06-02T10:56:10.632+0000] {processor.py:842} WARNING - No viable dags retrieved from /opt/airflow/dags/dag_2.py
[2026-06-02T10:56:10.648+0000] {processor.py:183} INFO - Processing /opt/airflow/dags/dag_2.py took 0.042 seconds
[2026-06-02T10:56:41.029+0000] {processor.py:161} INFO - Started process (PID=3907) to work on /opt/airflow/dags/dag_2.py
[2026-06-02T10:56:41.030+0000] {processor.py:830} INFO - Processing file /opt/airflow/dags/dag_2.py for tasks to queue
[2026-06-02T10:56:41.031+0000] {logging_mixin.py:188} INFO - [2026-06-02T10:56:41.031+0000] {dagbag.py:540} INFO - Filling up the DagBag from /opt/airflow/dags/dag_2.py
[2026-06-02T10:56:41.044+0000] {logging_mixin.py:188} INFO - [2026-06-02T10:56:41.040+0000] {dagbag.py:350} ERROR - Failed to import: /opt/airflow/dags/dag_2.py
Traceback (most recent call last):
  File "/home/airflow/.local/lib/python3.8/site-packages/airflow/models/dagbag.py", line 346, in parse
    loader.exec_module(new_module)
  File "<frozen importlib._bootstrap_external>", line 843, in exec_module
  File "<frozen importlib._bootstrap>", line 219, in _call_with_frames_removed
  File "/opt/airflow/dags/dag_2.py", line 48, in <module>
    dq_task = PythonOperator(
  File "/home/airflow/.local/lib/python3.8/site-packages/airflow/models/baseoperator.py", line 420, in apply_defaults
    raise AirflowException(f"missing keyword argument {missing_args.pop()!r}")
airflow.exceptions.AirflowException: missing keyword argument 'python_callable'
[2026-06-02T10:56:41.045+0000] {processor.py:842} WARNING - No viable dags retrieved from /opt/airflow/dags/dag_2.py
[2026-06-02T10:56:41.068+0000] {processor.py:183} INFO - Processing /opt/airflow/dags/dag_2.py took 0.042 seconds
[2026-06-02T10:57:11.383+0000] {processor.py:161} INFO - Started process (PID=3917) to work on /opt/airflow/dags/dag_2.py
[2026-06-02T10:57:11.384+0000] {processor.py:830} INFO - Processing file /opt/airflow/dags/dag_2.py for tasks to queue
[2026-06-02T10:57:11.385+0000] {logging_mixin.py:188} INFO - [2026-06-02T10:57:11.385+0000] {dagbag.py:540} INFO - Filling up the DagBag from /opt/airflow/dags/dag_2.py
[2026-06-02T10:57:11.398+0000] {logging_mixin.py:188} INFO - [2026-06-02T10:57:11.394+0000] {dagbag.py:350} ERROR - Failed to import: /opt/airflow/dags/dag_2.py
Traceback (most recent call last):
  File "/home/airflow/.local/lib/python3.8/site-packages/airflow/models/dagbag.py", line 346, in parse
    loader.exec_module(new_module)
  File "<frozen importlib._bootstrap_external>", line 843, in exec_module
  File "<frozen importlib._bootstrap>", line 219, in _call_with_frames_removed
  File "/opt/airflow/dags/dag_2.py", line 48, in <module>
    dq_task = PythonOperator(
  File "/home/airflow/.local/lib/python3.8/site-packages/airflow/models/baseoperator.py", line 420, in apply_defaults
    raise AirflowException(f"missing keyword argument {missing_args.pop()!r}")
airflow.exceptions.AirflowException: missing keyword argument 'python_callable'
[2026-06-02T10:57:11.399+0000] {processor.py:842} WARNING - No viable dags retrieved from /opt/airflow/dags/dag_2.py
[2026-06-02T10:57:11.422+0000] {processor.py:183} INFO - Processing /opt/airflow/dags/dag_2.py took 0.042 seconds
[2026-06-02T10:57:14.420+0000] {processor.py:161} INFO - Started process (PID=3922) to work on /opt/airflow/dags/dag_2.py
[2026-06-02T10:57:14.420+0000] {processor.py:830} INFO - Processing file /opt/airflow/dags/dag_2.py for tasks to queue
[2026-06-02T10:57:14.421+0000] {logging_mixin.py:188} INFO - [2026-06-02T10:57:14.421+0000] {dagbag.py:540} INFO - Filling up the DagBag from /opt/airflow/dags/dag_2.py
[2026-06-02T10:57:14.438+0000] {logging_mixin.py:188} INFO - [2026-06-02T10:57:14.436+0000] {dagbag.py:350} ERROR - Failed to import: /opt/airflow/dags/dag_2.py
Traceback (most recent call last):
  File "/home/airflow/.local/lib/python3.8/site-packages/airflow/models/dagbag.py", line 346, in parse
    loader.exec_module(new_module)
  File "<frozen importlib._bootstrap_external>", line 843, in exec_module
  File "<frozen importlib._bootstrap>", line 219, in _call_with_frames_removed
  File "/opt/airflow/dags/dag_2.py", line 50, in <module>
    python_callable=run_dq_test
NameError: name 'run_dq_test' is not defined
[2026-06-02T10:57:14.439+0000] {processor.py:842} WARNING - No viable dags retrieved from /opt/airflow/dags/dag_2.py
[2026-06-02T10:57:14.454+0000] {processor.py:183} INFO - Processing /opt/airflow/dags/dag_2.py took 0.037 seconds
[2026-06-02T10:57:27.650+0000] {processor.py:161} INFO - Started process (PID=3932) to work on /opt/airflow/dags/dag_2.py
[2026-06-02T10:57:27.651+0000] {processor.py:830} INFO - Processing file /opt/airflow/dags/dag_2.py for tasks to queue
[2026-06-02T10:57:27.652+0000] {logging_mixin.py:188} INFO - [2026-06-02T10:57:27.652+0000] {dagbag.py:540} INFO - Filling up the DagBag from /opt/airflow/dags/dag_2.py
[2026-06-02T10:57:27.684+0000] {processor.py:840} INFO - DAG(s) 'data_quality_check' retrieved from /opt/airflow/dags/dag_2.py
[2026-06-02T10:57:27.777+0000] {logging_mixin.py:188} INFO - [2026-06-02T10:57:27.777+0000] {override.py:1769} INFO - Created Permission View: can read on DAG:data_quality_check
[2026-06-02T10:57:27.787+0000] {logging_mixin.py:188} INFO - [2026-06-02T10:57:27.787+0000] {override.py:1769} INFO - Created Permission View: can delete on DAG:data_quality_check
[2026-06-02T10:57:27.795+0000] {logging_mixin.py:188} INFO - [2026-06-02T10:57:27.794+0000] {override.py:1769} INFO - Created Permission View: can edit on DAG:data_quality_check
[2026-06-02T10:57:27.795+0000] {logging_mixin.py:188} INFO - [2026-06-02T10:57:27.795+0000] {dag.py:3047} INFO - Sync 1 DAGs
[2026-06-02T10:57:27.805+0000] {logging_mixin.py:188} INFO - [2026-06-02T10:57:27.805+0000] {dag.py:3069} INFO - Creating ORM DAG for data_quality_check
[2026-06-02T10:57:27.806+0000] {logging_mixin.py:188} INFO - [2026-06-02T10:57:27.806+0000] {dag.py:3834} INFO - Setting next_dagrun for data_quality_check to None, run_after=None
[2026-06-02T10:57:27.835+0000] {processor.py:183} INFO - Processing /opt/airflow/dags/dag_2.py took 0.187 seconds
[2026-06-02T10:57:58.098+0000] {processor.py:161} INFO - Started process (PID=3942) to work on /opt/airflow/dags/dag_2.py
[2026-06-02T10:57:58.098+0000] {processor.py:830} INFO - Processing file /opt/airflow/dags/dag_2.py for tasks to queue
[2026-06-02T10:57:58.099+0000] {logging_mixin.py:188} INFO - [2026-06-02T10:57:58.099+0000] {dagbag.py:540} INFO - Filling up the DagBag from /opt/airflow/dags/dag_2.py
[2026-06-02T10:57:58.115+0000] {processor.py:840} INFO - DAG(s) 'data_quality_check' retrieved from /opt/airflow/dags/dag_2.py
[2026-06-02T10:57:58.133+0000] {logging_mixin.py:188} INFO - [2026-06-02T10:57:58.133+0000] {dag.py:3047} INFO - Sync 1 DAGs
[2026-06-02T10:57:58.144+0000] {logging_mixin.py:188} INFO - [2026-06-02T10:57:58.143+0000] {dag.py:3834} INFO - Setting next_dagrun for data_quality_check to None, run_after=None
[2026-06-02T10:57:58.161+0000] {processor.py:183} INFO - Processing /opt/airflow/dags/dag_2.py took 0.066 seconds
[2026-06-02T10:58:28.497+0000] {processor.py:161} INFO - Started process (PID=3952) to work on /opt/airflow/dags/dag_2.py
[2026-06-02T10:58:28.498+0000] {processor.py:830} INFO - Processing file /opt/airflow/dags/dag_2.py for tasks to queue
[2026-06-02T10:58:28.499+0000] {logging_mixin.py:188} INFO - [2026-06-02T10:58:28.498+0000] {dagbag.py:540} INFO - Filling up the DagBag from /opt/airflow/dags/dag_2.py
[2026-06-02T10:58:28.512+0000] {processor.py:840} INFO - DAG(s) 'data_quality_check' retrieved from /opt/airflow/dags/dag_2.py
[2026-06-02T10:58:28.530+0000] {logging_mixin.py:188} INFO - [2026-06-02T10:58:28.529+0000] {dag.py:3047} INFO - Sync 1 DAGs
[2026-06-02T10:58:28.541+0000] {logging_mixin.py:188} INFO - [2026-06-02T10:58:28.540+0000] {dag.py:3834} INFO - Setting next_dagrun for data_quality_check to None, run_after=None
[2026-06-02T10:58:28.566+0000] {processor.py:183} INFO - Processing /opt/airflow/dags/dag_2.py took 0.072 seconds
[2026-06-02T10:58:59.035+0000] {processor.py:161} INFO - Started process (PID=3962) to work on /opt/airflow/dags/dag_2.py
[2026-06-02T10:58:59.036+0000] {processor.py:830} INFO - Processing file /opt/airflow/dags/dag_2.py for tasks to queue
[2026-06-02T10:58:59.037+0000] {logging_mixin.py:188} INFO - [2026-06-02T10:58:59.037+0000] {dagbag.py:540} INFO - Filling up the DagBag from /opt/airflow/dags/dag_2.py
[2026-06-02T10:58:59.050+0000] {processor.py:840} INFO - DAG(s) 'data_quality_check' retrieved from /opt/airflow/dags/dag_2.py
[2026-06-02T10:58:59.066+0000] {logging_mixin.py:188} INFO - [2026-06-02T10:58:59.065+0000] {dag.py:3047} INFO - Sync 1 DAGs
[2026-06-02T10:58:59.078+0000] {logging_mixin.py:188} INFO - [2026-06-02T10:58:59.078+0000] {dag.py:3834} INFO - Setting next_dagrun for data_quality_check to None, run_after=None
[2026-06-02T10:58:59.104+0000] {processor.py:183} INFO - Processing /opt/airflow/dags/dag_2.py took 0.071 seconds
[2026-06-02T10:59:29.527+0000] {processor.py:161} INFO - Started process (PID=3972) to work on /opt/airflow/dags/dag_2.py
[2026-06-02T10:59:29.528+0000] {processor.py:830} INFO - Processing file /opt/airflow/dags/dag_2.py for tasks to queue
[2026-06-02T10:59:29.528+0000] {logging_mixin.py:188} INFO - [2026-06-02T10:59:29.528+0000] {dagbag.py:540} INFO - Filling up the DagBag from /opt/airflow/dags/dag_2.py
[2026-06-02T10:59:29.540+0000] {processor.py:840} INFO - DAG(s) 'data_quality_check' retrieved from /opt/airflow/dags/dag_2.py
[2026-06-02T10:59:29.556+0000] {logging_mixin.py:188} INFO - [2026-06-02T10:59:29.556+0000] {dag.py:3047} INFO - Sync 1 DAGs
[2026-06-02T10:59:29.566+0000] {logging_mixin.py:188} INFO - [2026-06-02T10:59:29.566+0000] {dag.py:3834} INFO - Setting next_dagrun for data_quality_check to None, run_after=None
[2026-06-02T10:59:29.585+0000] {processor.py:183} INFO - Processing /opt/airflow/dags/dag_2.py took 0.061 seconds
[2026-06-02T11:00:00.032+0000] {processor.py:161} INFO - Started process (PID=3982) to work on /opt/airflow/dags/dag_2.py
[2026-06-02T11:00:00.033+0000] {processor.py:830} INFO - Processing file /opt/airflow/dags/dag_2.py for tasks to queue
[2026-06-02T11:00:00.034+0000] {logging_mixin.py:188} INFO - [2026-06-02T11:00:00.034+0000] {dagbag.py:540} INFO - Filling up the DagBag from /opt/airflow/dags/dag_2.py
[2026-06-02T11:00:00.049+0000] {processor.py:840} INFO - DAG(s) 'data_quality_check' retrieved from /opt/airflow/dags/dag_2.py
[2026-06-02T11:00:00.067+0000] {logging_mixin.py:188} INFO - [2026-06-02T11:00:00.067+0000] {dag.py:3047} INFO - Sync 1 DAGs
[2026-06-02T11:00:00.079+0000] {logging_mixin.py:188} INFO - [2026-06-02T11:00:00.078+0000] {dag.py:3834} INFO - Setting next_dagrun for data_quality_check to None, run_after=None
[2026-06-02T11:00:00.103+0000] {processor.py:183} INFO - Processing /opt/airflow/dags/dag_2.py took 0.073 seconds
[2026-06-02T11:00:30.668+0000] {processor.py:161} INFO - Started process (PID=3992) to work on /opt/airflow/dags/dag_2.py
[2026-06-02T11:00:30.669+0000] {processor.py:830} INFO - Processing file /opt/airflow/dags/dag_2.py for tasks to queue
[2026-06-02T11:00:30.670+0000] {logging_mixin.py:188} INFO - [2026-06-02T11:00:30.670+0000] {dagbag.py:540} INFO - Filling up the DagBag from /opt/airflow/dags/dag_2.py
[2026-06-02T11:00:30.683+0000] {processor.py:840} INFO - DAG(s) 'data_quality_check' retrieved from /opt/airflow/dags/dag_2.py
[2026-06-02T11:00:30.700+0000] {logging_mixin.py:188} INFO - [2026-06-02T11:00:30.699+0000] {dag.py:3047} INFO - Sync 1 DAGs
[2026-06-02T11:00:30.710+0000] {logging_mixin.py:188} INFO - [2026-06-02T11:00:30.710+0000] {dag.py:3834} INFO - Setting next_dagrun for data_quality_check to None, run_after=None
[2026-06-02T11:00:30.731+0000] {processor.py:183} INFO - Processing /opt/airflow/dags/dag_2.py took 0.065 seconds
[2026-06-02T11:01:01.251+0000] {processor.py:161} INFO - Started process (PID=4002) to work on /opt/airflow/dags/dag_2.py
[2026-06-02T11:01:01.252+0000] {processor.py:830} INFO - Processing file /opt/airflow/dags/dag_2.py for tasks to queue
[2026-06-02T11:01:01.253+0000] {logging_mixin.py:188} INFO - [2026-06-02T11:01:01.253+0000] {dagbag.py:540} INFO - Filling up the DagBag from /opt/airflow/dags/dag_2.py
[2026-06-02T11:01:01.265+0000] {processor.py:840} INFO - DAG(s) 'data_quality_check' retrieved from /opt/airflow/dags/dag_2.py
[2026-06-02T11:01:01.282+0000] {logging_mixin.py:188} INFO - [2026-06-02T11:01:01.281+0000] {dag.py:3047} INFO - Sync 1 DAGs
[2026-06-02T11:01:01.293+0000] {logging_mixin.py:188} INFO - [2026-06-02T11:01:01.293+0000] {dag.py:3834} INFO - Setting next_dagrun for data_quality_check to None, run_after=None
[2026-06-02T11:01:01.318+0000] {processor.py:183} INFO - Processing /opt/airflow/dags/dag_2.py took 0.069 seconds
[2026-06-02T11:01:31.781+0000] {processor.py:161} INFO - Started process (PID=4012) to work on /opt/airflow/dags/dag_2.py
[2026-06-02T11:01:31.782+0000] {processor.py:830} INFO - Processing file /opt/airflow/dags/dag_2.py for tasks to queue
[2026-06-02T11:01:31.783+0000] {logging_mixin.py:188} INFO - [2026-06-02T11:01:31.783+0000] {dagbag.py:540} INFO - Filling up the DagBag from /opt/airflow/dags/dag_2.py
[2026-06-02T11:01:31.795+0000] {processor.py:840} INFO - DAG(s) 'data_quality_check' retrieved from /opt/airflow/dags/dag_2.py
[2026-06-02T11:01:31.813+0000] {logging_mixin.py:188} INFO - [2026-06-02T11:01:31.813+0000] {dag.py:3047} INFO - Sync 1 DAGs
[2026-06-02T11:01:31.824+0000] {logging_mixin.py:188} INFO - [2026-06-02T11:01:31.823+0000] {dag.py:3834} INFO - Setting next_dagrun for data_quality_check to None, run_after=None
[2026-06-02T11:01:31.844+0000] {processor.py:183} INFO - Processing /opt/airflow/dags/dag_2.py took 0.066 seconds
[2026-06-02T11:02:02.267+0000] {processor.py:161} INFO - Started process (PID=4022) to work on /opt/airflow/dags/dag_2.py
[2026-06-02T11:02:02.268+0000] {processor.py:830} INFO - Processing file /opt/airflow/dags/dag_2.py for tasks to queue
[2026-06-02T11:02:02.269+0000] {logging_mixin.py:188} INFO - [2026-06-02T11:02:02.269+0000] {dagbag.py:540} INFO - Filling up the DagBag from /opt/airflow/dags/dag_2.py
[2026-06-02T11:02:02.287+0000] {processor.py:840} INFO - DAG(s) 'data_quality_check' retrieved from /opt/airflow/dags/dag_2.py
[2026-06-02T11:02:02.304+0000] {logging_mixin.py:188} INFO - [2026-06-02T11:02:02.304+0000] {dag.py:3047} INFO - Sync 1 DAGs
[2026-06-02T11:02:02.315+0000] {logging_mixin.py:188} INFO - [2026-06-02T11:02:02.315+0000] {dag.py:3834} INFO - Setting next_dagrun for data_quality_check to None, run_after=None
[2026-06-02T11:02:02.340+0000] {processor.py:183} INFO - Processing /opt/airflow/dags/dag_2.py took 0.076 seconds
[2026-06-02T11:02:32.834+0000] {processor.py:161} INFO - Started process (PID=4032) to work on /opt/airflow/dags/dag_2.py
[2026-06-02T11:02:32.835+0000] {processor.py:830} INFO - Processing file /opt/airflow/dags/dag_2.py for tasks to queue
[2026-06-02T11:02:32.836+0000] {logging_mixin.py:188} INFO - [2026-06-02T11:02:32.836+0000] {dagbag.py:540} INFO - Filling up the DagBag from /opt/airflow/dags/dag_2.py
[2026-06-02T11:02:32.850+0000] {processor.py:840} INFO - DAG(s) 'data_quality_check' retrieved from /opt/airflow/dags/dag_2.py
[2026-06-02T11:02:32.867+0000] {logging_mixin.py:188} INFO - [2026-06-02T11:02:32.867+0000] {dag.py:3047} INFO - Sync 1 DAGs
[2026-06-02T11:02:32.878+0000] {logging_mixin.py:188} INFO - [2026-06-02T11:02:32.878+0000] {dag.py:3834} INFO - Setting next_dagrun for data_quality_check to None, run_after=None
[2026-06-02T11:02:32.904+0000] {processor.py:183} INFO - Processing /opt/airflow/dags/dag_2.py took 0.072 seconds
[2026-06-02T11:03:03.428+0000] {processor.py:161} INFO - Started process (PID=4042) to work on /opt/airflow/dags/dag_2.py
[2026-06-02T11:03:03.430+0000] {processor.py:830} INFO - Processing file /opt/airflow/dags/dag_2.py for tasks to queue
[2026-06-02T11:03:03.430+0000] {logging_mixin.py:188} INFO - [2026-06-02T11:03:03.430+0000] {dagbag.py:540} INFO - Filling up the DagBag from /opt/airflow/dags/dag_2.py
[2026-06-02T11:03:03.445+0000] {processor.py:840} INFO - DAG(s) 'data_quality_check' retrieved from /opt/airflow/dags/dag_2.py
[2026-06-02T11:03:03.464+0000] {logging_mixin.py:188} INFO - [2026-06-02T11:03:03.464+0000] {dag.py:3047} INFO - Sync 1 DAGs
[2026-06-02T11:03:03.475+0000] {logging_mixin.py:188} INFO - [2026-06-02T11:03:03.474+0000] {dag.py:3834} INFO - Setting next_dagrun for data_quality_check to None, run_after=None
[2026-06-02T11:03:03.497+0000] {processor.py:183} INFO - Processing /opt/airflow/dags/dag_2.py took 0.071 seconds
[2026-06-02T11:03:33.954+0000] {processor.py:161} INFO - Started process (PID=4052) to work on /opt/airflow/dags/dag_2.py
[2026-06-02T11:03:33.955+0000] {processor.py:830} INFO - Processing file /opt/airflow/dags/dag_2.py for tasks to queue
[2026-06-02T11:03:33.956+0000] {logging_mixin.py:188} INFO - [2026-06-02T11:03:33.955+0000] {dagbag.py:540} INFO - Filling up the DagBag from /opt/airflow/dags/dag_2.py
[2026-06-02T11:03:33.968+0000] {processor.py:840} INFO - DAG(s) 'data_quality_check' retrieved from /opt/airflow/dags/dag_2.py
[2026-06-02T11:03:33.984+0000] {logging_mixin.py:188} INFO - [2026-06-02T11:03:33.984+0000] {dag.py:3047} INFO - Sync 1 DAGs
[2026-06-02T11:03:33.995+0000] {logging_mixin.py:188} INFO - [2026-06-02T11:03:33.995+0000] {dag.py:3834} INFO - Setting next_dagrun for data_quality_check to None, run_after=None
[2026-06-02T11:03:34.015+0000] {processor.py:183} INFO - Processing /opt/airflow/dags/dag_2.py took 0.064 seconds
[2026-06-02T11:04:04.536+0000] {processor.py:161} INFO - Started process (PID=4062) to work on /opt/airflow/dags/dag_2.py
[2026-06-02T11:04:04.538+0000] {processor.py:830} INFO - Processing file /opt/airflow/dags/dag_2.py for tasks to queue
[2026-06-02T11:04:04.538+0000] {logging_mixin.py:188} INFO - [2026-06-02T11:04:04.538+0000] {dagbag.py:540} INFO - Filling up the DagBag from /opt/airflow/dags/dag_2.py
[2026-06-02T11:04:04.553+0000] {processor.py:840} INFO - DAG(s) 'data_quality_check' retrieved from /opt/airflow/dags/dag_2.py
[2026-06-02T11:04:04.570+0000] {logging_mixin.py:188} INFO - [2026-06-02T11:04:04.570+0000] {dag.py:3047} INFO - Sync 1 DAGs
[2026-06-02T11:04:04.581+0000] {logging_mixin.py:188} INFO - [2026-06-02T11:04:04.580+0000] {dag.py:3834} INFO - Setting next_dagrun for data_quality_check to None, run_after=None
[2026-06-02T11:04:04.600+0000] {processor.py:183} INFO - Processing /opt/airflow/dags/dag_2.py took 0.067 seconds
[2026-06-02T11:04:35.069+0000] {processor.py:161} INFO - Started process (PID=4072) to work on /opt/airflow/dags/dag_2.py
[2026-06-02T11:04:35.070+0000] {processor.py:830} INFO - Processing file /opt/airflow/dags/dag_2.py for tasks to queue
[2026-06-02T11:04:35.071+0000] {logging_mixin.py:188} INFO - [2026-06-02T11:04:35.071+0000] {dagbag.py:540} INFO - Filling up the DagBag from /opt/airflow/dags/dag_2.py
[2026-06-02T11:04:35.083+0000] {processor.py:840} INFO - DAG(s) 'data_quality_check' retrieved from /opt/airflow/dags/dag_2.py
[2026-06-02T11:04:35.100+0000] {logging_mixin.py:188} INFO - [2026-06-02T11:04:35.099+0000] {dag.py:3047} INFO - Sync 1 DAGs
[2026-06-02T11:04:35.111+0000] {logging_mixin.py:188} INFO - [2026-06-02T11:04:35.110+0000] {dag.py:3834} INFO - Setting next_dagrun for data_quality_check to None, run_after=None
[2026-06-02T11:04:35.136+0000] {processor.py:183} INFO - Processing /opt/airflow/dags/dag_2.py took 0.070 seconds
[2026-06-02T11:05:05.708+0000] {processor.py:161} INFO - Started process (PID=4082) to work on /opt/airflow/dags/dag_2.py
[2026-06-02T11:05:05.708+0000] {processor.py:830} INFO - Processing file /opt/airflow/dags/dag_2.py for tasks to queue
[2026-06-02T11:05:05.709+0000] {logging_mixin.py:188} INFO - [2026-06-02T11:05:05.709+0000] {dagbag.py:540} INFO - Filling up the DagBag from /opt/airflow/dags/dag_2.py
[2026-06-02T11:05:05.724+0000] {processor.py:840} INFO - DAG(s) 'data_quality_check' retrieved from /opt/airflow/dags/dag_2.py
[2026-06-02T11:05:05.740+0000] {logging_mixin.py:188} INFO - [2026-06-02T11:05:05.740+0000] {dag.py:3047} INFO - Sync 1 DAGs
[2026-06-02T11:05:05.752+0000] {logging_mixin.py:188} INFO - [2026-06-02T11:05:05.751+0000] {dag.py:3834} INFO - Setting next_dagrun for data_quality_check to None, run_after=None
[2026-06-02T11:05:05.779+0000] {processor.py:183} INFO - Processing /opt/airflow/dags/dag_2.py took 0.074 seconds
[2026-06-02T11:05:36.290+0000] {processor.py:161} INFO - Started process (PID=4092) to work on /opt/airflow/dags/dag_2.py
[2026-06-02T11:05:36.291+0000] {processor.py:830} INFO - Processing file /opt/airflow/dags/dag_2.py for tasks to queue
[2026-06-02T11:05:36.292+0000] {logging_mixin.py:188} INFO - [2026-06-02T11:05:36.292+0000] {dagbag.py:540} INFO - Filling up the DagBag from /opt/airflow/dags/dag_2.py
[2026-06-02T11:05:36.306+0000] {processor.py:840} INFO - DAG(s) 'data_quality_check' retrieved from /opt/airflow/dags/dag_2.py
[2026-06-02T11:05:36.322+0000] {logging_mixin.py:188} INFO - [2026-06-02T11:05:36.322+0000] {dag.py:3047} INFO - Sync 1 DAGs
[2026-06-02T11:05:36.332+0000] {logging_mixin.py:188} INFO - [2026-06-02T11:05:36.332+0000] {dag.py:3834} INFO - Setting next_dagrun for data_quality_check to None, run_after=None
[2026-06-02T11:05:36.350+0000] {processor.py:183} INFO - Processing /opt/airflow/dags/dag_2.py took 0.063 seconds
[2026-06-02T11:06:06.794+0000] {processor.py:161} INFO - Started process (PID=4102) to work on /opt/airflow/dags/dag_2.py
[2026-06-02T11:06:06.795+0000] {processor.py:830} INFO - Processing file /opt/airflow/dags/dag_2.py for tasks to queue
[2026-06-02T11:06:06.796+0000] {logging_mixin.py:188} INFO - [2026-06-02T11:06:06.795+0000] {dagbag.py:540} INFO - Filling up the DagBag from /opt/airflow/dags/dag_2.py
[2026-06-02T11:06:06.810+0000] {processor.py:840} INFO - DAG(s) 'data_quality_check' retrieved from /opt/airflow/dags/dag_2.py
[2026-06-02T11:06:06.827+0000] {logging_mixin.py:188} INFO - [2026-06-02T11:06:06.827+0000] {dag.py:3047} INFO - Sync 1 DAGs
[2026-06-02T11:06:06.838+0000] {logging_mixin.py:188} INFO - [2026-06-02T11:06:06.838+0000] {dag.py:3834} INFO - Setting next_dagrun for data_quality_check to None, run_after=None
[2026-06-02T11:06:06.858+0000] {processor.py:183} INFO - Processing /opt/airflow/dags/dag_2.py took 0.067 seconds
[2026-06-02T11:06:37.352+0000] {processor.py:161} INFO - Started process (PID=4112) to work on /opt/airflow/dags/dag_2.py
[2026-06-02T11:06:37.353+0000] {processor.py:830} INFO - Processing file /opt/airflow/dags/dag_2.py for tasks to queue
[2026-06-02T11:06:37.354+0000] {logging_mixin.py:188} INFO - [2026-06-02T11:06:37.353+0000] {dagbag.py:540} INFO - Filling up the DagBag from /opt/airflow/dags/dag_2.py
[2026-06-02T11:06:37.373+0000] {processor.py:840} INFO - DAG(s) 'data_quality_check' retrieved from /opt/airflow/dags/dag_2.py
[2026-06-02T11:06:37.394+0000] {logging_mixin.py:188} INFO - [2026-06-02T11:06:37.394+0000] {dag.py:3047} INFO - Sync 1 DAGs
[2026-06-02T11:06:37.405+0000] {logging_mixin.py:188} INFO - [2026-06-02T11:06:37.405+0000] {dag.py:3834} INFO - Setting next_dagrun for data_quality_check to None, run_after=None
[2026-06-02T11:06:37.424+0000] {processor.py:183} INFO - Processing /opt/airflow/dags/dag_2.py took 0.075 seconds
[2026-06-02T11:07:07.948+0000] {processor.py:161} INFO - Started process (PID=4122) to work on /opt/airflow/dags/dag_2.py
[2026-06-02T11:07:07.949+0000] {processor.py:830} INFO - Processing file /opt/airflow/dags/dag_2.py for tasks to queue
[2026-06-02T11:07:07.950+0000] {logging_mixin.py:188} INFO - [2026-06-02T11:07:07.949+0000] {dagbag.py:540} INFO - Filling up the DagBag from /opt/airflow/dags/dag_2.py
[2026-06-02T11:07:07.961+0000] {processor.py:840} INFO - DAG(s) 'data_quality_check' retrieved from /opt/airflow/dags/dag_2.py
[2026-06-02T11:07:07.976+0000] {logging_mixin.py:188} INFO - [2026-06-02T11:07:07.976+0000] {dag.py:3047} INFO - Sync 1 DAGs
[2026-06-02T11:07:07.986+0000] {logging_mixin.py:188} INFO - [2026-06-02T11:07:07.986+0000] {dag.py:3834} INFO - Setting next_dagrun for data_quality_check to None, run_after=None
[2026-06-02T11:07:08.004+0000] {processor.py:183} INFO - Processing /opt/airflow/dags/dag_2.py took 0.059 seconds
[2026-06-02T11:07:38.338+0000] {processor.py:161} INFO - Started process (PID=4132) to work on /opt/airflow/dags/dag_2.py
[2026-06-02T11:07:38.339+0000] {processor.py:830} INFO - Processing file /opt/airflow/dags/dag_2.py for tasks to queue
[2026-06-02T11:07:38.340+0000] {logging_mixin.py:188} INFO - [2026-06-02T11:07:38.339+0000] {dagbag.py:540} INFO - Filling up the DagBag from /opt/airflow/dags/dag_2.py
[2026-06-02T11:07:38.352+0000] {processor.py:840} INFO - DAG(s) 'data_quality_check' retrieved from /opt/airflow/dags/dag_2.py
[2026-06-02T11:07:38.368+0000] {logging_mixin.py:188} INFO - [2026-06-02T11:07:38.368+0000] {dag.py:3047} INFO - Sync 1 DAGs
[2026-06-02T11:07:38.379+0000] {logging_mixin.py:188} INFO - [2026-06-02T11:07:38.378+0000] {dag.py:3834} INFO - Setting next_dagrun for data_quality_check to None, run_after=None
[2026-06-02T11:07:38.398+0000] {processor.py:183} INFO - Processing /opt/airflow/dags/dag_2.py took 0.063 seconds
[2026-06-02T11:08:08.731+0000] {processor.py:161} INFO - Started process (PID=4142) to work on /opt/airflow/dags/dag_2.py
[2026-06-02T11:08:08.732+0000] {processor.py:830} INFO - Processing file /opt/airflow/dags/dag_2.py for tasks to queue
[2026-06-02T11:08:08.733+0000] {logging_mixin.py:188} INFO - [2026-06-02T11:08:08.732+0000] {dagbag.py:540} INFO - Filling up the DagBag from /opt/airflow/dags/dag_2.py
[2026-06-02T11:08:08.749+0000] {processor.py:840} INFO - DAG(s) 'data_quality_check' retrieved from /opt/airflow/dags/dag_2.py
[2026-06-02T11:08:08.766+0000] {logging_mixin.py:188} INFO - [2026-06-02T11:08:08.766+0000] {dag.py:3047} INFO - Sync 1 DAGs
[2026-06-02T11:08:08.778+0000] {logging_mixin.py:188} INFO - [2026-06-02T11:08:08.777+0000] {dag.py:3834} INFO - Setting next_dagrun for data_quality_check to None, run_after=None
[2026-06-02T11:08:08.797+0000] {processor.py:183} INFO - Processing /opt/airflow/dags/dag_2.py took 0.069 seconds
[2026-06-02T11:08:39.124+0000] {processor.py:161} INFO - Started process (PID=4152) to work on /opt/airflow/dags/dag_2.py
[2026-06-02T11:08:39.125+0000] {processor.py:830} INFO - Processing file /opt/airflow/dags/dag_2.py for tasks to queue
[2026-06-02T11:08:39.126+0000] {logging_mixin.py:188} INFO - [2026-06-02T11:08:39.126+0000] {dagbag.py:540} INFO - Filling up the DagBag from /opt/airflow/dags/dag_2.py
[2026-06-02T11:08:39.141+0000] {processor.py:840} INFO - DAG(s) 'data_quality_check' retrieved from /opt/airflow/dags/dag_2.py
[2026-06-02T11:08:39.157+0000] {logging_mixin.py:188} INFO - [2026-06-02T11:08:39.157+0000] {dag.py:3047} INFO - Sync 1 DAGs
[2026-06-02T11:08:39.167+0000] {logging_mixin.py:188} INFO - [2026-06-02T11:08:39.166+0000] {dag.py:3834} INFO - Setting next_dagrun for data_quality_check to None, run_after=None
[2026-06-02T11:08:39.193+0000] {processor.py:183} INFO - Processing /opt/airflow/dags/dag_2.py took 0.072 seconds
[2026-06-02T11:09:09.527+0000] {processor.py:161} INFO - Started process (PID=4162) to work on /opt/airflow/dags/dag_2.py
[2026-06-02T11:09:09.528+0000] {processor.py:830} INFO - Processing file /opt/airflow/dags/dag_2.py for tasks to queue
[2026-06-02T11:09:09.529+0000] {logging_mixin.py:188} INFO - [2026-06-02T11:09:09.529+0000] {dagbag.py:540} INFO - Filling up the DagBag from /opt/airflow/dags/dag_2.py
[2026-06-02T11:09:09.544+0000] {processor.py:840} INFO - DAG(s) 'data_quality_check' retrieved from /opt/airflow/dags/dag_2.py
[2026-06-02T11:09:09.561+0000] {logging_mixin.py:188} INFO - [2026-06-02T11:09:09.560+0000] {dag.py:3047} INFO - Sync 1 DAGs
[2026-06-02T11:09:09.571+0000] {logging_mixin.py:188} INFO - [2026-06-02T11:09:09.571+0000] {dag.py:3834} INFO - Setting next_dagrun for data_quality_check to None, run_after=None
[2026-06-02T11:09:09.590+0000] {processor.py:183} INFO - Processing /opt/airflow/dags/dag_2.py took 0.065 seconds
[2026-06-02T11:09:39.861+0000] {processor.py:161} INFO - Started process (PID=4172) to work on /opt/airflow/dags/dag_2.py
[2026-06-02T11:09:39.862+0000] {processor.py:830} INFO - Processing file /opt/airflow/dags/dag_2.py for tasks to queue
[2026-06-02T11:09:39.863+0000] {logging_mixin.py:188} INFO - [2026-06-02T11:09:39.863+0000] {dagbag.py:540} INFO - Filling up the DagBag from /opt/airflow/dags/dag_2.py
[2026-06-02T11:09:39.875+0000] {processor.py:840} INFO - DAG(s) 'data_quality_check' retrieved from /opt/airflow/dags/dag_2.py
[2026-06-02T11:09:39.892+0000] {logging_mixin.py:188} INFO - [2026-06-02T11:09:39.891+0000] {dag.py:3047} INFO - Sync 1 DAGs
[2026-06-02T11:09:39.902+0000] {logging_mixin.py:188} INFO - [2026-06-02T11:09:39.902+0000] {dag.py:3834} INFO - Setting next_dagrun for data_quality_check to None, run_after=None
[2026-06-02T11:09:39.930+0000] {processor.py:183} INFO - Processing /opt/airflow/dags/dag_2.py took 0.071 seconds
[2026-06-02T11:10:10.205+0000] {processor.py:161} INFO - Started process (PID=4182) to work on /opt/airflow/dags/dag_2.py
[2026-06-02T11:10:10.206+0000] {processor.py:830} INFO - Processing file /opt/airflow/dags/dag_2.py for tasks to queue
[2026-06-02T11:10:10.207+0000] {logging_mixin.py:188} INFO - [2026-06-02T11:10:10.206+0000] {dagbag.py:540} INFO - Filling up the DagBag from /opt/airflow/dags/dag_2.py
[2026-06-02T11:10:10.219+0000] {processor.py:840} INFO - DAG(s) 'data_quality_check' retrieved from /opt/airflow/dags/dag_2.py
[2026-06-02T11:10:10.236+0000] {logging_mixin.py:188} INFO - [2026-06-02T11:10:10.235+0000] {dag.py:3047} INFO - Sync 1 DAGs
[2026-06-02T11:10:10.246+0000] {logging_mixin.py:188} INFO - [2026-06-02T11:10:10.246+0000] {dag.py:3834} INFO - Setting next_dagrun for data_quality_check to None, run_after=None
[2026-06-02T11:10:10.273+0000] {processor.py:183} INFO - Processing /opt/airflow/dags/dag_2.py took 0.071 seconds
[2026-06-02T11:10:40.668+0000] {processor.py:161} INFO - Started process (PID=4192) to work on /opt/airflow/dags/dag_2.py
[2026-06-02T11:10:40.669+0000] {processor.py:830} INFO - Processing file /opt/airflow/dags/dag_2.py for tasks to queue
[2026-06-02T11:10:40.669+0000] {logging_mixin.py:188} INFO - [2026-06-02T11:10:40.669+0000] {dagbag.py:540} INFO - Filling up the DagBag from /opt/airflow/dags/dag_2.py
[2026-06-02T11:10:40.682+0000] {processor.py:840} INFO - DAG(s) 'data_quality_check' retrieved from /opt/airflow/dags/dag_2.py
[2026-06-02T11:10:40.700+0000] {logging_mixin.py:188} INFO - [2026-06-02T11:10:40.700+0000] {dag.py:3047} INFO - Sync 1 DAGs
[2026-06-02T11:10:40.711+0000] {logging_mixin.py:188} INFO - [2026-06-02T11:10:40.711+0000] {dag.py:3834} INFO - Setting next_dagrun for data_quality_check to None, run_after=None
[2026-06-02T11:10:40.736+0000] {processor.py:183} INFO - Processing /opt/airflow/dags/dag_2.py took 0.071 seconds
[2026-06-02T11:11:11.016+0000] {processor.py:161} INFO - Started process (PID=4202) to work on /opt/airflow/dags/dag_2.py
[2026-06-02T11:11:11.017+0000] {processor.py:830} INFO - Processing file /opt/airflow/dags/dag_2.py for tasks to queue
[2026-06-02T11:11:11.017+0000] {logging_mixin.py:188} INFO - [2026-06-02T11:11:11.017+0000] {dagbag.py:540} INFO - Filling up the DagBag from /opt/airflow/dags/dag_2.py
[2026-06-02T11:11:11.030+0000] {processor.py:840} INFO - DAG(s) 'data_quality_check' retrieved from /opt/airflow/dags/dag_2.py
[2026-06-02T11:11:11.046+0000] {logging_mixin.py:188} INFO - [2026-06-02T11:11:11.045+0000] {dag.py:3047} INFO - Sync 1 DAGs
[2026-06-02T11:11:11.055+0000] {logging_mixin.py:188} INFO - [2026-06-02T11:11:11.055+0000] {dag.py:3834} INFO - Setting next_dagrun for data_quality_check to None, run_after=None
[2026-06-02T11:11:11.081+0000] {processor.py:183} INFO - Processing /opt/airflow/dags/dag_2.py took 0.068 seconds
[2026-06-02T11:11:41.430+0000] {processor.py:161} INFO - Started process (PID=4212) to work on /opt/airflow/dags/dag_2.py
[2026-06-02T11:11:41.431+0000] {processor.py:830} INFO - Processing file /opt/airflow/dags/dag_2.py for tasks to queue
[2026-06-02T11:11:41.432+0000] {logging_mixin.py:188} INFO - [2026-06-02T11:11:41.432+0000] {dagbag.py:540} INFO - Filling up the DagBag from /opt/airflow/dags/dag_2.py
[2026-06-02T11:11:41.445+0000] {processor.py:840} INFO - DAG(s) 'data_quality_check' retrieved from /opt/airflow/dags/dag_2.py
[2026-06-02T11:11:41.463+0000] {logging_mixin.py:188} INFO - [2026-06-02T11:11:41.463+0000] {dag.py:3047} INFO - Sync 1 DAGs
[2026-06-02T11:11:41.474+0000] {logging_mixin.py:188} INFO - [2026-06-02T11:11:41.473+0000] {dag.py:3834} INFO - Setting next_dagrun for data_quality_check to None, run_after=None
[2026-06-02T11:11:41.492+0000] {processor.py:183} INFO - Processing /opt/airflow/dags/dag_2.py took 0.065 seconds
[2026-06-02T11:12:11.789+0000] {processor.py:161} INFO - Started process (PID=4222) to work on /opt/airflow/dags/dag_2.py
[2026-06-02T11:12:11.790+0000] {processor.py:830} INFO - Processing file /opt/airflow/dags/dag_2.py for tasks to queue
[2026-06-02T11:12:11.791+0000] {logging_mixin.py:188} INFO - [2026-06-02T11:12:11.790+0000] {dagbag.py:540} INFO - Filling up the DagBag from /opt/airflow/dags/dag_2.py
[2026-06-02T11:12:11.804+0000] {processor.py:840} INFO - DAG(s) 'data_quality_check' retrieved from /opt/airflow/dags/dag_2.py
[2026-06-02T11:12:11.821+0000] {logging_mixin.py:188} INFO - [2026-06-02T11:12:11.821+0000] {dag.py:3047} INFO - Sync 1 DAGs
[2026-06-02T11:12:11.832+0000] {logging_mixin.py:188} INFO - [2026-06-02T11:12:11.831+0000] {dag.py:3834} INFO - Setting next_dagrun for data_quality_check to None, run_after=None
[2026-06-02T11:12:11.851+0000] {processor.py:183} INFO - Processing /opt/airflow/dags/dag_2.py took 0.065 seconds
[2026-06-02T11:12:42.217+0000] {processor.py:161} INFO - Started process (PID=4232) to work on /opt/airflow/dags/dag_2.py
[2026-06-02T11:12:42.218+0000] {processor.py:830} INFO - Processing file /opt/airflow/dags/dag_2.py for tasks to queue
[2026-06-02T11:12:42.219+0000] {logging_mixin.py:188} INFO - [2026-06-02T11:12:42.218+0000] {dagbag.py:540} INFO - Filling up the DagBag from /opt/airflow/dags/dag_2.py
[2026-06-02T11:12:42.232+0000] {processor.py:840} INFO - DAG(s) 'data_quality_check' retrieved from /opt/airflow/dags/dag_2.py
[2026-06-02T11:12:42.249+0000] {logging_mixin.py:188} INFO - [2026-06-02T11:12:42.249+0000] {dag.py:3047} INFO - Sync 1 DAGs
[2026-06-02T11:12:42.259+0000] {logging_mixin.py:188} INFO - [2026-06-02T11:12:42.259+0000] {dag.py:3834} INFO - Setting next_dagrun for data_quality_check to None, run_after=None
[2026-06-02T11:12:42.284+0000] {processor.py:183} INFO - Processing /opt/airflow/dags/dag_2.py took 0.070 seconds
[2026-06-02T11:13:12.622+0000] {processor.py:161} INFO - Started process (PID=4242) to work on /opt/airflow/dags/dag_2.py
[2026-06-02T11:13:12.623+0000] {processor.py:830} INFO - Processing file /opt/airflow/dags/dag_2.py for tasks to queue
[2026-06-02T11:13:12.624+0000] {logging_mixin.py:188} INFO - [2026-06-02T11:13:12.624+0000] {dagbag.py:540} INFO - Filling up the DagBag from /opt/airflow/dags/dag_2.py
[2026-06-02T11:13:12.638+0000] {processor.py:840} INFO - DAG(s) 'data_quality_check' retrieved from /opt/airflow/dags/dag_2.py
[2026-06-02T11:13:12.655+0000] {logging_mixin.py:188} INFO - [2026-06-02T11:13:12.655+0000] {dag.py:3047} INFO - Sync 1 DAGs
[2026-06-02T11:13:12.668+0000] {logging_mixin.py:188} INFO - [2026-06-02T11:13:12.668+0000] {dag.py:3834} INFO - Setting next_dagrun for data_quality_check to None, run_after=None
[2026-06-02T11:13:12.688+0000] {processor.py:183} INFO - Processing /opt/airflow/dags/dag_2.py took 0.069 seconds
[2026-06-02T11:13:43.144+0000] {processor.py:161} INFO - Started process (PID=4252) to work on /opt/airflow/dags/dag_2.py
[2026-06-02T11:13:43.145+0000] {processor.py:830} INFO - Processing file /opt/airflow/dags/dag_2.py for tasks to queue
[2026-06-02T11:13:43.146+0000] {logging_mixin.py:188} INFO - [2026-06-02T11:13:43.145+0000] {dagbag.py:540} INFO - Filling up the DagBag from /opt/airflow/dags/dag_2.py
[2026-06-02T11:13:43.167+0000] {processor.py:840} INFO - DAG(s) 'data_quality_check' retrieved from /opt/airflow/dags/dag_2.py
[2026-06-02T11:13:43.185+0000] {logging_mixin.py:188} INFO - [2026-06-02T11:13:43.184+0000] {dag.py:3047} INFO - Sync 1 DAGs
[2026-06-02T11:13:43.195+0000] {logging_mixin.py:188} INFO - [2026-06-02T11:13:43.194+0000] {dag.py:3834} INFO - Setting next_dagrun for data_quality_check to None, run_after=None
[2026-06-02T11:13:43.221+0000] {processor.py:183} INFO - Processing /opt/airflow/dags/dag_2.py took 0.080 seconds
[2026-06-02T11:14:13.554+0000] {processor.py:161} INFO - Started process (PID=4262) to work on /opt/airflow/dags/dag_2.py
[2026-06-02T11:14:13.555+0000] {processor.py:830} INFO - Processing file /opt/airflow/dags/dag_2.py for tasks to queue
[2026-06-02T11:14:13.556+0000] {logging_mixin.py:188} INFO - [2026-06-02T11:14:13.555+0000] {dagbag.py:540} INFO - Filling up the DagBag from /opt/airflow/dags/dag_2.py
[2026-06-02T11:14:13.568+0000] {processor.py:840} INFO - DAG(s) 'data_quality_check' retrieved from /opt/airflow/dags/dag_2.py
[2026-06-02T11:14:13.584+0000] {logging_mixin.py:188} INFO - [2026-06-02T11:14:13.584+0000] {dag.py:3047} INFO - Sync 1 DAGs
[2026-06-02T11:14:13.594+0000] {logging_mixin.py:188} INFO - [2026-06-02T11:14:13.594+0000] {dag.py:3834} INFO - Setting next_dagrun for data_quality_check to None, run_after=None
[2026-06-02T11:14:13.614+0000] {processor.py:183} INFO - Processing /opt/airflow/dags/dag_2.py took 0.062 seconds
[2026-06-02T11:14:44.070+0000] {processor.py:161} INFO - Started process (PID=4272) to work on /opt/airflow/dags/dag_2.py
[2026-06-02T11:14:44.071+0000] {processor.py:830} INFO - Processing file /opt/airflow/dags/dag_2.py for tasks to queue
[2026-06-02T11:14:44.071+0000] {logging_mixin.py:188} INFO - [2026-06-02T11:14:44.071+0000] {dagbag.py:540} INFO - Filling up the DagBag from /opt/airflow/dags/dag_2.py
[2026-06-02T11:14:44.084+0000] {processor.py:840} INFO - DAG(s) 'data_quality_check' retrieved from /opt/airflow/dags/dag_2.py
[2026-06-02T11:14:44.101+0000] {logging_mixin.py:188} INFO - [2026-06-02T11:14:44.101+0000] {dag.py:3047} INFO - Sync 1 DAGs
[2026-06-02T11:14:44.114+0000] {logging_mixin.py:188} INFO - [2026-06-02T11:14:44.113+0000] {dag.py:3834} INFO - Setting next_dagrun for data_quality_check to None, run_after=None
[2026-06-02T11:14:44.140+0000] {processor.py:183} INFO - Processing /opt/airflow/dags/dag_2.py took 0.073 seconds
[2026-06-02T11:15:14.468+0000] {processor.py:161} INFO - Started process (PID=4288) to work on /opt/airflow/dags/dag_2.py
[2026-06-02T11:15:14.470+0000] {processor.py:830} INFO - Processing file /opt/airflow/dags/dag_2.py for tasks to queue
[2026-06-02T11:15:14.471+0000] {logging_mixin.py:188} INFO - [2026-06-02T11:15:14.470+0000] {dagbag.py:540} INFO - Filling up the DagBag from /opt/airflow/dags/dag_2.py
[2026-06-02T11:15:14.490+0000] {processor.py:840} INFO - DAG(s) 'data_quality_check' retrieved from /opt/airflow/dags/dag_2.py
[2026-06-02T11:15:14.513+0000] {logging_mixin.py:188} INFO - [2026-06-02T11:15:14.512+0000] {dag.py:3047} INFO - Sync 1 DAGs
[2026-06-02T11:15:14.529+0000] {logging_mixin.py:188} INFO - [2026-06-02T11:15:14.528+0000] {dag.py:3834} INFO - Setting next_dagrun for data_quality_check to None, run_after=None
[2026-06-02T11:15:14.559+0000] {processor.py:183} INFO - Processing /opt/airflow/dags/dag_2.py took 0.094 seconds
[2026-06-02T11:15:44.836+0000] {processor.py:161} INFO - Started process (PID=4298) to work on /opt/airflow/dags/dag_2.py
[2026-06-02T11:15:44.837+0000] {processor.py:830} INFO - Processing file /opt/airflow/dags/dag_2.py for tasks to queue
[2026-06-02T11:15:44.839+0000] {logging_mixin.py:188} INFO - [2026-06-02T11:15:44.838+0000] {dagbag.py:540} INFO - Filling up the DagBag from /opt/airflow/dags/dag_2.py
[2026-06-02T11:15:44.855+0000] {processor.py:840} INFO - DAG(s) 'data_quality_check' retrieved from /opt/airflow/dags/dag_2.py
[2026-06-02T11:15:44.876+0000] {logging_mixin.py:188} INFO - [2026-06-02T11:15:44.875+0000] {dag.py:3047} INFO - Sync 1 DAGs
[2026-06-02T11:15:44.891+0000] {logging_mixin.py:188} INFO - [2026-06-02T11:15:44.891+0000] {dag.py:3834} INFO - Setting next_dagrun for data_quality_check to None, run_after=None
[2026-06-02T11:15:44.914+0000] {processor.py:183} INFO - Processing /opt/airflow/dags/dag_2.py took 0.080 seconds
[2026-06-02T11:16:15.160+0000] {processor.py:161} INFO - Started process (PID=4308) to work on /opt/airflow/dags/dag_2.py
[2026-06-02T11:16:15.161+0000] {processor.py:830} INFO - Processing file /opt/airflow/dags/dag_2.py for tasks to queue
[2026-06-02T11:16:15.162+0000] {logging_mixin.py:188} INFO - [2026-06-02T11:16:15.161+0000] {dagbag.py:540} INFO - Filling up the DagBag from /opt/airflow/dags/dag_2.py
[2026-06-02T11:16:15.179+0000] {processor.py:840} INFO - DAG(s) 'data_quality_check' retrieved from /opt/airflow/dags/dag_2.py
[2026-06-02T11:16:15.201+0000] {logging_mixin.py:188} INFO - [2026-06-02T11:16:15.201+0000] {dag.py:3047} INFO - Sync 1 DAGs
[2026-06-02T11:16:15.218+0000] {logging_mixin.py:188} INFO - [2026-06-02T11:16:15.218+0000] {dag.py:3834} INFO - Setting next_dagrun for data_quality_check to None, run_after=None
[2026-06-02T11:16:15.241+0000] {processor.py:183} INFO - Processing /opt/airflow/dags/dag_2.py took 0.084 seconds
[2026-06-02T11:16:45.546+0000] {processor.py:161} INFO - Started process (PID=4318) to work on /opt/airflow/dags/dag_2.py
[2026-06-02T11:16:45.547+0000] {processor.py:830} INFO - Processing file /opt/airflow/dags/dag_2.py for tasks to queue
[2026-06-02T11:16:45.548+0000] {logging_mixin.py:188} INFO - [2026-06-02T11:16:45.548+0000] {dagbag.py:540} INFO - Filling up the DagBag from /opt/airflow/dags/dag_2.py
[2026-06-02T11:16:45.560+0000] {processor.py:840} INFO - DAG(s) 'data_quality_check' retrieved from /opt/airflow/dags/dag_2.py
[2026-06-02T11:16:45.577+0000] {logging_mixin.py:188} INFO - [2026-06-02T11:16:45.577+0000] {dag.py:3047} INFO - Sync 1 DAGs
[2026-06-02T11:16:45.588+0000] {logging_mixin.py:188} INFO - [2026-06-02T11:16:45.587+0000] {dag.py:3834} INFO - Setting next_dagrun for data_quality_check to None, run_after=None
[2026-06-02T11:16:45.616+0000] {processor.py:183} INFO - Processing /opt/airflow/dags/dag_2.py took 0.072 seconds
[2026-06-02T11:17:15.869+0000] {processor.py:161} INFO - Started process (PID=4328) to work on /opt/airflow/dags/dag_2.py
[2026-06-02T11:17:15.871+0000] {processor.py:830} INFO - Processing file /opt/airflow/dags/dag_2.py for tasks to queue
[2026-06-02T11:17:15.872+0000] {logging_mixin.py:188} INFO - [2026-06-02T11:17:15.871+0000] {dagbag.py:540} INFO - Filling up the DagBag from /opt/airflow/dags/dag_2.py
[2026-06-02T11:17:15.886+0000] {processor.py:840} INFO - DAG(s) 'data_quality_check' retrieved from /opt/airflow/dags/dag_2.py
[2026-06-02T11:17:15.905+0000] {logging_mixin.py:188} INFO - [2026-06-02T11:17:15.905+0000] {dag.py:3047} INFO - Sync 1 DAGs
[2026-06-02T11:17:15.920+0000] {logging_mixin.py:188} INFO - [2026-06-02T11:17:15.920+0000] {dag.py:3834} INFO - Setting next_dagrun for data_quality_check to None, run_after=None
[2026-06-02T11:17:15.951+0000] {processor.py:183} INFO - Processing /opt/airflow/dags/dag_2.py took 0.084 seconds
[2026-06-02T11:17:46.237+0000] {processor.py:161} INFO - Started process (PID=4338) to work on /opt/airflow/dags/dag_2.py
[2026-06-02T11:17:46.238+0000] {processor.py:830} INFO - Processing file /opt/airflow/dags/dag_2.py for tasks to queue
[2026-06-02T11:17:46.239+0000] {logging_mixin.py:188} INFO - [2026-06-02T11:17:46.238+0000] {dagbag.py:540} INFO - Filling up the DagBag from /opt/airflow/dags/dag_2.py
[2026-06-02T11:17:46.254+0000] {processor.py:840} INFO - DAG(s) 'data_quality_check' retrieved from /opt/airflow/dags/dag_2.py
[2026-06-02T11:17:46.276+0000] {logging_mixin.py:188} INFO - [2026-06-02T11:17:46.275+0000] {dag.py:3047} INFO - Sync 1 DAGs
[2026-06-02T11:17:46.288+0000] {logging_mixin.py:188} INFO - [2026-06-02T11:17:46.287+0000] {dag.py:3834} INFO - Setting next_dagrun for data_quality_check to None, run_after=None
[2026-06-02T11:17:46.318+0000] {processor.py:183} INFO - Processing /opt/airflow/dags/dag_2.py took 0.085 seconds
[2026-06-02T11:18:16.599+0000] {processor.py:161} INFO - Started process (PID=4348) to work on /opt/airflow/dags/dag_2.py
[2026-06-02T11:18:16.600+0000] {processor.py:830} INFO - Processing file /opt/airflow/dags/dag_2.py for tasks to queue
[2026-06-02T11:18:16.601+0000] {logging_mixin.py:188} INFO - [2026-06-02T11:18:16.601+0000] {dagbag.py:540} INFO - Filling up the DagBag from /opt/airflow/dags/dag_2.py
[2026-06-02T11:18:16.613+0000] {processor.py:840} INFO - DAG(s) 'data_quality_check' retrieved from /opt/airflow/dags/dag_2.py
[2026-06-02T11:18:16.630+0000] {logging_mixin.py:188} INFO - [2026-06-02T11:18:16.629+0000] {dag.py:3047} INFO - Sync 1 DAGs
[2026-06-02T11:18:16.641+0000] {logging_mixin.py:188} INFO - [2026-06-02T11:18:16.641+0000] {dag.py:3834} INFO - Setting next_dagrun for data_quality_check to None, run_after=None
[2026-06-02T11:18:16.667+0000] {processor.py:183} INFO - Processing /opt/airflow/dags/dag_2.py took 0.070 seconds
[2026-06-02T11:18:46.904+0000] {processor.py:161} INFO - Started process (PID=4358) to work on /opt/airflow/dags/dag_2.py
[2026-06-02T11:18:46.905+0000] {processor.py:830} INFO - Processing file /opt/airflow/dags/dag_2.py for tasks to queue
[2026-06-02T11:18:46.906+0000] {logging_mixin.py:188} INFO - [2026-06-02T11:18:46.905+0000] {dagbag.py:540} INFO - Filling up the DagBag from /opt/airflow/dags/dag_2.py
[2026-06-02T11:18:46.920+0000] {processor.py:840} INFO - DAG(s) 'data_quality_check' retrieved from /opt/airflow/dags/dag_2.py
[2026-06-02T11:18:46.939+0000] {logging_mixin.py:188} INFO - [2026-06-02T11:18:46.938+0000] {dag.py:3047} INFO - Sync 1 DAGs
[2026-06-02T11:18:46.952+0000] {logging_mixin.py:188} INFO - [2026-06-02T11:18:46.951+0000] {dag.py:3834} INFO - Setting next_dagrun for data_quality_check to None, run_after=None
[2026-06-02T11:18:46.981+0000] {processor.py:183} INFO - Processing /opt/airflow/dags/dag_2.py took 0.081 seconds
[2026-06-02T11:19:17.270+0000] {processor.py:161} INFO - Started process (PID=4368) to work on /opt/airflow/dags/dag_2.py
[2026-06-02T11:19:17.272+0000] {processor.py:830} INFO - Processing file /opt/airflow/dags/dag_2.py for tasks to queue
[2026-06-02T11:19:17.273+0000] {logging_mixin.py:188} INFO - [2026-06-02T11:19:17.272+0000] {dagbag.py:540} INFO - Filling up the DagBag from /opt/airflow/dags/dag_2.py
[2026-06-02T11:19:17.294+0000] {processor.py:840} INFO - DAG(s) 'data_quality_check' retrieved from /opt/airflow/dags/dag_2.py
[2026-06-02T11:19:17.319+0000] {logging_mixin.py:188} INFO - [2026-06-02T11:19:17.319+0000] {dag.py:3047} INFO - Sync 1 DAGs
[2026-06-02T11:19:17.340+0000] {logging_mixin.py:188} INFO - [2026-06-02T11:19:17.339+0000] {dag.py:3834} INFO - Setting next_dagrun for data_quality_check to None, run_after=None
[2026-06-02T11:19:17.365+0000] {processor.py:183} INFO - Processing /opt/airflow/dags/dag_2.py took 0.098 seconds
[2026-06-02T11:19:47.897+0000] {processor.py:161} INFO - Started process (PID=4378) to work on /opt/airflow/dags/dag_2.py
[2026-06-02T11:19:47.899+0000] {processor.py:830} INFO - Processing file /opt/airflow/dags/dag_2.py for tasks to queue
[2026-06-02T11:19:47.900+0000] {logging_mixin.py:188} INFO - [2026-06-02T11:19:47.900+0000] {dagbag.py:540} INFO - Filling up the DagBag from /opt/airflow/dags/dag_2.py
[2026-06-02T11:19:47.925+0000] {processor.py:840} INFO - DAG(s) 'data_quality_check' retrieved from /opt/airflow/dags/dag_2.py
[2026-06-02T11:19:47.956+0000] {logging_mixin.py:188} INFO - [2026-06-02T11:19:47.956+0000] {dag.py:3047} INFO - Sync 1 DAGs
[2026-06-02T11:19:47.982+0000] {logging_mixin.py:188} INFO - [2026-06-02T11:19:47.982+0000] {dag.py:3834} INFO - Setting next_dagrun for data_quality_check to None, run_after=None
[2026-06-02T11:19:48.039+0000] {processor.py:183} INFO - Processing /opt/airflow/dags/dag_2.py took 0.145 seconds
[2026-06-02T11:20:18.151+0000] {processor.py:161} INFO - Started process (PID=4392) to work on /opt/airflow/dags/dag_2.py
[2026-06-02T11:20:18.152+0000] {processor.py:830} INFO - Processing file /opt/airflow/dags/dag_2.py for tasks to queue
[2026-06-02T11:20:18.154+0000] {logging_mixin.py:188} INFO - [2026-06-02T11:20:18.154+0000] {dagbag.py:540} INFO - Filling up the DagBag from /opt/airflow/dags/dag_2.py
[2026-06-02T11:20:18.176+0000] {processor.py:840} INFO - DAG(s) 'data_quality_check' retrieved from /opt/airflow/dags/dag_2.py
[2026-06-02T11:20:18.200+0000] {logging_mixin.py:188} INFO - [2026-06-02T11:20:18.200+0000] {dag.py:3047} INFO - Sync 1 DAGs
[2026-06-02T11:20:18.214+0000] {logging_mixin.py:188} INFO - [2026-06-02T11:20:18.213+0000] {dag.py:3834} INFO - Setting next_dagrun for data_quality_check to None, run_after=None
[2026-06-02T11:20:18.239+0000] {processor.py:183} INFO - Processing /opt/airflow/dags/dag_2.py took 0.092 seconds
[2026-06-02T11:20:48.538+0000] {processor.py:161} INFO - Started process (PID=4402) to work on /opt/airflow/dags/dag_2.py
[2026-06-02T11:20:48.539+0000] {processor.py:830} INFO - Processing file /opt/airflow/dags/dag_2.py for tasks to queue
[2026-06-02T11:20:48.541+0000] {logging_mixin.py:188} INFO - [2026-06-02T11:20:48.540+0000] {dagbag.py:540} INFO - Filling up the DagBag from /opt/airflow/dags/dag_2.py
[2026-06-02T11:20:48.556+0000] {processor.py:840} INFO - DAG(s) 'data_quality_check' retrieved from /opt/airflow/dags/dag_2.py
[2026-06-02T11:20:48.576+0000] {logging_mixin.py:188} INFO - [2026-06-02T11:20:48.576+0000] {dag.py:3047} INFO - Sync 1 DAGs
[2026-06-02T11:20:48.589+0000] {logging_mixin.py:188} INFO - [2026-06-02T11:20:48.589+0000] {dag.py:3834} INFO - Setting next_dagrun for data_quality_check to None, run_after=None
[2026-06-02T11:20:48.614+0000] {processor.py:183} INFO - Processing /opt/airflow/dags/dag_2.py took 0.079 seconds
[2026-06-02T11:21:18.912+0000] {processor.py:161} INFO - Started process (PID=4412) to work on /opt/airflow/dags/dag_2.py
[2026-06-02T11:21:18.913+0000] {processor.py:830} INFO - Processing file /opt/airflow/dags/dag_2.py for tasks to queue
[2026-06-02T11:21:18.915+0000] {logging_mixin.py:188} INFO - [2026-06-02T11:21:18.914+0000] {dagbag.py:540} INFO - Filling up the DagBag from /opt/airflow/dags/dag_2.py
[2026-06-02T11:21:18.931+0000] {processor.py:840} INFO - DAG(s) 'data_quality_check' retrieved from /opt/airflow/dags/dag_2.py
[2026-06-02T11:21:18.951+0000] {logging_mixin.py:188} INFO - [2026-06-02T11:21:18.951+0000] {dag.py:3047} INFO - Sync 1 DAGs
[2026-06-02T11:21:18.964+0000] {logging_mixin.py:188} INFO - [2026-06-02T11:21:18.964+0000] {dag.py:3834} INFO - Setting next_dagrun for data_quality_check to None, run_after=None
[2026-06-02T11:21:18.994+0000] {processor.py:183} INFO - Processing /opt/airflow/dags/dag_2.py took 0.085 seconds
[2026-06-02T11:21:49.391+0000] {processor.py:161} INFO - Started process (PID=4422) to work on /opt/airflow/dags/dag_2.py
[2026-06-02T11:21:49.392+0000] {processor.py:830} INFO - Processing file /opt/airflow/dags/dag_2.py for tasks to queue
[2026-06-02T11:21:49.393+0000] {logging_mixin.py:188} INFO - [2026-06-02T11:21:49.392+0000] {dagbag.py:540} INFO - Filling up the DagBag from /opt/airflow/dags/dag_2.py
[2026-06-02T11:21:49.405+0000] {processor.py:840} INFO - DAG(s) 'data_quality_check' retrieved from /opt/airflow/dags/dag_2.py
[2026-06-02T11:21:49.423+0000] {logging_mixin.py:188} INFO - [2026-06-02T11:21:49.423+0000] {dag.py:3047} INFO - Sync 1 DAGs
[2026-06-02T11:21:49.434+0000] {logging_mixin.py:188} INFO - [2026-06-02T11:21:49.433+0000] {dag.py:3834} INFO - Setting next_dagrun for data_quality_check to None, run_after=None
[2026-06-02T11:21:49.453+0000] {processor.py:183} INFO - Processing /opt/airflow/dags/dag_2.py took 0.065 seconds
[2026-06-02T11:22:19.747+0000] {processor.py:161} INFO - Started process (PID=4432) to work on /opt/airflow/dags/dag_2.py
[2026-06-02T11:22:19.748+0000] {processor.py:830} INFO - Processing file /opt/airflow/dags/dag_2.py for tasks to queue
[2026-06-02T11:22:19.749+0000] {logging_mixin.py:188} INFO - [2026-06-02T11:22:19.749+0000] {dagbag.py:540} INFO - Filling up the DagBag from /opt/airflow/dags/dag_2.py
[2026-06-02T11:22:19.761+0000] {processor.py:840} INFO - DAG(s) 'data_quality_check' retrieved from /opt/airflow/dags/dag_2.py
[2026-06-02T11:22:19.778+0000] {logging_mixin.py:188} INFO - [2026-06-02T11:22:19.778+0000] {dag.py:3047} INFO - Sync 1 DAGs
[2026-06-02T11:22:19.788+0000] {logging_mixin.py:188} INFO - [2026-06-02T11:22:19.788+0000] {dag.py:3834} INFO - Setting next_dagrun for data_quality_check to None, run_after=None
[2026-06-02T11:22:19.809+0000] {processor.py:183} INFO - Processing /opt/airflow/dags/dag_2.py took 0.065 seconds
[2026-06-02T11:22:50.144+0000] {processor.py:161} INFO - Started process (PID=4442) to work on /opt/airflow/dags/dag_2.py
[2026-06-02T11:22:50.145+0000] {processor.py:830} INFO - Processing file /opt/airflow/dags/dag_2.py for tasks to queue
[2026-06-02T11:22:50.146+0000] {logging_mixin.py:188} INFO - [2026-06-02T11:22:50.145+0000] {dagbag.py:540} INFO - Filling up the DagBag from /opt/airflow/dags/dag_2.py
[2026-06-02T11:22:50.159+0000] {processor.py:840} INFO - DAG(s) 'data_quality_check' retrieved from /opt/airflow/dags/dag_2.py
[2026-06-02T11:22:50.175+0000] {logging_mixin.py:188} INFO - [2026-06-02T11:22:50.175+0000] {dag.py:3047} INFO - Sync 1 DAGs
[2026-06-02T11:22:50.186+0000] {logging_mixin.py:188} INFO - [2026-06-02T11:22:50.186+0000] {dag.py:3834} INFO - Setting next_dagrun for data_quality_check to None, run_after=None
[2026-06-02T11:22:50.202+0000] {processor.py:183} INFO - Processing /opt/airflow/dags/dag_2.py took 0.061 seconds
[2026-06-02T11:23:20.678+0000] {processor.py:161} INFO - Started process (PID=4464) to work on /opt/airflow/dags/dag_2.py
[2026-06-02T11:23:20.679+0000] {processor.py:830} INFO - Processing file /opt/airflow/dags/dag_2.py for tasks to queue
[2026-06-02T11:23:20.680+0000] {logging_mixin.py:188} INFO - [2026-06-02T11:23:20.679+0000] {dagbag.py:540} INFO - Filling up the DagBag from /opt/airflow/dags/dag_2.py
[2026-06-02T11:23:20.694+0000] {processor.py:840} INFO - DAG(s) 'data_quality_check' retrieved from /opt/airflow/dags/dag_2.py
[2026-06-02T11:23:20.714+0000] {logging_mixin.py:188} INFO - [2026-06-02T11:23:20.713+0000] {dag.py:3047} INFO - Sync 1 DAGs
[2026-06-02T11:23:20.727+0000] {logging_mixin.py:188} INFO - [2026-06-02T11:23:20.726+0000] {dag.py:3834} INFO - Setting next_dagrun for data_quality_check to None, run_after=None
[2026-06-02T11:23:20.754+0000] {processor.py:183} INFO - Processing /opt/airflow/dags/dag_2.py took 0.080 seconds
[2026-06-02T11:23:51.051+0000] {processor.py:161} INFO - Started process (PID=4474) to work on /opt/airflow/dags/dag_2.py
[2026-06-02T11:23:51.052+0000] {processor.py:830} INFO - Processing file /opt/airflow/dags/dag_2.py for tasks to queue
[2026-06-02T11:23:51.053+0000] {logging_mixin.py:188} INFO - [2026-06-02T11:23:51.053+0000] {dagbag.py:540} INFO - Filling up the DagBag from /opt/airflow/dags/dag_2.py
[2026-06-02T11:23:51.068+0000] {processor.py:840} INFO - DAG(s) 'data_quality_check' retrieved from /opt/airflow/dags/dag_2.py
[2026-06-02T11:23:51.084+0000] {logging_mixin.py:188} INFO - [2026-06-02T11:23:51.084+0000] {dag.py:3047} INFO - Sync 1 DAGs
[2026-06-02T11:23:51.096+0000] {logging_mixin.py:188} INFO - [2026-06-02T11:23:51.095+0000] {dag.py:3834} INFO - Setting next_dagrun for data_quality_check to None, run_after=None
[2026-06-02T11:23:51.115+0000] {processor.py:183} INFO - Processing /opt/airflow/dags/dag_2.py took 0.067 seconds
[2026-06-02T11:24:21.543+0000] {processor.py:161} INFO - Started process (PID=4484) to work on /opt/airflow/dags/dag_2.py
[2026-06-02T11:24:21.544+0000] {processor.py:830} INFO - Processing file /opt/airflow/dags/dag_2.py for tasks to queue
[2026-06-02T11:24:21.545+0000] {logging_mixin.py:188} INFO - [2026-06-02T11:24:21.544+0000] {dagbag.py:540} INFO - Filling up the DagBag from /opt/airflow/dags/dag_2.py
[2026-06-02T11:24:21.557+0000] {processor.py:840} INFO - DAG(s) 'data_quality_check' retrieved from /opt/airflow/dags/dag_2.py
[2026-06-02T11:24:21.574+0000] {logging_mixin.py:188} INFO - [2026-06-02T11:24:21.574+0000] {dag.py:3047} INFO - Sync 1 DAGs
[2026-06-02T11:24:21.584+0000] {logging_mixin.py:188} INFO - [2026-06-02T11:24:21.584+0000] {dag.py:3834} INFO - Setting next_dagrun for data_quality_check to None, run_after=None
[2026-06-02T11:24:21.610+0000] {processor.py:183} INFO - Processing /opt/airflow/dags/dag_2.py took 0.069 seconds
[2026-06-02T11:24:51.854+0000] {processor.py:161} INFO - Started process (PID=4494) to work on /opt/airflow/dags/dag_2.py
[2026-06-02T11:24:51.855+0000] {processor.py:830} INFO - Processing file /opt/airflow/dags/dag_2.py for tasks to queue
[2026-06-02T11:24:51.856+0000] {logging_mixin.py:188} INFO - [2026-06-02T11:24:51.855+0000] {dagbag.py:540} INFO - Filling up the DagBag from /opt/airflow/dags/dag_2.py
[2026-06-02T11:24:51.867+0000] {processor.py:840} INFO - DAG(s) 'data_quality_check' retrieved from /opt/airflow/dags/dag_2.py
[2026-06-02T11:24:51.882+0000] {logging_mixin.py:188} INFO - [2026-06-02T11:24:51.882+0000] {dag.py:3047} INFO - Sync 1 DAGs
[2026-06-02T11:24:51.893+0000] {logging_mixin.py:188} INFO - [2026-06-02T11:24:51.893+0000] {dag.py:3834} INFO - Setting next_dagrun for data_quality_check to None, run_after=None
[2026-06-02T11:24:51.913+0000] {processor.py:183} INFO - Processing /opt/airflow/dags/dag_2.py took 0.061 seconds
[2026-06-02T11:25:22.136+0000] {processor.py:161} INFO - Started process (PID=4504) to work on /opt/airflow/dags/dag_2.py
[2026-06-02T11:25:22.137+0000] {processor.py:830} INFO - Processing file /opt/airflow/dags/dag_2.py for tasks to queue
[2026-06-02T11:25:22.138+0000] {logging_mixin.py:188} INFO - [2026-06-02T11:25:22.138+0000] {dagbag.py:540} INFO - Filling up the DagBag from /opt/airflow/dags/dag_2.py
[2026-06-02T11:25:22.152+0000] {processor.py:840} INFO - DAG(s) 'data_quality_check' retrieved from /opt/airflow/dags/dag_2.py
[2026-06-02T11:25:22.170+0000] {logging_mixin.py:188} INFO - [2026-06-02T11:25:22.170+0000] {dag.py:3047} INFO - Sync 1 DAGs
[2026-06-02T11:25:22.182+0000] {logging_mixin.py:188} INFO - [2026-06-02T11:25:22.182+0000] {dag.py:3834} INFO - Setting next_dagrun for data_quality_check to None, run_after=None
[2026-06-02T11:25:22.201+0000] {processor.py:183} INFO - Processing /opt/airflow/dags/dag_2.py took 0.068 seconds
[2026-06-02T11:25:52.761+0000] {processor.py:161} INFO - Started process (PID=4514) to work on /opt/airflow/dags/dag_2.py
[2026-06-02T11:25:52.762+0000] {processor.py:830} INFO - Processing file /opt/airflow/dags/dag_2.py for tasks to queue
[2026-06-02T11:25:52.763+0000] {logging_mixin.py:188} INFO - [2026-06-02T11:25:52.762+0000] {dagbag.py:540} INFO - Filling up the DagBag from /opt/airflow/dags/dag_2.py
[2026-06-02T11:25:52.774+0000] {processor.py:840} INFO - DAG(s) 'data_quality_check' retrieved from /opt/airflow/dags/dag_2.py
[2026-06-02T11:25:52.790+0000] {logging_mixin.py:188} INFO - [2026-06-02T11:25:52.790+0000] {dag.py:3047} INFO - Sync 1 DAGs
[2026-06-02T11:25:52.800+0000] {logging_mixin.py:188} INFO - [2026-06-02T11:25:52.800+0000] {dag.py:3834} INFO - Setting next_dagrun for data_quality_check to None, run_after=None
[2026-06-02T11:25:52.819+0000] {processor.py:183} INFO - Processing /opt/airflow/dags/dag_2.py took 0.061 seconds
[2026-06-02T11:26:23.111+0000] {processor.py:161} INFO - Started process (PID=4524) to work on /opt/airflow/dags/dag_2.py
[2026-06-02T11:26:23.112+0000] {processor.py:830} INFO - Processing file /opt/airflow/dags/dag_2.py for tasks to queue
[2026-06-02T11:26:23.113+0000] {logging_mixin.py:188} INFO - [2026-06-02T11:26:23.113+0000] {dagbag.py:540} INFO - Filling up the DagBag from /opt/airflow/dags/dag_2.py
[2026-06-02T11:26:23.126+0000] {processor.py:840} INFO - DAG(s) 'data_quality_check' retrieved from /opt/airflow/dags/dag_2.py
[2026-06-02T11:26:23.142+0000] {logging_mixin.py:188} INFO - [2026-06-02T11:26:23.142+0000] {dag.py:3047} INFO - Sync 1 DAGs
[2026-06-02T11:26:23.154+0000] {logging_mixin.py:188} INFO - [2026-06-02T11:26:23.153+0000] {dag.py:3834} INFO - Setting next_dagrun for data_quality_check to None, run_after=None
[2026-06-02T11:26:23.172+0000] {processor.py:183} INFO - Processing /opt/airflow/dags/dag_2.py took 0.063 seconds
[2026-06-02T11:26:53.449+0000] {processor.py:161} INFO - Started process (PID=4534) to work on /opt/airflow/dags/dag_2.py
[2026-06-02T11:26:53.450+0000] {processor.py:830} INFO - Processing file /opt/airflow/dags/dag_2.py for tasks to queue
[2026-06-02T11:26:53.450+0000] {logging_mixin.py:188} INFO - [2026-06-02T11:26:53.450+0000] {dagbag.py:540} INFO - Filling up the DagBag from /opt/airflow/dags/dag_2.py
[2026-06-02T11:26:53.463+0000] {processor.py:840} INFO - DAG(s) 'data_quality_check' retrieved from /opt/airflow/dags/dag_2.py
[2026-06-02T11:26:53.480+0000] {logging_mixin.py:188} INFO - [2026-06-02T11:26:53.480+0000] {dag.py:3047} INFO - Sync 1 DAGs
[2026-06-02T11:26:53.491+0000] {logging_mixin.py:188} INFO - [2026-06-02T11:26:53.490+0000] {dag.py:3834} INFO - Setting next_dagrun for data_quality_check to None, run_after=None
[2026-06-02T11:26:53.511+0000] {processor.py:183} INFO - Processing /opt/airflow/dags/dag_2.py took 0.065 seconds
[2026-06-02T11:27:23.742+0000] {processor.py:161} INFO - Started process (PID=4544) to work on /opt/airflow/dags/dag_2.py
[2026-06-02T11:27:23.743+0000] {processor.py:830} INFO - Processing file /opt/airflow/dags/dag_2.py for tasks to queue
[2026-06-02T11:27:23.744+0000] {logging_mixin.py:188} INFO - [2026-06-02T11:27:23.744+0000] {dagbag.py:540} INFO - Filling up the DagBag from /opt/airflow/dags/dag_2.py
[2026-06-02T11:27:23.759+0000] {processor.py:840} INFO - DAG(s) 'data_quality_check' retrieved from /opt/airflow/dags/dag_2.py
[2026-06-02T11:27:23.781+0000] {logging_mixin.py:188} INFO - [2026-06-02T11:27:23.781+0000] {dag.py:3047} INFO - Sync 1 DAGs
[2026-06-02T11:27:23.793+0000] {logging_mixin.py:188} INFO - [2026-06-02T11:27:23.793+0000] {dag.py:3834} INFO - Setting next_dagrun for data_quality_check to None, run_after=None
[2026-06-02T11:27:23.819+0000] {processor.py:183} INFO - Processing /opt/airflow/dags/dag_2.py took 0.080 seconds
[2026-06-02T11:27:54.087+0000] {processor.py:161} INFO - Started process (PID=4554) to work on /opt/airflow/dags/dag_2.py
[2026-06-02T11:27:54.089+0000] {processor.py:830} INFO - Processing file /opt/airflow/dags/dag_2.py for tasks to queue
[2026-06-02T11:27:54.090+0000] {logging_mixin.py:188} INFO - [2026-06-02T11:27:54.090+0000] {dagbag.py:540} INFO - Filling up the DagBag from /opt/airflow/dags/dag_2.py
[2026-06-02T11:27:54.108+0000] {processor.py:840} INFO - DAG(s) 'data_quality_check' retrieved from /opt/airflow/dags/dag_2.py
[2026-06-02T11:27:54.131+0000] {logging_mixin.py:188} INFO - [2026-06-02T11:27:54.130+0000] {dag.py:3047} INFO - Sync 1 DAGs
[2026-06-02T11:27:54.147+0000] {logging_mixin.py:188} INFO - [2026-06-02T11:27:54.147+0000] {dag.py:3834} INFO - Setting next_dagrun for data_quality_check to None, run_after=None
[2026-06-02T11:27:54.181+0000] {processor.py:183} INFO - Processing /opt/airflow/dags/dag_2.py took 0.096 seconds
[2026-06-02T11:28:24.419+0000] {processor.py:161} INFO - Started process (PID=4564) to work on /opt/airflow/dags/dag_2.py
[2026-06-02T11:28:24.421+0000] {processor.py:830} INFO - Processing file /opt/airflow/dags/dag_2.py for tasks to queue
[2026-06-02T11:28:24.423+0000] {logging_mixin.py:188} INFO - [2026-06-02T11:28:24.422+0000] {dagbag.py:540} INFO - Filling up the DagBag from /opt/airflow/dags/dag_2.py
[2026-06-02T11:28:24.444+0000] {processor.py:840} INFO - DAG(s) 'data_quality_check' retrieved from /opt/airflow/dags/dag_2.py
[2026-06-02T11:28:24.469+0000] {logging_mixin.py:188} INFO - [2026-06-02T11:28:24.469+0000] {dag.py:3047} INFO - Sync 1 DAGs
[2026-06-02T11:28:24.485+0000] {logging_mixin.py:188} INFO - [2026-06-02T11:28:24.484+0000] {dag.py:3834} INFO - Setting next_dagrun for data_quality_check to None, run_after=None
[2026-06-02T11:28:24.519+0000] {processor.py:183} INFO - Processing /opt/airflow/dags/dag_2.py took 0.104 seconds
[2026-06-02T11:28:54.953+0000] {processor.py:161} INFO - Started process (PID=4574) to work on /opt/airflow/dags/dag_2.py
[2026-06-02T11:28:54.954+0000] {processor.py:830} INFO - Processing file /opt/airflow/dags/dag_2.py for tasks to queue
[2026-06-02T11:28:54.956+0000] {logging_mixin.py:188} INFO - [2026-06-02T11:28:54.955+0000] {dagbag.py:540} INFO - Filling up the DagBag from /opt/airflow/dags/dag_2.py
[2026-06-02T11:28:54.977+0000] {processor.py:840} INFO - DAG(s) 'data_quality_check' retrieved from /opt/airflow/dags/dag_2.py
[2026-06-02T11:28:55.006+0000] {logging_mixin.py:188} INFO - [2026-06-02T11:28:55.006+0000] {dag.py:3047} INFO - Sync 1 DAGs
[2026-06-02T11:28:55.024+0000] {logging_mixin.py:188} INFO - [2026-06-02T11:28:55.024+0000] {dag.py:3834} INFO - Setting next_dagrun for data_quality_check to None, run_after=None
[2026-06-02T11:28:55.059+0000] {processor.py:183} INFO - Processing /opt/airflow/dags/dag_2.py took 0.111 seconds
[2026-06-02T11:29:25.443+0000] {processor.py:161} INFO - Started process (PID=4584) to work on /opt/airflow/dags/dag_2.py
[2026-06-02T11:29:25.444+0000] {processor.py:830} INFO - Processing file /opt/airflow/dags/dag_2.py for tasks to queue
[2026-06-02T11:29:25.445+0000] {logging_mixin.py:188} INFO - [2026-06-02T11:29:25.444+0000] {dagbag.py:540} INFO - Filling up the DagBag from /opt/airflow/dags/dag_2.py
[2026-06-02T11:29:25.456+0000] {processor.py:840} INFO - DAG(s) 'data_quality_check' retrieved from /opt/airflow/dags/dag_2.py
[2026-06-02T11:29:25.472+0000] {logging_mixin.py:188} INFO - [2026-06-02T11:29:25.472+0000] {dag.py:3047} INFO - Sync 1 DAGs
[2026-06-02T11:29:25.483+0000] {logging_mixin.py:188} INFO - [2026-06-02T11:29:25.483+0000] {dag.py:3834} INFO - Setting next_dagrun for data_quality_check to None, run_after=None
[2026-06-02T11:29:25.508+0000] {processor.py:183} INFO - Processing /opt/airflow/dags/dag_2.py took 0.067 seconds
[2026-06-02T11:29:55.781+0000] {processor.py:161} INFO - Started process (PID=4594) to work on /opt/airflow/dags/dag_2.py
[2026-06-02T11:29:55.782+0000] {processor.py:830} INFO - Processing file /opt/airflow/dags/dag_2.py for tasks to queue
[2026-06-02T11:29:55.782+0000] {logging_mixin.py:188} INFO - [2026-06-02T11:29:55.782+0000] {dagbag.py:540} INFO - Filling up the DagBag from /opt/airflow/dags/dag_2.py
[2026-06-02T11:29:55.796+0000] {processor.py:840} INFO - DAG(s) 'data_quality_check' retrieved from /opt/airflow/dags/dag_2.py
[2026-06-02T11:29:55.814+0000] {logging_mixin.py:188} INFO - [2026-06-02T11:29:55.814+0000] {dag.py:3047} INFO - Sync 1 DAGs
[2026-06-02T11:29:55.825+0000] {logging_mixin.py:188} INFO - [2026-06-02T11:29:55.824+0000] {dag.py:3834} INFO - Setting next_dagrun for data_quality_check to None, run_after=None
[2026-06-02T11:29:55.842+0000] {processor.py:183} INFO - Processing /opt/airflow/dags/dag_2.py took 0.064 seconds
[2026-06-02T11:30:26.122+0000] {processor.py:161} INFO - Started process (PID=4604) to work on /opt/airflow/dags/dag_2.py
[2026-06-02T11:30:26.124+0000] {processor.py:830} INFO - Processing file /opt/airflow/dags/dag_2.py for tasks to queue
[2026-06-02T11:30:26.124+0000] {logging_mixin.py:188} INFO - [2026-06-02T11:30:26.124+0000] {dagbag.py:540} INFO - Filling up the DagBag from /opt/airflow/dags/dag_2.py
[2026-06-02T11:30:26.137+0000] {processor.py:840} INFO - DAG(s) 'data_quality_check' retrieved from /opt/airflow/dags/dag_2.py
[2026-06-02T11:30:26.153+0000] {logging_mixin.py:188} INFO - [2026-06-02T11:30:26.152+0000] {dag.py:3047} INFO - Sync 1 DAGs
[2026-06-02T11:30:26.164+0000] {logging_mixin.py:188} INFO - [2026-06-02T11:30:26.164+0000] {dag.py:3834} INFO - Setting next_dagrun for data_quality_check to None, run_after=None
[2026-06-02T11:30:26.183+0000] {processor.py:183} INFO - Processing /opt/airflow/dags/dag_2.py took 0.064 seconds
[2026-06-02T11:30:56.476+0000] {processor.py:161} INFO - Started process (PID=4614) to work on /opt/airflow/dags/dag_2.py
[2026-06-02T11:30:56.477+0000] {processor.py:830} INFO - Processing file /opt/airflow/dags/dag_2.py for tasks to queue
[2026-06-02T11:30:56.478+0000] {logging_mixin.py:188} INFO - [2026-06-02T11:30:56.478+0000] {dagbag.py:540} INFO - Filling up the DagBag from /opt/airflow/dags/dag_2.py
[2026-06-02T11:30:56.490+0000] {processor.py:840} INFO - DAG(s) 'data_quality_check' retrieved from /opt/airflow/dags/dag_2.py
[2026-06-02T11:30:56.506+0000] {logging_mixin.py:188} INFO - [2026-06-02T11:30:56.506+0000] {dag.py:3047} INFO - Sync 1 DAGs
[2026-06-02T11:30:56.516+0000] {logging_mixin.py:188} INFO - [2026-06-02T11:30:56.516+0000] {dag.py:3834} INFO - Setting next_dagrun for data_quality_check to None, run_after=None
[2026-06-02T11:30:56.534+0000] {processor.py:183} INFO - Processing /opt/airflow/dags/dag_2.py took 0.061 seconds
[2026-06-02T11:31:26.807+0000] {processor.py:161} INFO - Started process (PID=4624) to work on /opt/airflow/dags/dag_2.py
[2026-06-02T11:31:26.808+0000] {processor.py:830} INFO - Processing file /opt/airflow/dags/dag_2.py for tasks to queue
[2026-06-02T11:31:26.809+0000] {logging_mixin.py:188} INFO - [2026-06-02T11:31:26.808+0000] {dagbag.py:540} INFO - Filling up the DagBag from /opt/airflow/dags/dag_2.py
[2026-06-02T11:31:26.824+0000] {processor.py:840} INFO - DAG(s) 'data_quality_check' retrieved from /opt/airflow/dags/dag_2.py
[2026-06-02T11:31:26.844+0000] {logging_mixin.py:188} INFO - [2026-06-02T11:31:26.844+0000] {dag.py:3047} INFO - Sync 1 DAGs
[2026-06-02T11:31:26.856+0000] {logging_mixin.py:188} INFO - [2026-06-02T11:31:26.855+0000] {dag.py:3834} INFO - Setting next_dagrun for data_quality_check to None, run_after=None
[2026-06-02T11:31:26.883+0000] {processor.py:183} INFO - Processing /opt/airflow/dags/dag_2.py took 0.079 seconds
[2026-06-02T11:31:57.168+0000] {processor.py:161} INFO - Started process (PID=4634) to work on /opt/airflow/dags/dag_2.py
[2026-06-02T11:31:57.169+0000] {processor.py:830} INFO - Processing file /opt/airflow/dags/dag_2.py for tasks to queue
[2026-06-02T11:31:57.170+0000] {logging_mixin.py:188} INFO - [2026-06-02T11:31:57.170+0000] {dagbag.py:540} INFO - Filling up the DagBag from /opt/airflow/dags/dag_2.py
[2026-06-02T11:31:57.183+0000] {processor.py:840} INFO - DAG(s) 'data_quality_check' retrieved from /opt/airflow/dags/dag_2.py
[2026-06-02T11:31:57.199+0000] {logging_mixin.py:188} INFO - [2026-06-02T11:31:57.199+0000] {dag.py:3047} INFO - Sync 1 DAGs
[2026-06-02T11:31:57.210+0000] {logging_mixin.py:188} INFO - [2026-06-02T11:31:57.210+0000] {dag.py:3834} INFO - Setting next_dagrun for data_quality_check to None, run_after=None
[2026-06-02T11:31:57.242+0000] {processor.py:183} INFO - Processing /opt/airflow/dags/dag_2.py took 0.076 seconds
[2026-06-02T11:32:27.563+0000] {processor.py:161} INFO - Started process (PID=4644) to work on /opt/airflow/dags/dag_2.py
[2026-06-02T11:32:27.564+0000] {processor.py:830} INFO - Processing file /opt/airflow/dags/dag_2.py for tasks to queue
[2026-06-02T11:32:27.565+0000] {logging_mixin.py:188} INFO - [2026-06-02T11:32:27.564+0000] {dagbag.py:540} INFO - Filling up the DagBag from /opt/airflow/dags/dag_2.py
[2026-06-02T11:32:27.580+0000] {processor.py:840} INFO - DAG(s) 'data_quality_check' retrieved from /opt/airflow/dags/dag_2.py
[2026-06-02T11:32:27.598+0000] {logging_mixin.py:188} INFO - [2026-06-02T11:32:27.598+0000] {dag.py:3047} INFO - Sync 1 DAGs
[2026-06-02T11:32:27.610+0000] {logging_mixin.py:188} INFO - [2026-06-02T11:32:27.610+0000] {dag.py:3834} INFO - Setting next_dagrun for data_quality_check to None, run_after=None
[2026-06-02T11:32:27.636+0000] {processor.py:183} INFO - Processing /opt/airflow/dags/dag_2.py took 0.076 seconds
[2026-06-02T11:32:57.941+0000] {processor.py:161} INFO - Started process (PID=4654) to work on /opt/airflow/dags/dag_2.py
[2026-06-02T11:32:57.942+0000] {processor.py:830} INFO - Processing file /opt/airflow/dags/dag_2.py for tasks to queue
[2026-06-02T11:32:57.943+0000] {logging_mixin.py:188} INFO - [2026-06-02T11:32:57.942+0000] {dagbag.py:540} INFO - Filling up the DagBag from /opt/airflow/dags/dag_2.py
[2026-06-02T11:32:57.955+0000] {processor.py:840} INFO - DAG(s) 'data_quality_check' retrieved from /opt/airflow/dags/dag_2.py
[2026-06-02T11:32:57.972+0000] {logging_mixin.py:188} INFO - [2026-06-02T11:32:57.972+0000] {dag.py:3047} INFO - Sync 1 DAGs
[2026-06-02T11:32:57.983+0000] {logging_mixin.py:188} INFO - [2026-06-02T11:32:57.983+0000] {dag.py:3834} INFO - Setting next_dagrun for data_quality_check to None, run_after=None
[2026-06-02T11:32:58.003+0000] {processor.py:183} INFO - Processing /opt/airflow/dags/dag_2.py took 0.065 seconds
[2026-06-02T11:33:28.513+0000] {processor.py:161} INFO - Started process (PID=4664) to work on /opt/airflow/dags/dag_2.py
[2026-06-02T11:33:28.514+0000] {processor.py:830} INFO - Processing file /opt/airflow/dags/dag_2.py for tasks to queue
[2026-06-02T11:33:28.515+0000] {logging_mixin.py:188} INFO - [2026-06-02T11:33:28.515+0000] {dagbag.py:540} INFO - Filling up the DagBag from /opt/airflow/dags/dag_2.py
[2026-06-02T11:33:28.529+0000] {processor.py:840} INFO - DAG(s) 'data_quality_check' retrieved from /opt/airflow/dags/dag_2.py
[2026-06-02T11:33:28.545+0000] {logging_mixin.py:188} INFO - [2026-06-02T11:33:28.545+0000] {dag.py:3047} INFO - Sync 1 DAGs
[2026-06-02T11:33:28.555+0000] {logging_mixin.py:188} INFO - [2026-06-02T11:33:28.555+0000] {dag.py:3834} INFO - Setting next_dagrun for data_quality_check to None, run_after=None
[2026-06-02T11:33:28.581+0000] {processor.py:183} INFO - Processing /opt/airflow/dags/dag_2.py took 0.070 seconds
[2026-06-02T11:33:58.848+0000] {processor.py:161} INFO - Started process (PID=4674) to work on /opt/airflow/dags/dag_2.py
[2026-06-02T11:33:58.849+0000] {processor.py:830} INFO - Processing file /opt/airflow/dags/dag_2.py for tasks to queue
[2026-06-02T11:33:58.850+0000] {logging_mixin.py:188} INFO - [2026-06-02T11:33:58.849+0000] {dagbag.py:540} INFO - Filling up the DagBag from /opt/airflow/dags/dag_2.py
[2026-06-02T11:33:58.865+0000] {processor.py:840} INFO - DAG(s) 'data_quality_check' retrieved from /opt/airflow/dags/dag_2.py
[2026-06-02T11:33:58.882+0000] {logging_mixin.py:188} INFO - [2026-06-02T11:33:58.882+0000] {dag.py:3047} INFO - Sync 1 DAGs
[2026-06-02T11:33:58.892+0000] {logging_mixin.py:188} INFO - [2026-06-02T11:33:58.892+0000] {dag.py:3834} INFO - Setting next_dagrun for data_quality_check to None, run_after=None
[2026-06-02T11:33:58.913+0000] {processor.py:183} INFO - Processing /opt/airflow/dags/dag_2.py took 0.068 seconds
[2026-06-02T11:34:29.254+0000] {processor.py:161} INFO - Started process (PID=4684) to work on /opt/airflow/dags/dag_2.py
[2026-06-02T11:34:29.255+0000] {processor.py:830} INFO - Processing file /opt/airflow/dags/dag_2.py for tasks to queue
[2026-06-02T11:34:29.256+0000] {logging_mixin.py:188} INFO - [2026-06-02T11:34:29.256+0000] {dagbag.py:540} INFO - Filling up the DagBag from /opt/airflow/dags/dag_2.py
[2026-06-02T11:34:29.275+0000] {processor.py:840} INFO - DAG(s) 'data_quality_check' retrieved from /opt/airflow/dags/dag_2.py
[2026-06-02T11:34:29.295+0000] {logging_mixin.py:188} INFO - [2026-06-02T11:34:29.295+0000] {dag.py:3047} INFO - Sync 1 DAGs
[2026-06-02T11:34:29.308+0000] {logging_mixin.py:188} INFO - [2026-06-02T11:34:29.307+0000] {dag.py:3834} INFO - Setting next_dagrun for data_quality_check to None, run_after=None
[2026-06-02T11:34:29.333+0000] {processor.py:183} INFO - Processing /opt/airflow/dags/dag_2.py took 0.081 seconds
[2026-06-02T11:34:59.690+0000] {processor.py:161} INFO - Started process (PID=4694) to work on /opt/airflow/dags/dag_2.py
[2026-06-02T11:34:59.691+0000] {processor.py:830} INFO - Processing file /opt/airflow/dags/dag_2.py for tasks to queue
[2026-06-02T11:34:59.692+0000] {logging_mixin.py:188} INFO - [2026-06-02T11:34:59.692+0000] {dagbag.py:540} INFO - Filling up the DagBag from /opt/airflow/dags/dag_2.py
[2026-06-02T11:34:59.707+0000] {processor.py:840} INFO - DAG(s) 'data_quality_check' retrieved from /opt/airflow/dags/dag_2.py
[2026-06-02T11:34:59.729+0000] {logging_mixin.py:188} INFO - [2026-06-02T11:34:59.729+0000] {dag.py:3047} INFO - Sync 1 DAGs
[2026-06-02T11:34:59.743+0000] {logging_mixin.py:188} INFO - [2026-06-02T11:34:59.743+0000] {dag.py:3834} INFO - Setting next_dagrun for data_quality_check to None, run_after=None
[2026-06-02T11:34:59.774+0000] {processor.py:183} INFO - Processing /opt/airflow/dags/dag_2.py took 0.087 seconds
[2026-06-02T11:35:30.074+0000] {processor.py:161} INFO - Started process (PID=4704) to work on /opt/airflow/dags/dag_2.py
[2026-06-02T11:35:30.075+0000] {processor.py:830} INFO - Processing file /opt/airflow/dags/dag_2.py for tasks to queue
[2026-06-02T11:35:30.077+0000] {logging_mixin.py:188} INFO - [2026-06-02T11:35:30.076+0000] {dagbag.py:540} INFO - Filling up the DagBag from /opt/airflow/dags/dag_2.py
[2026-06-02T11:35:30.096+0000] {processor.py:840} INFO - DAG(s) 'data_quality_check' retrieved from /opt/airflow/dags/dag_2.py
[2026-06-02T11:35:30.116+0000] {logging_mixin.py:188} INFO - [2026-06-02T11:35:30.116+0000] {dag.py:3047} INFO - Sync 1 DAGs
[2026-06-02T11:35:30.130+0000] {logging_mixin.py:188} INFO - [2026-06-02T11:35:30.129+0000] {dag.py:3834} INFO - Setting next_dagrun for data_quality_check to None, run_after=None
[2026-06-02T11:35:30.152+0000] {processor.py:183} INFO - Processing /opt/airflow/dags/dag_2.py took 0.081 seconds
[2026-06-02T11:36:01.070+0000] {processor.py:161} INFO - Started process (PID=4714) to work on /opt/airflow/dags/dag_2.py
[2026-06-02T11:36:01.071+0000] {processor.py:830} INFO - Processing file /opt/airflow/dags/dag_2.py for tasks to queue
[2026-06-02T11:36:01.072+0000] {logging_mixin.py:188} INFO - [2026-06-02T11:36:01.071+0000] {dagbag.py:540} INFO - Filling up the DagBag from /opt/airflow/dags/dag_2.py
[2026-06-02T11:36:01.087+0000] {processor.py:840} INFO - DAG(s) 'data_quality_check' retrieved from /opt/airflow/dags/dag_2.py
[2026-06-02T11:36:01.109+0000] {logging_mixin.py:188} INFO - [2026-06-02T11:36:01.108+0000] {dag.py:3047} INFO - Sync 1 DAGs
[2026-06-02T11:36:01.122+0000] {logging_mixin.py:188} INFO - [2026-06-02T11:36:01.122+0000] {dag.py:3834} INFO - Setting next_dagrun for data_quality_check to None, run_after=None
[2026-06-02T11:36:01.146+0000] {processor.py:183} INFO - Processing /opt/airflow/dags/dag_2.py took 0.080 seconds
[2026-06-02T11:36:32.949+0000] {processor.py:161} INFO - Started process (PID=4724) to work on /opt/airflow/dags/dag_2.py
[2026-06-02T11:36:33.091+0000] {processor.py:830} INFO - Processing file /opt/airflow/dags/dag_2.py for tasks to queue
[2026-06-02T11:36:33.141+0000] {logging_mixin.py:188} INFO - [2026-06-02T11:36:33.141+0000] {dagbag.py:540} INFO - Filling up the DagBag from /opt/airflow/dags/dag_2.py
[2026-06-02T11:36:34.283+0000] {processor.py:840} INFO - DAG(s) 'data_quality_check' retrieved from /opt/airflow/dags/dag_2.py
[2026-06-02T11:36:34.425+0000] {logging_mixin.py:188} INFO - [2026-06-02T11:36:34.424+0000] {dag.py:3047} INFO - Sync 1 DAGs
[2026-06-02T11:36:34.468+0000] {logging_mixin.py:188} INFO - [2026-06-02T11:36:34.467+0000] {dag.py:3834} INFO - Setting next_dagrun for data_quality_check to None, run_after=None
[2026-06-02T11:36:34.733+0000] {processor.py:183} INFO - Processing /opt/airflow/dags/dag_2.py took 1.787 seconds
[2026-06-02T11:37:04.876+0000] {processor.py:161} INFO - Started process (PID=4740) to work on /opt/airflow/dags/dag_2.py
[2026-06-02T11:37:04.877+0000] {processor.py:830} INFO - Processing file /opt/airflow/dags/dag_2.py for tasks to queue
[2026-06-02T11:37:04.878+0000] {logging_mixin.py:188} INFO - [2026-06-02T11:37:04.878+0000] {dagbag.py:540} INFO - Filling up the DagBag from /opt/airflow/dags/dag_2.py
[2026-06-02T11:37:04.896+0000] {processor.py:840} INFO - DAG(s) 'data_quality_check' retrieved from /opt/airflow/dags/dag_2.py
[2026-06-02T11:37:04.918+0000] {logging_mixin.py:188} INFO - [2026-06-02T11:37:04.917+0000] {dag.py:3047} INFO - Sync 1 DAGs
[2026-06-02T11:37:04.931+0000] {logging_mixin.py:188} INFO - [2026-06-02T11:37:04.931+0000] {dag.py:3834} INFO - Setting next_dagrun for data_quality_check to None, run_after=None
[2026-06-02T11:37:04.963+0000] {processor.py:183} INFO - Processing /opt/airflow/dags/dag_2.py took 0.090 seconds
[2026-06-02T11:37:35.041+0000] {processor.py:161} INFO - Started process (PID=4750) to work on /opt/airflow/dags/dag_2.py
[2026-06-02T11:37:35.041+0000] {processor.py:830} INFO - Processing file /opt/airflow/dags/dag_2.py for tasks to queue
[2026-06-02T11:37:35.042+0000] {logging_mixin.py:188} INFO - [2026-06-02T11:37:35.042+0000] {dagbag.py:540} INFO - Filling up the DagBag from /opt/airflow/dags/dag_2.py
[2026-06-02T11:37:35.054+0000] {processor.py:840} INFO - DAG(s) 'data_quality_check' retrieved from /opt/airflow/dags/dag_2.py
[2026-06-02T11:37:35.070+0000] {logging_mixin.py:188} INFO - [2026-06-02T11:37:35.069+0000] {dag.py:3047} INFO - Sync 1 DAGs
[2026-06-02T11:37:35.080+0000] {logging_mixin.py:188} INFO - [2026-06-02T11:37:35.080+0000] {dag.py:3834} INFO - Setting next_dagrun for data_quality_check to None, run_after=None
[2026-06-02T11:37:35.101+0000] {processor.py:183} INFO - Processing /opt/airflow/dags/dag_2.py took 0.062 seconds
[2026-06-02T11:38:05.823+0000] {processor.py:161} INFO - Started process (PID=4760) to work on /opt/airflow/dags/dag_2.py
[2026-06-02T11:38:05.824+0000] {processor.py:830} INFO - Processing file /opt/airflow/dags/dag_2.py for tasks to queue
[2026-06-02T11:38:05.825+0000] {logging_mixin.py:188} INFO - [2026-06-02T11:38:05.824+0000] {dagbag.py:540} INFO - Filling up the DagBag from /opt/airflow/dags/dag_2.py
[2026-06-02T11:38:05.841+0000] {processor.py:840} INFO - DAG(s) 'data_quality_check' retrieved from /opt/airflow/dags/dag_2.py
[2026-06-02T11:38:05.858+0000] {logging_mixin.py:188} INFO - [2026-06-02T11:38:05.858+0000] {dag.py:3047} INFO - Sync 1 DAGs
[2026-06-02T11:38:05.869+0000] {logging_mixin.py:188} INFO - [2026-06-02T11:38:05.869+0000] {dag.py:3834} INFO - Setting next_dagrun for data_quality_check to None, run_after=None
[2026-06-02T11:38:05.893+0000] {processor.py:183} INFO - Processing /opt/airflow/dags/dag_2.py took 0.073 seconds
[2026-06-02T11:38:36.201+0000] {processor.py:161} INFO - Started process (PID=4770) to work on /opt/airflow/dags/dag_2.py
[2026-06-02T11:38:36.202+0000] {processor.py:830} INFO - Processing file /opt/airflow/dags/dag_2.py for tasks to queue
[2026-06-02T11:38:36.203+0000] {logging_mixin.py:188} INFO - [2026-06-02T11:38:36.202+0000] {dagbag.py:540} INFO - Filling up the DagBag from /opt/airflow/dags/dag_2.py
[2026-06-02T11:38:36.216+0000] {processor.py:840} INFO - DAG(s) 'data_quality_check' retrieved from /opt/airflow/dags/dag_2.py
[2026-06-02T11:38:36.232+0000] {logging_mixin.py:188} INFO - [2026-06-02T11:38:36.232+0000] {dag.py:3047} INFO - Sync 1 DAGs
[2026-06-02T11:38:36.243+0000] {logging_mixin.py:188} INFO - [2026-06-02T11:38:36.243+0000] {dag.py:3834} INFO - Setting next_dagrun for data_quality_check to None, run_after=None
[2026-06-02T11:38:36.264+0000] {processor.py:183} INFO - Processing /opt/airflow/dags/dag_2.py took 0.065 seconds
[2026-06-02T11:39:06.568+0000] {processor.py:161} INFO - Started process (PID=4780) to work on /opt/airflow/dags/dag_2.py
[2026-06-02T11:39:06.569+0000] {processor.py:830} INFO - Processing file /opt/airflow/dags/dag_2.py for tasks to queue
[2026-06-02T11:39:06.569+0000] {logging_mixin.py:188} INFO - [2026-06-02T11:39:06.569+0000] {dagbag.py:540} INFO - Filling up the DagBag from /opt/airflow/dags/dag_2.py
[2026-06-02T11:39:06.583+0000] {processor.py:840} INFO - DAG(s) 'data_quality_check' retrieved from /opt/airflow/dags/dag_2.py
[2026-06-02T11:39:06.603+0000] {logging_mixin.py:188} INFO - [2026-06-02T11:39:06.603+0000] {dag.py:3047} INFO - Sync 1 DAGs
[2026-06-02T11:39:06.615+0000] {logging_mixin.py:188} INFO - [2026-06-02T11:39:06.614+0000] {dag.py:3834} INFO - Setting next_dagrun for data_quality_check to None, run_after=None
[2026-06-02T11:39:06.638+0000] {processor.py:183} INFO - Processing /opt/airflow/dags/dag_2.py took 0.073 seconds
[2026-06-02T11:39:36.893+0000] {processor.py:161} INFO - Started process (PID=4790) to work on /opt/airflow/dags/dag_2.py
[2026-06-02T11:39:36.893+0000] {processor.py:830} INFO - Processing file /opt/airflow/dags/dag_2.py for tasks to queue
[2026-06-02T11:39:36.895+0000] {logging_mixin.py:188} INFO - [2026-06-02T11:39:36.894+0000] {dagbag.py:540} INFO - Filling up the DagBag from /opt/airflow/dags/dag_2.py
[2026-06-02T11:39:36.909+0000] {processor.py:840} INFO - DAG(s) 'data_quality_check' retrieved from /opt/airflow/dags/dag_2.py
[2026-06-02T11:39:36.926+0000] {logging_mixin.py:188} INFO - [2026-06-02T11:39:36.926+0000] {dag.py:3047} INFO - Sync 1 DAGs
[2026-06-02T11:39:36.940+0000] {logging_mixin.py:188} INFO - [2026-06-02T11:39:36.939+0000] {dag.py:3834} INFO - Setting next_dagrun for data_quality_check to None, run_after=None
[2026-06-02T11:39:36.965+0000] {processor.py:183} INFO - Processing /opt/airflow/dags/dag_2.py took 0.075 seconds
[2026-06-02T11:40:07.350+0000] {processor.py:161} INFO - Started process (PID=4800) to work on /opt/airflow/dags/dag_2.py
[2026-06-02T11:40:07.351+0000] {processor.py:830} INFO - Processing file /opt/airflow/dags/dag_2.py for tasks to queue
[2026-06-02T11:40:07.352+0000] {logging_mixin.py:188} INFO - [2026-06-02T11:40:07.352+0000] {dagbag.py:540} INFO - Filling up the DagBag from /opt/airflow/dags/dag_2.py
[2026-06-02T11:40:07.364+0000] {processor.py:840} INFO - DAG(s) 'data_quality_check' retrieved from /opt/airflow/dags/dag_2.py
[2026-06-02T11:40:07.380+0000] {logging_mixin.py:188} INFO - [2026-06-02T11:40:07.380+0000] {dag.py:3047} INFO - Sync 1 DAGs
[2026-06-02T11:40:07.391+0000] {logging_mixin.py:188} INFO - [2026-06-02T11:40:07.391+0000] {dag.py:3834} INFO - Setting next_dagrun for data_quality_check to None, run_after=None
[2026-06-02T11:40:07.412+0000] {processor.py:183} INFO - Processing /opt/airflow/dags/dag_2.py took 0.064 seconds
[2026-06-02T11:40:38.144+0000] {processor.py:161} INFO - Started process (PID=4810) to work on /opt/airflow/dags/dag_2.py
[2026-06-02T11:40:38.145+0000] {processor.py:830} INFO - Processing file /opt/airflow/dags/dag_2.py for tasks to queue
[2026-06-02T11:40:38.146+0000] {logging_mixin.py:188} INFO - [2026-06-02T11:40:38.145+0000] {dagbag.py:540} INFO - Filling up the DagBag from /opt/airflow/dags/dag_2.py
[2026-06-02T11:40:38.158+0000] {processor.py:840} INFO - DAG(s) 'data_quality_check' retrieved from /opt/airflow/dags/dag_2.py
[2026-06-02T11:40:38.174+0000] {logging_mixin.py:188} INFO - [2026-06-02T11:40:38.174+0000] {dag.py:3047} INFO - Sync 1 DAGs
[2026-06-02T11:40:38.185+0000] {logging_mixin.py:188} INFO - [2026-06-02T11:40:38.185+0000] {dag.py:3834} INFO - Setting next_dagrun for data_quality_check to None, run_after=None
[2026-06-02T11:40:38.210+0000] {processor.py:183} INFO - Processing /opt/airflow/dags/dag_2.py took 0.069 seconds
[2026-06-02T11:41:08.686+0000] {processor.py:161} INFO - Started process (PID=4820) to work on /opt/airflow/dags/dag_2.py
[2026-06-02T11:41:08.687+0000] {processor.py:830} INFO - Processing file /opt/airflow/dags/dag_2.py for tasks to queue
[2026-06-02T11:41:08.688+0000] {logging_mixin.py:188} INFO - [2026-06-02T11:41:08.688+0000] {dagbag.py:540} INFO - Filling up the DagBag from /opt/airflow/dags/dag_2.py
[2026-06-02T11:41:08.702+0000] {processor.py:840} INFO - DAG(s) 'data_quality_check' retrieved from /opt/airflow/dags/dag_2.py
[2026-06-02T11:41:08.721+0000] {logging_mixin.py:188} INFO - [2026-06-02T11:41:08.721+0000] {dag.py:3047} INFO - Sync 1 DAGs
[2026-06-02T11:41:08.735+0000] {logging_mixin.py:188} INFO - [2026-06-02T11:41:08.735+0000] {dag.py:3834} INFO - Setting next_dagrun for data_quality_check to None, run_after=None
[2026-06-02T11:41:08.758+0000] {processor.py:183} INFO - Processing /opt/airflow/dags/dag_2.py took 0.075 seconds
[2026-06-02T11:41:39.100+0000] {processor.py:161} INFO - Started process (PID=4830) to work on /opt/airflow/dags/dag_2.py
[2026-06-02T11:41:39.101+0000] {processor.py:830} INFO - Processing file /opt/airflow/dags/dag_2.py for tasks to queue
[2026-06-02T11:41:39.102+0000] {logging_mixin.py:188} INFO - [2026-06-02T11:41:39.102+0000] {dagbag.py:540} INFO - Filling up the DagBag from /opt/airflow/dags/dag_2.py
[2026-06-02T11:41:39.116+0000] {processor.py:840} INFO - DAG(s) 'data_quality_check' retrieved from /opt/airflow/dags/dag_2.py
[2026-06-02T11:41:39.134+0000] {logging_mixin.py:188} INFO - [2026-06-02T11:41:39.134+0000] {dag.py:3047} INFO - Sync 1 DAGs
[2026-06-02T11:41:39.147+0000] {logging_mixin.py:188} INFO - [2026-06-02T11:41:39.146+0000] {dag.py:3834} INFO - Setting next_dagrun for data_quality_check to None, run_after=None
[2026-06-02T11:41:39.176+0000] {processor.py:183} INFO - Processing /opt/airflow/dags/dag_2.py took 0.079 seconds
[2026-06-02T11:42:09.544+0000] {processor.py:161} INFO - Started process (PID=4840) to work on /opt/airflow/dags/dag_2.py
[2026-06-02T11:42:09.545+0000] {processor.py:830} INFO - Processing file /opt/airflow/dags/dag_2.py for tasks to queue
[2026-06-02T11:42:09.546+0000] {logging_mixin.py:188} INFO - [2026-06-02T11:42:09.546+0000] {dagbag.py:540} INFO - Filling up the DagBag from /opt/airflow/dags/dag_2.py
[2026-06-02T11:42:09.562+0000] {processor.py:840} INFO - DAG(s) 'data_quality_check' retrieved from /opt/airflow/dags/dag_2.py
[2026-06-02T11:42:09.579+0000] {logging_mixin.py:188} INFO - [2026-06-02T11:42:09.579+0000] {dag.py:3047} INFO - Sync 1 DAGs
[2026-06-02T11:42:09.590+0000] {logging_mixin.py:188} INFO - [2026-06-02T11:42:09.590+0000] {dag.py:3834} INFO - Setting next_dagrun for data_quality_check to None, run_after=None
[2026-06-02T11:42:09.611+0000] {processor.py:183} INFO - Processing /opt/airflow/dags/dag_2.py took 0.071 seconds
[2026-06-02T11:42:40.242+0000] {processor.py:161} INFO - Started process (PID=4850) to work on /opt/airflow/dags/dag_2.py
[2026-06-02T11:42:40.243+0000] {processor.py:830} INFO - Processing file /opt/airflow/dags/dag_2.py for tasks to queue
[2026-06-02T11:42:40.244+0000] {logging_mixin.py:188} INFO - [2026-06-02T11:42:40.244+0000] {dagbag.py:540} INFO - Filling up the DagBag from /opt/airflow/dags/dag_2.py
[2026-06-02T11:42:40.257+0000] {processor.py:840} INFO - DAG(s) 'data_quality_check' retrieved from /opt/airflow/dags/dag_2.py
[2026-06-02T11:42:40.274+0000] {logging_mixin.py:188} INFO - [2026-06-02T11:42:40.274+0000] {dag.py:3047} INFO - Sync 1 DAGs
[2026-06-02T11:42:40.286+0000] {logging_mixin.py:188} INFO - [2026-06-02T11:42:40.286+0000] {dag.py:3834} INFO - Setting next_dagrun for data_quality_check to None, run_after=None
[2026-06-02T11:42:40.306+0000] {processor.py:183} INFO - Processing /opt/airflow/dags/dag_2.py took 0.066 seconds
[2026-06-02T11:43:11.018+0000] {processor.py:161} INFO - Started process (PID=4860) to work on /opt/airflow/dags/dag_2.py
[2026-06-02T11:43:11.019+0000] {processor.py:830} INFO - Processing file /opt/airflow/dags/dag_2.py for tasks to queue
[2026-06-02T11:43:11.020+0000] {logging_mixin.py:188} INFO - [2026-06-02T11:43:11.020+0000] {dagbag.py:540} INFO - Filling up the DagBag from /opt/airflow/dags/dag_2.py
[2026-06-02T11:43:11.034+0000] {processor.py:840} INFO - DAG(s) 'data_quality_check' retrieved from /opt/airflow/dags/dag_2.py
[2026-06-02T11:43:11.051+0000] {logging_mixin.py:188} INFO - [2026-06-02T11:43:11.051+0000] {dag.py:3047} INFO - Sync 1 DAGs
[2026-06-02T11:43:11.063+0000] {logging_mixin.py:188} INFO - [2026-06-02T11:43:11.063+0000] {dag.py:3834} INFO - Setting next_dagrun for data_quality_check to None, run_after=None
[2026-06-02T11:43:11.085+0000] {processor.py:183} INFO - Processing /opt/airflow/dags/dag_2.py took 0.069 seconds
[2026-06-02T11:43:41.725+0000] {processor.py:161} INFO - Started process (PID=4870) to work on /opt/airflow/dags/dag_2.py
[2026-06-02T11:43:41.725+0000] {processor.py:830} INFO - Processing file /opt/airflow/dags/dag_2.py for tasks to queue
[2026-06-02T11:43:41.726+0000] {logging_mixin.py:188} INFO - [2026-06-02T11:43:41.726+0000] {dagbag.py:540} INFO - Filling up the DagBag from /opt/airflow/dags/dag_2.py
[2026-06-02T11:43:41.739+0000] {processor.py:840} INFO - DAG(s) 'data_quality_check' retrieved from /opt/airflow/dags/dag_2.py
[2026-06-02T11:43:41.754+0000] {logging_mixin.py:188} INFO - [2026-06-02T11:43:41.754+0000] {dag.py:3047} INFO - Sync 1 DAGs
[2026-06-02T11:43:41.765+0000] {logging_mixin.py:188} INFO - [2026-06-02T11:43:41.765+0000] {dag.py:3834} INFO - Setting next_dagrun for data_quality_check to None, run_after=None
[2026-06-02T11:43:41.786+0000] {processor.py:183} INFO - Processing /opt/airflow/dags/dag_2.py took 0.063 seconds
[2026-06-02T11:44:12.002+0000] {processor.py:161} INFO - Started process (PID=4880) to work on /opt/airflow/dags/dag_2.py
[2026-06-02T11:44:12.003+0000] {processor.py:830} INFO - Processing file /opt/airflow/dags/dag_2.py for tasks to queue
[2026-06-02T11:44:12.004+0000] {logging_mixin.py:188} INFO - [2026-06-02T11:44:12.004+0000] {dagbag.py:540} INFO - Filling up the DagBag from /opt/airflow/dags/dag_2.py
[2026-06-02T11:44:12.018+0000] {processor.py:840} INFO - DAG(s) 'data_quality_check' retrieved from /opt/airflow/dags/dag_2.py
[2026-06-02T11:44:12.035+0000] {logging_mixin.py:188} INFO - [2026-06-02T11:44:12.035+0000] {dag.py:3047} INFO - Sync 1 DAGs
[2026-06-02T11:44:12.046+0000] {logging_mixin.py:188} INFO - [2026-06-02T11:44:12.046+0000] {dag.py:3834} INFO - Setting next_dagrun for data_quality_check to None, run_after=None
[2026-06-02T11:44:12.063+0000] {processor.py:183} INFO - Processing /opt/airflow/dags/dag_2.py took 0.064 seconds
[2026-06-02T11:44:42.486+0000] {processor.py:161} INFO - Started process (PID=4890) to work on /opt/airflow/dags/dag_2.py
[2026-06-02T11:44:42.487+0000] {processor.py:830} INFO - Processing file /opt/airflow/dags/dag_2.py for tasks to queue
[2026-06-02T11:44:42.488+0000] {logging_mixin.py:188} INFO - [2026-06-02T11:44:42.487+0000] {dagbag.py:540} INFO - Filling up the DagBag from /opt/airflow/dags/dag_2.py
[2026-06-02T11:44:42.500+0000] {processor.py:840} INFO - DAG(s) 'data_quality_check' retrieved from /opt/airflow/dags/dag_2.py
[2026-06-02T11:44:42.517+0000] {logging_mixin.py:188} INFO - [2026-06-02T11:44:42.517+0000] {dag.py:3047} INFO - Sync 1 DAGs
[2026-06-02T11:44:42.528+0000] {logging_mixin.py:188} INFO - [2026-06-02T11:44:42.528+0000] {dag.py:3834} INFO - Setting next_dagrun for data_quality_check to None, run_after=None
[2026-06-02T11:44:42.555+0000] {processor.py:183} INFO - Processing /opt/airflow/dags/dag_2.py took 0.071 seconds
[2026-06-02T11:45:12.964+0000] {processor.py:161} INFO - Started process (PID=4900) to work on /opt/airflow/dags/dag_2.py
[2026-06-02T11:45:12.965+0000] {processor.py:830} INFO - Processing file /opt/airflow/dags/dag_2.py for tasks to queue
[2026-06-02T11:45:12.966+0000] {logging_mixin.py:188} INFO - [2026-06-02T11:45:12.965+0000] {dagbag.py:540} INFO - Filling up the DagBag from /opt/airflow/dags/dag_2.py
[2026-06-02T11:45:12.978+0000] {processor.py:840} INFO - DAG(s) 'data_quality_check' retrieved from /opt/airflow/dags/dag_2.py
[2026-06-02T11:45:12.996+0000] {logging_mixin.py:188} INFO - [2026-06-02T11:45:12.996+0000] {dag.py:3047} INFO - Sync 1 DAGs
[2026-06-02T11:45:13.008+0000] {logging_mixin.py:188} INFO - [2026-06-02T11:45:13.007+0000] {dag.py:3834} INFO - Setting next_dagrun for data_quality_check to None, run_after=None
[2026-06-02T11:45:13.035+0000] {processor.py:183} INFO - Processing /opt/airflow/dags/dag_2.py took 0.073 seconds
[2026-06-02T11:45:43.148+0000] {processor.py:161} INFO - Started process (PID=4910) to work on /opt/airflow/dags/dag_2.py
[2026-06-02T11:45:43.149+0000] {processor.py:830} INFO - Processing file /opt/airflow/dags/dag_2.py for tasks to queue
[2026-06-02T11:45:43.150+0000] {logging_mixin.py:188} INFO - [2026-06-02T11:45:43.149+0000] {dagbag.py:540} INFO - Filling up the DagBag from /opt/airflow/dags/dag_2.py
[2026-06-02T11:45:43.164+0000] {processor.py:840} INFO - DAG(s) 'data_quality_check' retrieved from /opt/airflow/dags/dag_2.py
[2026-06-02T11:45:43.182+0000] {logging_mixin.py:188} INFO - [2026-06-02T11:45:43.182+0000] {dag.py:3047} INFO - Sync 1 DAGs
[2026-06-02T11:45:43.194+0000] {logging_mixin.py:188} INFO - [2026-06-02T11:45:43.193+0000] {dag.py:3834} INFO - Setting next_dagrun for data_quality_check to None, run_after=None
[2026-06-02T11:45:43.213+0000] {processor.py:183} INFO - Processing /opt/airflow/dags/dag_2.py took 0.068 seconds
[2026-06-02T11:46:13.866+0000] {processor.py:161} INFO - Started process (PID=4920) to work on /opt/airflow/dags/dag_2.py
[2026-06-02T11:46:13.867+0000] {processor.py:830} INFO - Processing file /opt/airflow/dags/dag_2.py for tasks to queue
[2026-06-02T11:46:13.868+0000] {logging_mixin.py:188} INFO - [2026-06-02T11:46:13.867+0000] {dagbag.py:540} INFO - Filling up the DagBag from /opt/airflow/dags/dag_2.py
[2026-06-02T11:46:13.882+0000] {processor.py:840} INFO - DAG(s) 'data_quality_check' retrieved from /opt/airflow/dags/dag_2.py
[2026-06-02T11:46:13.900+0000] {logging_mixin.py:188} INFO - [2026-06-02T11:46:13.900+0000] {dag.py:3047} INFO - Sync 1 DAGs
[2026-06-02T11:46:13.911+0000] {logging_mixin.py:188} INFO - [2026-06-02T11:46:13.911+0000] {dag.py:3834} INFO - Setting next_dagrun for data_quality_check to None, run_after=None
[2026-06-02T11:46:13.938+0000] {processor.py:183} INFO - Processing /opt/airflow/dags/dag_2.py took 0.075 seconds
[2026-06-02T11:46:44.645+0000] {processor.py:161} INFO - Started process (PID=4930) to work on /opt/airflow/dags/dag_2.py
[2026-06-02T11:46:44.646+0000] {processor.py:830} INFO - Processing file /opt/airflow/dags/dag_2.py for tasks to queue
[2026-06-02T11:46:44.647+0000] {logging_mixin.py:188} INFO - [2026-06-02T11:46:44.646+0000] {dagbag.py:540} INFO - Filling up the DagBag from /opt/airflow/dags/dag_2.py
[2026-06-02T11:46:44.660+0000] {processor.py:840} INFO - DAG(s) 'data_quality_check' retrieved from /opt/airflow/dags/dag_2.py
[2026-06-02T11:46:44.676+0000] {logging_mixin.py:188} INFO - [2026-06-02T11:46:44.676+0000] {dag.py:3047} INFO - Sync 1 DAGs
[2026-06-02T11:46:44.686+0000] {logging_mixin.py:188} INFO - [2026-06-02T11:46:44.686+0000] {dag.py:3834} INFO - Setting next_dagrun for data_quality_check to None, run_after=None
[2026-06-02T11:46:44.707+0000] {processor.py:183} INFO - Processing /opt/airflow/dags/dag_2.py took 0.065 seconds
[2026-06-02T11:47:15.218+0000] {processor.py:161} INFO - Started process (PID=4940) to work on /opt/airflow/dags/dag_2.py
[2026-06-02T11:47:15.218+0000] {processor.py:830} INFO - Processing file /opt/airflow/dags/dag_2.py for tasks to queue
[2026-06-02T11:47:15.219+0000] {logging_mixin.py:188} INFO - [2026-06-02T11:47:15.219+0000] {dagbag.py:540} INFO - Filling up the DagBag from /opt/airflow/dags/dag_2.py
[2026-06-02T11:47:15.230+0000] {processor.py:840} INFO - DAG(s) 'data_quality_check' retrieved from /opt/airflow/dags/dag_2.py
[2026-06-02T11:47:15.246+0000] {logging_mixin.py:188} INFO - [2026-06-02T11:47:15.246+0000] {dag.py:3047} INFO - Sync 1 DAGs
[2026-06-02T11:47:15.256+0000] {logging_mixin.py:188} INFO - [2026-06-02T11:47:15.255+0000] {dag.py:3834} INFO - Setting next_dagrun for data_quality_check to None, run_after=None
[2026-06-02T11:47:15.277+0000] {processor.py:183} INFO - Processing /opt/airflow/dags/dag_2.py took 0.062 seconds
[2026-06-02T11:47:46.605+0000] {processor.py:161} INFO - Started process (PID=4950) to work on /opt/airflow/dags/dag_2.py
[2026-06-02T11:47:46.606+0000] {processor.py:830} INFO - Processing file /opt/airflow/dags/dag_2.py for tasks to queue
[2026-06-02T11:47:46.607+0000] {logging_mixin.py:188} INFO - [2026-06-02T11:47:46.607+0000] {dagbag.py:540} INFO - Filling up the DagBag from /opt/airflow/dags/dag_2.py
[2026-06-02T11:47:46.625+0000] {processor.py:840} INFO - DAG(s) 'data_quality_check' retrieved from /opt/airflow/dags/dag_2.py
[2026-06-02T11:47:46.650+0000] {logging_mixin.py:188} INFO - [2026-06-02T11:47:46.649+0000] {dag.py:3047} INFO - Sync 1 DAGs
[2026-06-02T11:47:46.675+0000] {logging_mixin.py:188} INFO - [2026-06-02T11:47:46.675+0000] {dag.py:3834} INFO - Setting next_dagrun for data_quality_check to None, run_after=None
[2026-06-02T11:47:46.714+0000] {processor.py:183} INFO - Processing /opt/airflow/dags/dag_2.py took 0.112 seconds
[2026-06-02T11:48:17.421+0000] {processor.py:161} INFO - Started process (PID=4960) to work on /opt/airflow/dags/dag_2.py
[2026-06-02T11:48:17.430+0000] {processor.py:830} INFO - Processing file /opt/airflow/dags/dag_2.py for tasks to queue
[2026-06-02T11:48:17.444+0000] {logging_mixin.py:188} INFO - [2026-06-02T11:48:17.443+0000] {dagbag.py:540} INFO - Filling up the DagBag from /opt/airflow/dags/dag_2.py
[2026-06-02T11:48:17.497+0000] {processor.py:840} INFO - DAG(s) 'data_quality_check' retrieved from /opt/airflow/dags/dag_2.py
[2026-06-02T11:48:17.565+0000] {logging_mixin.py:188} INFO - [2026-06-02T11:48:17.564+0000] {dag.py:3047} INFO - Sync 1 DAGs
[2026-06-02T11:48:17.599+0000] {logging_mixin.py:188} INFO - [2026-06-02T11:48:17.598+0000] {dag.py:3834} INFO - Setting next_dagrun for data_quality_check to None, run_after=None
[2026-06-02T11:48:17.767+0000] {processor.py:183} INFO - Processing /opt/airflow/dags/dag_2.py took 0.352 seconds
[2026-06-02T11:48:48.392+0000] {processor.py:161} INFO - Started process (PID=4970) to work on /opt/airflow/dags/dag_2.py
[2026-06-02T11:48:48.393+0000] {processor.py:830} INFO - Processing file /opt/airflow/dags/dag_2.py for tasks to queue
[2026-06-02T11:48:48.394+0000] {logging_mixin.py:188} INFO - [2026-06-02T11:48:48.394+0000] {dagbag.py:540} INFO - Filling up the DagBag from /opt/airflow/dags/dag_2.py
[2026-06-02T11:48:48.407+0000] {processor.py:840} INFO - DAG(s) 'data_quality_check' retrieved from /opt/airflow/dags/dag_2.py
[2026-06-02T11:48:48.424+0000] {logging_mixin.py:188} INFO - [2026-06-02T11:48:48.424+0000] {dag.py:3047} INFO - Sync 1 DAGs
[2026-06-02T11:48:48.436+0000] {logging_mixin.py:188} INFO - [2026-06-02T11:48:48.436+0000] {dag.py:3834} INFO - Setting next_dagrun for data_quality_check to None, run_after=None
[2026-06-02T11:48:48.465+0000] {processor.py:183} INFO - Processing /opt/airflow/dags/dag_2.py took 0.075 seconds
[2026-06-02T11:49:18.622+0000] {processor.py:161} INFO - Started process (PID=4980) to work on /opt/airflow/dags/dag_2.py
[2026-06-02T11:49:18.623+0000] {processor.py:830} INFO - Processing file /opt/airflow/dags/dag_2.py for tasks to queue
[2026-06-02T11:49:18.625+0000] {logging_mixin.py:188} INFO - [2026-06-02T11:49:18.624+0000] {dagbag.py:540} INFO - Filling up the DagBag from /opt/airflow/dags/dag_2.py
[2026-06-02T11:49:18.644+0000] {processor.py:840} INFO - DAG(s) 'data_quality_check' retrieved from /opt/airflow/dags/dag_2.py
[2026-06-02T11:49:18.667+0000] {logging_mixin.py:188} INFO - [2026-06-02T11:49:18.667+0000] {dag.py:3047} INFO - Sync 1 DAGs
[2026-06-02T11:49:18.680+0000] {logging_mixin.py:188} INFO - [2026-06-02T11:49:18.680+0000] {dag.py:3834} INFO - Setting next_dagrun for data_quality_check to None, run_after=None
[2026-06-02T11:49:18.703+0000] {processor.py:183} INFO - Processing /opt/airflow/dags/dag_2.py took 0.084 seconds
[2026-06-02T11:49:49.389+0000] {processor.py:161} INFO - Started process (PID=4990) to work on /opt/airflow/dags/dag_2.py
[2026-06-02T11:49:49.390+0000] {processor.py:830} INFO - Processing file /opt/airflow/dags/dag_2.py for tasks to queue
[2026-06-02T11:49:49.391+0000] {logging_mixin.py:188} INFO - [2026-06-02T11:49:49.391+0000] {dagbag.py:540} INFO - Filling up the DagBag from /opt/airflow/dags/dag_2.py
[2026-06-02T11:49:49.408+0000] {processor.py:840} INFO - DAG(s) 'data_quality_check' retrieved from /opt/airflow/dags/dag_2.py
[2026-06-02T11:49:49.427+0000] {logging_mixin.py:188} INFO - [2026-06-02T11:49:49.427+0000] {dag.py:3047} INFO - Sync 1 DAGs
[2026-06-02T11:49:49.439+0000] {logging_mixin.py:188} INFO - [2026-06-02T11:49:49.438+0000] {dag.py:3834} INFO - Setting next_dagrun for data_quality_check to None, run_after=None
[2026-06-02T11:49:49.457+0000] {processor.py:183} INFO - Processing /opt/airflow/dags/dag_2.py took 0.070 seconds
[2026-06-02T11:50:20.289+0000] {processor.py:161} INFO - Started process (PID=5000) to work on /opt/airflow/dags/dag_2.py
[2026-06-02T11:50:20.291+0000] {processor.py:830} INFO - Processing file /opt/airflow/dags/dag_2.py for tasks to queue
[2026-06-02T11:50:20.292+0000] {logging_mixin.py:188} INFO - [2026-06-02T11:50:20.291+0000] {dagbag.py:540} INFO - Filling up the DagBag from /opt/airflow/dags/dag_2.py
[2026-06-02T11:50:20.304+0000] {processor.py:840} INFO - DAG(s) 'data_quality_check' retrieved from /opt/airflow/dags/dag_2.py
[2026-06-02T11:50:20.320+0000] {logging_mixin.py:188} INFO - [2026-06-02T11:50:20.320+0000] {dag.py:3047} INFO - Sync 1 DAGs
[2026-06-02T11:50:20.330+0000] {logging_mixin.py:188} INFO - [2026-06-02T11:50:20.330+0000] {dag.py:3834} INFO - Setting next_dagrun for data_quality_check to None, run_after=None
[2026-06-02T11:50:20.351+0000] {processor.py:183} INFO - Processing /opt/airflow/dags/dag_2.py took 0.064 seconds
[2026-06-02T11:50:50.392+0000] {processor.py:161} INFO - Started process (PID=5010) to work on /opt/airflow/dags/dag_2.py
[2026-06-02T11:50:50.393+0000] {processor.py:830} INFO - Processing file /opt/airflow/dags/dag_2.py for tasks to queue
[2026-06-02T11:50:50.394+0000] {logging_mixin.py:188} INFO - [2026-06-02T11:50:50.394+0000] {dagbag.py:540} INFO - Filling up the DagBag from /opt/airflow/dags/dag_2.py
[2026-06-02T11:50:50.406+0000] {processor.py:840} INFO - DAG(s) 'data_quality_check' retrieved from /opt/airflow/dags/dag_2.py
[2026-06-02T11:50:50.423+0000] {logging_mixin.py:188} INFO - [2026-06-02T11:50:50.422+0000] {dag.py:3047} INFO - Sync 1 DAGs
[2026-06-02T11:50:50.434+0000] {logging_mixin.py:188} INFO - [2026-06-02T11:50:50.434+0000] {dag.py:3834} INFO - Setting next_dagrun for data_quality_check to None, run_after=None
[2026-06-02T11:50:50.459+0000] {processor.py:183} INFO - Processing /opt/airflow/dags/dag_2.py took 0.070 seconds
[2026-06-02T11:51:21.444+0000] {processor.py:161} INFO - Started process (PID=5020) to work on /opt/airflow/dags/dag_2.py
[2026-06-02T11:51:21.446+0000] {processor.py:830} INFO - Processing file /opt/airflow/dags/dag_2.py for tasks to queue
[2026-06-02T11:51:21.447+0000] {logging_mixin.py:188} INFO - [2026-06-02T11:51:21.446+0000] {dagbag.py:540} INFO - Filling up the DagBag from /opt/airflow/dags/dag_2.py
[2026-06-02T11:51:21.464+0000] {processor.py:840} INFO - DAG(s) 'data_quality_check' retrieved from /opt/airflow/dags/dag_2.py
[2026-06-02T11:51:21.486+0000] {logging_mixin.py:188} INFO - [2026-06-02T11:51:21.486+0000] {dag.py:3047} INFO - Sync 1 DAGs
[2026-06-02T11:51:21.503+0000] {logging_mixin.py:188} INFO - [2026-06-02T11:51:21.502+0000] {dag.py:3834} INFO - Setting next_dagrun for data_quality_check to None, run_after=None
[2026-06-02T11:51:21.523+0000] {processor.py:183} INFO - Processing /opt/airflow/dags/dag_2.py took 0.081 seconds
[2026-06-02T11:51:52.235+0000] {processor.py:161} INFO - Started process (PID=5030) to work on /opt/airflow/dags/dag_2.py
[2026-06-02T11:51:52.236+0000] {processor.py:830} INFO - Processing file /opt/airflow/dags/dag_2.py for tasks to queue
[2026-06-02T11:51:52.236+0000] {logging_mixin.py:188} INFO - [2026-06-02T11:51:52.236+0000] {dagbag.py:540} INFO - Filling up the DagBag from /opt/airflow/dags/dag_2.py
[2026-06-02T11:51:52.249+0000] {processor.py:840} INFO - DAG(s) 'data_quality_check' retrieved from /opt/airflow/dags/dag_2.py
[2026-06-02T11:51:52.265+0000] {logging_mixin.py:188} INFO - [2026-06-02T11:51:52.265+0000] {dag.py:3047} INFO - Sync 1 DAGs
[2026-06-02T11:51:52.278+0000] {logging_mixin.py:188} INFO - [2026-06-02T11:51:52.278+0000] {dag.py:3834} INFO - Setting next_dagrun for data_quality_check to None, run_after=None
[2026-06-02T11:51:52.300+0000] {processor.py:183} INFO - Processing /opt/airflow/dags/dag_2.py took 0.068 seconds
[2026-06-02T11:52:22.937+0000] {processor.py:161} INFO - Started process (PID=5040) to work on /opt/airflow/dags/dag_2.py
[2026-06-02T11:52:22.939+0000] {processor.py:830} INFO - Processing file /opt/airflow/dags/dag_2.py for tasks to queue
[2026-06-02T11:52:22.940+0000] {logging_mixin.py:188} INFO - [2026-06-02T11:52:22.940+0000] {dagbag.py:540} INFO - Filling up the DagBag from /opt/airflow/dags/dag_2.py
[2026-06-02T11:52:22.960+0000] {processor.py:840} INFO - DAG(s) 'data_quality_check' retrieved from /opt/airflow/dags/dag_2.py
[2026-06-02T11:52:22.984+0000] {logging_mixin.py:188} INFO - [2026-06-02T11:52:22.984+0000] {dag.py:3047} INFO - Sync 1 DAGs
[2026-06-02T11:52:22.996+0000] {logging_mixin.py:188} INFO - [2026-06-02T11:52:22.996+0000] {dag.py:3834} INFO - Setting next_dagrun for data_quality_check to None, run_after=None
[2026-06-02T11:52:23.023+0000] {processor.py:183} INFO - Processing /opt/airflow/dags/dag_2.py took 0.089 seconds
[2026-06-02T11:52:53.199+0000] {processor.py:161} INFO - Started process (PID=5050) to work on /opt/airflow/dags/dag_2.py
[2026-06-02T11:52:53.200+0000] {processor.py:830} INFO - Processing file /opt/airflow/dags/dag_2.py for tasks to queue
[2026-06-02T11:52:53.201+0000] {logging_mixin.py:188} INFO - [2026-06-02T11:52:53.200+0000] {dagbag.py:540} INFO - Filling up the DagBag from /opt/airflow/dags/dag_2.py
[2026-06-02T11:52:53.213+0000] {processor.py:840} INFO - DAG(s) 'data_quality_check' retrieved from /opt/airflow/dags/dag_2.py
[2026-06-02T11:52:53.229+0000] {logging_mixin.py:188} INFO - [2026-06-02T11:52:53.229+0000] {dag.py:3047} INFO - Sync 1 DAGs
[2026-06-02T11:52:53.239+0000] {logging_mixin.py:188} INFO - [2026-06-02T11:52:53.239+0000] {dag.py:3834} INFO - Setting next_dagrun for data_quality_check to None, run_after=None
[2026-06-02T11:52:53.264+0000] {processor.py:183} INFO - Processing /opt/airflow/dags/dag_2.py took 0.068 seconds
[2026-06-02T11:53:23.690+0000] {processor.py:161} INFO - Started process (PID=5060) to work on /opt/airflow/dags/dag_2.py
[2026-06-02T11:53:23.691+0000] {processor.py:830} INFO - Processing file /opt/airflow/dags/dag_2.py for tasks to queue
[2026-06-02T11:53:23.692+0000] {logging_mixin.py:188} INFO - [2026-06-02T11:53:23.692+0000] {dagbag.py:540} INFO - Filling up the DagBag from /opt/airflow/dags/dag_2.py
[2026-06-02T11:53:23.706+0000] {processor.py:840} INFO - DAG(s) 'data_quality_check' retrieved from /opt/airflow/dags/dag_2.py
[2026-06-02T11:53:23.726+0000] {logging_mixin.py:188} INFO - [2026-06-02T11:53:23.726+0000] {dag.py:3047} INFO - Sync 1 DAGs
[2026-06-02T11:53:23.739+0000] {logging_mixin.py:188} INFO - [2026-06-02T11:53:23.739+0000] {dag.py:3834} INFO - Setting next_dagrun for data_quality_check to None, run_after=None
[2026-06-02T11:53:23.760+0000] {processor.py:183} INFO - Processing /opt/airflow/dags/dag_2.py took 0.072 seconds
[2026-06-02T11:53:54.262+0000] {processor.py:161} INFO - Started process (PID=5070) to work on /opt/airflow/dags/dag_2.py
[2026-06-02T11:53:54.263+0000] {processor.py:830} INFO - Processing file /opt/airflow/dags/dag_2.py for tasks to queue
[2026-06-02T11:53:54.264+0000] {logging_mixin.py:188} INFO - [2026-06-02T11:53:54.264+0000] {dagbag.py:540} INFO - Filling up the DagBag from /opt/airflow/dags/dag_2.py
[2026-06-02T11:53:54.277+0000] {processor.py:840} INFO - DAG(s) 'data_quality_check' retrieved from /opt/airflow/dags/dag_2.py
[2026-06-02T11:53:54.294+0000] {logging_mixin.py:188} INFO - [2026-06-02T11:53:54.294+0000] {dag.py:3047} INFO - Sync 1 DAGs
[2026-06-02T11:53:54.305+0000] {logging_mixin.py:188} INFO - [2026-06-02T11:53:54.305+0000] {dag.py:3834} INFO - Setting next_dagrun for data_quality_check to None, run_after=None
[2026-06-02T11:53:54.335+0000] {processor.py:183} INFO - Processing /opt/airflow/dags/dag_2.py took 0.074 seconds
[2026-06-02T11:54:25.026+0000] {processor.py:161} INFO - Started process (PID=5080) to work on /opt/airflow/dags/dag_2.py
[2026-06-02T11:54:25.027+0000] {processor.py:830} INFO - Processing file /opt/airflow/dags/dag_2.py for tasks to queue
[2026-06-02T11:54:25.028+0000] {logging_mixin.py:188} INFO - [2026-06-02T11:54:25.027+0000] {dagbag.py:540} INFO - Filling up the DagBag from /opt/airflow/dags/dag_2.py
[2026-06-02T11:54:25.040+0000] {processor.py:840} INFO - DAG(s) 'data_quality_check' retrieved from /opt/airflow/dags/dag_2.py
[2026-06-02T11:54:25.056+0000] {logging_mixin.py:188} INFO - [2026-06-02T11:54:25.056+0000] {dag.py:3047} INFO - Sync 1 DAGs
[2026-06-02T11:54:25.066+0000] {logging_mixin.py:188} INFO - [2026-06-02T11:54:25.066+0000] {dag.py:3834} INFO - Setting next_dagrun for data_quality_check to None, run_after=None
[2026-06-02T11:54:25.086+0000] {processor.py:183} INFO - Processing /opt/airflow/dags/dag_2.py took 0.062 seconds
[2026-06-02T11:54:55.212+0000] {processor.py:161} INFO - Started process (PID=5090) to work on /opt/airflow/dags/dag_2.py
[2026-06-02T11:54:55.213+0000] {processor.py:830} INFO - Processing file /opt/airflow/dags/dag_2.py for tasks to queue
[2026-06-02T11:54:55.214+0000] {logging_mixin.py:188} INFO - [2026-06-02T11:54:55.213+0000] {dagbag.py:540} INFO - Filling up the DagBag from /opt/airflow/dags/dag_2.py
[2026-06-02T11:54:55.229+0000] {processor.py:840} INFO - DAG(s) 'data_quality_check' retrieved from /opt/airflow/dags/dag_2.py
[2026-06-02T11:54:55.248+0000] {logging_mixin.py:188} INFO - [2026-06-02T11:54:55.247+0000] {dag.py:3047} INFO - Sync 1 DAGs
[2026-06-02T11:54:55.258+0000] {logging_mixin.py:188} INFO - [2026-06-02T11:54:55.258+0000] {dag.py:3834} INFO - Setting next_dagrun for data_quality_check to None, run_after=None
[2026-06-02T11:54:55.280+0000] {processor.py:183} INFO - Processing /opt/airflow/dags/dag_2.py took 0.071 seconds
[2026-06-02T11:55:25.813+0000] {processor.py:161} INFO - Started process (PID=5100) to work on /opt/airflow/dags/dag_2.py
[2026-06-02T11:55:25.815+0000] {processor.py:830} INFO - Processing file /opt/airflow/dags/dag_2.py for tasks to queue
[2026-06-02T11:55:25.815+0000] {logging_mixin.py:188} INFO - [2026-06-02T11:55:25.815+0000] {dagbag.py:540} INFO - Filling up the DagBag from /opt/airflow/dags/dag_2.py
[2026-06-02T11:55:25.829+0000] {processor.py:840} INFO - DAG(s) 'data_quality_check' retrieved from /opt/airflow/dags/dag_2.py
[2026-06-02T11:55:25.846+0000] {logging_mixin.py:188} INFO - [2026-06-02T11:55:25.846+0000] {dag.py:3047} INFO - Sync 1 DAGs
[2026-06-02T11:55:25.857+0000] {logging_mixin.py:188} INFO - [2026-06-02T11:55:25.857+0000] {dag.py:3834} INFO - Setting next_dagrun for data_quality_check to None, run_after=None
[2026-06-02T11:55:25.883+0000] {processor.py:183} INFO - Processing /opt/airflow/dags/dag_2.py took 0.072 seconds
[2026-06-02T11:55:56.418+0000] {processor.py:161} INFO - Started process (PID=5110) to work on /opt/airflow/dags/dag_2.py
[2026-06-02T11:55:56.419+0000] {processor.py:830} INFO - Processing file /opt/airflow/dags/dag_2.py for tasks to queue
[2026-06-02T11:55:56.419+0000] {logging_mixin.py:188} INFO - [2026-06-02T11:55:56.419+0000] {dagbag.py:540} INFO - Filling up the DagBag from /opt/airflow/dags/dag_2.py
[2026-06-02T11:55:56.433+0000] {processor.py:840} INFO - DAG(s) 'data_quality_check' retrieved from /opt/airflow/dags/dag_2.py
[2026-06-02T11:55:56.451+0000] {logging_mixin.py:188} INFO - [2026-06-02T11:55:56.451+0000] {dag.py:3047} INFO - Sync 1 DAGs
[2026-06-02T11:55:56.462+0000] {logging_mixin.py:188} INFO - [2026-06-02T11:55:56.462+0000] {dag.py:3834} INFO - Setting next_dagrun for data_quality_check to None, run_after=None
[2026-06-02T11:55:56.479+0000] {processor.py:183} INFO - Processing /opt/airflow/dags/dag_2.py took 0.064 seconds
[2026-06-02T11:56:26.817+0000] {processor.py:161} INFO - Started process (PID=5120) to work on /opt/airflow/dags/dag_2.py
[2026-06-02T11:56:26.818+0000] {processor.py:830} INFO - Processing file /opt/airflow/dags/dag_2.py for tasks to queue
[2026-06-02T11:56:26.819+0000] {logging_mixin.py:188} INFO - [2026-06-02T11:56:26.819+0000] {dagbag.py:540} INFO - Filling up the DagBag from /opt/airflow/dags/dag_2.py
[2026-06-02T11:56:26.835+0000] {processor.py:840} INFO - DAG(s) 'data_quality_check' retrieved from /opt/airflow/dags/dag_2.py
[2026-06-02T11:56:26.852+0000] {logging_mixin.py:188} INFO - [2026-06-02T11:56:26.852+0000] {dag.py:3047} INFO - Sync 1 DAGs
[2026-06-02T11:56:26.863+0000] {logging_mixin.py:188} INFO - [2026-06-02T11:56:26.862+0000] {dag.py:3834} INFO - Setting next_dagrun for data_quality_check to None, run_after=None
[2026-06-02T11:56:26.889+0000] {processor.py:183} INFO - Processing /opt/airflow/dags/dag_2.py took 0.074 seconds
[2026-06-02T11:56:57.186+0000] {processor.py:161} INFO - Started process (PID=5130) to work on /opt/airflow/dags/dag_2.py
[2026-06-02T11:56:57.187+0000] {processor.py:830} INFO - Processing file /opt/airflow/dags/dag_2.py for tasks to queue
[2026-06-02T11:56:57.188+0000] {logging_mixin.py:188} INFO - [2026-06-02T11:56:57.188+0000] {dagbag.py:540} INFO - Filling up the DagBag from /opt/airflow/dags/dag_2.py
[2026-06-02T11:56:57.204+0000] {processor.py:840} INFO - DAG(s) 'data_quality_check' retrieved from /opt/airflow/dags/dag_2.py
[2026-06-02T11:56:57.221+0000] {logging_mixin.py:188} INFO - [2026-06-02T11:56:57.221+0000] {dag.py:3047} INFO - Sync 1 DAGs
[2026-06-02T11:56:57.232+0000] {logging_mixin.py:188} INFO - [2026-06-02T11:56:57.232+0000] {dag.py:3834} INFO - Setting next_dagrun for data_quality_check to None, run_after=None
[2026-06-02T11:56:57.259+0000] {processor.py:183} INFO - Processing /opt/airflow/dags/dag_2.py took 0.076 seconds
[2026-06-02T11:57:27.678+0000] {processor.py:161} INFO - Started process (PID=5150) to work on /opt/airflow/dags/dag_2.py
[2026-06-02T11:57:27.678+0000] {processor.py:830} INFO - Processing file /opt/airflow/dags/dag_2.py for tasks to queue
[2026-06-02T11:57:27.679+0000] {logging_mixin.py:188} INFO - [2026-06-02T11:57:27.679+0000] {dagbag.py:540} INFO - Filling up the DagBag from /opt/airflow/dags/dag_2.py
[2026-06-02T11:57:27.692+0000] {processor.py:840} INFO - DAG(s) 'data_quality_check' retrieved from /opt/airflow/dags/dag_2.py
[2026-06-02T11:57:27.711+0000] {logging_mixin.py:188} INFO - [2026-06-02T11:57:27.711+0000] {dag.py:3047} INFO - Sync 1 DAGs
[2026-06-02T11:57:27.723+0000] {logging_mixin.py:188} INFO - [2026-06-02T11:57:27.723+0000] {dag.py:3834} INFO - Setting next_dagrun for data_quality_check to None, run_after=None
[2026-06-02T11:57:27.753+0000] {processor.py:183} INFO - Processing /opt/airflow/dags/dag_2.py took 0.078 seconds
[2026-06-02T11:57:58.051+0000] {processor.py:161} INFO - Started process (PID=5166) to work on /opt/airflow/dags/dag_2.py
[2026-06-02T11:57:58.052+0000] {processor.py:830} INFO - Processing file /opt/airflow/dags/dag_2.py for tasks to queue
[2026-06-02T11:57:58.053+0000] {logging_mixin.py:188} INFO - [2026-06-02T11:57:58.053+0000] {dagbag.py:540} INFO - Filling up the DagBag from /opt/airflow/dags/dag_2.py
[2026-06-02T11:57:58.071+0000] {processor.py:840} INFO - DAG(s) 'data_quality_check' retrieved from /opt/airflow/dags/dag_2.py
[2026-06-02T11:57:58.094+0000] {logging_mixin.py:188} INFO - [2026-06-02T11:57:58.094+0000] {dag.py:3047} INFO - Sync 1 DAGs
[2026-06-02T11:57:58.110+0000] {logging_mixin.py:188} INFO - [2026-06-02T11:57:58.110+0000] {dag.py:3834} INFO - Setting next_dagrun for data_quality_check to None, run_after=None
[2026-06-02T11:57:58.133+0000] {processor.py:183} INFO - Processing /opt/airflow/dags/dag_2.py took 0.085 seconds
[2026-06-02T11:58:28.349+0000] {processor.py:161} INFO - Started process (PID=5182) to work on /opt/airflow/dags/dag_2.py
[2026-06-02T11:58:28.350+0000] {processor.py:830} INFO - Processing file /opt/airflow/dags/dag_2.py for tasks to queue
[2026-06-02T11:58:28.351+0000] {logging_mixin.py:188} INFO - [2026-06-02T11:58:28.351+0000] {dagbag.py:540} INFO - Filling up the DagBag from /opt/airflow/dags/dag_2.py
[2026-06-02T11:58:28.366+0000] {processor.py:840} INFO - DAG(s) 'data_quality_check' retrieved from /opt/airflow/dags/dag_2.py
[2026-06-02T11:58:28.396+0000] {logging_mixin.py:188} INFO - [2026-06-02T11:58:28.395+0000] {dag.py:3047} INFO - Sync 1 DAGs
[2026-06-02T11:58:28.414+0000] {logging_mixin.py:188} INFO - [2026-06-02T11:58:28.414+0000] {dag.py:3834} INFO - Setting next_dagrun for data_quality_check to None, run_after=None
[2026-06-02T11:58:28.454+0000] {processor.py:183} INFO - Processing /opt/airflow/dags/dag_2.py took 0.107 seconds
[2026-06-02T11:58:58.816+0000] {processor.py:161} INFO - Started process (PID=5192) to work on /opt/airflow/dags/dag_2.py
[2026-06-02T11:58:58.817+0000] {processor.py:830} INFO - Processing file /opt/airflow/dags/dag_2.py for tasks to queue
[2026-06-02T11:58:58.818+0000] {logging_mixin.py:188} INFO - [2026-06-02T11:58:58.817+0000] {dagbag.py:540} INFO - Filling up the DagBag from /opt/airflow/dags/dag_2.py
[2026-06-02T11:58:58.834+0000] {processor.py:840} INFO - DAG(s) 'data_quality_check' retrieved from /opt/airflow/dags/dag_2.py
[2026-06-02T11:58:58.850+0000] {logging_mixin.py:188} INFO - [2026-06-02T11:58:58.850+0000] {dag.py:3047} INFO - Sync 1 DAGs
[2026-06-02T11:58:58.861+0000] {logging_mixin.py:188} INFO - [2026-06-02T11:58:58.860+0000] {dag.py:3834} INFO - Setting next_dagrun for data_quality_check to None, run_after=None
[2026-06-02T11:58:58.880+0000] {processor.py:183} INFO - Processing /opt/airflow/dags/dag_2.py took 0.066 seconds
[2026-06-02T11:59:29.143+0000] {processor.py:161} INFO - Started process (PID=5202) to work on /opt/airflow/dags/dag_2.py
[2026-06-02T11:59:29.145+0000] {processor.py:830} INFO - Processing file /opt/airflow/dags/dag_2.py for tasks to queue
[2026-06-02T11:59:29.147+0000] {logging_mixin.py:188} INFO - [2026-06-02T11:59:29.146+0000] {dagbag.py:540} INFO - Filling up the DagBag from /opt/airflow/dags/dag_2.py
[2026-06-02T11:59:29.166+0000] {processor.py:840} INFO - DAG(s) 'data_quality_check' retrieved from /opt/airflow/dags/dag_2.py
[2026-06-02T11:59:29.195+0000] {logging_mixin.py:188} INFO - [2026-06-02T11:59:29.195+0000] {dag.py:3047} INFO - Sync 1 DAGs
[2026-06-02T11:59:29.218+0000] {logging_mixin.py:188} INFO - [2026-06-02T11:59:29.218+0000] {dag.py:3834} INFO - Setting next_dagrun for data_quality_check to None, run_after=None
[2026-06-02T11:59:29.246+0000] {processor.py:183} INFO - Processing /opt/airflow/dags/dag_2.py took 0.106 seconds
[2026-06-02T11:59:59.522+0000] {processor.py:161} INFO - Started process (PID=5212) to work on /opt/airflow/dags/dag_2.py
[2026-06-02T11:59:59.523+0000] {processor.py:830} INFO - Processing file /opt/airflow/dags/dag_2.py for tasks to queue
[2026-06-02T11:59:59.524+0000] {logging_mixin.py:188} INFO - [2026-06-02T11:59:59.524+0000] {dagbag.py:540} INFO - Filling up the DagBag from /opt/airflow/dags/dag_2.py
[2026-06-02T11:59:59.537+0000] {processor.py:840} INFO - DAG(s) 'data_quality_check' retrieved from /opt/airflow/dags/dag_2.py
[2026-06-02T11:59:59.555+0000] {logging_mixin.py:188} INFO - [2026-06-02T11:59:59.554+0000] {dag.py:3047} INFO - Sync 1 DAGs
[2026-06-02T11:59:59.565+0000] {logging_mixin.py:188} INFO - [2026-06-02T11:59:59.565+0000] {dag.py:3834} INFO - Setting next_dagrun for data_quality_check to None, run_after=None
[2026-06-02T11:59:59.582+0000] {processor.py:183} INFO - Processing /opt/airflow/dags/dag_2.py took 0.062 seconds
[2026-06-02T12:00:29.970+0000] {processor.py:161} INFO - Started process (PID=5228) to work on /opt/airflow/dags/dag_2.py
[2026-06-02T12:00:29.971+0000] {processor.py:830} INFO - Processing file /opt/airflow/dags/dag_2.py for tasks to queue
[2026-06-02T12:00:29.972+0000] {logging_mixin.py:188} INFO - [2026-06-02T12:00:29.972+0000] {dagbag.py:540} INFO - Filling up the DagBag from /opt/airflow/dags/dag_2.py
[2026-06-02T12:00:29.989+0000] {processor.py:840} INFO - DAG(s) 'data_quality_check' retrieved from /opt/airflow/dags/dag_2.py
[2026-06-02T12:00:30.010+0000] {logging_mixin.py:188} INFO - [2026-06-02T12:00:30.009+0000] {dag.py:3047} INFO - Sync 1 DAGs
[2026-06-02T12:00:30.023+0000] {logging_mixin.py:188} INFO - [2026-06-02T12:00:30.023+0000] {dag.py:3834} INFO - Setting next_dagrun for data_quality_check to None, run_after=None
[2026-06-02T12:00:30.054+0000] {processor.py:183} INFO - Processing /opt/airflow/dags/dag_2.py took 0.087 seconds
[2026-06-02T12:01:00.292+0000] {processor.py:161} INFO - Started process (PID=5238) to work on /opt/airflow/dags/dag_2.py
[2026-06-02T12:01:00.293+0000] {processor.py:830} INFO - Processing file /opt/airflow/dags/dag_2.py for tasks to queue
[2026-06-02T12:01:00.294+0000] {logging_mixin.py:188} INFO - [2026-06-02T12:01:00.294+0000] {dagbag.py:540} INFO - Filling up the DagBag from /opt/airflow/dags/dag_2.py
[2026-06-02T12:01:00.307+0000] {processor.py:840} INFO - DAG(s) 'data_quality_check' retrieved from /opt/airflow/dags/dag_2.py
[2026-06-02T12:01:00.324+0000] {logging_mixin.py:188} INFO - [2026-06-02T12:01:00.324+0000] {dag.py:3047} INFO - Sync 1 DAGs
[2026-06-02T12:01:00.335+0000] {logging_mixin.py:188} INFO - [2026-06-02T12:01:00.335+0000] {dag.py:3834} INFO - Setting next_dagrun for data_quality_check to None, run_after=None
[2026-06-02T12:01:00.355+0000] {processor.py:183} INFO - Processing /opt/airflow/dags/dag_2.py took 0.066 seconds
[2026-06-02T12:01:30.531+0000] {processor.py:161} INFO - Started process (PID=5248) to work on /opt/airflow/dags/dag_2.py
[2026-06-02T12:01:30.532+0000] {processor.py:830} INFO - Processing file /opt/airflow/dags/dag_2.py for tasks to queue
[2026-06-02T12:01:30.533+0000] {logging_mixin.py:188} INFO - [2026-06-02T12:01:30.533+0000] {dagbag.py:540} INFO - Filling up the DagBag from /opt/airflow/dags/dag_2.py
[2026-06-02T12:01:30.548+0000] {processor.py:840} INFO - DAG(s) 'data_quality_check' retrieved from /opt/airflow/dags/dag_2.py
[2026-06-02T12:01:30.572+0000] {logging_mixin.py:188} INFO - [2026-06-02T12:01:30.571+0000] {dag.py:3047} INFO - Sync 1 DAGs
[2026-06-02T12:01:30.588+0000] {logging_mixin.py:188} INFO - [2026-06-02T12:01:30.588+0000] {dag.py:3834} INFO - Setting next_dagrun for data_quality_check to None, run_after=None
[2026-06-02T12:01:30.615+0000] {processor.py:183} INFO - Processing /opt/airflow/dags/dag_2.py took 0.087 seconds
[2026-06-02T12:02:00.921+0000] {processor.py:161} INFO - Started process (PID=5258) to work on /opt/airflow/dags/dag_2.py
[2026-06-02T12:02:00.922+0000] {processor.py:830} INFO - Processing file /opt/airflow/dags/dag_2.py for tasks to queue
[2026-06-02T12:02:00.923+0000] {logging_mixin.py:188} INFO - [2026-06-02T12:02:00.923+0000] {dagbag.py:540} INFO - Filling up the DagBag from /opt/airflow/dags/dag_2.py
[2026-06-02T12:02:00.936+0000] {processor.py:840} INFO - DAG(s) 'data_quality_check' retrieved from /opt/airflow/dags/dag_2.py
[2026-06-02T12:02:00.953+0000] {logging_mixin.py:188} INFO - [2026-06-02T12:02:00.953+0000] {dag.py:3047} INFO - Sync 1 DAGs
[2026-06-02T12:02:00.964+0000] {logging_mixin.py:188} INFO - [2026-06-02T12:02:00.964+0000] {dag.py:3834} INFO - Setting next_dagrun for data_quality_check to None, run_after=None
[2026-06-02T12:02:00.985+0000] {processor.py:183} INFO - Processing /opt/airflow/dags/dag_2.py took 0.065 seconds
[2026-06-02T12:02:31.303+0000] {processor.py:161} INFO - Started process (PID=5268) to work on /opt/airflow/dags/dag_2.py
[2026-06-02T12:02:31.304+0000] {processor.py:830} INFO - Processing file /opt/airflow/dags/dag_2.py for tasks to queue
[2026-06-02T12:02:31.304+0000] {logging_mixin.py:188} INFO - [2026-06-02T12:02:31.304+0000] {dagbag.py:540} INFO - Filling up the DagBag from /opt/airflow/dags/dag_2.py
[2026-06-02T12:02:31.317+0000] {processor.py:840} INFO - DAG(s) 'data_quality_check' retrieved from /opt/airflow/dags/dag_2.py
[2026-06-02T12:02:31.334+0000] {logging_mixin.py:188} INFO - [2026-06-02T12:02:31.334+0000] {dag.py:3047} INFO - Sync 1 DAGs
[2026-06-02T12:02:31.346+0000] {logging_mixin.py:188} INFO - [2026-06-02T12:02:31.346+0000] {dag.py:3834} INFO - Setting next_dagrun for data_quality_check to None, run_after=None
[2026-06-02T12:02:31.365+0000] {processor.py:183} INFO - Processing /opt/airflow/dags/dag_2.py took 0.066 seconds
[2026-06-02T12:03:01.851+0000] {processor.py:161} INFO - Started process (PID=5278) to work on /opt/airflow/dags/dag_2.py
[2026-06-02T12:03:01.852+0000] {processor.py:830} INFO - Processing file /opt/airflow/dags/dag_2.py for tasks to queue
[2026-06-02T12:03:01.854+0000] {logging_mixin.py:188} INFO - [2026-06-02T12:03:01.853+0000] {dagbag.py:540} INFO - Filling up the DagBag from /opt/airflow/dags/dag_2.py
[2026-06-02T12:03:01.891+0000] {processor.py:840} INFO - DAG(s) 'data_quality_check' retrieved from /opt/airflow/dags/dag_2.py
[2026-06-02T12:03:01.933+0000] {logging_mixin.py:188} INFO - [2026-06-02T12:03:01.933+0000] {dag.py:3047} INFO - Sync 1 DAGs
[2026-06-02T12:03:01.956+0000] {logging_mixin.py:188} INFO - [2026-06-02T12:03:01.956+0000] {dag.py:3834} INFO - Setting next_dagrun for data_quality_check to None, run_after=None
[2026-06-02T12:03:01.999+0000] {processor.py:183} INFO - Processing /opt/airflow/dags/dag_2.py took 0.152 seconds
[2026-06-02T12:03:32.081+0000] {processor.py:161} INFO - Started process (PID=5288) to work on /opt/airflow/dags/dag_2.py
[2026-06-02T12:03:32.082+0000] {processor.py:830} INFO - Processing file /opt/airflow/dags/dag_2.py for tasks to queue
[2026-06-02T12:03:32.083+0000] {logging_mixin.py:188} INFO - [2026-06-02T12:03:32.083+0000] {dagbag.py:540} INFO - Filling up the DagBag from /opt/airflow/dags/dag_2.py
[2026-06-02T12:03:32.096+0000] {processor.py:840} INFO - DAG(s) 'data_quality_check' retrieved from /opt/airflow/dags/dag_2.py
[2026-06-02T12:03:32.114+0000] {logging_mixin.py:188} INFO - [2026-06-02T12:03:32.114+0000] {dag.py:3047} INFO - Sync 1 DAGs
[2026-06-02T12:03:32.125+0000] {logging_mixin.py:188} INFO - [2026-06-02T12:03:32.125+0000] {dag.py:3834} INFO - Setting next_dagrun for data_quality_check to None, run_after=None
[2026-06-02T12:03:32.142+0000] {processor.py:183} INFO - Processing /opt/airflow/dags/dag_2.py took 0.064 seconds
[2026-06-02T12:03:35.222+0000] {processor.py:161} INFO - Started process (PID=5293) to work on /opt/airflow/dags/dag_2.py
[2026-06-02T12:03:35.225+0000] {processor.py:830} INFO - Processing file /opt/airflow/dags/dag_2.py for tasks to queue
[2026-06-02T12:03:35.226+0000] {logging_mixin.py:188} INFO - [2026-06-02T12:03:35.226+0000] {dagbag.py:540} INFO - Filling up the DagBag from /opt/airflow/dags/dag_2.py
[2026-06-02T12:03:35.257+0000] {processor.py:840} INFO - DAG(s) 'data_quality_check' retrieved from /opt/airflow/dags/dag_2.py
[2026-06-02T12:03:35.291+0000] {logging_mixin.py:188} INFO - [2026-06-02T12:03:35.291+0000] {dag.py:3047} INFO - Sync 1 DAGs
[2026-06-02T12:03:35.315+0000] {logging_mixin.py:188} INFO - [2026-06-02T12:03:35.314+0000] {dag.py:3834} INFO - Setting next_dagrun for data_quality_check to None, run_after=None
[2026-06-02T12:03:35.363+0000] {processor.py:183} INFO - Processing /opt/airflow/dags/dag_2.py took 0.145 seconds
[2026-06-02T12:04:05.616+0000] {processor.py:161} INFO - Started process (PID=5303) to work on /opt/airflow/dags/dag_2.py
[2026-06-02T12:04:05.617+0000] {processor.py:830} INFO - Processing file /opt/airflow/dags/dag_2.py for tasks to queue
[2026-06-02T12:04:05.619+0000] {logging_mixin.py:188} INFO - [2026-06-02T12:04:05.618+0000] {dagbag.py:540} INFO - Filling up the DagBag from /opt/airflow/dags/dag_2.py
[2026-06-02T12:04:05.636+0000] {processor.py:840} INFO - DAG(s) 'data_quality_check' retrieved from /opt/airflow/dags/dag_2.py
[2026-06-02T12:04:05.662+0000] {logging_mixin.py:188} INFO - [2026-06-02T12:04:05.661+0000] {dag.py:3047} INFO - Sync 1 DAGs
[2026-06-02T12:04:05.680+0000] {logging_mixin.py:188} INFO - [2026-06-02T12:04:05.680+0000] {dag.py:3834} INFO - Setting next_dagrun for data_quality_check to None, run_after=None
[2026-06-02T12:04:05.705+0000] {processor.py:183} INFO - Processing /opt/airflow/dags/dag_2.py took 0.093 seconds
[2026-06-02T12:04:36.040+0000] {processor.py:161} INFO - Started process (PID=5313) to work on /opt/airflow/dags/dag_2.py
[2026-06-02T12:04:36.041+0000] {processor.py:830} INFO - Processing file /opt/airflow/dags/dag_2.py for tasks to queue
[2026-06-02T12:04:36.043+0000] {logging_mixin.py:188} INFO - [2026-06-02T12:04:36.042+0000] {dagbag.py:540} INFO - Filling up the DagBag from /opt/airflow/dags/dag_2.py
[2026-06-02T12:04:36.060+0000] {processor.py:840} INFO - DAG(s) 'data_quality_check' retrieved from /opt/airflow/dags/dag_2.py
[2026-06-02T12:04:36.083+0000] {logging_mixin.py:188} INFO - [2026-06-02T12:04:36.083+0000] {dag.py:3047} INFO - Sync 1 DAGs
[2026-06-02T12:04:36.098+0000] {logging_mixin.py:188} INFO - [2026-06-02T12:04:36.098+0000] {dag.py:3834} INFO - Setting next_dagrun for data_quality_check to None, run_after=None
[2026-06-02T12:04:36.134+0000] {processor.py:183} INFO - Processing /opt/airflow/dags/dag_2.py took 0.097 seconds
[2026-06-02T12:05:06.414+0000] {processor.py:161} INFO - Started process (PID=5323) to work on /opt/airflow/dags/dag_2.py
[2026-06-02T12:05:06.415+0000] {processor.py:830} INFO - Processing file /opt/airflow/dags/dag_2.py for tasks to queue
[2026-06-02T12:05:06.416+0000] {logging_mixin.py:188} INFO - [2026-06-02T12:05:06.416+0000] {dagbag.py:540} INFO - Filling up the DagBag from /opt/airflow/dags/dag_2.py
[2026-06-02T12:05:06.428+0000] {processor.py:840} INFO - DAG(s) 'data_quality_check' retrieved from /opt/airflow/dags/dag_2.py
[2026-06-02T12:05:06.445+0000] {logging_mixin.py:188} INFO - [2026-06-02T12:05:06.445+0000] {dag.py:3047} INFO - Sync 1 DAGs
[2026-06-02T12:05:06.458+0000] {logging_mixin.py:188} INFO - [2026-06-02T12:05:06.457+0000] {dag.py:3834} INFO - Setting next_dagrun for data_quality_check to None, run_after=None
[2026-06-02T12:05:06.477+0000] {processor.py:183} INFO - Processing /opt/airflow/dags/dag_2.py took 0.066 seconds
[2026-06-02T12:05:36.886+0000] {processor.py:161} INFO - Started process (PID=5333) to work on /opt/airflow/dags/dag_2.py
[2026-06-02T12:05:36.887+0000] {processor.py:830} INFO - Processing file /opt/airflow/dags/dag_2.py for tasks to queue
[2026-06-02T12:05:36.888+0000] {logging_mixin.py:188} INFO - [2026-06-02T12:05:36.888+0000] {dagbag.py:540} INFO - Filling up the DagBag from /opt/airflow/dags/dag_2.py
[2026-06-02T12:05:36.903+0000] {processor.py:840} INFO - DAG(s) 'data_quality_check' retrieved from /opt/airflow/dags/dag_2.py
[2026-06-02T12:05:36.919+0000] {logging_mixin.py:188} INFO - [2026-06-02T12:05:36.919+0000] {dag.py:3047} INFO - Sync 1 DAGs
[2026-06-02T12:05:36.930+0000] {logging_mixin.py:188} INFO - [2026-06-02T12:05:36.930+0000] {dag.py:3834} INFO - Setting next_dagrun for data_quality_check to None, run_after=None
[2026-06-02T12:05:36.956+0000] {processor.py:183} INFO - Processing /opt/airflow/dags/dag_2.py took 0.073 seconds
[2026-06-02T12:06:07.341+0000] {processor.py:161} INFO - Started process (PID=5343) to work on /opt/airflow/dags/dag_2.py
[2026-06-02T12:06:07.342+0000] {processor.py:830} INFO - Processing file /opt/airflow/dags/dag_2.py for tasks to queue
[2026-06-02T12:06:07.343+0000] {logging_mixin.py:188} INFO - [2026-06-02T12:06:07.342+0000] {dagbag.py:540} INFO - Filling up the DagBag from /opt/airflow/dags/dag_2.py
[2026-06-02T12:06:07.359+0000] {processor.py:840} INFO - DAG(s) 'data_quality_check' retrieved from /opt/airflow/dags/dag_2.py
[2026-06-02T12:06:07.377+0000] {logging_mixin.py:188} INFO - [2026-06-02T12:06:07.377+0000] {dag.py:3047} INFO - Sync 1 DAGs
[2026-06-02T12:06:07.390+0000] {logging_mixin.py:188} INFO - [2026-06-02T12:06:07.390+0000] {dag.py:3834} INFO - Setting next_dagrun for data_quality_check to None, run_after=None
[2026-06-02T12:06:07.419+0000] {processor.py:183} INFO - Processing /opt/airflow/dags/dag_2.py took 0.081 seconds
[2026-06-02T12:06:37.837+0000] {processor.py:161} INFO - Started process (PID=5358) to work on /opt/airflow/dags/dag_2.py
[2026-06-02T12:06:37.838+0000] {processor.py:830} INFO - Processing file /opt/airflow/dags/dag_2.py for tasks to queue
[2026-06-02T12:06:37.840+0000] {logging_mixin.py:188} INFO - [2026-06-02T12:06:37.839+0000] {dagbag.py:540} INFO - Filling up the DagBag from /opt/airflow/dags/dag_2.py
[2026-06-02T12:06:37.856+0000] {processor.py:840} INFO - DAG(s) 'data_quality_check' retrieved from /opt/airflow/dags/dag_2.py
[2026-06-02T12:06:37.872+0000] {logging_mixin.py:188} INFO - [2026-06-02T12:06:37.872+0000] {dag.py:3047} INFO - Sync 1 DAGs
[2026-06-02T12:06:37.882+0000] {logging_mixin.py:188} INFO - [2026-06-02T12:06:37.882+0000] {dag.py:3834} INFO - Setting next_dagrun for data_quality_check to None, run_after=None
[2026-06-02T12:06:37.901+0000] {processor.py:183} INFO - Processing /opt/airflow/dags/dag_2.py took 0.068 seconds
[2026-06-02T12:07:08.162+0000] {processor.py:161} INFO - Started process (PID=5368) to work on /opt/airflow/dags/dag_2.py
[2026-06-02T12:07:08.163+0000] {processor.py:830} INFO - Processing file /opt/airflow/dags/dag_2.py for tasks to queue
[2026-06-02T12:07:08.164+0000] {logging_mixin.py:188} INFO - [2026-06-02T12:07:08.164+0000] {dagbag.py:540} INFO - Filling up the DagBag from /opt/airflow/dags/dag_2.py
[2026-06-02T12:07:08.176+0000] {processor.py:840} INFO - DAG(s) 'data_quality_check' retrieved from /opt/airflow/dags/dag_2.py
[2026-06-02T12:07:08.193+0000] {logging_mixin.py:188} INFO - [2026-06-02T12:07:08.193+0000] {dag.py:3047} INFO - Sync 1 DAGs
[2026-06-02T12:07:08.205+0000] {logging_mixin.py:188} INFO - [2026-06-02T12:07:08.204+0000] {dag.py:3834} INFO - Setting next_dagrun for data_quality_check to None, run_after=None
[2026-06-02T12:07:08.224+0000] {processor.py:183} INFO - Processing /opt/airflow/dags/dag_2.py took 0.064 seconds
[2026-06-02T12:07:38.618+0000] {processor.py:161} INFO - Started process (PID=5378) to work on /opt/airflow/dags/dag_2.py
[2026-06-02T12:07:38.619+0000] {processor.py:830} INFO - Processing file /opt/airflow/dags/dag_2.py for tasks to queue
[2026-06-02T12:07:38.620+0000] {logging_mixin.py:188} INFO - [2026-06-02T12:07:38.620+0000] {dagbag.py:540} INFO - Filling up the DagBag from /opt/airflow/dags/dag_2.py
[2026-06-02T12:07:38.635+0000] {processor.py:840} INFO - DAG(s) 'data_quality_check' retrieved from /opt/airflow/dags/dag_2.py
[2026-06-02T12:07:38.655+0000] {logging_mixin.py:188} INFO - [2026-06-02T12:07:38.654+0000] {dag.py:3047} INFO - Sync 1 DAGs
[2026-06-02T12:07:38.667+0000] {logging_mixin.py:188} INFO - [2026-06-02T12:07:38.667+0000] {dag.py:3834} INFO - Setting next_dagrun for data_quality_check to None, run_after=None
[2026-06-02T12:07:38.690+0000] {processor.py:183} INFO - Processing /opt/airflow/dags/dag_2.py took 0.075 seconds
[2026-06-02T12:08:08.961+0000] {processor.py:161} INFO - Started process (PID=5388) to work on /opt/airflow/dags/dag_2.py
[2026-06-02T12:08:08.962+0000] {processor.py:830} INFO - Processing file /opt/airflow/dags/dag_2.py for tasks to queue
[2026-06-02T12:08:08.963+0000] {logging_mixin.py:188} INFO - [2026-06-02T12:08:08.962+0000] {dagbag.py:540} INFO - Filling up the DagBag from /opt/airflow/dags/dag_2.py
[2026-06-02T12:08:08.976+0000] {processor.py:840} INFO - DAG(s) 'data_quality_check' retrieved from /opt/airflow/dags/dag_2.py
[2026-06-02T12:08:08.996+0000] {logging_mixin.py:188} INFO - [2026-06-02T12:08:08.996+0000] {dag.py:3047} INFO - Sync 1 DAGs
[2026-06-02T12:08:09.010+0000] {logging_mixin.py:188} INFO - [2026-06-02T12:08:09.010+0000] {dag.py:3834} INFO - Setting next_dagrun for data_quality_check to None, run_after=None
[2026-06-02T12:08:09.032+0000] {processor.py:183} INFO - Processing /opt/airflow/dags/dag_2.py took 0.075 seconds
[2026-06-02T12:08:39.430+0000] {processor.py:161} INFO - Started process (PID=5398) to work on /opt/airflow/dags/dag_2.py
[2026-06-02T12:08:39.431+0000] {processor.py:830} INFO - Processing file /opt/airflow/dags/dag_2.py for tasks to queue
[2026-06-02T12:08:39.432+0000] {logging_mixin.py:188} INFO - [2026-06-02T12:08:39.431+0000] {dagbag.py:540} INFO - Filling up the DagBag from /opt/airflow/dags/dag_2.py
[2026-06-02T12:08:39.443+0000] {processor.py:840} INFO - DAG(s) 'data_quality_check' retrieved from /opt/airflow/dags/dag_2.py
[2026-06-02T12:08:39.459+0000] {logging_mixin.py:188} INFO - [2026-06-02T12:08:39.459+0000] {dag.py:3047} INFO - Sync 1 DAGs
[2026-06-02T12:08:39.469+0000] {logging_mixin.py:188} INFO - [2026-06-02T12:08:39.469+0000] {dag.py:3834} INFO - Setting next_dagrun for data_quality_check to None, run_after=None
[2026-06-02T12:08:39.497+0000] {processor.py:183} INFO - Processing /opt/airflow/dags/dag_2.py took 0.069 seconds
[2026-06-02T12:09:09.844+0000] {processor.py:161} INFO - Started process (PID=5408) to work on /opt/airflow/dags/dag_2.py
[2026-06-02T12:09:09.845+0000] {processor.py:830} INFO - Processing file /opt/airflow/dags/dag_2.py for tasks to queue
[2026-06-02T12:09:09.846+0000] {logging_mixin.py:188} INFO - [2026-06-02T12:09:09.846+0000] {dagbag.py:540} INFO - Filling up the DagBag from /opt/airflow/dags/dag_2.py
[2026-06-02T12:09:09.858+0000] {processor.py:840} INFO - DAG(s) 'data_quality_check' retrieved from /opt/airflow/dags/dag_2.py
[2026-06-02T12:09:09.876+0000] {logging_mixin.py:188} INFO - [2026-06-02T12:09:09.876+0000] {dag.py:3047} INFO - Sync 1 DAGs
[2026-06-02T12:09:09.886+0000] {logging_mixin.py:188} INFO - [2026-06-02T12:09:09.886+0000] {dag.py:3834} INFO - Setting next_dagrun for data_quality_check to None, run_after=None
[2026-06-02T12:09:09.911+0000] {processor.py:183} INFO - Processing /opt/airflow/dags/dag_2.py took 0.070 seconds
[2026-06-02T12:09:40.253+0000] {processor.py:161} INFO - Started process (PID=5418) to work on /opt/airflow/dags/dag_2.py
[2026-06-02T12:09:40.254+0000] {processor.py:830} INFO - Processing file /opt/airflow/dags/dag_2.py for tasks to queue
[2026-06-02T12:09:40.255+0000] {logging_mixin.py:188} INFO - [2026-06-02T12:09:40.254+0000] {dagbag.py:540} INFO - Filling up the DagBag from /opt/airflow/dags/dag_2.py
[2026-06-02T12:09:40.266+0000] {processor.py:840} INFO - DAG(s) 'data_quality_check' retrieved from /opt/airflow/dags/dag_2.py
[2026-06-02T12:09:40.284+0000] {logging_mixin.py:188} INFO - [2026-06-02T12:09:40.284+0000] {dag.py:3047} INFO - Sync 1 DAGs
[2026-06-02T12:09:40.294+0000] {logging_mixin.py:188} INFO - [2026-06-02T12:09:40.294+0000] {dag.py:3834} INFO - Setting next_dagrun for data_quality_check to None, run_after=None
[2026-06-02T12:09:40.311+0000] {processor.py:183} INFO - Processing /opt/airflow/dags/dag_2.py took 0.061 seconds
[2026-06-02T12:10:10.806+0000] {processor.py:161} INFO - Started process (PID=5428) to work on /opt/airflow/dags/dag_2.py
[2026-06-02T12:10:10.807+0000] {processor.py:830} INFO - Processing file /opt/airflow/dags/dag_2.py for tasks to queue
[2026-06-02T12:10:10.808+0000] {logging_mixin.py:188} INFO - [2026-06-02T12:10:10.807+0000] {dagbag.py:540} INFO - Filling up the DagBag from /opt/airflow/dags/dag_2.py
[2026-06-02T12:10:10.824+0000] {processor.py:840} INFO - DAG(s) 'data_quality_check' retrieved from /opt/airflow/dags/dag_2.py
[2026-06-02T12:10:10.840+0000] {logging_mixin.py:188} INFO - [2026-06-02T12:10:10.839+0000] {dag.py:3047} INFO - Sync 1 DAGs
[2026-06-02T12:10:10.851+0000] {logging_mixin.py:188} INFO - [2026-06-02T12:10:10.851+0000] {dag.py:3834} INFO - Setting next_dagrun for data_quality_check to None, run_after=None
[2026-06-02T12:10:10.874+0000] {processor.py:183} INFO - Processing /opt/airflow/dags/dag_2.py took 0.071 seconds
[2026-06-02T12:10:41.151+0000] {processor.py:161} INFO - Started process (PID=5438) to work on /opt/airflow/dags/dag_2.py
[2026-06-02T12:10:41.152+0000] {processor.py:830} INFO - Processing file /opt/airflow/dags/dag_2.py for tasks to queue
[2026-06-02T12:10:41.153+0000] {logging_mixin.py:188} INFO - [2026-06-02T12:10:41.152+0000] {dagbag.py:540} INFO - Filling up the DagBag from /opt/airflow/dags/dag_2.py
[2026-06-02T12:10:41.165+0000] {processor.py:840} INFO - DAG(s) 'data_quality_check' retrieved from /opt/airflow/dags/dag_2.py
[2026-06-02T12:10:41.182+0000] {logging_mixin.py:188} INFO - [2026-06-02T12:10:41.182+0000] {dag.py:3047} INFO - Sync 1 DAGs
[2026-06-02T12:10:41.192+0000] {logging_mixin.py:188} INFO - [2026-06-02T12:10:41.191+0000] {dag.py:3834} INFO - Setting next_dagrun for data_quality_check to None, run_after=None
[2026-06-02T12:10:41.218+0000] {processor.py:183} INFO - Processing /opt/airflow/dags/dag_2.py took 0.069 seconds
[2026-06-02T12:11:11.587+0000] {processor.py:161} INFO - Started process (PID=5448) to work on /opt/airflow/dags/dag_2.py
[2026-06-02T12:11:11.588+0000] {processor.py:830} INFO - Processing file /opt/airflow/dags/dag_2.py for tasks to queue
[2026-06-02T12:11:11.589+0000] {logging_mixin.py:188} INFO - [2026-06-02T12:11:11.589+0000] {dagbag.py:540} INFO - Filling up the DagBag from /opt/airflow/dags/dag_2.py
[2026-06-02T12:11:11.604+0000] {processor.py:840} INFO - DAG(s) 'data_quality_check' retrieved from /opt/airflow/dags/dag_2.py
[2026-06-02T12:11:11.623+0000] {logging_mixin.py:188} INFO - [2026-06-02T12:11:11.623+0000] {dag.py:3047} INFO - Sync 1 DAGs
[2026-06-02T12:11:11.636+0000] {logging_mixin.py:188} INFO - [2026-06-02T12:11:11.636+0000] {dag.py:3834} INFO - Setting next_dagrun for data_quality_check to None, run_after=None
[2026-06-02T12:11:11.660+0000] {processor.py:183} INFO - Processing /opt/airflow/dags/dag_2.py took 0.075 seconds
[2026-06-02T12:11:41.921+0000] {processor.py:161} INFO - Started process (PID=5458) to work on /opt/airflow/dags/dag_2.py
[2026-06-02T12:11:41.923+0000] {processor.py:830} INFO - Processing file /opt/airflow/dags/dag_2.py for tasks to queue
[2026-06-02T12:11:41.924+0000] {logging_mixin.py:188} INFO - [2026-06-02T12:11:41.924+0000] {dagbag.py:540} INFO - Filling up the DagBag from /opt/airflow/dags/dag_2.py
[2026-06-02T12:11:41.943+0000] {processor.py:840} INFO - DAG(s) 'data_quality_check' retrieved from /opt/airflow/dags/dag_2.py
[2026-06-02T12:11:41.966+0000] {logging_mixin.py:188} INFO - [2026-06-02T12:11:41.966+0000] {dag.py:3047} INFO - Sync 1 DAGs
[2026-06-02T12:11:41.979+0000] {logging_mixin.py:188} INFO - [2026-06-02T12:11:41.978+0000] {dag.py:3834} INFO - Setting next_dagrun for data_quality_check to None, run_after=None
[2026-06-02T12:11:42.007+0000] {processor.py:183} INFO - Processing /opt/airflow/dags/dag_2.py took 0.089 seconds
[2026-06-02T12:12:12.297+0000] {processor.py:161} INFO - Started process (PID=5468) to work on /opt/airflow/dags/dag_2.py
[2026-06-02T12:12:12.298+0000] {processor.py:830} INFO - Processing file /opt/airflow/dags/dag_2.py for tasks to queue
[2026-06-02T12:12:12.299+0000] {logging_mixin.py:188} INFO - [2026-06-02T12:12:12.299+0000] {dagbag.py:540} INFO - Filling up the DagBag from /opt/airflow/dags/dag_2.py
[2026-06-02T12:12:12.315+0000] {processor.py:840} INFO - DAG(s) 'data_quality_check' retrieved from /opt/airflow/dags/dag_2.py
[2026-06-02T12:12:12.337+0000] {logging_mixin.py:188} INFO - [2026-06-02T12:12:12.336+0000] {dag.py:3047} INFO - Sync 1 DAGs
[2026-06-02T12:12:12.351+0000] {logging_mixin.py:188} INFO - [2026-06-02T12:12:12.351+0000] {dag.py:3834} INFO - Setting next_dagrun for data_quality_check to None, run_after=None
[2026-06-02T12:12:12.382+0000] {processor.py:183} INFO - Processing /opt/airflow/dags/dag_2.py took 0.089 seconds
[2026-06-02T12:12:42.631+0000] {processor.py:161} INFO - Started process (PID=5478) to work on /opt/airflow/dags/dag_2.py
[2026-06-02T12:12:42.632+0000] {processor.py:830} INFO - Processing file /opt/airflow/dags/dag_2.py for tasks to queue
[2026-06-02T12:12:42.632+0000] {logging_mixin.py:188} INFO - [2026-06-02T12:12:42.632+0000] {dagbag.py:540} INFO - Filling up the DagBag from /opt/airflow/dags/dag_2.py
[2026-06-02T12:12:42.648+0000] {processor.py:840} INFO - DAG(s) 'data_quality_check' retrieved from /opt/airflow/dags/dag_2.py
[2026-06-02T12:12:42.666+0000] {logging_mixin.py:188} INFO - [2026-06-02T12:12:42.666+0000] {dag.py:3047} INFO - Sync 1 DAGs
[2026-06-02T12:12:42.680+0000] {logging_mixin.py:188} INFO - [2026-06-02T12:12:42.680+0000] {dag.py:3834} INFO - Setting next_dagrun for data_quality_check to None, run_after=None
[2026-06-02T12:12:42.704+0000] {processor.py:183} INFO - Processing /opt/airflow/dags/dag_2.py took 0.076 seconds
[2026-06-02T12:13:12.976+0000] {processor.py:161} INFO - Started process (PID=5488) to work on /opt/airflow/dags/dag_2.py
[2026-06-02T12:13:12.977+0000] {processor.py:830} INFO - Processing file /opt/airflow/dags/dag_2.py for tasks to queue
[2026-06-02T12:13:12.978+0000] {logging_mixin.py:188} INFO - [2026-06-02T12:13:12.977+0000] {dagbag.py:540} INFO - Filling up the DagBag from /opt/airflow/dags/dag_2.py
[2026-06-02T12:13:12.990+0000] {processor.py:840} INFO - DAG(s) 'data_quality_check' retrieved from /opt/airflow/dags/dag_2.py
[2026-06-02T12:13:13.006+0000] {logging_mixin.py:188} INFO - [2026-06-02T12:13:13.006+0000] {dag.py:3047} INFO - Sync 1 DAGs
[2026-06-02T12:13:13.016+0000] {logging_mixin.py:188} INFO - [2026-06-02T12:13:13.016+0000] {dag.py:3834} INFO - Setting next_dagrun for data_quality_check to None, run_after=None
[2026-06-02T12:13:13.036+0000] {processor.py:183} INFO - Processing /opt/airflow/dags/dag_2.py took 0.062 seconds
[2026-06-02T12:13:43.384+0000] {processor.py:161} INFO - Started process (PID=5498) to work on /opt/airflow/dags/dag_2.py
[2026-06-02T12:13:43.385+0000] {processor.py:830} INFO - Processing file /opt/airflow/dags/dag_2.py for tasks to queue
[2026-06-02T12:13:43.386+0000] {logging_mixin.py:188} INFO - [2026-06-02T12:13:43.385+0000] {dagbag.py:540} INFO - Filling up the DagBag from /opt/airflow/dags/dag_2.py
[2026-06-02T12:13:43.399+0000] {processor.py:840} INFO - DAG(s) 'data_quality_check' retrieved from /opt/airflow/dags/dag_2.py
[2026-06-02T12:13:43.416+0000] {logging_mixin.py:188} INFO - [2026-06-02T12:13:43.416+0000] {dag.py:3047} INFO - Sync 1 DAGs
[2026-06-02T12:13:43.427+0000] {logging_mixin.py:188} INFO - [2026-06-02T12:13:43.426+0000] {dag.py:3834} INFO - Setting next_dagrun for data_quality_check to None, run_after=None
[2026-06-02T12:13:43.445+0000] {processor.py:183} INFO - Processing /opt/airflow/dags/dag_2.py took 0.064 seconds
[2026-06-02T12:14:13.692+0000] {processor.py:161} INFO - Started process (PID=5508) to work on /opt/airflow/dags/dag_2.py
[2026-06-02T12:14:13.693+0000] {processor.py:830} INFO - Processing file /opt/airflow/dags/dag_2.py for tasks to queue
[2026-06-02T12:14:13.693+0000] {logging_mixin.py:188} INFO - [2026-06-02T12:14:13.693+0000] {dagbag.py:540} INFO - Filling up the DagBag from /opt/airflow/dags/dag_2.py
[2026-06-02T12:14:13.704+0000] {processor.py:840} INFO - DAG(s) 'data_quality_check' retrieved from /opt/airflow/dags/dag_2.py
[2026-06-02T12:14:13.722+0000] {logging_mixin.py:188} INFO - [2026-06-02T12:14:13.722+0000] {dag.py:3047} INFO - Sync 1 DAGs
[2026-06-02T12:14:13.736+0000] {logging_mixin.py:188} INFO - [2026-06-02T12:14:13.735+0000] {dag.py:3834} INFO - Setting next_dagrun for data_quality_check to None, run_after=None
[2026-06-02T12:14:13.763+0000] {processor.py:183} INFO - Processing /opt/airflow/dags/dag_2.py took 0.074 seconds
[2026-06-02T12:14:44.016+0000] {processor.py:161} INFO - Started process (PID=5518) to work on /opt/airflow/dags/dag_2.py
[2026-06-02T12:14:44.017+0000] {processor.py:830} INFO - Processing file /opt/airflow/dags/dag_2.py for tasks to queue
[2026-06-02T12:14:44.018+0000] {logging_mixin.py:188} INFO - [2026-06-02T12:14:44.018+0000] {dagbag.py:540} INFO - Filling up the DagBag from /opt/airflow/dags/dag_2.py
[2026-06-02T12:14:44.039+0000] {processor.py:840} INFO - DAG(s) 'data_quality_check' retrieved from /opt/airflow/dags/dag_2.py
[2026-06-02T12:14:44.064+0000] {logging_mixin.py:188} INFO - [2026-06-02T12:14:44.064+0000] {dag.py:3047} INFO - Sync 1 DAGs
[2026-06-02T12:14:44.084+0000] {logging_mixin.py:188} INFO - [2026-06-02T12:14:44.084+0000] {dag.py:3834} INFO - Setting next_dagrun for data_quality_check to None, run_after=None
[2026-06-02T12:14:44.115+0000] {processor.py:183} INFO - Processing /opt/airflow/dags/dag_2.py took 0.102 seconds
[2026-06-02T12:15:14.483+0000] {processor.py:161} INFO - Started process (PID=5528) to work on /opt/airflow/dags/dag_2.py
[2026-06-02T12:15:14.561+0000] {processor.py:830} INFO - Processing file /opt/airflow/dags/dag_2.py for tasks to queue
[2026-06-02T12:15:14.566+0000] {logging_mixin.py:188} INFO - [2026-06-02T12:15:14.565+0000] {dagbag.py:540} INFO - Filling up the DagBag from /opt/airflow/dags/dag_2.py
[2026-06-02T12:15:14.951+0000] {processor.py:840} INFO - DAG(s) 'data_quality_check' retrieved from /opt/airflow/dags/dag_2.py
[2026-06-02T12:15:14.986+0000] {logging_mixin.py:188} INFO - [2026-06-02T12:15:14.985+0000] {dag.py:3047} INFO - Sync 1 DAGs
[2026-06-02T12:15:14.999+0000] {logging_mixin.py:188} INFO - [2026-06-02T12:15:14.998+0000] {dag.py:3834} INFO - Setting next_dagrun for data_quality_check to None, run_after=None
[2026-06-02T12:15:15.016+0000] {processor.py:183} INFO - Processing /opt/airflow/dags/dag_2.py took 0.537 seconds
[2026-06-02T12:15:45.515+0000] {processor.py:161} INFO - Started process (PID=5538) to work on /opt/airflow/dags/dag_2.py
[2026-06-02T12:15:45.515+0000] {processor.py:830} INFO - Processing file /opt/airflow/dags/dag_2.py for tasks to queue
[2026-06-02T12:15:45.516+0000] {logging_mixin.py:188} INFO - [2026-06-02T12:15:45.516+0000] {dagbag.py:540} INFO - Filling up the DagBag from /opt/airflow/dags/dag_2.py
[2026-06-02T12:15:45.529+0000] {processor.py:840} INFO - DAG(s) 'data_quality_check' retrieved from /opt/airflow/dags/dag_2.py
[2026-06-02T12:15:45.545+0000] {logging_mixin.py:188} INFO - [2026-06-02T12:15:45.545+0000] {dag.py:3047} INFO - Sync 1 DAGs
[2026-06-02T12:15:45.555+0000] {logging_mixin.py:188} INFO - [2026-06-02T12:15:45.555+0000] {dag.py:3834} INFO - Setting next_dagrun for data_quality_check to None, run_after=None
[2026-06-02T12:15:45.573+0000] {processor.py:183} INFO - Processing /opt/airflow/dags/dag_2.py took 0.061 seconds
[2026-06-02T12:16:15.886+0000] {processor.py:161} INFO - Started process (PID=5548) to work on /opt/airflow/dags/dag_2.py
[2026-06-02T12:16:15.887+0000] {processor.py:830} INFO - Processing file /opt/airflow/dags/dag_2.py for tasks to queue
[2026-06-02T12:16:15.888+0000] {logging_mixin.py:188} INFO - [2026-06-02T12:16:15.888+0000] {dagbag.py:540} INFO - Filling up the DagBag from /opt/airflow/dags/dag_2.py
[2026-06-02T12:16:15.901+0000] {processor.py:840} INFO - DAG(s) 'data_quality_check' retrieved from /opt/airflow/dags/dag_2.py
[2026-06-02T12:16:15.919+0000] {logging_mixin.py:188} INFO - [2026-06-02T12:16:15.919+0000] {dag.py:3047} INFO - Sync 1 DAGs
[2026-06-02T12:16:15.931+0000] {logging_mixin.py:188} INFO - [2026-06-02T12:16:15.931+0000] {dag.py:3834} INFO - Setting next_dagrun for data_quality_check to None, run_after=None
[2026-06-02T12:16:15.955+0000] {processor.py:183} INFO - Processing /opt/airflow/dags/dag_2.py took 0.072 seconds
[2026-06-02T12:16:46.272+0000] {processor.py:161} INFO - Started process (PID=5558) to work on /opt/airflow/dags/dag_2.py
[2026-06-02T12:16:46.274+0000] {processor.py:830} INFO - Processing file /opt/airflow/dags/dag_2.py for tasks to queue
[2026-06-02T12:16:46.275+0000] {logging_mixin.py:188} INFO - [2026-06-02T12:16:46.274+0000] {dagbag.py:540} INFO - Filling up the DagBag from /opt/airflow/dags/dag_2.py
[2026-06-02T12:16:46.287+0000] {processor.py:840} INFO - DAG(s) 'data_quality_check' retrieved from /opt/airflow/dags/dag_2.py
[2026-06-02T12:16:46.303+0000] {logging_mixin.py:188} INFO - [2026-06-02T12:16:46.303+0000] {dag.py:3047} INFO - Sync 1 DAGs
[2026-06-02T12:16:46.314+0000] {logging_mixin.py:188} INFO - [2026-06-02T12:16:46.314+0000] {dag.py:3834} INFO - Setting next_dagrun for data_quality_check to None, run_after=None
[2026-06-02T12:16:46.333+0000] {processor.py:183} INFO - Processing /opt/airflow/dags/dag_2.py took 0.063 seconds
[2026-06-02T12:17:16.647+0000] {processor.py:161} INFO - Started process (PID=5568) to work on /opt/airflow/dags/dag_2.py
[2026-06-02T12:17:16.648+0000] {processor.py:830} INFO - Processing file /opt/airflow/dags/dag_2.py for tasks to queue
[2026-06-02T12:17:16.649+0000] {logging_mixin.py:188} INFO - [2026-06-02T12:17:16.649+0000] {dagbag.py:540} INFO - Filling up the DagBag from /opt/airflow/dags/dag_2.py
[2026-06-02T12:17:16.661+0000] {processor.py:840} INFO - DAG(s) 'data_quality_check' retrieved from /opt/airflow/dags/dag_2.py
[2026-06-02T12:17:16.679+0000] {logging_mixin.py:188} INFO - [2026-06-02T12:17:16.678+0000] {dag.py:3047} INFO - Sync 1 DAGs
[2026-06-02T12:17:16.689+0000] {logging_mixin.py:188} INFO - [2026-06-02T12:17:16.689+0000] {dag.py:3834} INFO - Setting next_dagrun for data_quality_check to None, run_after=None
[2026-06-02T12:17:16.714+0000] {processor.py:183} INFO - Processing /opt/airflow/dags/dag_2.py took 0.069 seconds
[2026-06-02T12:17:46.998+0000] {processor.py:161} INFO - Started process (PID=5578) to work on /opt/airflow/dags/dag_2.py
[2026-06-02T12:17:46.999+0000] {processor.py:830} INFO - Processing file /opt/airflow/dags/dag_2.py for tasks to queue
[2026-06-02T12:17:47.000+0000] {logging_mixin.py:188} INFO - [2026-06-02T12:17:47.000+0000] {dagbag.py:540} INFO - Filling up the DagBag from /opt/airflow/dags/dag_2.py
[2026-06-02T12:17:47.015+0000] {processor.py:840} INFO - DAG(s) 'data_quality_check' retrieved from /opt/airflow/dags/dag_2.py
[2026-06-02T12:17:47.034+0000] {logging_mixin.py:188} INFO - [2026-06-02T12:17:47.034+0000] {dag.py:3047} INFO - Sync 1 DAGs
[2026-06-02T12:17:47.048+0000] {logging_mixin.py:188} INFO - [2026-06-02T12:17:47.048+0000] {dag.py:3834} INFO - Setting next_dagrun for data_quality_check to None, run_after=None
[2026-06-02T12:17:47.071+0000] {processor.py:183} INFO - Processing /opt/airflow/dags/dag_2.py took 0.076 seconds
[2026-06-02T12:18:17.317+0000] {processor.py:161} INFO - Started process (PID=5588) to work on /opt/airflow/dags/dag_2.py
[2026-06-02T12:18:17.319+0000] {processor.py:830} INFO - Processing file /opt/airflow/dags/dag_2.py for tasks to queue
[2026-06-02T12:18:17.320+0000] {logging_mixin.py:188} INFO - [2026-06-02T12:18:17.320+0000] {dagbag.py:540} INFO - Filling up the DagBag from /opt/airflow/dags/dag_2.py
[2026-06-02T12:18:17.339+0000] {processor.py:840} INFO - DAG(s) 'data_quality_check' retrieved from /opt/airflow/dags/dag_2.py
[2026-06-02T12:18:17.363+0000] {logging_mixin.py:188} INFO - [2026-06-02T12:18:17.362+0000] {dag.py:3047} INFO - Sync 1 DAGs
[2026-06-02T12:18:17.382+0000] {logging_mixin.py:188} INFO - [2026-06-02T12:18:17.382+0000] {dag.py:3834} INFO - Setting next_dagrun for data_quality_check to None, run_after=None
[2026-06-02T12:18:17.409+0000] {processor.py:183} INFO - Processing /opt/airflow/dags/dag_2.py took 0.096 seconds
[2026-06-02T12:18:47.653+0000] {processor.py:161} INFO - Started process (PID=5598) to work on /opt/airflow/dags/dag_2.py
[2026-06-02T12:18:47.654+0000] {processor.py:830} INFO - Processing file /opt/airflow/dags/dag_2.py for tasks to queue
[2026-06-02T12:18:47.655+0000] {logging_mixin.py:188} INFO - [2026-06-02T12:18:47.655+0000] {dagbag.py:540} INFO - Filling up the DagBag from /opt/airflow/dags/dag_2.py
[2026-06-02T12:18:47.674+0000] {processor.py:840} INFO - DAG(s) 'data_quality_check' retrieved from /opt/airflow/dags/dag_2.py
[2026-06-02T12:18:47.698+0000] {logging_mixin.py:188} INFO - [2026-06-02T12:18:47.697+0000] {dag.py:3047} INFO - Sync 1 DAGs
[2026-06-02T12:18:47.713+0000] {logging_mixin.py:188} INFO - [2026-06-02T12:18:47.712+0000] {dag.py:3834} INFO - Setting next_dagrun for data_quality_check to None, run_after=None
[2026-06-02T12:18:47.740+0000] {processor.py:183} INFO - Processing /opt/airflow/dags/dag_2.py took 0.090 seconds
[2026-06-02T12:19:17.991+0000] {processor.py:161} INFO - Started process (PID=5608) to work on /opt/airflow/dags/dag_2.py
[2026-06-02T12:19:17.992+0000] {processor.py:830} INFO - Processing file /opt/airflow/dags/dag_2.py for tasks to queue
[2026-06-02T12:19:17.994+0000] {logging_mixin.py:188} INFO - [2026-06-02T12:19:17.993+0000] {dagbag.py:540} INFO - Filling up the DagBag from /opt/airflow/dags/dag_2.py
[2026-06-02T12:19:18.013+0000] {processor.py:840} INFO - DAG(s) 'data_quality_check' retrieved from /opt/airflow/dags/dag_2.py
[2026-06-02T12:19:18.035+0000] {logging_mixin.py:188} INFO - [2026-06-02T12:19:18.034+0000] {dag.py:3047} INFO - Sync 1 DAGs
[2026-06-02T12:19:18.050+0000] {logging_mixin.py:188} INFO - [2026-06-02T12:19:18.049+0000] {dag.py:3834} INFO - Setting next_dagrun for data_quality_check to None, run_after=None
[2026-06-02T12:19:18.077+0000] {processor.py:183} INFO - Processing /opt/airflow/dags/dag_2.py took 0.090 seconds
[2026-06-02T12:19:48.329+0000] {processor.py:161} INFO - Started process (PID=5618) to work on /opt/airflow/dags/dag_2.py
[2026-06-02T12:19:48.330+0000] {processor.py:830} INFO - Processing file /opt/airflow/dags/dag_2.py for tasks to queue
[2026-06-02T12:19:48.332+0000] {logging_mixin.py:188} INFO - [2026-06-02T12:19:48.331+0000] {dagbag.py:540} INFO - Filling up the DagBag from /opt/airflow/dags/dag_2.py
[2026-06-02T12:19:48.354+0000] {processor.py:840} INFO - DAG(s) 'data_quality_check' retrieved from /opt/airflow/dags/dag_2.py
[2026-06-02T12:19:48.378+0000] {logging_mixin.py:188} INFO - [2026-06-02T12:19:48.377+0000] {dag.py:3047} INFO - Sync 1 DAGs
[2026-06-02T12:19:48.395+0000] {logging_mixin.py:188} INFO - [2026-06-02T12:19:48.394+0000] {dag.py:3834} INFO - Setting next_dagrun for data_quality_check to None, run_after=None
[2026-06-02T12:19:48.423+0000] {processor.py:183} INFO - Processing /opt/airflow/dags/dag_2.py took 0.097 seconds
[2026-06-02T12:20:37.459+0000] {processor.py:161} INFO - Started process (PID=170) to work on /opt/airflow/dags/dag_2.py
[2026-06-02T12:20:37.460+0000] {processor.py:830} INFO - Processing file /opt/airflow/dags/dag_2.py for tasks to queue
[2026-06-02T12:20:37.464+0000] {logging_mixin.py:188} INFO - [2026-06-02T12:20:37.462+0000] {dagbag.py:540} INFO - Filling up the DagBag from /opt/airflow/dags/dag_2.py
[2026-06-02T12:20:37.512+0000] {processor.py:840} INFO - DAG(s) 'data_quality_check' retrieved from /opt/airflow/dags/dag_2.py
[2026-06-02T12:20:37.548+0000] {logging_mixin.py:188} INFO - [2026-06-02T12:20:37.547+0000] {dag.py:3047} INFO - Sync 1 DAGs
[2026-06-02T12:20:37.563+0000] {logging_mixin.py:188} INFO - [2026-06-02T12:20:37.563+0000] {dag.py:3834} INFO - Setting next_dagrun for data_quality_check to None, run_after=None
[2026-06-02T12:20:37.592+0000] {processor.py:183} INFO - Processing /opt/airflow/dags/dag_2.py took 0.138 seconds
[2026-06-02T12:21:07.921+0000] {processor.py:161} INFO - Started process (PID=180) to work on /opt/airflow/dags/dag_2.py
[2026-06-02T12:21:07.922+0000] {processor.py:830} INFO - Processing file /opt/airflow/dags/dag_2.py for tasks to queue
[2026-06-02T12:21:07.925+0000] {logging_mixin.py:188} INFO - [2026-06-02T12:21:07.925+0000] {dagbag.py:540} INFO - Filling up the DagBag from /opt/airflow/dags/dag_2.py
[2026-06-02T12:21:07.945+0000] {processor.py:840} INFO - DAG(s) 'data_quality_check' retrieved from /opt/airflow/dags/dag_2.py
[2026-06-02T12:21:07.961+0000] {logging_mixin.py:188} INFO - [2026-06-02T12:21:07.961+0000] {dag.py:3047} INFO - Sync 1 DAGs
[2026-06-02T12:21:07.976+0000] {logging_mixin.py:188} INFO - [2026-06-02T12:21:07.975+0000] {dag.py:3834} INFO - Setting next_dagrun for data_quality_check to None, run_after=None
[2026-06-02T12:21:08.010+0000] {processor.py:183} INFO - Processing /opt/airflow/dags/dag_2.py took 0.091 seconds
[2026-06-02T12:21:38.265+0000] {processor.py:161} INFO - Started process (PID=192) to work on /opt/airflow/dags/dag_2.py
[2026-06-02T12:21:38.266+0000] {processor.py:830} INFO - Processing file /opt/airflow/dags/dag_2.py for tasks to queue
[2026-06-02T12:21:38.267+0000] {logging_mixin.py:188} INFO - [2026-06-02T12:21:38.267+0000] {dagbag.py:540} INFO - Filling up the DagBag from /opt/airflow/dags/dag_2.py
[2026-06-02T12:21:38.279+0000] {processor.py:840} INFO - DAG(s) 'data_quality_check' retrieved from /opt/airflow/dags/dag_2.py
[2026-06-02T12:21:38.361+0000] {logging_mixin.py:188} INFO - [2026-06-02T12:21:38.361+0000] {dag.py:3047} INFO - Sync 1 DAGs
[2026-06-02T12:21:38.371+0000] {logging_mixin.py:188} INFO - [2026-06-02T12:21:38.371+0000] {dag.py:3834} INFO - Setting next_dagrun for data_quality_check to None, run_after=None
[2026-06-02T12:21:38.389+0000] {processor.py:183} INFO - Processing /opt/airflow/dags/dag_2.py took 0.126 seconds
[2026-06-02T12:22:08.597+0000] {processor.py:161} INFO - Started process (PID=202) to work on /opt/airflow/dags/dag_2.py
[2026-06-02T12:22:08.598+0000] {processor.py:830} INFO - Processing file /opt/airflow/dags/dag_2.py for tasks to queue
[2026-06-02T12:22:08.599+0000] {logging_mixin.py:188} INFO - [2026-06-02T12:22:08.599+0000] {dagbag.py:540} INFO - Filling up the DagBag from /opt/airflow/dags/dag_2.py
[2026-06-02T12:22:08.623+0000] {processor.py:840} INFO - DAG(s) 'data_quality_check' retrieved from /opt/airflow/dags/dag_2.py
[2026-06-02T12:22:08.650+0000] {logging_mixin.py:188} INFO - [2026-06-02T12:22:08.650+0000] {dag.py:3047} INFO - Sync 1 DAGs
[2026-06-02T12:22:08.671+0000] {logging_mixin.py:188} INFO - [2026-06-02T12:22:08.670+0000] {dag.py:3834} INFO - Setting next_dagrun for data_quality_check to None, run_after=None
[2026-06-02T12:22:08.704+0000] {processor.py:183} INFO - Processing /opt/airflow/dags/dag_2.py took 0.111 seconds
[2026-06-02T12:22:38.958+0000] {processor.py:161} INFO - Started process (PID=212) to work on /opt/airflow/dags/dag_2.py
[2026-06-02T12:22:38.960+0000] {processor.py:830} INFO - Processing file /opt/airflow/dags/dag_2.py for tasks to queue
[2026-06-02T12:22:38.962+0000] {logging_mixin.py:188} INFO - [2026-06-02T12:22:38.961+0000] {dagbag.py:540} INFO - Filling up the DagBag from /opt/airflow/dags/dag_2.py
[2026-06-02T12:22:38.978+0000] {processor.py:840} INFO - DAG(s) 'data_quality_check' retrieved from /opt/airflow/dags/dag_2.py
[2026-06-02T12:22:39.002+0000] {logging_mixin.py:188} INFO - [2026-06-02T12:22:39.002+0000] {dag.py:3047} INFO - Sync 1 DAGs
[2026-06-02T12:22:39.020+0000] {logging_mixin.py:188} INFO - [2026-06-02T12:22:39.020+0000] {dag.py:3834} INFO - Setting next_dagrun for data_quality_check to None, run_after=None
[2026-06-02T12:22:39.052+0000] {processor.py:183} INFO - Processing /opt/airflow/dags/dag_2.py took 0.096 seconds
[2026-06-02T12:23:09.335+0000] {processor.py:161} INFO - Started process (PID=222) to work on /opt/airflow/dags/dag_2.py
[2026-06-02T12:23:09.336+0000] {processor.py:830} INFO - Processing file /opt/airflow/dags/dag_2.py for tasks to queue
[2026-06-02T12:23:09.340+0000] {logging_mixin.py:188} INFO - [2026-06-02T12:23:09.338+0000] {dagbag.py:540} INFO - Filling up the DagBag from /opt/airflow/dags/dag_2.py
[2026-06-02T12:23:09.363+0000] {processor.py:840} INFO - DAG(s) 'data_quality_check' retrieved from /opt/airflow/dags/dag_2.py
[2026-06-02T12:23:09.388+0000] {logging_mixin.py:188} INFO - [2026-06-02T12:23:09.388+0000] {dag.py:3047} INFO - Sync 1 DAGs
[2026-06-02T12:23:09.405+0000] {logging_mixin.py:188} INFO - [2026-06-02T12:23:09.405+0000] {dag.py:3834} INFO - Setting next_dagrun for data_quality_check to None, run_after=None
[2026-06-02T12:23:09.430+0000] {processor.py:183} INFO - Processing /opt/airflow/dags/dag_2.py took 0.101 seconds
[2026-06-02T12:23:39.626+0000] {processor.py:161} INFO - Started process (PID=232) to work on /opt/airflow/dags/dag_2.py
[2026-06-02T12:23:39.627+0000] {processor.py:830} INFO - Processing file /opt/airflow/dags/dag_2.py for tasks to queue
[2026-06-02T12:23:39.628+0000] {logging_mixin.py:188} INFO - [2026-06-02T12:23:39.628+0000] {dagbag.py:540} INFO - Filling up the DagBag from /opt/airflow/dags/dag_2.py
[2026-06-02T12:23:39.651+0000] {processor.py:840} INFO - DAG(s) 'data_quality_check' retrieved from /opt/airflow/dags/dag_2.py
[2026-06-02T12:23:39.677+0000] {logging_mixin.py:188} INFO - [2026-06-02T12:23:39.676+0000] {dag.py:3047} INFO - Sync 1 DAGs
[2026-06-02T12:23:39.691+0000] {logging_mixin.py:188} INFO - [2026-06-02T12:23:39.691+0000] {dag.py:3834} INFO - Setting next_dagrun for data_quality_check to None, run_after=None
[2026-06-02T12:23:39.721+0000] {processor.py:183} INFO - Processing /opt/airflow/dags/dag_2.py took 0.098 seconds
[2026-06-02T12:24:09.866+0000] {processor.py:161} INFO - Started process (PID=242) to work on /opt/airflow/dags/dag_2.py
[2026-06-02T12:24:09.867+0000] {processor.py:830} INFO - Processing file /opt/airflow/dags/dag_2.py for tasks to queue
[2026-06-02T12:24:09.869+0000] {logging_mixin.py:188} INFO - [2026-06-02T12:24:09.869+0000] {dagbag.py:540} INFO - Filling up the DagBag from /opt/airflow/dags/dag_2.py
[2026-06-02T12:24:09.890+0000] {processor.py:840} INFO - DAG(s) 'data_quality_check' retrieved from /opt/airflow/dags/dag_2.py
[2026-06-02T12:24:09.922+0000] {logging_mixin.py:188} INFO - [2026-06-02T12:24:09.922+0000] {dag.py:3047} INFO - Sync 1 DAGs
[2026-06-02T12:24:09.943+0000] {logging_mixin.py:188} INFO - [2026-06-02T12:24:09.943+0000] {dag.py:3834} INFO - Setting next_dagrun for data_quality_check to None, run_after=None
[2026-06-02T12:24:09.975+0000] {processor.py:183} INFO - Processing /opt/airflow/dags/dag_2.py took 0.113 seconds
[2026-06-02T12:24:40.252+0000] {processor.py:161} INFO - Started process (PID=252) to work on /opt/airflow/dags/dag_2.py
[2026-06-02T12:24:40.254+0000] {processor.py:830} INFO - Processing file /opt/airflow/dags/dag_2.py for tasks to queue
[2026-06-02T12:24:40.256+0000] {logging_mixin.py:188} INFO - [2026-06-02T12:24:40.255+0000] {dagbag.py:540} INFO - Filling up the DagBag from /opt/airflow/dags/dag_2.py
[2026-06-02T12:24:40.273+0000] {processor.py:840} INFO - DAG(s) 'data_quality_check' retrieved from /opt/airflow/dags/dag_2.py
[2026-06-02T12:24:40.298+0000] {logging_mixin.py:188} INFO - [2026-06-02T12:24:40.298+0000] {dag.py:3047} INFO - Sync 1 DAGs
[2026-06-02T12:24:40.313+0000] {logging_mixin.py:188} INFO - [2026-06-02T12:24:40.313+0000] {dag.py:3834} INFO - Setting next_dagrun for data_quality_check to None, run_after=None
[2026-06-02T12:24:40.341+0000] {processor.py:183} INFO - Processing /opt/airflow/dags/dag_2.py took 0.091 seconds
[2026-06-02T12:25:10.694+0000] {processor.py:161} INFO - Started process (PID=262) to work on /opt/airflow/dags/dag_2.py
[2026-06-02T12:25:10.696+0000] {processor.py:830} INFO - Processing file /opt/airflow/dags/dag_2.py for tasks to queue
[2026-06-02T12:25:10.698+0000] {logging_mixin.py:188} INFO - [2026-06-02T12:25:10.698+0000] {dagbag.py:540} INFO - Filling up the DagBag from /opt/airflow/dags/dag_2.py
[2026-06-02T12:25:10.736+0000] {processor.py:840} INFO - DAG(s) 'data_quality_check' retrieved from /opt/airflow/dags/dag_2.py
[2026-06-02T12:25:10.768+0000] {logging_mixin.py:188} INFO - [2026-06-02T12:25:10.768+0000] {dag.py:3047} INFO - Sync 1 DAGs
[2026-06-02T12:25:10.799+0000] {logging_mixin.py:188} INFO - [2026-06-02T12:25:10.799+0000] {dag.py:3834} INFO - Setting next_dagrun for data_quality_check to None, run_after=None
[2026-06-02T12:25:10.864+0000] {processor.py:183} INFO - Processing /opt/airflow/dags/dag_2.py took 0.176 seconds
[2026-06-02T12:25:41.004+0000] {processor.py:161} INFO - Started process (PID=272) to work on /opt/airflow/dags/dag_2.py
[2026-06-02T12:25:41.006+0000] {processor.py:830} INFO - Processing file /opt/airflow/dags/dag_2.py for tasks to queue
[2026-06-02T12:25:41.007+0000] {logging_mixin.py:188} INFO - [2026-06-02T12:25:41.007+0000] {dagbag.py:540} INFO - Filling up the DagBag from /opt/airflow/dags/dag_2.py
[2026-06-02T12:25:41.028+0000] {processor.py:840} INFO - DAG(s) 'data_quality_check' retrieved from /opt/airflow/dags/dag_2.py
[2026-06-02T12:25:41.054+0000] {logging_mixin.py:188} INFO - [2026-06-02T12:25:41.054+0000] {dag.py:3047} INFO - Sync 1 DAGs
[2026-06-02T12:25:41.072+0000] {logging_mixin.py:188} INFO - [2026-06-02T12:25:41.072+0000] {dag.py:3834} INFO - Setting next_dagrun for data_quality_check to None, run_after=None
[2026-06-02T12:25:41.100+0000] {processor.py:183} INFO - Processing /opt/airflow/dags/dag_2.py took 0.101 seconds
[2026-06-02T12:26:11.505+0000] {processor.py:161} INFO - Started process (PID=282) to work on /opt/airflow/dags/dag_2.py
[2026-06-02T12:26:11.506+0000] {processor.py:830} INFO - Processing file /opt/airflow/dags/dag_2.py for tasks to queue
[2026-06-02T12:26:11.508+0000] {logging_mixin.py:188} INFO - [2026-06-02T12:26:11.507+0000] {dagbag.py:540} INFO - Filling up the DagBag from /opt/airflow/dags/dag_2.py
[2026-06-02T12:26:11.526+0000] {processor.py:840} INFO - DAG(s) 'data_quality_check' retrieved from /opt/airflow/dags/dag_2.py
[2026-06-02T12:26:11.549+0000] {logging_mixin.py:188} INFO - [2026-06-02T12:26:11.549+0000] {dag.py:3047} INFO - Sync 1 DAGs
[2026-06-02T12:26:11.568+0000] {logging_mixin.py:188} INFO - [2026-06-02T12:26:11.567+0000] {dag.py:3834} INFO - Setting next_dagrun for data_quality_check to None, run_after=None
[2026-06-02T12:26:11.602+0000] {processor.py:183} INFO - Processing /opt/airflow/dags/dag_2.py took 0.101 seconds
[2026-06-02T12:26:41.862+0000] {processor.py:161} INFO - Started process (PID=294) to work on /opt/airflow/dags/dag_2.py
[2026-06-02T12:26:41.863+0000] {processor.py:830} INFO - Processing file /opt/airflow/dags/dag_2.py for tasks to queue
[2026-06-02T12:26:41.864+0000] {logging_mixin.py:188} INFO - [2026-06-02T12:26:41.864+0000] {dagbag.py:540} INFO - Filling up the DagBag from /opt/airflow/dags/dag_2.py
[2026-06-02T12:26:41.878+0000] {processor.py:840} INFO - DAG(s) 'data_quality_check' retrieved from /opt/airflow/dags/dag_2.py
[2026-06-02T12:26:41.900+0000] {logging_mixin.py:188} INFO - [2026-06-02T12:26:41.900+0000] {dag.py:3047} INFO - Sync 1 DAGs
[2026-06-02T12:26:41.913+0000] {logging_mixin.py:188} INFO - [2026-06-02T12:26:41.913+0000] {dag.py:3834} INFO - Setting next_dagrun for data_quality_check to None, run_after=None
[2026-06-02T12:26:41.942+0000] {processor.py:183} INFO - Processing /opt/airflow/dags/dag_2.py took 0.083 seconds
[2026-06-02T12:27:12.136+0000] {processor.py:161} INFO - Started process (PID=304) to work on /opt/airflow/dags/dag_2.py
[2026-06-02T12:27:12.137+0000] {processor.py:830} INFO - Processing file /opt/airflow/dags/dag_2.py for tasks to queue
[2026-06-02T12:27:12.138+0000] {logging_mixin.py:188} INFO - [2026-06-02T12:27:12.137+0000] {dagbag.py:540} INFO - Filling up the DagBag from /opt/airflow/dags/dag_2.py
[2026-06-02T12:27:12.150+0000] {processor.py:840} INFO - DAG(s) 'data_quality_check' retrieved from /opt/airflow/dags/dag_2.py
[2026-06-02T12:27:12.167+0000] {logging_mixin.py:188} INFO - [2026-06-02T12:27:12.167+0000] {dag.py:3047} INFO - Sync 1 DAGs
[2026-06-02T12:27:12.180+0000] {logging_mixin.py:188} INFO - [2026-06-02T12:27:12.180+0000] {dag.py:3834} INFO - Setting next_dagrun for data_quality_check to None, run_after=None
[2026-06-02T12:27:12.211+0000] {processor.py:183} INFO - Processing /opt/airflow/dags/dag_2.py took 0.078 seconds
[2026-06-02T12:27:42.501+0000] {processor.py:161} INFO - Started process (PID=314) to work on /opt/airflow/dags/dag_2.py
[2026-06-02T12:27:42.502+0000] {processor.py:830} INFO - Processing file /opt/airflow/dags/dag_2.py for tasks to queue
[2026-06-02T12:27:42.502+0000] {logging_mixin.py:188} INFO - [2026-06-02T12:27:42.502+0000] {dagbag.py:540} INFO - Filling up the DagBag from /opt/airflow/dags/dag_2.py
[2026-06-02T12:27:42.516+0000] {processor.py:840} INFO - DAG(s) 'data_quality_check' retrieved from /opt/airflow/dags/dag_2.py
[2026-06-02T12:27:42.532+0000] {logging_mixin.py:188} INFO - [2026-06-02T12:27:42.532+0000] {dag.py:3047} INFO - Sync 1 DAGs
[2026-06-02T12:27:42.543+0000] {logging_mixin.py:188} INFO - [2026-06-02T12:27:42.543+0000] {dag.py:3834} INFO - Setting next_dagrun for data_quality_check to None, run_after=None
[2026-06-02T12:27:42.570+0000] {processor.py:183} INFO - Processing /opt/airflow/dags/dag_2.py took 0.071 seconds
[2026-06-02T12:28:12.805+0000] {processor.py:161} INFO - Started process (PID=324) to work on /opt/airflow/dags/dag_2.py
[2026-06-02T12:28:12.805+0000] {processor.py:830} INFO - Processing file /opt/airflow/dags/dag_2.py for tasks to queue
[2026-06-02T12:28:12.806+0000] {logging_mixin.py:188} INFO - [2026-06-02T12:28:12.806+0000] {dagbag.py:540} INFO - Filling up the DagBag from /opt/airflow/dags/dag_2.py
[2026-06-02T12:28:12.818+0000] {processor.py:840} INFO - DAG(s) 'data_quality_check' retrieved from /opt/airflow/dags/dag_2.py
[2026-06-02T12:28:12.833+0000] {logging_mixin.py:188} INFO - [2026-06-02T12:28:12.833+0000] {dag.py:3047} INFO - Sync 1 DAGs
[2026-06-02T12:28:12.844+0000] {logging_mixin.py:188} INFO - [2026-06-02T12:28:12.843+0000] {dag.py:3834} INFO - Setting next_dagrun for data_quality_check to None, run_after=None
[2026-06-02T12:28:12.863+0000] {processor.py:183} INFO - Processing /opt/airflow/dags/dag_2.py took 0.061 seconds
[2026-06-02T12:28:43.152+0000] {processor.py:161} INFO - Started process (PID=340) to work on /opt/airflow/dags/dag_2.py
[2026-06-02T12:28:43.153+0000] {processor.py:830} INFO - Processing file /opt/airflow/dags/dag_2.py for tasks to queue
[2026-06-02T12:28:43.153+0000] {logging_mixin.py:188} INFO - [2026-06-02T12:28:43.153+0000] {dagbag.py:540} INFO - Filling up the DagBag from /opt/airflow/dags/dag_2.py
[2026-06-02T12:28:43.169+0000] {processor.py:840} INFO - DAG(s) 'data_quality_check' retrieved from /opt/airflow/dags/dag_2.py
[2026-06-02T12:28:43.187+0000] {logging_mixin.py:188} INFO - [2026-06-02T12:28:43.187+0000] {dag.py:3047} INFO - Sync 1 DAGs
[2026-06-02T12:28:43.199+0000] {logging_mixin.py:188} INFO - [2026-06-02T12:28:43.198+0000] {dag.py:3834} INFO - Setting next_dagrun for data_quality_check to None, run_after=None
[2026-06-02T12:28:43.219+0000] {processor.py:183} INFO - Processing /opt/airflow/dags/dag_2.py took 0.070 seconds
[2026-06-02T12:29:13.495+0000] {processor.py:161} INFO - Started process (PID=350) to work on /opt/airflow/dags/dag_2.py
[2026-06-02T12:29:13.495+0000] {processor.py:830} INFO - Processing file /opt/airflow/dags/dag_2.py for tasks to queue
[2026-06-02T12:29:13.496+0000] {logging_mixin.py:188} INFO - [2026-06-02T12:29:13.496+0000] {dagbag.py:540} INFO - Filling up the DagBag from /opt/airflow/dags/dag_2.py
[2026-06-02T12:29:13.509+0000] {processor.py:840} INFO - DAG(s) 'data_quality_check' retrieved from /opt/airflow/dags/dag_2.py
[2026-06-02T12:29:13.525+0000] {logging_mixin.py:188} INFO - [2026-06-02T12:29:13.524+0000] {dag.py:3047} INFO - Sync 1 DAGs
[2026-06-02T12:29:13.535+0000] {logging_mixin.py:188} INFO - [2026-06-02T12:29:13.535+0000] {dag.py:3834} INFO - Setting next_dagrun for data_quality_check to None, run_after=None
[2026-06-02T12:29:13.560+0000] {processor.py:183} INFO - Processing /opt/airflow/dags/dag_2.py took 0.067 seconds
[2026-06-02T12:29:43.770+0000] {processor.py:161} INFO - Started process (PID=360) to work on /opt/airflow/dags/dag_2.py
[2026-06-02T12:29:43.771+0000] {processor.py:830} INFO - Processing file /opt/airflow/dags/dag_2.py for tasks to queue
[2026-06-02T12:29:43.772+0000] {logging_mixin.py:188} INFO - [2026-06-02T12:29:43.771+0000] {dagbag.py:540} INFO - Filling up the DagBag from /opt/airflow/dags/dag_2.py
[2026-06-02T12:29:43.783+0000] {processor.py:840} INFO - DAG(s) 'data_quality_check' retrieved from /opt/airflow/dags/dag_2.py
[2026-06-02T12:29:43.799+0000] {logging_mixin.py:188} INFO - [2026-06-02T12:29:43.799+0000] {dag.py:3047} INFO - Sync 1 DAGs
[2026-06-02T12:29:43.809+0000] {logging_mixin.py:188} INFO - [2026-06-02T12:29:43.809+0000] {dag.py:3834} INFO - Setting next_dagrun for data_quality_check to None, run_after=None
[2026-06-02T12:29:43.832+0000] {processor.py:183} INFO - Processing /opt/airflow/dags/dag_2.py took 0.065 seconds
[2026-06-02T12:30:14.318+0000] {processor.py:161} INFO - Started process (PID=370) to work on /opt/airflow/dags/dag_2.py
[2026-06-02T12:30:14.319+0000] {processor.py:830} INFO - Processing file /opt/airflow/dags/dag_2.py for tasks to queue
[2026-06-02T12:30:14.321+0000] {logging_mixin.py:188} INFO - [2026-06-02T12:30:14.320+0000] {dagbag.py:540} INFO - Filling up the DagBag from /opt/airflow/dags/dag_2.py
[2026-06-02T12:30:14.343+0000] {processor.py:840} INFO - DAG(s) 'data_quality_check' retrieved from /opt/airflow/dags/dag_2.py
[2026-06-02T12:30:14.374+0000] {logging_mixin.py:188} INFO - [2026-06-02T12:30:14.373+0000] {dag.py:3047} INFO - Sync 1 DAGs
[2026-06-02T12:30:14.396+0000] {logging_mixin.py:188} INFO - [2026-06-02T12:30:14.396+0000] {dag.py:3834} INFO - Setting next_dagrun for data_quality_check to None, run_after=None
[2026-06-02T12:30:14.428+0000] {processor.py:183} INFO - Processing /opt/airflow/dags/dag_2.py took 0.114 seconds
[2026-06-02T12:30:44.732+0000] {processor.py:161} INFO - Started process (PID=380) to work on /opt/airflow/dags/dag_2.py
[2026-06-02T12:30:44.733+0000] {processor.py:830} INFO - Processing file /opt/airflow/dags/dag_2.py for tasks to queue
[2026-06-02T12:30:44.734+0000] {logging_mixin.py:188} INFO - [2026-06-02T12:30:44.733+0000] {dagbag.py:540} INFO - Filling up the DagBag from /opt/airflow/dags/dag_2.py
[2026-06-02T12:30:44.746+0000] {processor.py:840} INFO - DAG(s) 'data_quality_check' retrieved from /opt/airflow/dags/dag_2.py
[2026-06-02T12:30:44.763+0000] {logging_mixin.py:188} INFO - [2026-06-02T12:30:44.763+0000] {dag.py:3047} INFO - Sync 1 DAGs
[2026-06-02T12:30:44.774+0000] {logging_mixin.py:188} INFO - [2026-06-02T12:30:44.774+0000] {dag.py:3834} INFO - Setting next_dagrun for data_quality_check to None, run_after=None
[2026-06-02T12:30:44.800+0000] {processor.py:183} INFO - Processing /opt/airflow/dags/dag_2.py took 0.070 seconds
[2026-06-02T12:31:15.060+0000] {processor.py:161} INFO - Started process (PID=390) to work on /opt/airflow/dags/dag_2.py
[2026-06-02T12:31:15.061+0000] {processor.py:830} INFO - Processing file /opt/airflow/dags/dag_2.py for tasks to queue
[2026-06-02T12:31:15.063+0000] {logging_mixin.py:188} INFO - [2026-06-02T12:31:15.062+0000] {dagbag.py:540} INFO - Filling up the DagBag from /opt/airflow/dags/dag_2.py
[2026-06-02T12:31:15.088+0000] {processor.py:840} INFO - DAG(s) 'data_quality_check' retrieved from /opt/airflow/dags/dag_2.py
[2026-06-02T12:31:15.114+0000] {logging_mixin.py:188} INFO - [2026-06-02T12:31:15.114+0000] {dag.py:3047} INFO - Sync 1 DAGs
[2026-06-02T12:31:15.126+0000] {logging_mixin.py:188} INFO - [2026-06-02T12:31:15.126+0000] {dag.py:3834} INFO - Setting next_dagrun for data_quality_check to None, run_after=None
[2026-06-02T12:31:15.144+0000] {processor.py:183} INFO - Processing /opt/airflow/dags/dag_2.py took 0.087 seconds
[2026-06-02T12:31:45.605+0000] {processor.py:161} INFO - Started process (PID=400) to work on /opt/airflow/dags/dag_2.py
[2026-06-02T12:31:45.606+0000] {processor.py:830} INFO - Processing file /opt/airflow/dags/dag_2.py for tasks to queue
[2026-06-02T12:31:45.607+0000] {logging_mixin.py:188} INFO - [2026-06-02T12:31:45.606+0000] {dagbag.py:540} INFO - Filling up the DagBag from /opt/airflow/dags/dag_2.py
[2026-06-02T12:31:45.621+0000] {processor.py:840} INFO - DAG(s) 'data_quality_check' retrieved from /opt/airflow/dags/dag_2.py
[2026-06-02T12:31:45.638+0000] {logging_mixin.py:188} INFO - [2026-06-02T12:31:45.638+0000] {dag.py:3047} INFO - Sync 1 DAGs
[2026-06-02T12:31:45.649+0000] {logging_mixin.py:188} INFO - [2026-06-02T12:31:45.649+0000] {dag.py:3834} INFO - Setting next_dagrun for data_quality_check to None, run_after=None
[2026-06-02T12:31:45.675+0000] {processor.py:183} INFO - Processing /opt/airflow/dags/dag_2.py took 0.073 seconds
[2026-06-02T12:32:16.038+0000] {processor.py:161} INFO - Started process (PID=410) to work on /opt/airflow/dags/dag_2.py
[2026-06-02T12:32:16.039+0000] {processor.py:830} INFO - Processing file /opt/airflow/dags/dag_2.py for tasks to queue
[2026-06-02T12:32:16.040+0000] {logging_mixin.py:188} INFO - [2026-06-02T12:32:16.040+0000] {dagbag.py:540} INFO - Filling up the DagBag from /opt/airflow/dags/dag_2.py
[2026-06-02T12:32:16.051+0000] {processor.py:840} INFO - DAG(s) 'data_quality_check' retrieved from /opt/airflow/dags/dag_2.py
[2026-06-02T12:32:16.067+0000] {logging_mixin.py:188} INFO - [2026-06-02T12:32:16.067+0000] {dag.py:3047} INFO - Sync 1 DAGs
[2026-06-02T12:32:16.077+0000] {logging_mixin.py:188} INFO - [2026-06-02T12:32:16.077+0000] {dag.py:3834} INFO - Setting next_dagrun for data_quality_check to None, run_after=None
[2026-06-02T12:32:16.096+0000] {processor.py:183} INFO - Processing /opt/airflow/dags/dag_2.py took 0.059 seconds
[2026-06-02T12:32:46.467+0000] {processor.py:161} INFO - Started process (PID=420) to work on /opt/airflow/dags/dag_2.py
[2026-06-02T12:32:46.468+0000] {processor.py:830} INFO - Processing file /opt/airflow/dags/dag_2.py for tasks to queue
[2026-06-02T12:32:46.469+0000] {logging_mixin.py:188} INFO - [2026-06-02T12:32:46.468+0000] {dagbag.py:540} INFO - Filling up the DagBag from /opt/airflow/dags/dag_2.py
[2026-06-02T12:32:46.480+0000] {processor.py:840} INFO - DAG(s) 'data_quality_check' retrieved from /opt/airflow/dags/dag_2.py
[2026-06-02T12:32:46.497+0000] {logging_mixin.py:188} INFO - [2026-06-02T12:32:46.497+0000] {dag.py:3047} INFO - Sync 1 DAGs
[2026-06-02T12:32:46.507+0000] {logging_mixin.py:188} INFO - [2026-06-02T12:32:46.507+0000] {dag.py:3834} INFO - Setting next_dagrun for data_quality_check to None, run_after=None
[2026-06-02T12:32:46.533+0000] {processor.py:183} INFO - Processing /opt/airflow/dags/dag_2.py took 0.068 seconds
[2026-06-02T12:33:16.858+0000] {processor.py:161} INFO - Started process (PID=430) to work on /opt/airflow/dags/dag_2.py
[2026-06-02T12:33:16.859+0000] {processor.py:830} INFO - Processing file /opt/airflow/dags/dag_2.py for tasks to queue
[2026-06-02T12:33:16.860+0000] {logging_mixin.py:188} INFO - [2026-06-02T12:33:16.859+0000] {dagbag.py:540} INFO - Filling up the DagBag from /opt/airflow/dags/dag_2.py
[2026-06-02T12:33:16.870+0000] {processor.py:840} INFO - DAG(s) 'data_quality_check' retrieved from /opt/airflow/dags/dag_2.py
[2026-06-02T12:33:16.885+0000] {logging_mixin.py:188} INFO - [2026-06-02T12:33:16.885+0000] {dag.py:3047} INFO - Sync 1 DAGs
[2026-06-02T12:33:16.895+0000] {logging_mixin.py:188} INFO - [2026-06-02T12:33:16.895+0000] {dag.py:3834} INFO - Setting next_dagrun for data_quality_check to None, run_after=None
[2026-06-02T12:33:16.913+0000] {processor.py:183} INFO - Processing /opt/airflow/dags/dag_2.py took 0.058 seconds
[2026-06-02T12:33:47.275+0000] {processor.py:161} INFO - Started process (PID=440) to work on /opt/airflow/dags/dag_2.py
[2026-06-02T12:33:47.275+0000] {processor.py:830} INFO - Processing file /opt/airflow/dags/dag_2.py for tasks to queue
[2026-06-02T12:33:47.276+0000] {logging_mixin.py:188} INFO - [2026-06-02T12:33:47.276+0000] {dagbag.py:540} INFO - Filling up the DagBag from /opt/airflow/dags/dag_2.py
[2026-06-02T12:33:47.287+0000] {processor.py:840} INFO - DAG(s) 'data_quality_check' retrieved from /opt/airflow/dags/dag_2.py
[2026-06-02T12:33:47.303+0000] {logging_mixin.py:188} INFO - [2026-06-02T12:33:47.302+0000] {dag.py:3047} INFO - Sync 1 DAGs
[2026-06-02T12:33:47.313+0000] {logging_mixin.py:188} INFO - [2026-06-02T12:33:47.313+0000] {dag.py:3834} INFO - Setting next_dagrun for data_quality_check to None, run_after=None
[2026-06-02T12:33:47.338+0000] {processor.py:183} INFO - Processing /opt/airflow/dags/dag_2.py took 0.066 seconds
[2026-06-02T12:34:17.752+0000] {processor.py:161} INFO - Started process (PID=450) to work on /opt/airflow/dags/dag_2.py
[2026-06-02T12:34:17.753+0000] {processor.py:830} INFO - Processing file /opt/airflow/dags/dag_2.py for tasks to queue
[2026-06-02T12:34:17.754+0000] {logging_mixin.py:188} INFO - [2026-06-02T12:34:17.754+0000] {dagbag.py:540} INFO - Filling up the DagBag from /opt/airflow/dags/dag_2.py
[2026-06-02T12:34:17.768+0000] {processor.py:840} INFO - DAG(s) 'data_quality_check' retrieved from /opt/airflow/dags/dag_2.py
[2026-06-02T12:34:17.789+0000] {logging_mixin.py:188} INFO - [2026-06-02T12:34:17.789+0000] {dag.py:3047} INFO - Sync 1 DAGs
[2026-06-02T12:34:17.803+0000] {logging_mixin.py:188} INFO - [2026-06-02T12:34:17.803+0000] {dag.py:3834} INFO - Setting next_dagrun for data_quality_check to None, run_after=None
[2026-06-02T12:34:17.842+0000] {processor.py:183} INFO - Processing /opt/airflow/dags/dag_2.py took 0.093 seconds
[2026-06-02T12:34:48.140+0000] {processor.py:161} INFO - Started process (PID=460) to work on /opt/airflow/dags/dag_2.py
[2026-06-02T12:34:48.141+0000] {processor.py:830} INFO - Processing file /opt/airflow/dags/dag_2.py for tasks to queue
[2026-06-02T12:34:48.141+0000] {logging_mixin.py:188} INFO - [2026-06-02T12:34:48.141+0000] {dagbag.py:540} INFO - Filling up the DagBag from /opt/airflow/dags/dag_2.py
[2026-06-02T12:34:48.153+0000] {processor.py:840} INFO - DAG(s) 'data_quality_check' retrieved from /opt/airflow/dags/dag_2.py
[2026-06-02T12:34:48.169+0000] {logging_mixin.py:188} INFO - [2026-06-02T12:34:48.169+0000] {dag.py:3047} INFO - Sync 1 DAGs
[2026-06-02T12:34:48.180+0000] {logging_mixin.py:188} INFO - [2026-06-02T12:34:48.179+0000] {dag.py:3834} INFO - Setting next_dagrun for data_quality_check to None, run_after=None
[2026-06-02T12:34:48.200+0000] {processor.py:183} INFO - Processing /opt/airflow/dags/dag_2.py took 0.062 seconds
[2026-06-02T12:35:18.515+0000] {processor.py:161} INFO - Started process (PID=470) to work on /opt/airflow/dags/dag_2.py
[2026-06-02T12:35:18.516+0000] {processor.py:830} INFO - Processing file /opt/airflow/dags/dag_2.py for tasks to queue
[2026-06-02T12:35:18.517+0000] {logging_mixin.py:188} INFO - [2026-06-02T12:35:18.517+0000] {dagbag.py:540} INFO - Filling up the DagBag from /opt/airflow/dags/dag_2.py
[2026-06-02T12:35:18.528+0000] {processor.py:840} INFO - DAG(s) 'data_quality_check' retrieved from /opt/airflow/dags/dag_2.py
[2026-06-02T12:35:18.544+0000] {logging_mixin.py:188} INFO - [2026-06-02T12:35:18.544+0000] {dag.py:3047} INFO - Sync 1 DAGs
[2026-06-02T12:35:18.555+0000] {logging_mixin.py:188} INFO - [2026-06-02T12:35:18.555+0000] {dag.py:3834} INFO - Setting next_dagrun for data_quality_check to None, run_after=None
[2026-06-02T12:35:18.575+0000] {processor.py:183} INFO - Processing /opt/airflow/dags/dag_2.py took 0.061 seconds
[2026-06-02T12:35:49.010+0000] {processor.py:161} INFO - Started process (PID=480) to work on /opt/airflow/dags/dag_2.py
[2026-06-02T12:35:49.011+0000] {processor.py:830} INFO - Processing file /opt/airflow/dags/dag_2.py for tasks to queue
[2026-06-02T12:35:49.011+0000] {logging_mixin.py:188} INFO - [2026-06-02T12:35:49.011+0000] {dagbag.py:540} INFO - Filling up the DagBag from /opt/airflow/dags/dag_2.py
[2026-06-02T12:35:49.022+0000] {processor.py:840} INFO - DAG(s) 'data_quality_check' retrieved from /opt/airflow/dags/dag_2.py
[2026-06-02T12:35:49.038+0000] {logging_mixin.py:188} INFO - [2026-06-02T12:35:49.038+0000] {dag.py:3047} INFO - Sync 1 DAGs
[2026-06-02T12:35:49.049+0000] {logging_mixin.py:188} INFO - [2026-06-02T12:35:49.048+0000] {dag.py:3834} INFO - Setting next_dagrun for data_quality_check to None, run_after=None
[2026-06-02T12:35:49.067+0000] {processor.py:183} INFO - Processing /opt/airflow/dags/dag_2.py took 0.061 seconds
[2026-06-02T12:36:19.412+0000] {processor.py:161} INFO - Started process (PID=490) to work on /opt/airflow/dags/dag_2.py
[2026-06-02T12:36:19.413+0000] {processor.py:830} INFO - Processing file /opt/airflow/dags/dag_2.py for tasks to queue
[2026-06-02T12:36:19.414+0000] {logging_mixin.py:188} INFO - [2026-06-02T12:36:19.414+0000] {dagbag.py:540} INFO - Filling up the DagBag from /opt/airflow/dags/dag_2.py
[2026-06-02T12:36:19.426+0000] {processor.py:840} INFO - DAG(s) 'data_quality_check' retrieved from /opt/airflow/dags/dag_2.py
[2026-06-02T12:36:19.443+0000] {logging_mixin.py:188} INFO - [2026-06-02T12:36:19.443+0000] {dag.py:3047} INFO - Sync 1 DAGs
[2026-06-02T12:36:19.454+0000] {logging_mixin.py:188} INFO - [2026-06-02T12:36:19.453+0000] {dag.py:3834} INFO - Setting next_dagrun for data_quality_check to None, run_after=None
[2026-06-02T12:36:19.473+0000] {processor.py:183} INFO - Processing /opt/airflow/dags/dag_2.py took 0.063 seconds
[2026-06-02T12:36:49.883+0000] {processor.py:161} INFO - Started process (PID=500) to work on /opt/airflow/dags/dag_2.py
[2026-06-02T12:36:49.883+0000] {processor.py:830} INFO - Processing file /opt/airflow/dags/dag_2.py for tasks to queue
[2026-06-02T12:36:49.884+0000] {logging_mixin.py:188} INFO - [2026-06-02T12:36:49.884+0000] {dagbag.py:540} INFO - Filling up the DagBag from /opt/airflow/dags/dag_2.py
[2026-06-02T12:36:49.896+0000] {processor.py:840} INFO - DAG(s) 'data_quality_check' retrieved from /opt/airflow/dags/dag_2.py
[2026-06-02T12:36:49.916+0000] {logging_mixin.py:188} INFO - [2026-06-02T12:36:49.915+0000] {dag.py:3047} INFO - Sync 1 DAGs
[2026-06-02T12:36:49.926+0000] {logging_mixin.py:188} INFO - [2026-06-02T12:36:49.926+0000] {dag.py:3834} INFO - Setting next_dagrun for data_quality_check to None, run_after=None
[2026-06-02T12:36:49.950+0000] {processor.py:183} INFO - Processing /opt/airflow/dags/dag_2.py took 0.069 seconds
[2026-06-02T12:37:20.266+0000] {processor.py:161} INFO - Started process (PID=510) to work on /opt/airflow/dags/dag_2.py
[2026-06-02T12:37:20.267+0000] {processor.py:830} INFO - Processing file /opt/airflow/dags/dag_2.py for tasks to queue
[2026-06-02T12:37:20.268+0000] {logging_mixin.py:188} INFO - [2026-06-02T12:37:20.267+0000] {dagbag.py:540} INFO - Filling up the DagBag from /opt/airflow/dags/dag_2.py
[2026-06-02T12:37:20.280+0000] {processor.py:840} INFO - DAG(s) 'data_quality_check' retrieved from /opt/airflow/dags/dag_2.py
[2026-06-02T12:37:20.297+0000] {logging_mixin.py:188} INFO - [2026-06-02T12:37:20.297+0000] {dag.py:3047} INFO - Sync 1 DAGs
[2026-06-02T12:37:20.308+0000] {logging_mixin.py:188} INFO - [2026-06-02T12:37:20.308+0000] {dag.py:3834} INFO - Setting next_dagrun for data_quality_check to None, run_after=None
[2026-06-02T12:37:20.335+0000] {processor.py:183} INFO - Processing /opt/airflow/dags/dag_2.py took 0.072 seconds
[2026-06-02T12:37:50.636+0000] {processor.py:161} INFO - Started process (PID=520) to work on /opt/airflow/dags/dag_2.py
[2026-06-02T12:37:50.639+0000] {processor.py:830} INFO - Processing file /opt/airflow/dags/dag_2.py for tasks to queue
[2026-06-02T12:37:50.640+0000] {logging_mixin.py:188} INFO - [2026-06-02T12:37:50.640+0000] {dagbag.py:540} INFO - Filling up the DagBag from /opt/airflow/dags/dag_2.py
[2026-06-02T12:37:50.669+0000] {processor.py:840} INFO - DAG(s) 'data_quality_check' retrieved from /opt/airflow/dags/dag_2.py
[2026-06-02T12:37:50.706+0000] {logging_mixin.py:188} INFO - [2026-06-02T12:37:50.705+0000] {dag.py:3047} INFO - Sync 1 DAGs
[2026-06-02T12:37:50.737+0000] {logging_mixin.py:188} INFO - [2026-06-02T12:37:50.736+0000] {dag.py:3834} INFO - Setting next_dagrun for data_quality_check to None, run_after=None
[2026-06-02T12:37:50.772+0000] {processor.py:183} INFO - Processing /opt/airflow/dags/dag_2.py took 0.140 seconds
[2026-06-02T12:38:21.106+0000] {processor.py:161} INFO - Started process (PID=530) to work on /opt/airflow/dags/dag_2.py
[2026-06-02T12:38:21.107+0000] {processor.py:830} INFO - Processing file /opt/airflow/dags/dag_2.py for tasks to queue
[2026-06-02T12:38:21.108+0000] {logging_mixin.py:188} INFO - [2026-06-02T12:38:21.108+0000] {dagbag.py:540} INFO - Filling up the DagBag from /opt/airflow/dags/dag_2.py
[2026-06-02T12:38:21.124+0000] {processor.py:840} INFO - DAG(s) 'data_quality_check' retrieved from /opt/airflow/dags/dag_2.py
[2026-06-02T12:38:21.147+0000] {logging_mixin.py:188} INFO - [2026-06-02T12:38:21.147+0000] {dag.py:3047} INFO - Sync 1 DAGs
[2026-06-02T12:38:21.161+0000] {logging_mixin.py:188} INFO - [2026-06-02T12:38:21.161+0000] {dag.py:3834} INFO - Setting next_dagrun for data_quality_check to None, run_after=None
[2026-06-02T12:38:21.187+0000] {processor.py:183} INFO - Processing /opt/airflow/dags/dag_2.py took 0.083 seconds
[2026-06-02T12:38:51.486+0000] {processor.py:161} INFO - Started process (PID=540) to work on /opt/airflow/dags/dag_2.py
[2026-06-02T12:38:51.487+0000] {processor.py:830} INFO - Processing file /opt/airflow/dags/dag_2.py for tasks to queue
[2026-06-02T12:38:51.489+0000] {logging_mixin.py:188} INFO - [2026-06-02T12:38:51.488+0000] {dagbag.py:540} INFO - Filling up the DagBag from /opt/airflow/dags/dag_2.py
[2026-06-02T12:38:51.523+0000] {processor.py:840} INFO - DAG(s) 'data_quality_check' retrieved from /opt/airflow/dags/dag_2.py
[2026-06-02T12:38:51.558+0000] {logging_mixin.py:188} INFO - [2026-06-02T12:38:51.558+0000] {dag.py:3047} INFO - Sync 1 DAGs
[2026-06-02T12:38:51.575+0000] {logging_mixin.py:188} INFO - [2026-06-02T12:38:51.575+0000] {dag.py:3834} INFO - Setting next_dagrun for data_quality_check to None, run_after=None
[2026-06-02T12:38:51.600+0000] {processor.py:183} INFO - Processing /opt/airflow/dags/dag_2.py took 0.118 seconds
[2026-06-02T12:39:22.120+0000] {processor.py:161} INFO - Started process (PID=550) to work on /opt/airflow/dags/dag_2.py
[2026-06-02T12:39:22.121+0000] {processor.py:830} INFO - Processing file /opt/airflow/dags/dag_2.py for tasks to queue
[2026-06-02T12:39:22.121+0000] {logging_mixin.py:188} INFO - [2026-06-02T12:39:22.121+0000] {dagbag.py:540} INFO - Filling up the DagBag from /opt/airflow/dags/dag_2.py
[2026-06-02T12:39:22.136+0000] {processor.py:840} INFO - DAG(s) 'data_quality_check' retrieved from /opt/airflow/dags/dag_2.py
[2026-06-02T12:39:22.154+0000] {logging_mixin.py:188} INFO - [2026-06-02T12:39:22.154+0000] {dag.py:3047} INFO - Sync 1 DAGs
[2026-06-02T12:39:22.166+0000] {logging_mixin.py:188} INFO - [2026-06-02T12:39:22.166+0000] {dag.py:3834} INFO - Setting next_dagrun for data_quality_check to None, run_after=None
[2026-06-02T12:39:22.188+0000] {processor.py:183} INFO - Processing /opt/airflow/dags/dag_2.py took 0.071 seconds
[2026-06-02T12:39:52.470+0000] {processor.py:161} INFO - Started process (PID=560) to work on /opt/airflow/dags/dag_2.py
[2026-06-02T12:39:52.471+0000] {processor.py:830} INFO - Processing file /opt/airflow/dags/dag_2.py for tasks to queue
[2026-06-02T12:39:52.472+0000] {logging_mixin.py:188} INFO - [2026-06-02T12:39:52.472+0000] {dagbag.py:540} INFO - Filling up the DagBag from /opt/airflow/dags/dag_2.py
[2026-06-02T12:39:52.484+0000] {processor.py:840} INFO - DAG(s) 'data_quality_check' retrieved from /opt/airflow/dags/dag_2.py
[2026-06-02T12:39:52.500+0000] {logging_mixin.py:188} INFO - [2026-06-02T12:39:52.500+0000] {dag.py:3047} INFO - Sync 1 DAGs
[2026-06-02T12:39:52.513+0000] {logging_mixin.py:188} INFO - [2026-06-02T12:39:52.513+0000] {dag.py:3834} INFO - Setting next_dagrun for data_quality_check to None, run_after=None
[2026-06-02T12:39:52.539+0000] {processor.py:183} INFO - Processing /opt/airflow/dags/dag_2.py took 0.071 seconds
[2026-06-02T12:40:22.746+0000] {processor.py:161} INFO - Started process (PID=570) to work on /opt/airflow/dags/dag_2.py
[2026-06-02T12:40:22.747+0000] {processor.py:830} INFO - Processing file /opt/airflow/dags/dag_2.py for tasks to queue
[2026-06-02T12:40:22.751+0000] {logging_mixin.py:188} INFO - [2026-06-02T12:40:22.748+0000] {dagbag.py:540} INFO - Filling up the DagBag from /opt/airflow/dags/dag_2.py
[2026-06-02T12:40:22.772+0000] {processor.py:840} INFO - DAG(s) 'data_quality_check' retrieved from /opt/airflow/dags/dag_2.py
[2026-06-02T12:40:22.797+0000] {logging_mixin.py:188} INFO - [2026-06-02T12:40:22.796+0000] {dag.py:3047} INFO - Sync 1 DAGs
[2026-06-02T12:40:22.812+0000] {logging_mixin.py:188} INFO - [2026-06-02T12:40:22.812+0000] {dag.py:3834} INFO - Setting next_dagrun for data_quality_check to None, run_after=None
[2026-06-02T12:40:22.834+0000] {processor.py:183} INFO - Processing /opt/airflow/dags/dag_2.py took 0.092 seconds
[2026-06-02T12:40:53.068+0000] {processor.py:161} INFO - Started process (PID=580) to work on /opt/airflow/dags/dag_2.py
[2026-06-02T12:40:53.069+0000] {processor.py:830} INFO - Processing file /opt/airflow/dags/dag_2.py for tasks to queue
[2026-06-02T12:40:53.070+0000] {logging_mixin.py:188} INFO - [2026-06-02T12:40:53.070+0000] {dagbag.py:540} INFO - Filling up the DagBag from /opt/airflow/dags/dag_2.py
[2026-06-02T12:40:53.084+0000] {processor.py:840} INFO - DAG(s) 'data_quality_check' retrieved from /opt/airflow/dags/dag_2.py
[2026-06-02T12:40:53.103+0000] {logging_mixin.py:188} INFO - [2026-06-02T12:40:53.103+0000] {dag.py:3047} INFO - Sync 1 DAGs
[2026-06-02T12:40:53.115+0000] {logging_mixin.py:188} INFO - [2026-06-02T12:40:53.115+0000] {dag.py:3834} INFO - Setting next_dagrun for data_quality_check to None, run_after=None
[2026-06-02T12:40:53.134+0000] {processor.py:183} INFO - Processing /opt/airflow/dags/dag_2.py took 0.069 seconds
[2026-06-02T12:41:23.326+0000] {processor.py:161} INFO - Started process (PID=590) to work on /opt/airflow/dags/dag_2.py
[2026-06-02T12:41:23.327+0000] {processor.py:830} INFO - Processing file /opt/airflow/dags/dag_2.py for tasks to queue
[2026-06-02T12:41:23.329+0000] {logging_mixin.py:188} INFO - [2026-06-02T12:41:23.328+0000] {dagbag.py:540} INFO - Filling up the DagBag from /opt/airflow/dags/dag_2.py
[2026-06-02T12:41:23.343+0000] {processor.py:840} INFO - DAG(s) 'data_quality_check' retrieved from /opt/airflow/dags/dag_2.py
[2026-06-02T12:41:23.361+0000] {logging_mixin.py:188} INFO - [2026-06-02T12:41:23.361+0000] {dag.py:3047} INFO - Sync 1 DAGs
[2026-06-02T12:41:23.372+0000] {logging_mixin.py:188} INFO - [2026-06-02T12:41:23.372+0000] {dag.py:3834} INFO - Setting next_dagrun for data_quality_check to None, run_after=None
[2026-06-02T12:41:23.399+0000] {processor.py:183} INFO - Processing /opt/airflow/dags/dag_2.py took 0.076 seconds
[2026-06-02T12:41:53.630+0000] {processor.py:161} INFO - Started process (PID=600) to work on /opt/airflow/dags/dag_2.py
[2026-06-02T12:41:53.631+0000] {processor.py:830} INFO - Processing file /opt/airflow/dags/dag_2.py for tasks to queue
[2026-06-02T12:41:53.632+0000] {logging_mixin.py:188} INFO - [2026-06-02T12:41:53.631+0000] {dagbag.py:540} INFO - Filling up the DagBag from /opt/airflow/dags/dag_2.py
[2026-06-02T12:41:53.644+0000] {processor.py:840} INFO - DAG(s) 'data_quality_check' retrieved from /opt/airflow/dags/dag_2.py
[2026-06-02T12:41:53.661+0000] {logging_mixin.py:188} INFO - [2026-06-02T12:41:53.661+0000] {dag.py:3047} INFO - Sync 1 DAGs
[2026-06-02T12:41:53.672+0000] {logging_mixin.py:188} INFO - [2026-06-02T12:41:53.672+0000] {dag.py:3834} INFO - Setting next_dagrun for data_quality_check to None, run_after=None
[2026-06-02T12:41:53.694+0000] {processor.py:183} INFO - Processing /opt/airflow/dags/dag_2.py took 0.066 seconds
[2026-06-02T12:42:24.596+0000] {processor.py:161} INFO - Started process (PID=610) to work on /opt/airflow/dags/dag_2.py
[2026-06-02T12:42:24.604+0000] {processor.py:830} INFO - Processing file /opt/airflow/dags/dag_2.py for tasks to queue
[2026-06-02T12:42:24.608+0000] {logging_mixin.py:188} INFO - [2026-06-02T12:42:24.607+0000] {dagbag.py:540} INFO - Filling up the DagBag from /opt/airflow/dags/dag_2.py
[2026-06-02T12:42:24.700+0000] {processor.py:840} INFO - DAG(s) 'data_quality_check' retrieved from /opt/airflow/dags/dag_2.py
[2026-06-02T12:42:24.743+0000] {logging_mixin.py:188} INFO - [2026-06-02T12:42:24.743+0000] {dag.py:3047} INFO - Sync 1 DAGs
[2026-06-02T12:42:24.771+0000] {logging_mixin.py:188} INFO - [2026-06-02T12:42:24.770+0000] {dag.py:3834} INFO - Setting next_dagrun for data_quality_check to None, run_after=None
[2026-06-02T12:42:24.901+0000] {processor.py:183} INFO - Processing /opt/airflow/dags/dag_2.py took 0.308 seconds
[2026-06-02T12:42:55.174+0000] {processor.py:161} INFO - Started process (PID=620) to work on /opt/airflow/dags/dag_2.py
[2026-06-02T12:42:55.175+0000] {processor.py:830} INFO - Processing file /opt/airflow/dags/dag_2.py for tasks to queue
[2026-06-02T12:42:55.176+0000] {logging_mixin.py:188} INFO - [2026-06-02T12:42:55.176+0000] {dagbag.py:540} INFO - Filling up the DagBag from /opt/airflow/dags/dag_2.py
[2026-06-02T12:42:55.192+0000] {processor.py:840} INFO - DAG(s) 'data_quality_check' retrieved from /opt/airflow/dags/dag_2.py
[2026-06-02T12:42:55.212+0000] {logging_mixin.py:188} INFO - [2026-06-02T12:42:55.212+0000] {dag.py:3047} INFO - Sync 1 DAGs
[2026-06-02T12:42:55.224+0000] {logging_mixin.py:188} INFO - [2026-06-02T12:42:55.224+0000] {dag.py:3834} INFO - Setting next_dagrun for data_quality_check to None, run_after=None
[2026-06-02T12:42:55.246+0000] {processor.py:183} INFO - Processing /opt/airflow/dags/dag_2.py took 0.074 seconds
[2026-06-02T12:43:23.447+0000] {processor.py:161} INFO - Started process (PID=627) to work on /opt/airflow/dags/dag_2.py
[2026-06-02T12:43:23.448+0000] {processor.py:830} INFO - Processing file /opt/airflow/dags/dag_2.py for tasks to queue
[2026-06-02T12:43:23.449+0000] {logging_mixin.py:188} INFO - [2026-06-02T12:43:23.449+0000] {dagbag.py:540} INFO - Filling up the DagBag from /opt/airflow/dags/dag_2.py
[2026-06-02T12:43:23.467+0000] {processor.py:840} INFO - DAG(s) 'data_quality_check' retrieved from /opt/airflow/dags/dag_2.py
[2026-06-02T12:43:23.484+0000] {logging_mixin.py:188} INFO - [2026-06-02T12:43:23.484+0000] {dag.py:3047} INFO - Sync 1 DAGs
[2026-06-02T12:43:23.498+0000] {logging_mixin.py:188} INFO - [2026-06-02T12:43:23.498+0000] {dag.py:3834} INFO - Setting next_dagrun for data_quality_check to None, run_after=None
[2026-06-02T12:43:23.527+0000] {processor.py:183} INFO - Processing /opt/airflow/dags/dag_2.py took 0.082 seconds
[2026-06-02T12:43:53.784+0000] {processor.py:161} INFO - Started process (PID=637) to work on /opt/airflow/dags/dag_2.py
[2026-06-02T12:43:53.785+0000] {processor.py:830} INFO - Processing file /opt/airflow/dags/dag_2.py for tasks to queue
[2026-06-02T12:43:53.786+0000] {logging_mixin.py:188} INFO - [2026-06-02T12:43:53.786+0000] {dagbag.py:540} INFO - Filling up the DagBag from /opt/airflow/dags/dag_2.py
[2026-06-02T12:43:53.802+0000] {processor.py:840} INFO - DAG(s) 'data_quality_check' retrieved from /opt/airflow/dags/dag_2.py
[2026-06-02T12:43:53.822+0000] {logging_mixin.py:188} INFO - [2026-06-02T12:43:53.821+0000] {dag.py:3047} INFO - Sync 1 DAGs
[2026-06-02T12:43:53.850+0000] {logging_mixin.py:188} INFO - [2026-06-02T12:43:53.850+0000] {dag.py:3834} INFO - Setting next_dagrun for data_quality_check to None, run_after=None
[2026-06-02T12:43:53.912+0000] {processor.py:183} INFO - Processing /opt/airflow/dags/dag_2.py took 0.131 seconds
[2026-06-02T12:44:24.041+0000] {processor.py:161} INFO - Started process (PID=647) to work on /opt/airflow/dags/dag_2.py
[2026-06-02T12:44:24.041+0000] {processor.py:830} INFO - Processing file /opt/airflow/dags/dag_2.py for tasks to queue
[2026-06-02T12:44:24.042+0000] {logging_mixin.py:188} INFO - [2026-06-02T12:44:24.042+0000] {dagbag.py:540} INFO - Filling up the DagBag from /opt/airflow/dags/dag_2.py
[2026-06-02T12:44:24.057+0000] {processor.py:840} INFO - DAG(s) 'data_quality_check' retrieved from /opt/airflow/dags/dag_2.py
[2026-06-02T12:44:24.077+0000] {logging_mixin.py:188} INFO - [2026-06-02T12:44:24.076+0000] {dag.py:3047} INFO - Sync 1 DAGs
[2026-06-02T12:44:24.089+0000] {logging_mixin.py:188} INFO - [2026-06-02T12:44:24.088+0000] {dag.py:3834} INFO - Setting next_dagrun for data_quality_check to None, run_after=None
[2026-06-02T12:44:24.115+0000] {processor.py:183} INFO - Processing /opt/airflow/dags/dag_2.py took 0.077 seconds
[2026-06-02T12:44:54.398+0000] {processor.py:161} INFO - Started process (PID=657) to work on /opt/airflow/dags/dag_2.py
[2026-06-02T12:44:54.399+0000] {processor.py:830} INFO - Processing file /opt/airflow/dags/dag_2.py for tasks to queue
[2026-06-02T12:44:54.400+0000] {logging_mixin.py:188} INFO - [2026-06-02T12:44:54.400+0000] {dagbag.py:540} INFO - Filling up the DagBag from /opt/airflow/dags/dag_2.py
[2026-06-02T12:44:54.415+0000] {processor.py:840} INFO - DAG(s) 'data_quality_check' retrieved from /opt/airflow/dags/dag_2.py
[2026-06-02T12:44:54.433+0000] {logging_mixin.py:188} INFO - [2026-06-02T12:44:54.433+0000] {dag.py:3047} INFO - Sync 1 DAGs
[2026-06-02T12:44:54.447+0000] {logging_mixin.py:188} INFO - [2026-06-02T12:44:54.447+0000] {dag.py:3834} INFO - Setting next_dagrun for data_quality_check to None, run_after=None
[2026-06-02T12:44:54.469+0000] {processor.py:183} INFO - Processing /opt/airflow/dags/dag_2.py took 0.074 seconds
[2026-06-02T12:45:24.724+0000] {processor.py:161} INFO - Started process (PID=667) to work on /opt/airflow/dags/dag_2.py
[2026-06-02T12:45:24.725+0000] {processor.py:830} INFO - Processing file /opt/airflow/dags/dag_2.py for tasks to queue
[2026-06-02T12:45:24.726+0000] {logging_mixin.py:188} INFO - [2026-06-02T12:45:24.726+0000] {dagbag.py:540} INFO - Filling up the DagBag from /opt/airflow/dags/dag_2.py
[2026-06-02T12:45:24.741+0000] {processor.py:840} INFO - DAG(s) 'data_quality_check' retrieved from /opt/airflow/dags/dag_2.py
[2026-06-02T12:45:24.759+0000] {logging_mixin.py:188} INFO - [2026-06-02T12:45:24.759+0000] {dag.py:3047} INFO - Sync 1 DAGs
[2026-06-02T12:45:24.772+0000] {logging_mixin.py:188} INFO - [2026-06-02T12:45:24.772+0000] {dag.py:3834} INFO - Setting next_dagrun for data_quality_check to None, run_after=None
[2026-06-02T12:45:24.792+0000] {processor.py:183} INFO - Processing /opt/airflow/dags/dag_2.py took 0.071 seconds
[2026-06-02T12:45:55.089+0000] {processor.py:161} INFO - Started process (PID=683) to work on /opt/airflow/dags/dag_2.py
[2026-06-02T12:45:55.090+0000] {processor.py:830} INFO - Processing file /opt/airflow/dags/dag_2.py for tasks to queue
[2026-06-02T12:45:55.091+0000] {logging_mixin.py:188} INFO - [2026-06-02T12:45:55.091+0000] {dagbag.py:540} INFO - Filling up the DagBag from /opt/airflow/dags/dag_2.py
[2026-06-02T12:45:55.103+0000] {processor.py:840} INFO - DAG(s) 'data_quality_check' retrieved from /opt/airflow/dags/dag_2.py
[2026-06-02T12:45:55.119+0000] {logging_mixin.py:188} INFO - [2026-06-02T12:45:55.119+0000] {dag.py:3047} INFO - Sync 1 DAGs
[2026-06-02T12:45:55.129+0000] {logging_mixin.py:188} INFO - [2026-06-02T12:45:55.129+0000] {dag.py:3834} INFO - Setting next_dagrun for data_quality_check to None, run_after=None
[2026-06-02T12:45:55.154+0000] {processor.py:183} INFO - Processing /opt/airflow/dags/dag_2.py took 0.067 seconds
[2026-06-02T12:46:25.474+0000] {processor.py:161} INFO - Started process (PID=693) to work on /opt/airflow/dags/dag_2.py
[2026-06-02T12:46:25.475+0000] {processor.py:830} INFO - Processing file /opt/airflow/dags/dag_2.py for tasks to queue
[2026-06-02T12:46:25.475+0000] {logging_mixin.py:188} INFO - [2026-06-02T12:46:25.475+0000] {dagbag.py:540} INFO - Filling up the DagBag from /opt/airflow/dags/dag_2.py
[2026-06-02T12:46:25.487+0000] {processor.py:840} INFO - DAG(s) 'data_quality_check' retrieved from /opt/airflow/dags/dag_2.py
[2026-06-02T12:46:25.504+0000] {logging_mixin.py:188} INFO - [2026-06-02T12:46:25.504+0000] {dag.py:3047} INFO - Sync 1 DAGs
[2026-06-02T12:46:25.514+0000] {logging_mixin.py:188} INFO - [2026-06-02T12:46:25.514+0000] {dag.py:3834} INFO - Setting next_dagrun for data_quality_check to None, run_after=None
[2026-06-02T12:46:25.532+0000] {processor.py:183} INFO - Processing /opt/airflow/dags/dag_2.py took 0.060 seconds
